date,open,close
1985-10-01,0.2860906734152554,0.2978257082965718
1985-10-02,0.297765093585798,0.2872293219456062
1985-10-03,0.2872874873054653,0.2874623392651991
1985-10-04,0.2874038337498338,0.2811627558005617
1985-10-07,0.2811055324022839,0.2666833997909229
1985-10-08,0.2666291232906203,0.2588865258794807
1985-10-09,0.25883383623096384,0.2694330068993022
1985-10-10,0.2693781707876733,0.2753120096082507
1985-10-11,0.2752559769778562,0.28738636571433845
1985-10-14,0.2873278756614221,0.3038414844826543
1985-10-15,0.3037796454164154,0.30528791054066395
1985-10-16,0.3052257770918559,0.3127149270243358
1985-10-17,0.31265128199864395,0.31607473458200636
1985-10-18,0.3160104057544878,0.31247588448721736
1985-10-21,0.312412288112444,0.3071017573163602
1985-10-22,0.30801180188033817,0.3131457931380317
1985-10-23,0.3130820604206996,0.3181479181890645
1985-10-24,0.3180831674187075,0.32150153098830503
1985-10-25,0.321436097676904,0.3082193367236643
1985-10-28,0.30815660665896555,0.30736343594410265
1985-10-29,0.30730088007584416,0.3200358054291015
1985-10-30,0.31997067042818333,0.3229832155157729
1985-10-31,0.32291748064585435,0.32042512261459294
1985-11-01,0.32035990837824296,0.32691106175714874
1985-11-04,0.3268445274758387,0.32479627388428456
1985-11-05,0.3247301700132839,0.32802221202826387
1985-11-06,0.3279554516010892,0.33583124383578977
1985-11-07,0.33576289408240434,0.33775414950409544
1985-11-08,0.33768540839305455,0.3517419282728034
1985-11-11,0.35167034031160543,0.3616835556037868
1985-11-12,0.36151980454383514,0.37432869436486066
1985-11-13,0.3742525094523055,0.36813952497082436
1985-11-14,0.36806459970343175,0.37409547780856095
1985-11-15,0.37401934036119666,0.3770745368448939
1985-11-18,0.37699779308720505,0.3748844787581782
1985-11-19,0.3748081807301017,0.3804021756363962
1985-11-20,0.38032475462400006,0.37680308394918666
1985-11-21,0.3767263954387055,0.389690285804124
1985-11-22,0.3896109744374174,0.39293577729284906
1985-11-25,0.3928558053903914,0.3848376170965465
1985-11-26,0.38475929336489617,0.39232081557829007
1985-11-27,0.392240968835365,0.4094393584598586
1985-11-29,0.40935602768081203,0.4121043977124105
1985-12-02,0.4120205245336348,0.40335699289082505
1985-12-03,0.4032749000197881,0.40362777315198667
1985-12-04,0.4035456251706394,0.4296618867561058
1985-12-05,0.4308842293758861,0.4347329261043192
1985-12-06,0.4346444474745515,0.41927943427062014
1985-12-09,0.4191941007989495,0.42435881088919597
1985-12-10,0.4242724436419443,0.42907825987545123
1985-12-11,0.42899093210656775,0.44102157308383744
1985-12-12,0.4409318145628206,0.4468325082741083
1985-12-13,0.44674156708770674,0.4710249450909989
1985-12-16,0.47092908016054263,0.47601925308664733
1985-12-17,0.4752223698813376,0.4642620498649074
1985-12-18,0.46406157083055155,0.45989197776822793
1985-12-19,0.45979837866498374,0.4679618539590693
1985-12-20,0.4678666124414947,0.4713354906753159
1985-12-23,0.47123956254134747,0.45473626030344977
1985-12-24,0.4546437105129891,0.4472997580104268
1985-12-26,0.4472087217274408,0.4503678425671217
1985-12-27,0.45027618185497176,0.4619989070774513
1985-12-30,0.4619048791633048,0.46665886090814523
1985-12-31,0.4665638845810653,0.47018168090585116
1986-01-02,0.4700859875999836,0.45890403814865766
1986-01-03,0.4588106401149405,0.45132411806254025
1986-01-06,0.4512322627252758,0.4491183595772729
1986-01-07,0.4490269531650304,0.4740986869212098
1986-01-08,0.4740021964101981,0.4564506754361963
1986-01-09,0.4547395403182204,0.4316852369114858
1986-01-10,0.4315973785599339,0.43919987326085147
1986-01-13,0.439110485499661,0.43424245363057934
1986-01-14,0.434154074823783,0.43492320777697124
1986-01-15,0.43483469042029643,0.45852790336972965
1986-01-16,0.45843458188850683,0.4742863112137333
1986-01-17,0.47418978251665533,0.4709929009462013
1986-01-20,0.4708970425375009,0.4584053523010745
1986-01-21,0.4583120557619482,0.45283834958020014
1986-01-22,0.4527461860603211,0.43737149118551416
1986-01-23,0.43728247554414945,0.4337016835175616
1986-01-24,0.4336134147705186,0.4428836528843052
1986-01-27,0.44284458867627413,0.4487744279898049
1986-01-28,0.4486830915759309,0.46088994084153306
1986-01-29,0.4607961386287474,0.471908845201504
1986-01-30,0.4718128003760687,0.4624621191514631
1986-01-31,0.4623679969624938,0.4699864460220556
1986-02-03,0.46989079245119303,0.48374078614760563
1986-02-04,0.483642333236977,0.4874349506029927
1986-02-05,0.487335745840849,0.49934743584953545
1986-02-06,0.49924580660949175,0.5093524412207983
1986-02-07,0.5073476710062175,0.5178396813830776
1986-02-10,0.5175081422682397,0.5255948819179024
1986-02-11,0.525487910689885,0.5269216956696919
1986-02-12,0.5268144544030929,0.5313367565761464
1986-02-13,0.5312286167382273,0.5368670316587232
1986-02-14,0.5367577662765165,0.5481617535983828
1986-02-18,0.5480501894680004,0.5546836647001572
1986-02-19,0.5545707732036539,0.5415132426378013
1986-02-20,0.5414030316396627,0.5448405132491233
1986-02-21,0.544729625071211,0.5586315613515646
1986-02-24,0.5587552072587314,0.5471826250410682
1986-02-25,0.5470712601869493,0.5375948961607773
1986-02-26,0.5374854826405991,0.5313034240245029
1986-02-27,0.5311952909705615,0.5500208034262151
1986-02-28,0.5543121587869337,0.5485933838103543
1986-03-03,0.5484817318328192,0.5403435694317702
1986-03-04,0.5402335964903242,0.5494599291274681
1986-03-05,0.5493481007870729,0.5457184302764762
1986-03-06,0.5456073634212865,0.5519739068153957
1986-03-07,0.5518615668199411,0.5506910355059992
1986-03-10,0.5505789566057798,0.5707158582477049
1986-03-11,0.5705997038133561,0.6054563098358096
1986-03-12,0.6053330848821386,0.6211401746375497
1986-03-13,0.6210137576393295,0.6258429316648252
1986-03-14,0.6257155575421892,0.6254605911135273
1986-03-17,0.6253332948064099,0.6171022854858598
1986-03-18,0.6169766902954159,0.6327849958029358
1986-03-19,0.6326562088029082,0.6305990232237576
1986-03-20,0.6304706811218431,0.634510550368792
1986-03-21,0.6343814121768155,0.6368920028737595
1986-03-24,0.6367623799987929,0.6248228514171996
1986-03-25,0.6246956849054833,0.629601329726352
1986-03-26,0.6294731906791138,0.626400178693921
1986-03-27,0.6262088211492375,0.6404342063207568
1986-03-31,0.6403038625220034,0.6464525227907041
1986-04-01,0.6463209541194767,0.6408489455388156
1986-04-02,0.640718517330634,0.6466737705979451
1986-04-03,0.6465421568974556,0.6436755109592401
1986-04-04,0.6435445074768606,0.6216677375299646
1986-04-07,0.6215412131599789,0.6089867102795578
1986-04-08,0.6088627668042956,0.6446940820421156
1986-04-09,0.644562871255968,0.6460546717215352
1986-04-10,0.6459231840225905,0.6810228039209731
1986-04-11,0.6808841993642136,0.6928589223830444
1986-04-14,0.6927179088908663,0.709728819458979
1986-04-15,0.7095843725360945,0.7232005456611381
1986-04-16,0.7230533569172334,0.7785634704164622
1986-04-17,0.7784050139828378,0.7805978740805192
1986-04-18,0.755704186616921,0.7596560879645599
1986-04-21,0.7595014796390298,0.7718477529821258
1986-04-22,0.7545278488620741,0.7617108913730822
1986-04-23,0.7440401809036112,0.7554306998499113
1986-04-24,0.7552769514927162,0.7895868427842503
1986-04-25,0.7894261428286289,0.7982288142688431
1986-04-28,0.7980663554637084,0.7895480646571404
1986-04-29,0.7893873725938026,0.7647898577669084
1986-04-30,0.7646342045954733,0.7160638827586646
1986-05-01,0.7159181464976909,0.705997920649589
1986-05-02,0.7058542330545461,0.716764836517817
1986-05-05,0.7166189575958567,0.7460144656869209
1986-05-06,0.7458626337603578,0.7454972496059764
1986-05-07,0.7453455229453534,0.7328129781799418
1986-05-08,0.7326638330743104,0.745245060146232
1986-05-09,0.7450933848122431,0.7556799261715924
1986-05-12,0.7555261270908332,0.7530041850959976
1986-05-13,0.7528509305930465,0.7426756466681537
1986-05-14,0.7425244942717436,0.7417351254180501
1986-05-15,0.7415841644403859,0.7238624228952173
1986-05-16,0.7237150994433408,0.7128350279931316
1986-05-19,0.7126899488819347,0.7168901829702604
1986-05-20,0.7167442785372755,0.7401344885074366
1986-05-21,0.7399838532979672,0.7459130960078023
1986-05-22,0.7457612847124124,0.7767302933558254
1986-05-23,0.7765722100179219,0.7842220354557856
1986-05-27,0.7840624273677751,0.7987358816086445
1986-05-28,0.7985733196030833,0.8003429683208699
1986-05-29,0.8001800792344237,0.8047050883375282
1986-05-30,0.804541311454509,0.8273759690638199
1986-06-02,0.8272075781100878,0.8098521305714484
1986-06-03,0.8096873061412644,0.810721857370527
1986-06-04,0.8105568559299745,0.8061167969956611
1986-06-05,0.8059527327959005,0.8137822939228498
1986-06-06,0.8136166696096866,0.8063100427424285
1986-06-09,0.8061459392125002,0.7570559688403891
1986-06-10,0.7568302237968789,0.7495185009569987
1986-06-11,0.7493659558747928,0.7766562604689217
1986-06-12,0.7764981921984951,0.7811437144336196
1986-06-13,0.7809847328581405,0.8098998073666327
1986-06-16,0.8097349732330715,0.7863038983870697
1986-06-17,0.786143866589769,0.7533500078813277
1986-06-18,0.7531966829951036,0.7516896840197018
1986-06-19,0.751536697049406,0.7627649565240026
1986-06-20,0.7626097154687809,0.7668355083188951
1986-06-23,0.766679438808262,0.7660908200876102
1986-06-24,0.7659349021389829,0.783708825912315
1986-06-25,0.7835493222748176,0.8009319551613913
1986-06-26,0.8007689462019254,0.7964538532439828
1986-06-27,0.7962917556862025,0.7945787283763454
1986-06-30,0.7944170124516757,0.8090018007227744
1986-07-01,0.8088371493552119,0.8192668944756294
1986-07-02,0.8191001539140464,0.828487464244793
1986-07-03,0.8283188470749988,0.8365616610485618
1986-07-07,0.8363914005850882,0.731135262955623
1986-07-08,0.7309864593054812,0.6701095036667758
1986-07-09,0.6699731202296848,0.698032935643014
1986-07-10,0.6978908691144172,0.6826601307156264
1986-07-11,0.6825211929233961,0.663338606796408
1986-07-14,0.6632036014000436,0.6166004347865333
1986-07-15,0.6164749417348039,0.5788121809573313
1986-07-16,0.578694378726148,0.5921086756101966
1986-07-17,0.5919881672218373,0.6047600329658974
1986-07-18,0.6046369497213533,0.5959003428687826
1986-07-21,0.5957790627847375,0.5873719272005575
1986-07-22,0.5872523828546797,0.591085833071583
1986-07-23,0.5909655328563361,0.5880790100750088
1986-07-24,0.5879593218207217,0.5890980214144719
1986-07-25,0.5889781257668137,0.6006153712708664
1986-07-28,0.6004931315648849,0.5668955543731257
1986-07-29,0.5667801774627044,0.5514732649335162
1986-07-30,0.5513610268307526,0.5548620025286596
1986-07-31,0.5554977749244915,0.5567677868831976
1986-08-01,0.5566544712175919,0.5505978447428975
1986-08-04,0.5504857848092448,0.5313038360371687
1986-08-05,0.5311957028993728,0.5236522311410791
1986-08-06,0.5235456552893226,0.5088797367141595
1986-08-07,0.5087761674211122,0.5103017291167443
1986-08-08,0.5101978704139658,0.5275000219565719
1986-08-11,0.5273926629866329,0.5622546262575925
1986-08-12,0.562140193887913,0.5808101155420246
1986-08-13,0.5806919066829928,0.6016005164124467
1986-08-14,0.6014780762056818,0.6154190377137632
1986-08-15,0.6154169932223373,0.6099992338155824
1986-08-18,0.6098750842673736,0.6035738462485503
1986-08-19,0.6034510044215964,0.597559564207118
1986-08-20,0.5974379464315347,0.6113080126170332
1986-08-21,0.6111835967007899,0.6141812147960574
1986-08-22,0.6140562141139118,0.6254134824258085
1986-08-25,0.6252861957064447,0.6122964988198537
1986-08-26,0.6121718817228406,0.6272994609911334
1986-08-27,0.6271717904296698,0.6378113791212794
1986-08-28,0.6376815691310848,0.6378663128596731
1986-08-29,0.6377364916891385,0.6332654847182491
1986-09-02,0.633136599927145,0.6034585760608823
1986-09-03,0.6033357576941901,0.6090307184268401
1986-09-04,0.6089067659948592,0.6279864080998016
1986-09-05,0.6278585977280423,0.6062692086395364
1986-09-08,0.6061458182413637,0.5681156175912454
1986-09-09,0.5679999923685495,0.558698621217934
1986-09-10,0.5585849125809982,0.5467447487212398
1986-09-11,0.546633472985507,0.4753700004804281
1986-09-12,0.47527325122646186,0.43990686421123776
1986-09-15,0.4398173325603467,0.4387995446318088
1986-09-16,0.43871023834714434,0.4412544237062907
1986-09-17,0.4411646177945593,0.45262510732851013
1986-09-18,0.4525329872085695,0.4698102206106429
1986-09-19,0.4697146029058995,0.47288346593215574
1986-09-22,0.47345325675274136,0.4897629224257244
1986-09-23,0.4896632438651986,0.48374515445946364
1986-09-24,0.4836467006597783,0.4801175150472215
1986-09-25,0.4632613402646716,0.4631670554149404
1986-09-26,0.4630727897544489,0.4626757067164811
1986-09-29,0.46258154105729377,0.4418101363318964
1986-09-30,0.44172021731925015,0.46079365806348027
1986-10-01,0.46095131863837396,0.46834891909467397
1986-10-02,0.468253598800014,0.46770112028320604
1986-10-03,0.46760593183121946,0.4709106467805328
1986-10-06,0.47183448555809365,0.4764345800547666
1986-10-07,0.4763376141331951,0.4674065963644762
1986-10-08,0.4673114678552066,0.4774579123327035
1986-10-09,0.4771549894245529,0.4762354428805975
1986-10-10,0.47613851748824115,0.4832778826419113
1986-10-13,0.48317952394330443,0.4914238612659559
1986-10-14,0.4913238446643389,0.4942623544752809
1986-10-15,0.4941617601718735,0.5059977331051664
1986-10-16,0.5058947503693246,0.5036555791376228
1986-10-17,0.5033933579363593,0.4959468947189568
1986-10-20,0.49584595757100375,0.4842088272053015
1986-10-21,0.4841102790370354,0.482197601621031
1986-10-22,0.4820994627856522,0.4858774338563914
1986-10-23,0.4857785460864498,0.5048960542788313
1986-10-24,0.5047932957611869,0.5027197062828787
1986-10-27,0.5026173907045126,0.5003377109308715
1986-10-28,0.500235880145978,0.5079149749564685
1986-10-29,0.5078116020156946,0.5144972322695467
1986-10-30,0.5143925196807433,0.5320774844277039
1986-10-31,0.5319691938338115,0.5285539964993735
1986-11-03,0.5284464230202088,0.5319598907946378
1986-11-04,0.5318516241338844,0.54446946169152
1986-11-05,0.544358649031544,0.5466532667753432
1986-11-06,0.5465981582904144,0.5377936078045068
1986-11-07,0.5376841538417192,0.5320281558226652
1986-11-10,0.5319198752683331,0.5250391309961457
1986-11-11,0.5249322728768373,0.5363395094817476
1986-11-12,0.53623035146302,0.5386667406272343
1986-11-13,0.5385571089608703,0.5144198709185668
1986-11-14,0.5143151740746631,0.5151788979153545
1986-11-17,0.5150740465911605,0.5116312487692685
1986-11-18,0.5115271194771923,0.4842560770265126
1986-11-19,0.4841575192417689,0.472545297182273
1986-11-20,0.4724491228235178,0.49027992545800186
1986-11-21,0.4901801416748966,0.5066266518602739
1986-11-24,0.5065235411243053,0.5233813828136452
1986-11-25,0.5232748620860522,0.5370203356826475
1986-11-26,0.5369110390993765,0.5489564716988902
1986-11-28,0.5488447458242175,0.5607287106413729
1986-12-01,0.5606145888323038,0.5481656805417128
1986-12-02,0.5480541156121027,0.5704462843250119
1986-12-03,0.5703301847554545,0.5841787558501174
1986-12-04,0.5841183051451576,0.5827733410373365
1986-12-05,0.5826547326145924,0.5716390800287444
1986-12-08,0.5715227376965087,0.557602020045546
1986-12-09,0.5574885345933825,0.5462890758729435
1986-12-10,0.5461778928776194,0.5470707976390431
1986-12-11,0.5469594555444961,0.5370780122434793
1986-12-12,0.536913501036669,0.5247298612884586
1986-12-15,0.5246230661129907,0.514691835884087
1986-12-16,0.514587083688757,0.5189291626279284
1986-12-17,0.5188235480344647,0.503152092972278
1986-12-18,0.5030496893927979,0.5009427485713025
1986-12-19,0.5008407946466646,0.5103627518599783
1986-12-22,0.5102588807376005,0.5135089875282275
1986-12-23,0.5134044760710508,0.49961712703104516
1986-12-24,0.49951544290234506,0.4993089005619545
1986-12-26,0.4992072791647707,0.5005739801822777
1986-12-29,0.5004721013108963,0.4854543132843365
1986-12-30,0.4853555116296307,0.4853595648854028
1986-12-31,0.4852607825142801,0.48392770277079245
1987-01-02,0.4838292118181253,0.4986659778936687
1987-01-05,0.49856448734674563,0.5460475338858982
1987-01-06,0.545936400050191,0.5642138933538942
1987-01-07,0.5640990622261322,0.6084318464114957
1987-01-08,0.6083080158644057,0.6405729139580206
1987-01-09,0.6404425419289195,0.6563551775999733
1987-01-12,0.6562215934997871,0.68511812496389
1987-01-13,0.68497868691058,0.6889026142679125
1987-01-14,0.6887624059798033,0.7279752583722551
1987-01-15,0.7278270978592184,0.7476130077110001
1987-01-16,0.747460850442602,0.7250412507941592
1987-01-19,0.7248936874223894,0.7774689718342505
1987-01-20,0.7773107381574705,0.7780631809160344
1987-01-21,0.7779048263033829,0.7460733272610828
1987-01-22,0.7459214833547705,0.7959717338890558
1987-01-23,0.7958097344541858,0.778873316352171
1987-01-26,0.7787147968574298,0.7417837311603424
1987-01-27,0.741632760290238,0.7755723394544167
1987-01-28,0.7754144917880448,0.788796378190317
1987-01-29,0.7886358391132947,0.7618699774593297
1987-01-30,0.7613012253860219,0.7744463763412924
1987-02-02,0.7747069209463237,0.8247385861241944
1987-02-03,0.824570731941465,0.842559398094518
1987-02-04,0.8423879169469791,0.8708682279483191
1987-02-05,0.8706909852715162,0.8876013202027653
1987-02-06,0.8828465103534411,0.8871485132442197
1987-02-09,0.865555097777506,0.8713748968026176
1987-02-10,0.8711975510064895,0.8514511791016142
1987-02-11,0.8512778882623027,0.9052712312273352
1987-02-12,0.9051642246326089,0.9093004532461241
1987-02-13,0.9091153886850583,0.9522547745460064
1987-02-17,0.9520609677451354,1.0250002751208516
1987-02-18,1.024791662857072,0.9837367232388878
1987-02-19,0.9835365091025805,0.9615171710031537
1987-02-20,0.9613214790813321,0.9421260443112806
1987-02-23,0.941934298951167,0.9262445104958066
1987-02-24,0.9260559974106514,0.9451750218101628
1987-02-25,0.9449826559096322,0.9769516169401314
1987-02-26,0.976752783736512,0.9962271586069061
1987-02-27,0.9960244023659176,1.005088469396556
1987-03-02,1.0048839096652185,0.976883600577015
1987-03-03,0.9766847812163649,0.9683948353245788
1987-03-04,0.9681977436322807,1.0115939838302546
1987-03-05,1.0113881000699132,1.0342769099816227
1987-03-06,1.0340664096990342,1.0273885797876758
1987-03-09,1.027179481446326,0.9967043869164939
1987-03-10,0.9965015335480406,1.0289009122414796
1987-03-11,1.0286915061040205,1.042618899081163
1987-03-12,1.0424067010027076,1.0330818275204952
1987-03-13,1.032871570465995,1.0057451331200766
1987-03-16,1.0055404397418424,0.9981716302578918
1987-03-17,0.9979684782700504,1.0497036096700596
1987-03-18,1.0494899696822215,1.0517322182721813
1987-03-19,1.0515181654135928,1.0837747888978955
1987-03-20,1.0835542146037933,1.1155876427960838
1987-03-23,1.1153605938193596,1.1076419804037487
1987-03-24,1.1074165485608527,1.1208730567469203
1987-03-25,1.1206449320610512,1.1206822774604777
1987-03-26,1.1204541916027921,1.1292394089952318
1987-03-27,1.129009581555008,1.099386086073908
1987-03-30,1.0991623345045176,1.0079765424122311
1987-03-31,1.0077713948884175,1.0438290624598157
1987-04-01,1.0436166180839417,1.0439932903404179
1987-04-02,1.0437808125402115,1.070241487582348
1987-04-03,0.9358014741101361,1.115860041201978
1987-04-06,1.1156329367856117,1.1076226716544462
1987-04-07,1.1073972437413462,1.0466149990348403
1987-04-08,1.0464019876537178,1.0770895393211346
1987-04-09,1.0768703256364702,1.0672637627177421
1987-04-10,1.0670465488154686,1.0592816560501497
1987-04-13,1.0590660666989928,0.9856156470454756
1987-04-14,0.9854150505028819,0.9173933653656204
1987-04-15,0.9172066537018574,0.958893297704324
1987-04-16,0.9586981398039677,0.9787581341945171
1987-04-20,0.97855893332109,0.9524772607693164
1987-04-21,0.9522834086871359,0.9914618863770837
1987-04-22,0.9912600999838614,0.9801062118718511
1987-04-23,0.979906736632121,0.9767509210474287
1987-04-24,0.9765521286902612,0.9222303114587567
1987-04-27,0.9220426153598683,0.9092032760675461
1987-04-28,0.9090182312843786,0.9348810589364085
1987-04-29,0.9346907881054602,0.9492739223487502
1987-04-30,0.9490807222231553,0.9896696036917569
1987-05-01,0.9894681820712645,1.0053269892759433
1987-05-04,1.0051223810000607,1.014978153853343
1987-05-05,1.014771581332826,1.0682018716986426
1987-05-06,1.067984466868578,1.0603370205666955
1987-05-07,1.06012121642342,1.072002266639717
1987-05-08,1.071784088337673,1.0774039170219858
1987-05-11,1.0771846393538813,1.0579523542151368
1987-05-12,1.0577370354089464,1.0530782020763136
1987-05-13,1.0528638752775756,1.074712382147775
1987-05-14,1.0744936522718973,1.0818131189875761
1987-05-15,1.0815929439405871,1.0332301599823528
1987-05-18,1.033019872738621,0.9923211131053216
1987-05-19,0.9921191518387484,0.9278818458419842
1987-05-20,0.9276929995196178,0.9311083316949442
1987-05-21,0.9309188287049318,0.9454848129454065
1987-05-22,0.9452923839949123,0.9292639778215881
1987-05-26,0.9290748502020473,0.9830527908825455
1987-05-27,0.982852715942959,0.9951527031463341
1987-05-28,0.9949501655829317,1.029338560120532
1987-05-29,1.02912906491118,1.0397520340512476
1987-06-01,1.0395404194489322,0.991253417088776
1987-06-02,0.9910516731240792,0.9690943873732502
1987-06-03,0.9688971533052473,0.9885504486613038
1987-06-04,0.9883492548158375,0.9960493155921042
1987-06-05,0.995846595546456,0.9865009701798778
1987-06-08,0.9863001934526854,1.0155794059166452
1987-06-09,1.0153727110268402,1.046677384088077
1987-06-10,1.0464643600100925,1.055281401322746
1987-06-11,1.055066626119853,1.04893840812496
1987-06-12,1.0487249238740814,1.0600403080372145
1987-06-15,1.059824564282091,1.046915112947028
1987-06-16,1.04670204048549,1.0719939807412198
1987-06-17,1.0717758041255556,1.0745857374593333
1987-06-18,1.0743670333587023,1.0918371500660293
1987-06-19,1.091614934887085,1.0859453231314888
1987-06-22,1.0857243070813491,1.099919202291642
1987-06-23,1.0996953422202507,1.0813428431867118
1987-06-24,1.0811227638521843,1.0820017016889822
1987-06-25,1.0817814882608676,1.0720910870435143
1987-06-26,1.071872890664377,1.0668651539558491
1987-06-29,1.066648021180067,1.060401508170803
1987-06-30,1.0601856909027454,1.0356197013927193
1987-07-01,1.0354089278197103,1.0390555484907176
1987-07-02,1.0398311313594044,1.0536092164048878
1987-07-06,1.0533947815319338,1.0306058557454598
1987-07-07,1.0303961026108996,1.00941784135595
1987-07-08,1.0092124004930585,1.003040411204492
1987-07-09,1.0028362683023653,1.0121049376376958
1987-07-10,1.011898949885938,1.0239665130628268
1987-07-13,1.023758111194545,1.050969624775344
1987-07-14,1.0507557271229144,1.1261122307250953
1987-07-15,1.1258830397410307,1.1236617000982148
1987-07-16,1.1234330078562031,1.1434396153282702
1987-07-17,1.1432068978037595,1.1399129045638434
1987-07-20,1.1396809048099852,1.1044493497682801
1987-07-21,1.1042245677026774,1.0926364466503709
1987-07-22,1.0924140687953043,1.0996554102618445
1987-07-23,1.09943160387849,1.0629265203242722
1987-07-24,1.0627101891553754,1.0877983239003803
1987-07-27,1.0875769307199172,1.090229345392188
1987-07-28,1.0900074574402512,1.0992641439867348
1987-07-29,1.0990404172354986,1.115323208410315
1987-07-30,1.1150962132523625,1.14647957962736
1987-07-31,1.1462462433968355,1.142251775276157
1987-08-03,1.14201929950573,1.122418772041626
1987-08-04,1.122190332765435,1.1329976054374646
1987-08-05,1.132767013113673,1.1735664277534785
1987-08-06,1.1733275786964277,1.237364670917813
1987-08-07,1.2371128373804114,1.271149366063702
1987-08-10,1.270890656526453,1.3136750338021776
1987-08-11,1.313407669266456,1.3582742171200544
1987-08-12,1.357997775575457,1.3317200533764404
1987-08-13,1.3314490162442574,1.3197965498797863
1987-08-14,1.3195279394679829,1.3191634266948085
1987-08-17,1.3188949451388345,1.325621465190976
1987-08-18,1.325351669268496,1.2687560924583665
1987-08-19,1.2684978700099865,1.2960484620232917
1987-08-20,1.2957846849198182,1.3625213378369172
1987-08-21,1.3622440319008766,1.394143549710529
1987-08-24,1.3938598078921138,1.3718316876840362
1987-08-25,1.3715524868673743,1.3955315278035534
1987-08-26,1.3952475034981389,1.4038033733027013
1987-08-27,1.4035176654773336,1.3927632772440723
1987-08-28,1.3924798163443757,1.35669619350467
1987-08-31,1.356420073125917,1.3703676798822255
1987-09-01,1.3700887770264414,1.3171507147832286
1987-09-02,1.3168826428626454,1.2944638880156047
1987-09-03,1.2942004334111383,1.280443396258206
1987-09-04,1.2801827951617784,1.2620321866141777
1987-09-08,1.2617753326427177,1.1843501971137609
1987-09-09,1.1841091532997008,1.2140782647449113
1987-09-10,1.2138311705524885,1.2779783592965712
1987-09-11,1.2777182598945853,1.299878376115651
1987-09-14,1.299613819532339,1.2765832907148755
1987-09-15,1.2763234752429744,1.2218467394866055
1987-09-16,1.2215980642223125,1.2040451203687093
1987-09-17,1.2038000681630177,1.2170998727923596
1987-09-18,1.2168521636298628,1.2097391779229942
1987-09-21,1.2094929668393342,1.1298132364670583
1987-09-22,1.1295832922391118,1.2009902252597033
1987-09-23,1.200745794798805,1.2478028767205231
1987-09-24,1.2475489187566262,1.2576569117135767
1987-09-25,1.2574009482160258,1.2659009954735516
1987-09-28,1.2656433541062304,1.256315163133017
1987-09-29,1.2560594727136452,1.247056575944908
1987-09-30,1.2468027698712085,1.2713753417054647
1987-10-01,1.2711165861767255,1.3487930039545795
1987-10-02,1.3485184920654076,1.395315708884402
1987-10-05,1.3950317285033398,1.4275939971815539
1987-10-06,1.42730344739075,1.3120598496332045
1987-10-07,1.3117928138263955,1.2892074893918022
1987-10-08,1.288945104591162,1.2276589683848287
1987-10-09,1.2274091101918503,1.2061825210797077
1987-10-12,1.205937033861449,1.154944205868977
1987-10-13,1.154709146882971,1.1823259065168084
1987-10-14,1.1820852746946806,1.1160231545580723
1987-10-15,1.1157960169442065,1.0404839618133543
1987-10-16,1.040272198246096,0.8819708079723803
1987-10-19,0.8817913056529131,0.4827525083979191
1987-10-20,0.4826542566256351,0.3738077634653447
1987-10-21,0.3737316845747847,0.4890772731899819
1987-10-22,0.4889777341756033,0.4076231774466641
1987-10-23,0.407540216304233,0.3702451093335385
1987-10-26,0.37016975552897263,0.24031103237583296
1987-10-27,0.2402621232880093,0.24829524952070367
1987-10-28,0.24824471545223023,0.2559073421986655
1987-10-29,0.25582597484819886,0.32851188290447464
1987-10-30,0.32844502281747306,0.37248644934897823
1987-11-02,0.37241063937769137,0.38815491353792086
1987-11-03,0.3880759146564808,0.3492899636654335
1987-11-04,0.3492188747381382,0.35491539687759716
1987-11-05,0.3548431630390412,0.3913596970726209
1987-11-06,0.3912800459404797,0.3731743278301081
1987-11-09,0.37309837785896893,0.3418608131857784
1987-11-10,0.3417912362696865,0.3204421624545527
1987-11-11,0.3203769447501846,0.3339468618076144
1987-11-12,0.333878895571395,0.3638642135010713
1987-11-13,0.3637901583626198,0.34991417831632066
1987-11-16,0.3498429623462971,0.3462958641759412
1987-11-17,0.34622538462006525,0.3187897572130173
1987-11-18,0.3187248758129473,0.3270513667947115
1987-11-19,0.3269848039579442,0.30135045880357053
1987-11-20,0.30128912672110386,0.29978613769752055
1987-11-23,0.2997251239921072,0.3060805808003416
1987-11-24,0.3060182860240283,0.3242084115026291
1987-11-25,0.3241424272757936,0.3263283216922919
1987-11-27,0.3262956982481604,0.31512395504876795
1987-11-30,0.3150598197278031,0.27391959848907105
1987-12-01,0.2738638492479036,0.27401783760959847
1987-12-02,0.2739620683744019,0.27867007551371364
1987-12-03,0.27861335943596066,0.2482323925138808
1987-12-04,0.24818187123832341,0.23404687880812475
1987-12-07,0.23399924462655053,0.24853680515552568
1987-12-08,0.24848622192465783,0.2682835555596813
1987-12-09,0.2682289533891077,0.2862472442667637
1987-12-10,0.28542093567459376,0.28156094224116107
1987-12-11,0.2815036378023443,0.28633673807106047
1987-12-14,0.28627846164267096,0.3246718099364589
1987-12-15,0.3246057313968719,0.32993937564268855
1987-12-16,0.3298722250265048,0.35789889800415403
1987-12-17,0.35782605695120107,0.3495810252124834
1987-12-18,0.34950987704714714,0.38325657861746726
1987-12-21,0.3831785766652586,0.3925720993692648
1987-12-22,0.3924922014840311,0.38890289631875996
1987-12-23,0.38882374520479374,0.407529067648837
1987-12-24,0.4074461256600183,0.4083298733311076
1987-12-28,0.408246768359029,0.3663157177502246
1987-12-29,0.3662411636715645,0.37742140261438906
1987-12-30,0.37734458826115486,0.3988310536957926
1987-12-31,0.39874988196248035,0.39079688432681764
1988-01-04,0.3907173477406369,0.43234766733320157
1988-01-05,0.43225967416109085,0.4519668031362865
1988-01-06,0.4518748169971175,0.46742026220151334
1988-01-07,0.46732513091091654,0.48853273746933296
1988-01-08,0.4884333092810996,0.3970893203180368
1988-01-11,0.3970085030694517,0.40204726094944676
1988-01-12,0.4019654346404312,0.3779744763012016
1988-01-13,0.3778975493841402,0.37651016347894395
1988-01-14,0.37643353458483936,0.37991449951657463
1988-01-15,0.37983717775802434,0.4074378988406173
1988-01-18,0.40735497540684873,0.40115503028224964
1988-01-19,0.4010733855636822,0.3933120355845474
1988-01-20,0.3932319871044576,0.3517532322226323
1988-01-21,0.3516816419608081,0.354966229620208
1988-01-22,0.3548939854359636,0.36460192515292084
1988-01-25,0.36452771987236554,0.3835826235063234
1988-01-26,0.3835045551961205,0.3700574026089757
1988-01-27,0.369982087007253,0.3713011541652751
1988-01-28,0.37122558543012985,0.38712876367950827
1988-01-29,0.3870499736442999,0.39783481471395793
1988-02-01,0.39775384573929295,0.3938110887788525
1988-02-02,0.3937309387294079,0.39633169973784577
1988-02-03,0.39625103668331124,0.37826148192699555
1988-02-04,0.37818449659737097,0.3839042202788303
1988-02-05,0.3838260865159321,0.3883939360389763
1988-02-08,0.38831488851069557,0.3872037301029344
1988-02-09,0.38712492481025174,0.39480697090622097
1988-02-10,0.39472661817075755,0.4193090306542835
1988-02-11,0.41922369115903535,0.424680961373166
1988-02-12,0.4245945285605253,0.43216852546356277
1988-02-16,0.43208056875114076,0.4446834063537186
1988-02-17,0.4445929025613623,0.4466375540607487
1988-02-18,0.446546652552229,0.44601145007806087
1988-02-19,0.44592067599679397,0.45652392102107947
1988-02-22,0.4564310073985709,0.4819496091550059
1988-02-23,0.4824886198027869,0.4909762664353893
1988-02-24,0.4908763409301097,0.5010075248530027
1988-02-25,0.50090555774483,0.4860791889708834
1988-02-26,0.48598026013891266,0.4846862182913295
1988-02-29,0.48458757296246985,0.5014847545204485
1988-03-01,0.5013826902845349,0.5012370411396551
1988-03-02,0.5011350273193855,0.5226304000261262
1988-03-03,0.522524032141633,0.5348157024918885
1988-03-04,0.5347068546046149,0.5426867899057329
1988-03-07,0.5425763400624368,0.552330074913168
1988-03-08,0.55221766242892,0.5628733425934783
1988-03-09,0.5627587843001103,0.5778235149249725
1988-03-10,0.5777059139111588,0.5507652907617832
1988-03-11,0.5506531967488293,0.5454955068976823
1988-03-14,0.5453844854127738,0.5574143294779957
1988-03-15,0.557300882225387,0.5488377010403518
1988-03-16,0.5487259993383711,0.5680473327649996
1988-03-17,0.5679317214399118,0.5755126042834103
1988-03-18,0.5753954735956169,0.5733734807418763
1988-03-21,0.5732567854172875,0.5528582543630439
1988-03-22,0.5527457343815461,0.5629683052354872
1988-03-23,0.5628537276149325,0.5555164455992693
1988-03-24,0.5554033846117786,0.513645589047778
1988-03-25,0.5135410497888993,0.496819553671054
1988-03-28,0.4967184389159686,0.49627248735790347
1988-03-29,0.4961714839439999,0.5031754531012764
1988-03-30,0.503073044767447,0.489630986307455
1988-03-31,0.48953133459910964,0.499072648615379
1988-04-04,0.4989710753011612,0.4828429283701443
1988-04-05,0.4827446581952164,0.4952357525140148
1988-04-06,0.4951349601006426,0.5268652282274424
1988-04-07,0.526757998453329,0.5331830284706939
1988-04-08,0.5328039183899436,0.5473903165594876
1988-04-11,0.5515007263081683,0.5564611246289762
1988-04-12,0.558017743424402,0.5577183934723561
1988-04-13,0.5576512386663235,0.560138587201381
1988-04-14,0.5584875545516248,0.49376141345056695
1988-04-15,0.4927631828005309,0.4924067975004779
1988-04-18,0.49260523868759926,0.49574790590624496
1988-04-19,0.49877480772206334,0.5024589743790404
1988-04-20,0.5016219227219829,0.4899917083752139
1988-04-21,0.4923995148465089,0.4824076341252768
1988-04-22,0.48079546640716686,0.4926972871673823
1988-04-25,0.49306599490939695,0.5017106702283233
1988-04-26,0.50229900336775,0.5217584474825099
1988-04-27,0.5216080683393901,0.5256632147574074
1988-04-28,0.5261790881411794,0.5211746586701271
1988-04-29,0.5211571431039669,0.5137971541428002
1988-05-02,0.5138240070210046,0.5208163058126172
1988-05-03,0.5216386180197689,0.5405130977229221
1988-05-04,0.541490280119118,0.5369360037229546
1988-05-05,0.5359700204411043,0.5282054546481583
1988-05-06,0.52827635765945,0.5235311484905214
1988-05-09,0.5228041599654712,0.5033925134267638
1988-05-10,0.5022541383268493,0.4979284813196439
1988-05-11,0.4951278175460526,0.46766773816103346
1988-05-12,0.46773687768616173,0.4749115194988
1988-05-13,0.47701371498442524,0.4925193649725773
1988-05-16,0.4941189563380143,0.5020244763732408
1988-05-17,0.5041600416234164,0.49391651171548395
1988-05-18,0.49381598779941477,0.46150266346140045
1988-05-19,0.46027046676501854,0.46179986541472073
1988-05-20,0.4625192180816157,0.45786613541515037
1988-05-23,0.4566006456821274,0.4396413217174753
1988-05-24,0.440692611286313,0.45175194949958347
1988-05-25,0.4518201053485158,0.449966032823649
1988-05-26,0.4503138072335934,0.45653472746357776
1988-05-27,0.45515176547388864,0.45417400834176813
1988-05-31,0.4535191027329076,0.48416707143831794
1988-06-01,0.48524162174519914,0.5119103986567859
1988-06-02,0.510589280747463,0.5097477729696872
1988-06-03,0.5115507167396144,0.5230432017051098
1988-06-06,0.5222315267043313,0.5381509342862543
1988-06-07,0.5366044066632443,0.5381086623270743
1988-06-08,0.5388972192427363,0.5671008239576159
1988-06-09,0.5669854052698861,0.5646393795954273
1988-06-10,0.5650342632182842,0.5784092702563269
1988-06-13,0.5802218475089955,0.5824152904157045
1988-06-14,0.5856543471847224,0.5920374778592703
1988-06-15,0.5896702472117705,0.5949371889886744
1988-06-16,0.5916992712832363,0.5793964859365144
1988-06-17,0.5810213945055607,0.573824805322238
1988-06-20,0.57426952874768,0.5666154320682298
1988-06-21,0.5682629823121206,0.5812085178224108
1988-06-22,0.5824112221000803,0.601661283548303
1988-06-23,0.6014906643733147,0.602285091217095
1988-06-24,0.6029834196467767,0.6047455450481518
1988-06-27,0.6021530802554923,0.5829130655754942
1988-06-28,0.5825110370958849,0.61170918869285
1988-06-29,0.6123648259041637,0.607507672870111
1988-06-30,0.606801731884566,0.6192844627264076
1988-07-01,0.6211733069373708,0.6281866778749767
1988-07-05,0.6279596703751023,0.6472711063929116
1988-07-06,0.6463805056715515,0.6320967551748357
1988-07-07,0.6310719301984861,0.621444571067966
1988-07-08,0.619644605163961,0.6090064059226307
1988-07-11,0.6115528409748356,0.6042716235729677
1988-07-12,0.610185399775931,0.5996111971859157
1988-07-13,0.5994891618535664,0.607867879535537
1988-07-14,0.6083257700259398,0.6130509816363123
1988-07-15,0.6118541318494775,0.611145433036595
1988-07-18,0.6117506141965637,0.6136696810779241
1988-07-19,0.6109118741414222,0.5841022159605669
1988-07-20,0.584596450498589,0.5789097705904912
1988-07-21,0.5756513263049288,0.5520467769126925
1988-07-22,0.5517074908056562,0.5468760980355691
1988-07-25,0.5464490142063608,0.5442190165227333
1988-07-26,0.5415009549143442,0.5270990530431647
1988-07-27,0.5272557470998707,0.5063350837306555
1988-07-28,0.5069600339612768,0.513413291302359
1988-07-29,0.5158150231989449,0.5386821096753225
1988-08-01,0.5385278285885775,0.5409599558280904
1988-08-02,0.5408050915451451,0.5326471625492921
1988-08-03,0.5339106726762469,0.5371705738168545
1988-08-04,0.5377287147974232,0.5378864280564952
1988-08-05,0.5377323785474887,0.5262699728549187
1988-08-08,0.527391538843817,0.5253507982261861
1988-08-09,0.5263833506015894,0.5028010957478678
1988-08-10,0.5010394321792818,0.46363003827986043
1988-08-11,0.4658313049439792,0.47922947150922934
1988-08-12,0.478185275821662,0.4717173721518205
1988-08-15,0.47068477141176557,0.4417591086547561
1988-08-16,0.4416692000274722,0.4615223739750588
1988-08-17,0.46062642063388215,0.46341584677922165
1988-08-18,0.46316068556433343,0.46841111547724046
1988-08-19,0.46944935675260874,0.46225896221799573
1988-08-22,0.46148273373676785,0.43866607066032814
1988-08-23,0.4387316254417137,0.43624103106801243
1988-08-24,0.43700104325413136,0.45421554864076524
1988-08-25,0.4504382704614463,0.44278189047690786
1988-08-26,0.44078338099686587,0.4460906397843699
1988-08-29,0.4472130354502267,0.45990069075618734
1988-08-30,0.460445984866943,0.45651625627922604
1988-08-31,0.4571384219286834,0.44543496038061914
1988-09-01,0.4448754300788284,0.42358673853916046
1988-09-02,0.4273531067459192,0.4480474559460191
1988-09-06,0.4490929798804843,0.45155307063442107
1988-09-07,0.4531157912812377,0.4526287209342276
1988-09-08,0.45229989984338415,0.45930517209815114
1988-09-09,0.46008800584587994,0.47917410589468634
1988-09-12,0.4803873234712029,0.4799203339293681
1988-09-13,0.47572299459672257,0.481943014323373
1988-09-14,0.4873941343500144,0.49089767817161867
1988-09-15,0.49088106232389533,0.4776762862921585
1988-09-16,0.4794581110299006,0.4875496287710729
1988-09-19,0.4872847620938863,0.48292314450062124
1988-09-20,0.4797810920894459,0.48840588784370526
1988-09-21,0.48809935614844757,0.4964902107171839
1988-09-22,0.4970593375240065,0.500227468920153
1988-09-23,0.49970487356316723,0.49329465185640414
1988-09-26,0.49381962019814835,0.47970130356726126
1988-09-27,0.4798083169813331,0.4789332283154729
1988-09-28,0.4792035203766196,0.4889982055446872
1988-09-29,0.4891058967518207,0.503465704624658
1988-09-30,0.5047569373952943,0.5078267393838275
1988-10-03,0.5070862500101733,0.4857707805918793
1988-10-04,0.4852598559821614,0.4814544142846431
1988-10-05,0.4808239795936363,0.47773840482817853
1988-10-06,0.4779264446768478,0.4806005996171626
1988-10-07,0.4775985189121379,0.4784788488844589
1988-10-10,0.47817761944776144,0.46960224008037516
1988-10-11,0.4706341239536552,0.47497386977616646
1988-10-12,0.47203745019604115,0.4559038154928987
1988-10-13,0.4547455682155132,0.46788929907864996
1988-10-14,0.47297238523874197,0.47198666785419924
1988-10-17,0.47285958647450055,0.4751479747582846
1988-10-18,0.47679468006814846,0.4847435957276383
1988-10-19,0.48608271841495926,0.4845434612832701
1988-10-20,0.48514288533680094,0.5120856424616176
1988-10-21,0.5094261480342283,0.5065640979242017
1988-10-24,0.506925960101088,0.4951079519304867
1988-10-25,0.4957147682481717,0.48649079437143267
1988-10-26,0.48565138056010815,0.47766430042561436
1988-10-27,0.47492608525049124,0.4607051190832496
1988-10-28,0.46061135448614693,0.4653145088485528
1988-10-31,0.4651000800149931,0.46428733369906117
1988-11-01,0.46415295497292397,0.46262445973083105
1988-11-02,0.4625700888229148,0.45782634675339934
1988-11-03,0.45682544380835366,0.45949080750504984
1988-11-04,0.45575822795930754,0.4538560027256512
1988-11-07,0.45293994676027477,0.43627913441108757
1988-11-08,0.43832920465454345,0.4545605285218709
1988-11-09,0.4533299445334188,0.4523759562684177
1988-11-10,0.4524012164067385,0.45047095560516115
1988-11-11,0.449989407226998,0.41884212142671506
1988-11-14,0.42005607790507266,0.4165490083348121
1988-11-15,0.4168340696650293,0.41008988413536185
1988-11-16,0.41227512562747226,0.3909673081519067
1988-11-17,0.39184440940573395,0.39563199900934354
1988-11-18,0.3951586580688029,0.3977538492043611
1988-11-21,0.389504048271987,0.37833214333313964
1988-11-22,0.3788786855487582,0.3818875779219838
1988-11-23,0.38264632510789504,0.40155303658905594
1988-11-25,0.40057064463943237,0.39081441742724565
1988-11-28,0.3901688767519025,0.39259807009539804
1988-11-29,0.3935470244057146,0.4007864108773257
1988-11-30,0.4009566027224843,0.4151190524234302
1988-12-01,0.41466649724816124,0.4307265321257212
1988-12-02,0.4303748694920055,0.4326993116658855
1988-12-05,0.44199054775099733,0.4419005920202785
1988-12-06,0.4418106545977192,0.4506155083810394
1988-12-07,0.4505237972629263,0.4413058770965877
1988-12-08,0.4412160607128511,0.43381264038953254
1988-12-09,0.43372434906009144,0.4329548015170316
1988-12-12,0.4328666847784794,0.4276006827968204
1988-12-13,0.4273262779146353,0.4210199143813643
1988-12-14,0.4209342266800366,0.4254100159577036
1988-12-15,0.42636909188935557,0.4308449506919538
1988-12-16,0.4307572633589028,0.4487036024172111
1988-12-19,0.4486122804180484,0.45915526521713657
1988-12-20,0.4590618160526551,0.4564949451185258
1988-12-21,0.45640203739331187,0.4530636174972865
1988-12-22,0.4529714081299562,0.4536571803048969
1988-12-23,0.4535648501332273,0.46009075063907473
1988-12-27,0.4599971110807599,0.4568387688913024
1988-12-28,0.4567457911896628,0.4559490523358759
1988-12-29,0.45585625571300203,0.46786714288831965
1988-12-30,0.46777192064673095,0.47347497432790475
1989-01-03,0.4732984680356464,0.45099131053724345
1989-01-04,0.4532239112431791,0.47361317553760324
1989-01-05,0.4735167838398614,0.4728204064512259
1989-01-06,0.47272417610110296,0.4729076578838437
1989-01-09,0.472811409775951,0.4737538345226114
1989-01-10,0.47365741419737545,0.46888183168694253
1989-01-11,0.4687864029317241,0.47290057004583463
1989-01-12,0.47456178336471333,0.48395294508557624
1989-01-13,0.48385444899548957,0.4845669516910512
1989-01-16,0.4844683306358196,0.4851811600706531
1989-01-17,0.4850824140092107,0.4678487961856961
1989-01-18,0.4677535776781036,0.47998025792897747
1989-01-19,0.47988257037648946,0.49529793789344445
1989-01-20,0.4951971328238486,0.49303954019301865
1989-01-23,0.4929391947617939,0.47549355482920197
1989-01-24,0.47539678042894745,0.49106611918114945
1989-01-25,0.4909661753886702,0.5021883350969476
1989-01-26,0.5020861276654267,0.5221851722237663
1989-01-27,0.5220788949538632,0.5181420909451508
1989-01-30,0.5180366365397471,0.5284305625776706
1989-01-31,0.5283230142202844,0.5426683324868268
1989-02-01,0.5425578864000603,0.5590322753498063
1989-02-02,0.5589184988062118,0.5721124214294006
1989-02-03,0.5719959827607799,0.5728737463708361
1989-02-06,0.572757152754238,0.5680276854041442
1989-02-07,0.5679120780777679,0.5910866570685782
1989-02-08,0.5909663566856281,0.5723376099035477
1989-02-09,0.5722211254036443,0.5598201963031949
1989-02-10,0.5597062593986935,0.5330293560550471
1989-02-13,0.5329208717323336,0.5302296375716886
1989-02-14,0.5301217230591742,0.5319438856445136
1989-02-15,0.5318356222411941,0.5470695194251588
1989-02-16,0.5469581775907592,0.5504365635719741
1989-02-17,0.5503245364629274,0.5562336311031673
1989-02-21,0.5561204241511387,0.5529981863991168
1989-02-22,0.5528856379380764,0.5315297193059674
1989-02-23,0.5314215401954813,0.5374069372459482
1989-02-24,0.53729756197994,0.5209369830383664
1989-02-27,0.5208309598050503,0.5141648927679783
1989-02-28,0.5140602478182745,0.5137458010443945
1989-03-01,0.5136412413899588,0.5119438210981062
1989-03-02,0.5118396281900266,0.5272913713437116
1989-03-03,0.5271840548392018,0.5301040665547004
1989-03-06,0.5299961775989148,0.5443493846098456
1989-03-07,0.5442385963884502,0.5371181556080677
1989-03-08,0.537008839116084,0.5330597268269265
1989-03-09,0.5329512363230288,0.5250740603912653
1989-03-10,0.524967195162983,0.52184385669205
1989-03-13,0.521737648888085,0.5291193882095373
1989-03-14,0.5290116996595308,0.52442152853558
1989-03-15,0.5243147961132597,0.5242930294670324
1989-03-16,0.52418632319737,0.5390954831520307
1989-03-17,0.538985764226228,0.49459302935245086
1989-03-20,0.494492367748735,0.4769903994410712
1989-03-21,0.47689332039685645,0.4940160665898297
1989-03-22,0.49391552241194386,0.4820124933148841
1989-03-23,0.4819143921535077,0.48541883618396425
1989-03-27,0.48532004174970356,0.48606578694567326
1989-03-28,0.4859668608413377,0.49286989452264846
1989-03-29,0.4927695836184069,0.5034307940501676
1989-03-30,0.5033283337483,0.5116678517639403
1989-03-31,0.5115637150222724,0.5239874338284728
1989-04-03,0.5238807897548894,0.5234360001474259
1989-04-04,0.5233294683038889,0.5207306603422751
1989-04-05,0.5206246791006012,0.5251907685519341
1989-04-06,0.5250838795707279,0.525908167404061
1989-04-07,0.5258011324148953,0.5443315129637538
1989-04-10,0.5442207283796691,0.5516926598581924
1989-04-11,0.551580377103273,0.5657622289243746
1989-04-12,0.5656470826730011,0.5799316061989828
1989-04-13,0.5798135761377788,0.5733713442155193
1989-04-14,0.5732546493257651,0.598240122046298
1989-04-17,0.5981183657607895,0.5976277829237884
1989-04-18,0.5975061512640518,0.6180189616400233
1989-04-19,0.6178931798838855,0.6294453833389655
1989-04-20,0.6293172760305762,0.6251857359704946
1989-04-21,0.6250584956030243,0.6364110433318086
1989-04-24,0.6362815183437025,0.6309206167999252
1989-04-25,0.6307922092459659,0.6204059094905661
1989-04-26,0.6202796419330029,0.6202476921386573
1989-04-27,0.620121456782139,0.6418764079029543
1989-04-28,0.6417457705814145,0.6502973353563805
1989-05-01,0.6501649841731161,0.6527569388829833
1989-05-02,0.6526240871111121,0.6524424508149903
1989-05-03,0.6523096630490217,0.6603656147783453
1989-05-04,0.6602312144575211,0.6651078435203233
1989-05-05,0.6649724780416378,0.6781138979145845
1989-05-08,0.677975885390317,0.6738387381852206
1989-05-09,0.6737015957590112,0.6700307756293585
1989-05-10,0.6698944082153209,0.6730301367989757
1989-05-11,0.67289315894264,0.6777279585468893
1989-05-12,0.6775900245705861,0.7138095461285248
1989-05-15,0.7136642686793965,0.7315023630548982
1989-05-16,0.7313534846910372,0.724482612056608
1989-05-17,0.7243351623812874,0.7500126619737634
1989-05-18,0.7498600163178787,0.7532302297569198
1989-05-19,0.7530769292484313,0.7695152199523128
1989-05-22,0.7693586050557673,0.7665965431164433
1989-05-23,0.7664405222409891,0.7473915397634842
1989-05-24,0.7472394275691518,0.7615620679129895
1989-05-25,0.761407071674596,0.7704650200367307
1989-05-26,0.7703082118329729,0.7874692690239826
1989-05-30,0.7873090000456658,0.7778413688061464
1989-05-31,0.7776830593376061,0.7879562923428229
1989-06-01,0.7877959242435211,0.7991470941365988
1989-06-02,0.7989844484393758,0.8232816444364911
1989-06-05,0.823114086776515,0.7731719576358449
1989-06-06,0.7730145985050346,0.7836701706736949
1989-06-07,0.7835106749034704,0.8434863329045033
1989-06-08,0.8433146631033867,0.8375050146673088
1989-06-09,0.8373345622086341,0.8303514124838469
1989-06-12,0.8301824159556553,0.8277938557694686
1989-06-13,0.8276253797657187,0.804115995579034
1989-06-14,0.8039523385905913,0.8051252087923672
1989-06-15,0.8049613464047083,0.764951656992366
1989-06-16,0.7647959708908882,0.7616793953480819
1989-06-19,0.7615243752307271,0.7556798396207746
1989-06-20,0.7555260405576305,0.7420792316922984
1989-06-21,0.7419282006807126,0.7404062332317771
1989-06-22,0.7402555427157059,0.7538984384639019
1989-06-23,0.7537450019588343,0.7753280221074036
1989-06-26,0.7751702241655011,0.7680119502024781
1989-06-27,0.7678556412575633,0.7711500727311347
1989-06-28,0.7709931251026403,0.7398610842703914
1989-06-29,0.7397105047052748,0.6943509163598612
1989-06-30,0.6942095992109442,0.6720605788301591
1989-07-03,0.6719237983022415,0.6804575632638425
1989-07-05,0.6803190737471819,0.689120724928965
1989-07-06,0.6889804722500787,0.7019109884950705
1989-07-07,0.7017681326892372,0.7209884260312894
1989-07-10,0.7208416875070529,0.7181153850843695
1989-07-11,0.7179692312932207,0.7240997278775892
1989-07-12,0.7239523561284286,0.7334259115005006
1989-07-13,0.7332766416481635,0.7394910272906409
1989-07-14,0.7393405230410399,0.7537161587269405
1989-07-17,0.7535627593201932,0.7626489923485618
1989-07-18,0.7624937748948452,0.7371878413331361
1989-07-19,0.7370378058373961,0.7601616423391746
1989-07-20,0.7600069311211428,0.7330077643005016
1989-07-21,0.7328585795511993,0.7303139964541165
1989-07-24,0.7301653599515046,0.701449357201417
1989-07-25,0.7013065953486796,0.7001528599117344
1989-07-26,0.7000103619274477,0.7188476237668147
1989-07-27,0.7187013209474433,0.7479338255034544
1989-07-28,0.7477816029409022,0.7517416676453323
1989-07-31,0.7515886700951155,0.7633893603264916
1989-08-01,0.7632339921900448,0.7476912255396911
1989-08-02,0.7475390523520794,0.7474394852103872
1989-08-03,0.7472873632580007,0.765252193885181
1989-08-04,0.765096446617201,0.771145391911929
1989-08-07,0.7709884452360942,0.8097500172798685
1989-08-08,0.8095852136322007,0.8201897614800474
1989-08-09,0.8200228330927832,0.7988078189736605
1989-08-10,0.7986452423271114,0.7937534293428143
1989-08-11,0.793591881386392,0.7812209194153726
1989-08-14,0.7810619221268187,0.7647079945387567
1989-08-15,0.7645523580284618,0.7757149922257172
1989-08-16,0.7755571155260675,0.7646211572822821
1989-08-17,0.7644655384454621,0.7779719093707549
1989-08-18,0.7778135733340629,0.7838087663469498
1989-08-21,0.7836492423691649,0.7559903919432724
1989-08-22,0.755836529675245,0.7683866911488018
1989-08-23,0.7682303059350711,0.7905982686615813
1989-08-24,0.7904373628564133,0.8219499393770822
1989-08-25,0.8217826527511866,0.8263695025138151
1989-08-28,0.8262013164002869,0.833216866002303
1989-08-29,0.8330472862852482,0.819787279506228
1989-08-30,0.8196204330337474,0.8317310825248828
1989-08-31,0.8315618052005807,0.8382096902663252
1989-09-01,0.8380390943891798,0.854968612976683
1989-09-05,0.8547946062547896,0.8553664068615475
1989-09-06,0.8551923191790096,0.8331010053469255
1989-09-07,0.8329314492103069,0.8274637979150438
1989-09-08,0.8272953890860233,0.843452281112958
1989-09-11,0.8432806182422019,0.8465745394461187
1989-09-12,0.8464022411205292,0.8617753325266678
1989-09-13,0.8615999404732689,0.8647662270243139
1989-09-14,0.8645902262517888,0.838951718922166
1989-09-15,0.8387809720243025,0.833519002225829
1989-09-18,0.8333493610167696,0.8308143422480481
1989-09-19,0.8306452515024905,0.8325551220289522
1989-09-20,0.8323856769927473,0.8363793588728006
1989-09-21,0.8362091355122142,0.8399886327351552
1989-09-22,0.8398176748003358,0.8536214032054494
1989-09-25,0.8534476706732191,0.8532739734997471
1989-09-26,0.8531003116778368,0.8526980150794595
1989-09-27,0.8525244704789713,0.851608349328509
1989-09-28,0.8514350265012677,0.8791668118121992
1989-09-29,0.8789878801735415,0.8804406901460309
1989-10-02,0.8805531063389769,0.9001501089135365
1989-10-03,0.899966906668113,0.907181216372248
1989-10-04,0.9069965831269706,0.9325663517815951
1989-10-05,0.9323765520493492,0.9423627173672752
1989-10-06,0.9421709238384897,0.9744838615886522
1989-10-09,0.9742855306327324,1.0037641368517598
1989-10-10,1.0035598466540183,0.9944552603544432
1989-10-11,0.9942528647374609,0.9814162535435338
1989-10-12,0.9812165116787448,0.9742550185323562
1989-10-13,0.9740567341515146,0.8507646015588779
1989-10-16,0.8505914504546463,0.853598770625657
1989-10-17,0.8534250426997023,0.8452839635051798
1989-10-18,0.8451119278429038,0.8707178157419228
1989-10-19,0.8705406036776296,0.928066463850534
1989-10-20,0.9278775799539526,0.9219178545740163
1989-10-23,0.9217302220676359,0.8941359617879272
1989-10-24,0.8939539835664156,0.8634669611057286
1989-10-25,0.863291224765137,0.8624285070785928
1989-10-26,0.8622529820884277,0.8156308872353892
1989-10-27,0.8154648866889262,0.779879090909664
1989-10-30,0.779720366715556,0.7820735752800614
1989-10-31,0.7819144044554855,0.8196598700893912
1989-11-01,0.8194930495477982,0.8270015025385143
1989-11-02,0.8268331877977467,0.7837885026139977
1989-11-03,0.7836289827603709,0.7792379601641425
1989-11-06,0.7790793664555957,0.7376293470133167
1989-11-07,0.7374792216605283,0.762673136917708
1989-11-08,0.7625179145499895,0.7909505903009338
1989-11-09,0.7907896127898194,0.7936429639688294
1989-11-10,0.7934814384947735,0.8136020535776463
1989-11-13,0.813436465947738,0.8157383748868015
1989-11-14,0.8155723524640104,0.8001935652676635
1989-11-15,0.80003070658834,0.810438891206858
1989-11-16,0.8102739473567406,0.803057425998759
1989-11-17,0.8028939844547429,0.8128347410794886
1989-11-20,0.8126693096161699,0.8211002730913983
1989-11-21,0.8209331593930732,0.8135457466923518
1989-11-22,0.813380170522252,0.8226900051322693
1989-11-24,0.8225778050062269,0.8357074581558039
1989-11-27,0.8355373715432097,0.8221003706870872
1989-11-28,0.8219330534447938,0.8211042668605855
1989-11-29,0.8209371523494321,0.819778585011041
1989-11-30,0.8196117403080997,0.8298967227833601
1989-12-01,0.829727818795483,0.8392075373997795
1989-12-04,0.8390367384366891,0.8545619409554348
1989-12-05,0.8543880170011006,0.8608277005145573
1989-12-06,0.8606525013271157,0.8246965558493744
1989-12-07,0.8245287102208191,0.8310923526918141
1989-12-08,0.8309232053644298,0.8225470174548813
1989-12-11,0.8223796093092043,0.7808042285691504
1989-12-12,0.7806453160872281,0.7543307681289045
1989-12-13,0.7541772436343287,0.7551145917192224
1989-12-14,0.7549609076976517,0.7386450295123614
1989-12-15,0.7384946974437012,0.7156627419855469
1989-12-18,0.7155170873663901,0.6823923867363971
1989-12-19,0.6822535034365207,0.6853664732151575
1989-12-20,0.6852269846169918,0.7050423141780009
1989-12-21,0.70489882107191,0.7344573552639471
1989-12-22,0.734307875487941,0.7483705517950475
1989-12-26,0.7482182403481675,0.7479628733204245
1989-12-27,0.7478106448459414,0.788482706097573
1989-12-28,0.7883222308603827,0.7882152075833987
1989-12-29,0.7880547867886042,0.8119543414736229
1990-01-02,0.8117890891928461,0.8539478006733034
1990-01-03,0.8537740017113207,0.8353231576658547
1990-01-04,0.8351531492676739,0.8196356048868836
1990-01-05,0.8194687892838441,0.8020713706471502
1990-01-08,0.8019081297891671,0.8060573496665214
1990-01-09,0.8058932975657254,0.7802048707217536
1990-01-10,0.7800460802236008,0.7309536945835929
1990-01-11,0.7308049278869916,0.6997779455099319
1990-01-12,0.6996355238297634,0.653190403717714
1990-01-15,0.6530574637253002,0.6418524030250455
1990-01-16,0.641721770589077,0.681463944264647
1990-01-17,0.6813252499251937,0.668551313413163
1990-01-18,0.668415247105349,0.6679460713464762
1990-01-19,0.6678101282200123,0.6994520059665317
1990-01-22,0.6993096506229171,0.6417932091425889
1990-01-23,0.6416625887540023,0.6361657715417053
1990-01-24,0.6360362964723207,0.6291473469482843
1990-01-25,0.6290193002974848,0.6200376266049706
1990-01-26,0.6199114340018522,0.5969198769546477
1990-01-29,0.5967983893708401,0.5861941364203259
1990-01-30,0.5860748317832627,0.5476680686698333
1990-01-31,0.5475566050162343,0.5830569432421836
1990-02-01,0.5829382770995547,0.5923889769597841
1990-02-02,0.5922684115233435,0.6146374788778975
1990-02-05,0.614512385335013,0.6222325375342922
1990-02-06,0.622105898213891,0.6091900192542908
1990-02-07,0.6090660344007516,0.624356166986153
1990-02-08,0.6242290954559679,0.628086416738289
1990-02-09,0.6279585860123611,0.6391933944084637
1990-02-12,0.6390633031448444,0.6240827956437626
1990-02-13,0.6239557797512353,0.6267241042974818
1990-02-14,0.6265965508349743,0.6342712447240674
1990-02-15,0.634142155236558,0.6511116609127198
1990-02-16,0.6509791439945752,0.6361947672140834
1990-02-20,0.6360652862433805,0.6058047971283692
1990-02-21,0.6056815012491339,0.6027670498720142
1990-02-22,0.602644372247571,0.5975769668120964
1990-02-23,0.5974553454946635,0.5763105633486962
1990-02-26,0.5761932702569982,0.6003178508055724
1990-02-27,0.6004156489113699,0.6102833493690657
1990-02-28,0.6101591419964931,0.6289814227404584
1990-03-01,0.6288534098592348,0.6395231593737427
1990-03-02,0.639393000995004,0.6615997873278512
1990-03-05,0.6614651358231632,0.650542752059744
1990-03-06,0.6504103509282646,0.6555644256934477
1990-03-07,0.6554310025303357,0.6477943764195451
1990-03-08,0.6476625346487586,0.6748511829915192
1990-03-09,0.6747138345083867,0.6813202334346804
1990-03-12,0.6811815683438452,0.6782233958488971
1990-03-13,0.6780853610391604,0.658750422427089
1990-03-14,0.6586163508368428,0.6655820399469893
1990-03-15,0.6657757010424773,0.6766944165553725
1990-03-16,0.6822624375654449,0.7192197349520315
1990-03-19,0.7190733563990641,0.7378307752494202
1990-03-20,0.7376806089011303,0.7078884539001306
1990-03-21,0.7077443815359995,0.697078411013372
1990-03-22,0.6969365387535462,0.6647325854175389
1990-03-23,0.6645972963129231,0.6827546791605397
1990-03-26,0.6826157221254218,0.7010466399274605
1990-03-27,0.700903960037396,0.7108165891585264
1990-03-28,0.7106719208482871,0.678763163972693
1990-03-29,0.6786250193071319,0.6678433413067966
1990-03-30,0.6677074190883721,0.6679005406023565
1990-04-02,0.6677646067424965,0.6631642431477688
1990-04-03,0.66302927323861,0.7016154594513648
1990-04-04,0.7014726637928157,0.6884205304084015
1990-04-05,0.6882804202359784,0.6745331784368613
1990-04-06,0.6743958946753212,0.659278094951813
1990-04-09,0.6591439159674883,0.6556593625234993
1990-04-10,0.6555259200384539,0.6656836319662595
1990-04-11,0.6655481493007459,0.6775858133785154
1990-04-12,0.6774479083321805,0.6917100837150181
1990-04-16,0.6915693040392019,0.6998793531198062
1990-04-17,0.6993013691767277,0.6954832155233049
1990-04-18,0.6953416679242138,0.6628740291556565
1990-04-19,0.6627391183120408,0.6413829414662479
1990-04-20,0.6412524045770229,0.6205952483068796
1990-04-23,0.6201120304524523,0.5936746435711009
1990-04-24,0.5935538164705136,0.5858991234767745
1990-04-25,0.5857798788819566,0.5926983192900669
1990-04-26,0.5925776908950053,0.5942298204478548
1990-04-27,0.5941088803553906,0.5756696687458288
1990-04-30,0.5755525060916313,0.5936201160778388
1990-05-01,0.5934993000749109,0.6039758587129778
1990-05-02,0.6038529350667968,0.6165048051012431
1990-05-03,0.6170889935737853,0.6303654671880773
1990-05-04,0.630237172620446,0.6536427281982149
1990-05-07,0.6535096961468659,0.6748064841155538
1990-05-08,0.6746691447297201,0.6758496020119363
1990-05-09,0.6757120503264661,0.678023958565941
1990-05-10,0.6778859643464988,0.6907752363767102
1990-05-11,0.6906346469648621,0.7294838558624376
1990-05-14,0.7296325990326252,0.7586139442345093
1990-05-15,0.7584595480103494,0.76470873744915
1990-05-16,0.7645531007876549,0.7708853617288048
1990-05-17,0.7707798819573548,0.7861323602134114
1990-05-18,0.7859723633282639,0.805267453087168
1990-05-21,0.8051035617493664,0.844100925274248
1990-05-22,0.8439291303887693,0.8506261706908986
1990-05-23,0.8504530477606856,0.8855077307250129
1990-05-24,0.8853275085565074,0.8961174120285889
1990-05-25,0.895424680053312,0.8409478477573842
1990-05-29,0.8407766945991857,0.8801459728561015
1990-05-30,0.8799668419345684,0.8855524488809118
1990-05-31,0.8853722176111837,0.8828882478238259
1990-06-01,0.882708558783234,0.901984759726793
1990-06-04,0.9018011840857044,0.9269220557326828
1990-06-05,0.9267334047507395,0.900318680080296
1990-06-06,0.9001354435265766,0.9023364114830091
1990-06-07,0.9021527642723115,0.8943519140681464
1990-06-08,0.8941698918951402,0.8639857580256803
1990-06-11,0.8638099160974098,0.8881430236422463
1990-06-12,0.887962265128108,0.9233075705699185
1990-06-13,0.9231196552228336,0.9453647513452396
1990-06-14,0.945172346830175,0.9269399602507928
1990-06-15,0.9267513056248485,0.9296838271115979
1990-06-18,0.9294946140426061,0.8821137000720575
1990-06-19,0.8819341686706036,0.882481061564234
1990-06-20,0.8823014553958611,0.8881586338005839
1990-06-21,0.8879778721094022,0.8971141720758538
1990-06-22,0.8969315877167584,0.8695750162696667
1990-06-25,0.8693980367926135,0.8379655574548046
1990-06-26,0.8377950112645712,0.8378943735084204
1990-06-27,0.837723841805836,0.8592390188377045
1990-06-28,0.8624652325985754,0.885990434217448
1990-06-29,0.8866499103628652,0.8973337212875502
1990-07-02,0.897151092244898,0.8965169314448127
1990-07-03,0.8963344686385823,0.8935016048902501
1990-07-05,0.8933197557756585,0.8831803508156083
1990-07-06,0.8830006023250163,0.8958258178528543
1990-07-09,0.8956434957048993,0.9082500576194871
1990-07-10,0.9080652068392513,0.8971927873829302
1990-07-11,0.8970101870237247,0.9206753707053972
1990-07-12,0.9204879910744342,0.9506937759280119
1990-07-13,0.9505002868279878,0.9657108857723364
1990-07-16,0.9655143403284693,0.9823603482903623
1990-07-17,0.9821604142795348,0.9262457309824307
1990-07-18,0.9260572176488769,0.8878526482942403
1990-07-19,0.8876719488784849,0.867145772342383
1990-07-20,0.8669692872750263,0.8232244236841928
1990-07-23,0.8230568776700191,0.7691378718493157
1990-07-24,0.7689813337522052,0.7597443248619193
1990-07-25,0.7595896985780537,0.7823752134518571
1990-07-26,0.7822159812366423,0.7660031466036534
1990-07-27,0.7658472464986935,0.749865416504144
1990-07-30,0.7497128008162618,0.7324650659798743
1990-07-31,0.732315991682762,0.7269178622411985
1990-08-01,0.7267699169337631,0.723986821695161
1990-08-02,0.7236447370810665,0.6833571429449137
1990-08-03,0.6832180632938931,0.6234997997054528
1990-08-06,0.6233729024666521,0.5251683160795733
1990-08-07,0.5250614316679864,0.5343373906313745
1990-08-08,0.5342286400920944,0.5572521375678656
1990-08-09,0.5571387233252203,0.5858470424936177
1990-08-10,0.5857278084985353,0.5612831784509839
1990-08-13,0.5611689437943499,0.5707690187712297
1990-08-14,0.5706528535174329,0.5777585986754555
1990-08-15,0.5776410108736634,0.5789377572131822
1990-08-16,0.5788199294242038,0.5264330408089006
1990-08-17,0.5263258989953449,0.4844776562024976
1990-08-20,0.4843790533210504,0.45663439600784145
1990-08-21,0.45654145990101,0.4220838012183925
1990-08-22,0.42199789699044826,0.40012333846223763
1990-08-23,0.40004190371782467,0.3563702562656442
1990-08-24,0.35629772632813317,0.39621239878979553
1990-08-27,0.39613176001587974,0.45394021553700054
1990-08-28,0.4538478277608386,0.4602832351887341
1990-08-29,0.46018955645517357,0.44592931637126904
1990-08-30,0.4458385590061913,0.4306327406790557
1990-08-31,0.4305450965358577,0.45002923627653557
1990-09-04,0.4499376444789279,0.457723945277895
1990-09-05,0.4576307874215234,0.4509814859865499
1990-09-06,0.4508897003831721,0.4288483936995052
1990-09-07,0.4287611127139295,0.43629700188495835
1990-09-10,0.436208204928067,0.4419187947820376
1990-09-11,0.44182885365477753,0.4301456700492459
1990-09-12,0.43005812503666196,0.4393615418802108
1990-09-13,0.43927212121555925,0.42113047702858586
1990-09-14,0.4210447668250943,0.4196275170148326
1990-09-17,0.4195421126999329,0.4200211647783895
1990-09-18,0.419935680346681,0.4186874270903046
1990-09-19,0.41860221410636556,0.41417477146349907
1990-09-20,0.41409047691375833,0.3824517594281853
1990-09-21,0.382373921276082,0.37743277906011796
1990-09-24,0.3773559623915028,0.342705355045954
1990-09-25,0.34263560624523576,0.36053643576763533
1990-09-26,0.3604630579121692,0.3528796034472977
1990-09-27,0.3528077839417779,0.3216830786353797
1990-09-28,0.3216176083746563,0.337421569217259
1990-10-01,0.3373528957943234,0.3811836973680011
1990-10-02,0.38116798553629866,0.38217361355307217
1990-10-03,0.3820958320103592,0.35465027671842453
1990-10-04,0.35457809683821173,0.3485538417207136
1990-10-05,0.34848290261197834,0.3418304785987985
1990-10-08,0.3417609078565263,0.3485892073634933
1990-10-09,0.34851826105699724,0.3138604226087752
1990-10-10,0.3137965444471196,0.2911772620238808
1990-10-11,0.2911180004321853,0.26905295577481014
1990-10-12,0.26899819701274624,0.27636875196562266
1990-10-15,0.2763125042626855,0.2893580194352145
1990-10-16,0.28929912810323893,0.26945823333092084
1990-10-17,0.269403392085105,0.27804161342021005
1990-10-18,0.2779850252496423,0.30340528746283796
1990-10-19,0.30334353717320717,0.31510718305169627
1990-10-22,0.31504305114423714,0.33633124895898764
1990-10-23,0.3362627974425069,0.3352621575644108
1990-10-24,0.3351939236337995,0.33552031172649427
1990-10-25,0.3354520252552881,0.32901188473959603
1990-10-26,0.32894492289016836,0.31146068217812306
1990-10-29,0.31139729242149117,0.298169099075451
1990-10-30,0.2981084144763762,0.3045043492362065
1990-10-31,0.3044423752610118,0.30205742088482473
1990-11-01,0.3019959449185331,0.3036671328336339
1990-11-02,0.30360532925215833,0.32451156759226124
1990-11-05,0.32444552166585394,0.34416376549746164
1990-11-06,0.3440937198750613,0.342879563354406
1990-11-07,0.3428097790980977,0.324597338125811
1990-11-08,0.32453127474303256,0.32790150295037557
1990-11-09,0.32783476709040793,0.3528669197009984
1990-11-12,0.35279510277692677,0.39006641710447926
1990-11-13,0.38998702918598627,0.39737999148141456
1990-11-14,0.397299115074241,0.4133822157676106
1990-11-15,0.4132980825220587,0.39453022616974
1990-11-16,0.3944499297585014,0.3657145660083267
1990-11-19,0.365640134278537,0.37790124768184463
1990-11-20,0.3778243356685725,0.3551737827358368
1990-11-21,0.35510149630953025,0.3586322225640904
1990-11-23,0.35855923226191255,0.36050387240422344
1990-11-26,0.36043050117618675,0.3652859538085349
1990-11-27,0.3652116093116596,0.38913689121325673
1990-11-28,0.389057692475689,0.3921868353607262
1990-11-29,0.39210701588600505,0.40080175242033494
1990-11-30,0.40072017960232825,0.4098855359177965
1990-12-03,0.4102809828119834,0.4221445899174784
1990-12-04,0.4220586733175686,0.4290025773801771
1990-12-05,0.4289152650145058,0.4513256998178839
1990-12-06,0.4512338441586941,0.4542708192159909
1990-12-07,0.454178364154011,0.4531296952059768
1990-12-10,0.45303747239023995,0.45359297627711664
1990-12-11,0.45350065917251436,0.4337279484858181
1990-12-12,0.43363967439322093,0.4432807694576461
1990-12-13,0.44319055113570893,0.443133954763413
1990-12-14,0.4430437663218051,0.4302347682514393
1990-12-17,0.4301472051052235,0.4229539451120413
1990-12-18,0.4228678637888398,0.4500003921228734
1990-12-19,0.45007815867881035,0.4577790012121763
1990-12-20,0.45768583215059494,0.4651289027790134
1990-12-21,0.4650342378352927,0.47352423862873044
1990-12-24,0.4734278650317934,0.46257892557805935
1990-12-26,0.4624847796161666,0.4579088078374545
1990-12-27,0.4578156123570959,0.44806712847394203
1990-12-28,0.44797593601256913,0.4496391999562548
1990-12-31,0.44954768754044017,0.45696293648554887
1991-01-02,0.45686993351281074,0.45154822724610466
1991-01-03,0.45145632629721916,0.4285165134355154
1991-01-04,0.42842929999557344,0.43115614932332025
1991-01-07,0.4310683986538463,0.40157849893401176
1991-01-08,0.4014967680293659,0.3997868799521919
1991-01-09,0.39970551368519613,0.39709597019080195
1991-01-10,0.3970151515888074,0.4242429543291307
1991-01-11,0.4241566106614817,0.42481661779409036
1991-01-14,0.424730157372098,0.40889450754338347
1991-01-15,0.4088112876546321,0.4186334980666129
1991-01-16,0.4185482960585301,0.4674456674509919
1991-01-17,0.46735053098981444,0.5108114974810903
1991-01-18,0.5107075350281616,0.5269674236461045
1991-01-21,0.52686017307276,0.5482015960448031
1991-01-22,0.5480900238055224,0.5296461701831934
1991-01-23,0.529538374420357,0.558321292124051
1991-01-24,0.5582076602826813,0.588780874064498
1991-01-25,0.5886610429639705,0.598424311381065
1991-01-28,0.598302517608587,0.6081292711837677
1991-01-29,0.6080055022180303,0.6261842643649602
1991-01-30,0.6260568207728919,0.6661334182041246
1991-01-31,0.6659978439962695,0.6933127306401593
1991-02-01,0.6931716247870618,0.711148240985478
1991-02-04,0.7110035051760975,0.7328757815883279
1991-02-05,0.7327266237006889,0.7761476857574733
1991-02-06,0.7759897209942598,0.8287389886850887
1991-02-07,0.8285703203240078,0.7918790283235486
1991-02-08,0.7917178618529165,0.8018018487831745
1991-02-11,0.8016386627793877,0.8489883912277049
1991-02-12,0.8488156016250915,0.8373562186722163
1991-02-13,0.8371857964971134,0.8586197588032558
1991-02-14,0.8584450089851753,0.8094557418466208
1991-02-15,0.8092909980910973,0.8362631283722959
1991-02-19,0.8360929286674181,0.8609716713462073
1991-02-20,0.8528668709542192,0.8293118533941204
1991-02-21,0.8291430684412623,0.8198884264763273
1991-02-22,0.8197215594180002,0.8372870396271017
1991-02-25,0.8371166315316021,0.8511375168479131
1991-02-26,0.850964289846431,0.8279718800765528
1991-02-27,0.827803367840565,0.8467762410941213
1991-02-28,0.8466039017173844,0.850500027224369
1991-03-01,0.8503269299673921,0.8733570568714406
1991-03-04,0.8731793076579583,0.8832767914968588
1991-03-05,0.8830970233782635,0.974928218628466
1991-03-06,0.9747856298877955,0.9853506058061807
1991-03-07,0.9851500632058681,1.0008415901853809
1991-03-08,1.0006378947963346,0.9810880911963126
1991-03-11,0.9808884161204716,0.8947127913686844
1991-03-12,0.8945306957484486,0.8469194267515392
1991-03-13,0.8467470582330695,0.9114311770773663
1991-03-14,0.9112456788626394,0.8975015003460616
1991-03-15,0.8973188371563265,0.8848759586561105
1991-03-18,0.88469586506845,0.8948869511541533
1991-03-19,0.894704820088203,0.8758849293785882
1991-03-20,0.8757066656821159,0.898710329132957
1991-03-21,0.8985274199174249,0.865503735680012
1991-03-22,0.8653275848066977,0.8579680883675056
1991-03-25,0.8577934711800673,0.8933729288360135
1991-03-26,0.8931911059101006,0.9861961348283382
1991-03-27,0.985995420142488,1.0068615178867482
1991-03-28,1.0066565972973032,0.9877578958968094
1991-04-01,0.9875568633549352,0.9838888905307329
1991-04-02,0.9836886454247137,1.0867108357661006
1991-04-03,1.086489663915687,1.1017414960215335
1991-04-04,1.1015172650694414,1.1269345498983527
1991-04-05,1.1267051915525141,1.1039852392858105
1991-04-08,1.1037605516778783,1.106120550458768
1991-04-09,1.10589542826354,1.0729333771005851
1991-04-10,1.0727150092951176,1.0504477895201472
1991-04-11,1.050233998073771,1.1358593100927372
1991-04-12,1.1356281353430664,1.1446342505200615
1991-04-15,1.1444012898584923,1.1329174811922325
1991-04-16,1.132686905175656,1.1781235344528134
1991-04-17,1.1778837579146995,1.1946214308736256
1991-04-18,1.1943782966159056,1.1232651596831378
1991-04-19,1.1230365481466593,1.0770222231833606
1991-04-22,1.076803023199153,1.044987829463086
1991-04-23,1.0447751492501947,1.0540348206467827
1991-04-24,1.0538202991531063,1.0813702048668
1991-04-25,1.081150119963511,1.0505671349843324
1991-04-26,1.0503533192482775,1.0424345782804079
1991-04-29,1.0422224177156787,0.98260017648827
1991-04-30,0.9824001936666231,0.9546269326097684
1991-05-01,0.9544326430175502,0.9603743294299087
1991-05-02,0.9601788701038958,0.9850037751714026
1991-05-03,0.9848033031594845,0.9911983252795933
1991-05-06,0.9909965925274077,0.9932435602467058
1991-05-07,0.9930414112399036,0.9807481632131055
1991-05-08,0.9805485573208033,0.9905138911778851
1991-05-09,0.9903122977245375,1.0354254873248798
1991-05-10,1.0352147532791152,1.0060360763197955
1991-05-13,1.0058313237276069,1.0087708748570552
1991-05-14,1.0085655656674415,0.9757401180614195
1991-05-15,0.9755415314270253,0.8875738216311542
1991-05-16,0.8873931789633459,0.9138748216700928
1991-05-17,0.9136888261147869,0.9110844277590346
1991-05-20,0.9108990001161525,0.8913565780876335
1991-05-21,0.8911751655377024,0.9182336241267117
1991-05-22,0.9180467414500363,0.96461347068355
1991-05-23,0.9644171485901067,0.9803917271397435
1991-05-24,0.980192193790774,1.00563729355333
1991-05-28,1.005432622123047,1.0485409468513764
1991-05-29,1.048327543493448,1.0594457311565113
1991-05-30,1.0592301084121152,1.092371302191638
1991-05-31,1.0921489782998601,1.1127266520625718
1991-06-03,1.1125001853664265,1.135420916832886
1991-06-04,1.135189831306811,1.1373227239714532
1991-06-05,1.1370912513817821,1.0911745719945085
1991-06-06,1.0909524916661733,1.0535020329719507
1991-06-07,1.053287619913409,1.0111278399553059
1991-06-10,1.0109220510664796,0.986112897405389
1991-06-11,0.9859121996603608,0.9954099969742772
1991-06-12,0.9952074070453787,0.9510391717002423
1991-06-13,0.9508456123038528,0.9452758309553315
1991-06-14,0.9450834445377098,0.9771205787202615
1991-06-17,0.976921711128847,0.9742060103377856
1991-06-18,0.9740077359312931,0.9509855020415466
1991-06-19,0.9507919535682263,0.8946208179477484
1991-06-20,0.8944387410463207,0.8972466142394923
1991-06-21,0.897064002925224,0.8939894634544883
1991-06-24,0.8938075150489189,0.7968376200178804
1991-06-25,0.7966754443543108,0.7975612095482045
1991-06-26,0.7973988866167233,0.8111040067819795
1991-06-27,0.8109389275648099,0.8378052563215799
1991-06-28,0.8376347427564912,0.8270289255236231
1991-07-01,0.8268606052016169,0.8747531968461155
1991-07-02,0.8745751634844942,0.8437168437917697
1991-07-03,0.843545127076131,0.8071566394419751
1991-07-05,0.8069923636092111,0.8025122559457447
1991-07-08,0.8023489253569758,0.8686246699818481
1991-07-09,0.8684478839231727,0.8858795667013422
1991-07-10,0.8856992688552524,0.9124795562397692
1991-07-11,0.9122938446546114,0.9174606838927077
1991-07-12,0.9172739585280018,0.9546349352256635
1991-07-15,0.9544406440047201,0.9698776573421147
1991-07-16,0.9696802638597924,0.9216120653150324
1991-07-17,0.9214244950441373,0.9097920900086282
1991-07-18,0.9096069253876302,0.9390016066160857
1991-07-19,0.9388104971543582,0.9459187850949226
1991-07-22,0.945726267820635,0.9180575949211706
1991-07-23,0.9178707480706816,0.8653910459842072
1991-07-24,0.8652149180459624,0.850375051652455
1991-07-25,0.8502019798310195,0.8831164521734952
1991-07-26,0.8829367166878171,0.9133825046840512
1991-07-29,0.9131966093271193,0.9172100195773677
1991-07-30,0.9170233452288922,0.9655944799977573
1991-07-31,0.9653979582452712,0.9957425897715724
1991-08-01,0.9955399321520224,1.0182179418299127
1991-08-02,1.0180107099344469,1.0315013513344866
1991-08-05,1.031291415944988,0.9939060916145261
1991-08-06,0.9937038077666202,1.0217615126892143
1991-08-07,1.0215535595916605,1.041424434336574
1991-08-08,1.0412124793604869,1.0660764289214337
1991-08-09,1.0658594566702084,1.0587026161956261
1991-08-12,1.0584871446930375,1.0821885821368904
1991-08-13,1.0819683306741,1.1074605702271791
1991-08-14,1.107235175305627,1.133527552556938
1991-08-15,1.1332968523761329,1.0982581920770709
1991-08-16,1.098034670061297,1.0709264162840697
1991-08-19,1.0707084569435066,0.9837258304383586
1991-08-20,0.9835256185189988,1.0076281153662139
1991-08-21,1.0074230387557028,1.1379955091850391
1991-08-22,1.1377638996673596,1.1195150903179416
1991-08-23,1.119287242010975,1.1452563346053417
1991-08-26,1.1450232473346658,1.1438920562061141
1991-08-27,1.1436592465989786,1.1443238003716023
1991-08-28,1.1440909028941217,1.1809605428257879
1991-08-29,1.1807201888880836,1.1647776353129842
1991-08-30,1.16454057498705,1.1499581827247356
1991-09-03,1.1497241385146286,1.1125866526912744
1991-09-04,1.1123602144883757,1.0826163417743886
1991-09-05,1.0823960032522006,1.069731309829377
1991-09-06,1.0695135937217857,1.060495660894426
1991-09-09,1.0602798244640197,1.0756861787767529
1991-09-10,1.0754672507097875,1.018424674989007
1991-09-11,1.01821740101836,1.0541506211085876
1991-09-12,1.0539360760467258,1.120370927780001
1991-09-13,1.1201429052894805,1.0486581540996895
1991-09-16,1.0484447268872608,1.0378781928110077
1991-09-17,1.0376669595805539,1.032035847378748
1991-09-18,1.0318258032064205,1.0643972889395756
1991-09-19,1.0641806584338127,1.0920800033842681
1991-09-20,1.0918577387788195,1.1277406513218973
1991-09-23,1.1275111289149877,1.1063939390355668
1991-09-24,1.1061687611991735,1.134834269753764
1991-09-25,1.1346033036245107,1.1538584722514023
1991-09-26,1.1536236342383595,1.1405151356717826
1991-09-27,1.140283013349377,1.1165849933454854
1991-09-30,1.116357741383883,1.1348119927454252
1991-10-01,1.1345810311500804,1.1442344658127814
1991-10-02,1.144001586517037,1.1043751714866306
1991-10-03,1.104150404518096,1.0498918726680033
1991-10-04,1.049678194364107,1.0506438442507018
1991-10-07,1.050430012902462,1.0320169473930172
1991-10-08,1.0318069070672922,1.0441386928387861
1991-10-09,1.0439261854456663,1.0044024020748992
1991-10-10,1.0041979819747993,1.032375029511612
1991-10-11,1.0321649163075444,1.058414084795973
1991-10-14,1.0581986720164793,1.1218700297486432
1991-10-15,1.1216417021547362,1.1934188088594975
1991-10-16,1.1931759193643467,1.2459590675336483
1991-10-17,1.2457054848293663,1.1802904627401467
1991-10-18,1.1800502451798922,1.1876173640817413
1991-10-21,1.1873756553204478,1.1597900427181558
1991-10-22,1.1595539974875415,1.1584212253326578
1991-10-23,1.1581854586893772,1.1407433174110713
1991-10-24,1.1405111486481814,1.0965851976620808
1991-10-25,1.0963620161409982,1.064934975695819
1991-10-28,1.0647182357578402,1.1032797739267923
1991-10-29,1.103055229898066,1.145701011559696
1991-10-30,1.1454678337865407,1.2001419349945741
1991-10-31,1.199897677181193,1.1725996320505272
1991-11-01,1.1723609797597068,1.142062352446184
1991-11-04,1.1418299152278688,1.1053351214568097
1991-11-05,1.1051101591153165,1.1293224553179784
1991-11-06,1.1290926109758261,1.1333159605162038
1991-11-07,1.1330853033994794,1.1733151216686948
1991-11-08,1.17307632375849,1.204980620249924
1991-11-11,1.204735377647456,1.2325553243531162
1991-11-12,1.2323044696336707,1.2831918926673642
1991-11-13,1.2829307321856644,1.2936946367105575
1991-11-14,1.2934313386672747,1.27029644702144
1991-11-15,1.2700379110737758,1.0606338858703157
1991-11-18,1.0604180213077947,1.1057094684995492
1991-11-19,1.1054844299694093,1.056993581637637
1991-11-20,1.0567784579647774,1.0656485575317114
1991-11-21,1.0654316723626278,1.1033746852780584
1991-11-22,1.1031501219325843,1.0766667462997128
1991-11-25,1.0764476186636198,1.038952221663225
1991-11-26,1.0387407698420101,1.050806297838576
1991-11-27,1.050592433427115,1.062525164936836
1991-11-29,1.0623089154534353,1.0572323179251557
1991-12-02,1.057017145663707,1.1585730026320329
1991-12-03,1.158337205098413,1.158278967476549
1991-12-04,1.1580432297861711,1.1715763902038794
1991-12-05,1.17133794616744,1.1618713326662096
1991-12-06,1.161634863842921,1.1827697846350782
1991-12-09,1.1825290624730536,1.177855694848537
1991-12-10,1.1776159728222388,1.1840058178128103
1991-12-11,1.1837648440882393,1.165726809750478
1991-12-12,1.165489556244666,1.2024300187703085
1991-12-13,1.2021852952767245,1.2425478010803919
1991-12-16,1.242294912651062,1.2629442247851346
1991-12-17,1.262687185191922,1.2107387039829212
1991-12-18,1.2104922894716141,1.219054436694573
1991-12-19,1.218806329731207,1.1565624778100918
1991-12-20,1.1563270894667372,1.171285500081266
1991-12-23,1.1710471152479787,1.2595815203006853
1991-12-24,1.2593251650988937,1.3062784879509868
1991-12-26,1.3060126287906406,1.3898911660624733
1991-12-27,1.3896082897066349,1.4304582124432574
1991-12-30,1.4301670797156054,1.564777297388067
1991-12-31,1.564458827488846,1.6233224270527875
1992-01-02,1.6229920418084403,1.6595994416221516
1992-01-03,1.6592616731308762,1.6807249294419224
1992-01-06,1.6803828614046428,1.7112065772184002
1992-01-07,1.7108583054310331,1.752406189299825
1992-01-08,1.7520495323982763,1.82357657270147
1992-01-09,1.8232054309113257,1.9186308697834933
1992-01-10,1.918240382152594,1.865118811228657
1992-01-13,1.8647392145915902,1.8829747899779077
1992-01-14,1.8825915592187443,1.952346149380809
1992-01-15,1.9519487998777996,2.001458922851858
1992-01-16,2.001051577715576,1.9385186799329424
1992-01-17,1.9381241446532789,1.9016289572087302
1992-01-20,1.9012419298768737,1.7716879569730075
1992-01-21,1.6041674418256209,1.5599404407999256
1992-01-22,1.6149037355637088,1.8248338866830545
1992-01-23,1.8244624889992072,1.8202191607373914
1992-01-24,1.8198487022615126,1.8096970335627212
1992-01-27,1.80932871659336,1.7307908153660778
1992-01-28,1.7304385577141665,1.735651396024198
1992-01-29,1.7352981491269577,1.680647810999833
1992-01-30,1.6803057586580152,1.6963289525777578
1992-01-31,1.7382433840659157,1.6938724113233843
1992-02-03,1.6935276674566195,1.7392111012677147
1992-02-04,1.73885712988465,1.8230827060029111
1992-02-05,1.8227116647265447,1.8845221128463188
1992-02-06,1.8841385671696531,1.8549182406085327
1992-02-07,1.8545407200334734,1.8180625359641083
1992-02-10,1.8176925164133566,1.7926361579819863
1992-02-11,1.792271313312061,1.7789800332408736
1992-02-12,1.7786179679215162,1.9575096716972638
1992-02-13,1.9571112712929954,1.8550293435395653
1992-02-14,1.8546518003523813,1.804728389463721
1992-02-18,1.8043610837332038,1.6767448456296885
1992-02-19,1.676403587635405,1.668857309867878
1992-02-20,1.6685176571772524,1.7758967258634641
1992-02-21,1.7755352880714814,1.7297492460167245
1992-02-24,1.729397200349283,1.6771463669257471
1992-02-25,1.6768050272122013,1.667039885075668
1992-02-26,1.666700602274797,1.806464311538359
1992-02-27,1.806096652505855,1.7991864467534249
1992-02-28,1.7988202689418387,1.7749972205095659
1992-03-02,1.7746359657886055,1.7858960879379666
1992-03-03,1.7855326150347657,1.770797441493718
1992-03-04,1.7704370415290236,1.707162304120478
1992-03-05,1.706814855440174,1.6451618938475367
1992-03-06,1.6448270637452531,1.5784108799515986
1992-03-09,1.5780896352896863,1.5822468531968619
1992-03-10,1.5819248278219276,1.681340873134914
1992-03-11,1.6809986797382452,1.6024896167691478
1992-03-12,1.6021634715038715,1.5987526592879069
1992-03-13,1.598427274583558,1.6215894953010053
1992-03-16,1.621259462750042,1.6470212271976603
1992-03-17,1.6466860186762202,1.7141852337684975
1992-03-18,1.7138363557527214,1.7090643183843235
1992-03-19,1.7087164825982686,1.7072464300206465
1992-03-20,1.706898964218694,1.6813629482910206
1992-03-23,1.6810207504015255,1.6536041602233438
1992-03-24,1.6532676119163505,1.6222097726147258
1992-03-25,1.6218796138223774,1.6319469755345202
1992-03-26,1.6316148349866608,1.5680778623114873
1992-03-27,1.567758720667744,1.4393780563035112
1992-03-30,1.4390851081726195,1.4138917004295597
1992-03-31,1.4136039393864408,1.4225251420280458
1992-04-01,1.4222356238714513,1.4333709909068837
1992-04-02,1.4330792653586013,1.3498330107370455
1992-04-03,1.3495582871814238,1.3329698967768053
1992-04-06,1.3326986052713625,1.4356066078181757
1992-04-07,1.435314427267962,1.2811864735331766
1992-04-08,1.2809257212026115,1.2548179473708998
1992-04-09,1.254562561671026,1.359462826191275
1992-04-10,1.35918614273608,1.2753253008399688
1992-04-13,1.2750657413993312,1.3257095683969724
1992-04-14,1.3254397545433663,1.3677979681305663
1992-04-15,1.367519588273067,1.4378892306701607
1992-04-16,1.4375965855511736,1.3469000619177673
1992-04-20,1.3466259352879295,1.2025927064543802
1992-04-21,1.2023479498499308,1.175742386668
1992-04-22,1.1755030947508582,1.2204378850130018
1992-04-23,1.2201894964845548,1.1960527446044957
1992-04-24,1.1958093190399295,1.152344777289467
1992-04-27,1.1521102473498368,1.1044928282928717
1992-04-28,1.1042680373783411,1.0484890763529993
1992-04-29,1.0482756835519675,1.1371902936808027
1992-04-30,1.1369588480438881,1.1917222867097632
1992-05-01,1.191479742497765,1.1867674074899832
1992-05-04,1.1865258717153444,1.2237931142075635
1992-05-05,1.2235440428090971,1.2711986848537014
1992-05-06,1.2709399652788897,1.2747394312423928
1992-05-07,1.2744799910403408,1.245341958465529
1992-05-08,1.245088501357818,1.2273965935980788
1992-05-11,1.227146788804694,1.234407156856633
1992-05-12,1.2341559252446344,1.2118254374149864
1992-05-13,1.21157880172723,1.1962088744347388
1992-05-14,1.1959654170939886,1.1468570520255168
1992-05-15,1.1466236389702602,1.1291087614211037
1992-05-18,1.1288789605708105,1.1460844655104319
1992-05-19,1.1458512096951545,1.166328438135236
1992-05-20,1.1660910621835452,1.2017028326797292
1992-05-21,1.2014582571860435,1.1824671935511315
1992-05-22,1.1822265329736865,1.187053621805251
1992-05-26,1.1868120277790997,1.157879452285433
1992-05-27,1.1576437959060268,1.1821587432218417
1992-05-28,1.181918145421474,1.2266217374525186
1992-05-29,1.2263720903610373,1.2652156378423565
1992-06-01,1.264958135961834,1.3090531257370785
1992-06-02,1.30878670187106,1.2870406193952104
1992-06-03,1.2867786756048474,1.2877946318723124
1992-06-04,1.2875325346222346,1.2701691326104727
1992-06-05,1.2699106225743602,1.2372145178362486
1992-06-08,1.2369627148586186,1.200993652264653
1992-06-09,1.2007492211062765,1.1380928211781107
1992-06-10,1.137861191855095,1.112379417440606
1992-06-11,1.1121530214150763,1.111651089474546
1992-06-12,1.1114248416813137,1.1281135259829054
1992-06-15,1.1278839276870143,1.124928460480691
1992-06-16,1.124699510422406,1.0727262072527528
1992-06-17,1.0725078816113431,1.0098651688921794
1992-06-18,1.0096596369873514,0.99432993728671
1992-06-19,0.9941275671759929,1.0442896173021554
1992-06-22,1.0440770791922693,1.026771968241807
1992-06-23,1.0265629953957705,1.0493023062889746
1992-06-24,1.049088747976048,1.0260731865413608
1992-06-25,1.0258643559142444,0.9836016582782832
1992-06-26,0.9834014716309512,0.9707928920367931
1992-06-29,0.9705953122821486,1.0784742420539404
1992-06-30,1.0782547465488914,1.0827132806698683
1992-07-01,1.0824929224182784,1.1340199710712562
1992-07-02,1.1337891706714138,1.076263232320944
1992-07-06,1.0760441868096724,1.0921870718842508
1992-07-07,1.0919647854877814,1.0252824110603354
1992-07-08,1.025073741375091,1.03830699468264
1992-07-09,1.0380956741806688,1.0863424025994466
1992-07-10,1.0861213057340635,1.092854848367905
1992-07-13,1.0926324260628244,1.1156278206889618
1992-07-14,1.1154007635350678,1.1619686216136076
1992-07-15,1.1617321329896733,1.1631300651013565
1992-07-16,1.1628933400956756,1.1839681134253832
1992-07-17,1.1837271473745639,1.1180025922325676
1992-07-20,1.1177750517554204,1.061629526293878
1992-07-21,1.061466513709251,1.1105346794825273
1992-07-22,1.1103086589056397,1.067177032313027
1992-07-23,1.0669598360624812,1.0808247856515762
1992-07-24,1.080604811754245,1.090351539033462
1992-07-27,1.0901296262121736,1.0728243322196305
1992-07-28,1.072605986607425,1.1247849918226773
1992-07-29,1.1245560709637226,1.1611703090313366
1992-07-30,1.160933982883256,1.1700193176702813
1992-07-31,1.1697811905356361,1.1690915585472779
1992-08-03,1.1688536202339779,1.1895382577297136
1992-08-04,1.189296158020259,1.1699456514984774
1992-08-05,1.1697075393566738,1.1188192056193929
1992-08-06,1.1185914989417367,1.0961989477507057
1992-08-07,1.0959758448407906,1.0823122378270558
1992-08-10,1.0820919611973516,1.0916647503469523
1992-08-11,1.0914425702555066,1.072708627027138
1992-08-12,1.072490304963728,1.055732931981569
1992-08-13,1.0555180648813025,1.0586702584412218
1992-08-14,1.0584547935242161,1.0683050178378695
1992-08-17,1.0680875920150792,1.048309384190979
1992-08-18,1.0480960279616338,1.0484583524526876
1992-08-19,1.0482449659047102,1.0257890398964793
1992-08-20,1.0255802671000545,1.036819627543799
1992-08-21,1.036608609756894,0.9976061031754697
1992-08-24,0.9974030662860217,0.9468559302196138
1992-08-25,0.9466632222137032,0.9598540115410088
1992-08-26,0.9596586581122285,1.000072644145648
1992-08-27,0.9998691052556563,1.032628376487944
1992-08-28,1.0324182117216596,1.0288468692897679
1992-08-31,1.028637474151352,1.029717636531908
1992-09-01,1.0295080641713685,1.0572671032581646
1992-09-02,1.0570519239170622,1.1050914646072914
1992-09-03,1.1048665518558405,1.121995162347951
1992-09-04,1.1217668092865436,1.1021547529525382
1992-09-08,1.101930437892699,1.0949628481151839
1992-09-09,1.0947399967813412,1.139843458475807
1992-09-10,1.1396114728559017,1.1925938907946705
1992-09-11,1.1923511691902309,1.1963693964182873
1992-09-14,1.196125906407444,1.3033550830019665
1992-09-15,1.3030898188249966,1.2456842820985818
1992-09-16,1.2454307553197597,1.2283578924831313
1992-09-17,1.2281078920422512,1.2369977772508787
1992-09-18,1.2367460183851824,1.244339561870168
1992-09-21,1.244086308774327,1.2361915048560022
1992-09-22,1.2359399100861737,1.1778506421022783
1992-09-23,1.1776109211043357,1.1946828159909115
1992-09-24,1.1944396692398405,1.213712152361616
1992-09-25,1.2134651326818884,1.129412342925718
1992-09-28,1.1291824802892707,1.103236776666875
1992-09-29,1.1030122413891275,1.1326676303290049
1992-09-30,1.132437105163102,1.1599297777123083
1992-10-01,1.1596937040422544,1.113356602399113
1992-10-02,1.1131300074928892,1.0627103421220359
1992-10-05,1.0624940549506143,1.0548950814474964
1992-10-06,1.0546803848700104,1.0990061496347792
1992-10-07,1.0987824753916127,1.0709431422520521
1992-10-08,1.0707251795073511,1.101747568667964
1992-10-09,1.101523336479942,1.0721490468585018
1992-10-12,1.071930838683145,1.0977543134280665
1992-10-13,1.0975308939637438,1.1189478044408698
1992-10-14,1.1187200715902537,1.1125943669870657
1992-10-15,1.112367927214122,1.1396288988137582
1992-10-16,1.139396956861916,1.18570681727141
1992-10-19,1.1854654973524463,1.2571647899124772
1992-10-20,1.2569089265735753,1.2636038317655496
1992-10-21,1.2633466579264165,1.2946165839531065
1992-10-22,1.294353098271336,1.2943873102176984
1992-10-23,1.2941238711986598,1.2860623022659727
1992-10-26,1.285800557586728,1.306044480800556
1992-10-27,1.3057786692663058,1.2666589360889056
1992-10-28,1.266401140462399,1.2983971900102784
1992-10-29,1.2981329348840431,1.3505014867117875
1992-10-30,1.3502266271051913,1.3262783335491348
1992-11-02,1.3260084039381101,1.3399389244620872
1992-11-03,1.339666214591521,1.286286393011953
1992-11-04,1.2860246027248396,1.3070083809382977
1992-11-05,1.3067423732271346,1.4108927766484596
1992-11-06,1.4106056259586197,1.431132382474137
1992-11-09,1.430841112536633,1.4615240927262727
1992-11-10,1.4612266373431353,1.509903813182191
1992-11-11,1.5095965113597398,1.5548545860653475
1992-11-12,1.5545381356770693,1.5400772894767207
1992-11-13,1.5397638466245074,1.5619608892919377
1992-11-16,1.5616429925996542,1.5094334055088152
1992-11-17,1.5091261994256648,1.4247428147221792
1992-11-18,1.4244528452157341,1.5009803715913186
1992-11-19,1.5006748859043322,1.5323391505789374
1992-11-20,1.5320272826245187,1.5588871456052251
1992-11-23,1.558569874493875,1.4863353015309377
1992-11-24,1.4860327964687303,1.5705594034444528
1992-11-25,1.5702397567472708,1.5656801921213213
1992-11-27,1.5653615384612578,1.560409434503422
1992-11-30,1.5600918535695862,1.581814621325671
1992-12-01,1.5814926839203414,1.6042878678691233
1992-12-02,1.603961356616401,1.5886262588415376
1992-12-03,1.588302935103778,1.6316210909711497
1992-12-04,1.6312890167486545,1.680752066168055
1992-12-07,1.6804099926077973,1.7283844310813519
1992-12-08,1.7280326631866487,1.7096289375321982
1992-12-09,1.7092809868325365,1.6696821989039472
1992-12-10,1.6693423783285186,1.623375089625464
1992-12-11,1.6230446936630138,1.5724512211840134
1992-12-14,1.5721311894563188,1.5517842045856407
1992-12-15,1.5514683790940056,1.518383204431358
1992-12-16,1.5180741768483907,1.5440841913019008
1992-12-17,1.543769932948579,1.6482390562265807
1992-12-18,1.6479035998475773,1.6621146842265317
1992-12-21,1.6617764038227563,1.6814968308514162
1992-12-22,1.6811546057135929,1.6289514228495545
1992-12-23,1.6286198919688748,1.6400343357269713
1992-12-24,1.6397005492063657,1.6540622831109684
1992-12-28,1.6537256415649242,1.6742711457993058
1992-12-29,1.6739303912625667,1.6840090170061661
1992-12-30,1.6836662805779037,1.685078359074441
1992-12-31,1.6847354050092909,1.6879030200346195
1993-01-04,1.687559491082875,1.6335932246946276
1993-01-05,1.6332607490953812,1.6860686470130302
1993-01-06,1.6857254914004136,1.7799322555645214
1993-01-07,1.7795699964449676,1.736218421514602
1993-01-08,1.7358650592140061,1.757328316340702
1993-01-11,1.7569706576676518,1.8325316230925004
1993-01-12,1.8321586587337386,1.788798898211984
1993-01-13,1.7884348345169196,1.9039360376135654
1993-01-14,1.903548540735234,1.9865757514002216
1993-01-15,1.9861714353480913,1.952875980634562
1993-01-18,1.9524785232981205,1.944667657120267
1993-01-19,1.9442718703755237,1.901757002580985
1993-01-20,1.9013699491888085,1.8965840953370396
1993-01-21,1.8961980947561812,1.950467753702736
1993-01-22,1.950070786498526,1.92623250555957
1993-01-25,1.9258404708125516,1.9749170373067466
1993-01-26,1.9745150940839695,1.9479975462690386
1993-01-27,1.9476010818115863,1.8430158359860747
1993-01-28,1.8426407378372653,1.813410664053708
1993-01-29,1.8130415912710243,1.811131666232222
1993-02-01,1.8107630572805307,1.8824469517660898
1993-02-02,1.882063828434726,1.9112293426661884
1993-02-03,1.9108403614244724,1.8967064282190296
1993-02-04,1.8963204027404807,1.8613353623783389
1993-02-05,1.8609565357643136,1.7823345920538058
1993-02-08,1.7819718440008676,1.7341624469075294
1993-02-09,1.7338095030473257,1.6939900041142886
1993-02-10,1.6936452363145562,1.7541958287902075
1993-02-11,1.753838807653883,1.7395154823003447
1993-02-12,1.7391614489684029,1.6656707042865033
1993-02-16,1.6653317001469272,1.4671947405084733
1993-02-17,1.4668961310118203,1.4541650452013752
1993-02-18,1.4538690875618,1.483456650612399
1993-02-19,1.483154731425044,1.4781899272493098
1993-02-22,1.4778890799671143,1.381183417233609
1993-02-23,1.3809023131145588,1.3914540658799526
1993-02-24,1.3911708714363273,1.499555245461565
1993-02-25,1.499250049822099,1.5187280613543583
1993-02-26,1.5184189635846943,1.5113094737270625
1993-03-01,1.5110018858188068,1.4842944714343096
1993-03-02,1.4839923817302214,1.5744271838870179
1993-03-03,1.5741067500032824,1.6235005986858397
1993-03-04,1.6231701771792704,1.5629112294626208
1993-03-05,1.5625931393532047,1.562736648726293
1993-03-08,1.562418594148265,1.6131830112663084
1993-03-09,1.612854689637486,1.611987863979279
1993-03-10,1.6116597855917387,1.636354418615166
1993-03-11,1.6360213810463975,1.6421414107029395
1993-03-12,1.641807195341785,1.6539319005346063
1993-03-15,1.6535952855245593,1.676034834376703
1993-03-16,1.6756937208868246,1.665624342528758
1993-03-17,1.6652853478249172,1.5556480822894077
1993-03-18,1.5553314704055206,1.5529814257773262
1993-03-19,1.5526653566223194,1.5006592572470234
1993-03-22,1.5002897448901367,1.4726504138489176
1993-03-23,1.4723506939912299,1.4558702153785867
1993-03-24,1.455573910695777,1.4599185834154094
1993-03-25,1.4596214547921176,1.5330791737396523
1993-03-26,1.532767155172682,1.5100069121265212
1993-03-29,1.5096995893209497,1.4934668560865951
1993-03-30,1.4931628995811284,1.5733586625044285
1993-03-31,1.5730384460905513,1.5951452031959492
1993-04-01,1.5948205526958732,1.5268061019582047
1993-04-02,1.5264953601125553,1.3561672255733677
1993-04-05,1.3558912128523395,1.3976415329248002
1993-04-06,1.3973570791824814,1.3466032363362428
1993-04-07,1.346329170117566,1.40096708960629
1993-04-08,1.4006819590330235,1.3562686178457166
1993-04-12,1.3559925844889171,1.444386604927786
1993-04-13,1.4440926374365173,1.4048831458361668
1993-04-14,1.4045972182510604,1.4118648524520052
1993-04-15,1.4115775039213072,1.3795746193475755
1993-04-16,1.3792938426576755,1.339968048939568
1993-04-19,1.3396953331414685,1.3017270631752118
1993-04-20,1.3014621303395204,1.3197673816689974
1993-04-21,1.3194987771936277,1.332481368852996
1993-04-22,1.3322101767747618,1.3117911641845414
1993-04-23,1.311524183061698,1.2552283390897332
1993-04-26,1.2549728698652522,1.1827274063333608
1993-04-27,1.1824866927963422,1.2615892018418604
1993-04-28,1.2613324380284798,1.3182993272549497
1993-04-29,1.318031021564041,1.3098467535971643
1993-04-30,1.3095801682087456,1.3204978369606883
1993-05-03,1.3202290838200592,1.378506411456882
1993-05-04,1.378225852173037,1.477545779820374
1993-05-05,1.4772450636377075,1.5028489150567061
1993-05-06,1.5025430490760832,1.456189838578106
1993-05-07,1.4558934688442706,1.474410971363167
1993-05-10,1.4741108931895865,1.4940300643475808
1993-05-11,1.4937259932156568,1.4701854974934099
1993-05-12,1.4698862793056178,1.4440412758932726
1993-05-13,1.4437473786847865,1.4033448756745814
1993-05-14,1.4030592611645332,1.4280740020696523
1993-05-17,1.427783354586283,1.4626366339372583
1993-05-18,1.4623389521251664,1.503464493253715
1993-05-19,1.5031585019880902,1.6127392161646024
1993-05-20,1.6124109848587809,1.6887516391905881
1993-05-21,1.6884079375243894,1.636312441760042
1993-05-24,1.6359794127345757,1.6412679915890789
1993-05-25,1.6409339539897678,1.628933053580204
1993-05-26,1.6286015264381135,1.7366671015428985
1993-05-27,1.7363136479251013,1.7134879780383667
1993-05-28,1.7131392419309392,1.6490869818621927
1993-06-01,1.6487513529098832,1.707807034630013
1993-06-02,1.707459454731509,1.7092432166021287
1993-06-03,1.708895344405974,1.6999499906757825
1993-06-04,1.6996040098751186,1.6521839528780005
1993-06-07,1.6518476936174362,1.5941086828221753
1993-06-08,1.5937842432789808,1.5460207271188502
1993-06-09,1.5457060746338092,1.5390929257100514
1993-06-10,1.5387796831995928,1.529496362355445
1993-06-11,1.5291850729769556,1.5738501915413678
1993-06-14,1.5735298750894833,1.6261262103271532
1993-06-15,1.625795254445324,1.6232062056551173
1993-06-16,1.622875844064626,1.5965425026302318
1993-06-17,1.5962175677460388,1.5827079828707213
1993-06-18,1.5823858636447827,1.5031638083908365
1993-06-21,1.5028578783218294,1.5013554522166637
1993-06-22,1.5010498901917286,1.4797933460797037
1993-06-23,1.4794921724631256,1.463428180808485
1993-06-24,1.4631303378975244,1.4985726331247373
1993-06-25,1.498267637470568,1.5532330307423887
1993-06-28,1.5529169103797065,1.632663664065772
1993-06-29,1.6323313776545205,1.5989047997745682
1993-06-30,1.5985793841059628,1.6004163961079332
1993-07-01,1.6000906727930366,1.5683642680843648
1993-07-02,1.5680450681501428,1.573998268696206
1993-07-06,1.573677922107051,1.529027080576033
1993-07-07,1.528715886707698,1.491160563455332
1993-07-08,1.4908570763360094,1.5259855542279348
1993-07-09,1.525674979383528,1.547697344478059
1993-07-12,1.5473823507609703,1.5523184759900739
1993-07-13,1.5520025417613292,1.5402672297311764
1993-07-14,1.5399537482215426,1.5621025098396804
1993-07-15,1.5617845843242018,1.519281356615285
1993-07-16,1.518972146236698,1.3998936860609064
1993-07-19,1.3996087739511358,1.3752840367987784
1993-07-20,1.3750041333458523,1.4539016020141853
1993-07-21,1.453605697991649,1.4150043868984852
1993-07-22,1.4147163993968483,1.3628561808791007
1993-07-23,1.3625788067944296,1.4192725818407992
1993-07-26,1.4189837256586062,1.457262604965925
1993-07-27,1.4569660168982705,1.4028313748407353
1993-07-28,1.4025458648404847,1.4595748726114675
1993-07-29,1.4592778139416096,1.4653607526968335
1993-07-30,1.4650625164609088,1.4098445271662576
1993-08-02,1.4095575898204555,1.43785225375775
1993-08-03,1.437559616164456,1.4491642166015453
1993-08-04,1.448869276751136,1.4959777057430304
1993-08-05,1.4956732382191342,1.523964616716543
1993-08-06,1.523654453181635,1.5326144917803637
1993-08-09,1.5323025677873734,1.5212312050496466
1993-08-10,1.520921597829902,1.4746434306093779
1993-08-11,1.4743433051247374,1.4874857439163383
1993-08-12,1.4871830047113739,1.4827877274960795
1993-08-13,1.482485944450703,1.4951772987443266
1993-08-16,1.4948729941225485,1.6207885260555608
1993-08-17,1.6204586565211465,1.6668274140206703
1993-08-18,1.6664881744627806,1.688262825849009
1993-08-19,1.6879192236681084,1.6127947670859364
1993-08-20,1.6124665244741634,1.6200422341164216
1993-08-23,1.6197125164704065,1.6144040431096345
1993-08-24,1.6140754729713986,1.620412690307845
1993-08-25,1.6200828972650652,1.5798622750394944
1993-08-26,1.5794766607442141,1.536915644769113
1993-08-27,1.5366028453878096,1.5594230446819421
1993-08-30,1.559105664502212,1.5945860021478129
1993-08-31,1.5942614654586298,1.637257339688616
1993-09-01,1.6369241183536443,1.6564898359880746
1993-09-02,1.6561527003765035,1.6611935985454604
1993-09-03,1.660855505604824,1.6490773142253643
1993-09-07,1.648741687240652,1.5554258309557147
1993-09-08,1.5551092643053315,1.5314458743176191
1993-09-09,1.5311341881664522,1.5743208842664747
1993-09-10,1.5740004720172744,1.603617614599139
1993-09-13,1.6032912397591137,1.5634486156293013
1993-09-14,1.5631304161488464,1.5195019848277571
1993-09-15,1.5191927295460108,1.557990146447658
1993-09-16,1.5576730578972589,1.5372551681290625
1993-09-17,1.5369422996465711,1.5422396326309176
1993-09-20,1.5419257496897487,1.557654877025029
1993-09-21,1.5573378567100389,1.5340076517710741
1993-09-22,1.5336954442364434,1.6385184122070324
1993-09-23,1.6381849342134047,1.6781272526160338
1993-09-24,1.6777857132686056,1.6904593837949646
1993-09-27,1.6901153345615736,1.749656753262289
1993-09-28,1.7493006559372495,1.7971696004378246
1993-09-29,1.79680383310308,1.8085872421221274
1993-09-30,1.8082191510220762,1.749312420118795
1993-10-01,1.7489563928738503,1.7499028667411842
1993-10-04,1.7495467193261192,1.769551434280216
1993-10-05,1.769191287908025,1.7271211322885316
1993-10-06,1.7267696215055848,1.714801729644959
1993-10-07,1.7144527261574112,1.6813170387447942
1993-10-08,1.6809748501989985,1.7249257686643495
1993-10-11,1.72457470469082,1.7152687095049877
1993-10-12,1.7149196109757818,1.7403853192627161
1993-10-13,1.7400311088979847,1.7906407858826223
1993-10-14,1.790276347319018,1.868951980224868
1993-10-15,1.8685716034455113,1.8748415790372175
1993-10-18,1.8744600035825327,1.8368232582515174
1993-10-19,1.8364494204415502,1.7354561073368686
1993-10-20,1.7351029001855836,1.7510700819829375
1993-10-21,1.7507136970114348,1.7972114458588737
1993-10-22,1.7968456700075774,1.8080999353338183
1993-10-25,1.807731943412445,1.7963971582024245
1993-10-26,1.7960315480782947,1.7566536969295834
1993-10-27,1.756296175557845,1.8333417106854555
1993-10-28,1.8329685814543413,1.8184342799302966
1993-10-29,1.8180641847206869,1.8420753178349045
1993-11-01,1.8417004111042103,1.8984866214210152
1993-11-02,1.898100233630238,1.9018943560046904
1993-11-03,1.9015072746577815,1.7944813490404437
1993-11-04,1.7941161288296592,1.64855402159791
1993-11-05,1.6482185011158612,1.7287080026171255
1993-11-08,1.728356168867815,1.7444258466012592
1993-11-09,1.7440708138918168,1.7581950503634785
1993-11-10,1.7578372152891617,1.8540903756561764
1993-11-11,1.8537130235715908,1.8770389688126141
1993-11-12,1.8766569461361418,1.8836214402012137
1993-11-15,1.8832380778331421,1.8248816156691632
1993-11-16,1.8245102082713167,1.8556965529806766
1993-11-17,1.8553188740002882,1.747690235454317
1993-11-18,1.7473345383630545,1.6918811402383656
1993-11-19,1.6915368016432666,1.6755729872803664
1993-11-22,1.675231967787505,1.5798746115620474
1993-11-23,1.579553068995469,1.678860657365355
1993-11-24,1.6785189687523814,1.7285699361922071
1993-11-26,1.7282181305427422,1.745102105531675
1993-11-29,1.7447469351872391,1.7019829242577187
1993-11-30,1.7016365297060667,1.7489176289956958
1993-12-01,1.7485616821002612,1.8320938735946717
1993-12-02,1.8317209983284848,1.8763784989221468
1993-12-03,1.875996610667218,1.9553112393347556
1993-12-06,1.9549132863644665,1.9140816760398154
1993-12-07,1.913692114279502,1.8842376170777344
1993-12-08,1.8838541293028155,1.852507132392323
1993-12-09,1.8521301025359058,1.745356914719326
1993-12-10,1.7450016925150782,1.7407260875904618
1993-12-13,1.7403718078711614,1.751081671432921
1993-12-14,1.7507252841026857,1.6833249374727606
1993-12-15,1.682982340271173,1.7105337294149379
1993-12-16,1.7101855945683178,1.7262974465445118
1993-12-17,1.725946103401469,1.7638743530802379
1993-12-20,1.7635153621309179,1.772471830055165
1993-12-21,1.7721110893120369,1.7552444233062114
1993-12-22,1.7548871887556263,1.7531070331916454
1993-12-23,1.7527502336514706,1.7783190098897785
1993-12-27,1.777957079104607,1.798366449509576
1993-12-28,1.798000438587195,1.837555314323897
1993-12-29,1.8371813275228728,1.8457436000758125
1993-12-30,1.8453679467612578,1.8778270355471156
1993-12-31,1.8774448524800662,1.884922208831932
1994-01-03,1.8842547783521941,1.8451224587828758
1994-01-04,1.844746931885547,1.8815901521344482
1994-01-05,1.881207203182463,1.921643181695392
1994-01-06,1.9212520809864064,1.9659856087240026
1994-01-07,1.9655854832622355,1.9735009050493748
1994-01-10,1.9730992500436482,2.0330927770477167
1994-01-11,2.032678993659567,2.016457649150754
1994-01-12,2.0160472514121235,2.0248310485137004
1994-01-13,2.0244189465864575,2.0170188067119277
1994-01-14,2.016608294764207,2.071802874493253
1994-01-17,2.07138121266716,2.056471416153986
1994-01-18,2.0560528746492324,2.058036930433156
1994-01-19,2.0576180703085094,1.9885535036877369
1994-01-20,1.988148785115342,2.0633306983417077
1994-01-21,2.062910760807685,2.063393173044616
1994-01-24,2.062973222795485,2.0270671705741328
1994-01-25,2.0266546135421484,1.9853851649046255
1994-01-26,1.9849810911655463,1.9949784938921975
1994-01-27,1.9945724676794205,2.034431086472378
1994-01-28,2.034017030706,2.072156690963134
1994-01-31,2.0717349571268606,2.0934609843664167
1994-02-01,2.0930349145928924,2.0354284284836917
1994-02-02,2.0350141697341733,2.05781644349757
1994-02-03,2.05739762824733,2.0310476691040424
1994-02-04,2.030634301944657,1.8434753037240115
1994-02-07,1.843100112062442,1.8724940785948287
1994-02-08,1.872112980913071,1.8975916355180167
1994-02-09,1.8972054298784444,1.9315538459689838
1994-02-10,1.9311607282009204,1.8934745090300873
1994-02-11,1.8930891413249993,1.900062643719161
1994-02-14,1.8996759351698558,1.9458084922197627
1994-02-15,1.9454124732875768,1.9906854931572273
1994-02-16,1.9902803406735834,1.9966023595528393
1994-02-17,1.996196002844257,1.9760107793873034
1994-02-18,1.975608613561648,1.9832079084769814
1994-02-22,1.9828042778620683,2.01943808620213
1994-02-23,2.0190270818727156,1.9954489869953416
1994-02-24,1.995042865025877,1.9050597612000923
1994-02-25,1.9046720356169236,1.9562055375158862
1994-02-28,1.9558074025343601,2.0379820172553154
1994-03-01,2.0375672387889274,2.000372655570764
1994-03-02,1.9999655315160583,1.9774444470283767
1994-03-03,1.9770419894167977,1.976494608623426
1994-03-04,1.9760923443268583,2.0311716525157983
1994-03-07,2.0307582601228,2.0792913222316165
1994-03-08,2.0788681363258985,2.028438271441893
1994-03-09,2.0280254353578315,2.04400522536815
1994-03-10,2.043589221033721,1.9940476437288994
1994-03-11,1.9936418069665691,1.9882735304238277
1994-03-14,1.9878688688327408,2.038444001629278
1994-03-15,2.038029129137934,2.036133591156969
1994-03-16,2.035719188889849,2.0719926561371653
1994-03-17,2.071570955685933,2.1181366265900534
1994-03-18,2.1177055347285263,2.1031544550408494
1994-03-21,2.1027264124123803,2.0338561188184165
1994-03-22,2.033442180071816,1.9987596594517523
1994-03-23,1.9983528636806385,1.9954642542228458
1994-03-24,1.9950581291461322,1.898714529838907
1994-03-25,1.8983280956632729,1.8406982381312438
1994-03-28,1.8403236116694641,1.7579343239110314
1994-03-29,1.7575765419008327,1.6110513968052103
1994-03-30,1.6107235090113134,1.575699946568389
1994-03-31,1.5753792536467677,1.6087411846991337
1994-04-04,1.6084137670890886,1.5130837677981175
1994-04-05,1.5127758187782487,1.680379322595017
1994-04-06,1.6800373248970615,1.6725751068584414
1994-04-07,1.67223469750651,1.7004129110388817
1994-04-08,1.700066836022765,1.6205376349241334
1994-04-11,1.620207816452112,1.606618529203342
1994-04-12,1.606291543604857,1.5006359073521174
1994-04-13,1.5003304917719071,1.401604261579382
1994-04-14,1.4013190013262597,1.3827183277478117
1994-04-15,1.3824369112374726,1.3894147880626302
1994-04-18,1.3891320086611978,1.3225193583815826
1994-04-19,1.3222501938126152,1.2878664768423922
1994-04-20,1.2876043649701312,1.26594009356097
1994-04-21,1.2656824442362455,1.3897919194682018
1994-04-22,1.3895090633114375,1.412623235163685
1994-04-25,1.4123357322838241,1.4775988598059935
1994-04-26,1.4772981328202706,1.484920019506155
1994-04-28,1.4846178024879553,1.4486100947611624
1994-04-29,1.4483152676879048,1.4573530378445676
1994-05-02,1.4570564313716425,1.533701919499002
1994-05-03,1.5333897741882585,1.4997712172523021
1994-05-04,1.4994659776573707,1.5046484405990161
1994-05-05,1.5043422083715674,1.5124040456174082
1994-05-06,1.512096234937388,1.4678923581208738
1994-05-09,1.4675936066422204,1.3900695597763093
1994-05-10,1.3897866471130498,1.4123898281041976
1994-05-11,1.4121023727282997,1.356402534510156
1994-05-12,1.3561264738980872,1.3721162109352445
1994-05-13,1.3718369522112426,1.351128283809061
1994-05-16,1.3508532966341464,1.3024788828628382
1994-05-17,1.3022137970137175,1.302057241261661
1994-05-18,1.30179224122677,1.3891680257572774
1994-05-19,1.3888852965779224,1.423872019553024
1994-05-20,1.4235822272743863,1.4078966610808468
1994-05-23,1.4076101201727467,1.4018510665789974
1994-05-24,1.4015657560951085,1.4821027340752342
1994-05-25,1.4818010904425307,1.4961208786108742
1994-05-26,1.4958163819478483,1.466563694417125
1994-05-27,1.466265213353563,1.477789109956042
1994-05-31,1.4774883442498274,1.50118452572166
1994-06-01,1.500878998484387,1.5050898961486556
1994-06-02,1.5047835740743611,1.521499934605235
1994-06-03,1.521190272692548,1.5462963932334326
1994-06-06,1.5459816846436922,1.545909236529283
1994-06-07,1.5455946067352644,1.511243072245597
1994-06-08,1.5109354978516434,1.4033886188135922
1994-06-09,1.4031029954007606,1.3948751991932813
1994-06-10,1.3945913084665598,1.4433425600229473
1994-06-13,1.4430488050199837,1.4108618631792862
1994-06-14,1.4105747187810824,1.4728736351746914
1994-06-15,1.472573869886083,1.4769566120995088
1994-06-16,1.4766560158266755,1.4765898782446145
1994-06-17,1.476289356610961,1.4072935471417896
1994-06-20,1.4070071289819144,1.3600775880362248
1994-06-21,1.3598007794621756,1.2835546733301737
1994-06-22,1.2832934390138642,1.3070286855056545
1994-06-23,1.3067626736620224,1.2013741062532708
1994-06-24,1.2011295976633367,1.1832501494300163
1994-06-27,1.1830093295021766,1.2776083371412499
1994-06-28,1.2773483130476921,1.286531411844282
1994-06-29,1.2862695716899302,1.2932556221788243
1994-06-30,1.292992413485581,1.2667429755195123
1994-07-01,1.2664851627889557,1.2633802993528487
1994-07-05,1.2631231710079498,1.2300276803684762
1994-07-06,1.2297773400855108,1.195518662791842
1994-07-07,1.1952753459257988,1.2519195319307517
1994-07-08,1.2516647361282869,1.2522460835628628
1994-07-11,1.2519912212992694,1.246300811969054
1994-07-12,1.2460471597115415,1.2720486811124994
1994-07-13,1.2717897885429599,1.3542145376565895
1994-07-14,1.3539389223546223,1.3358374785903595
1994-07-15,1.3369832030497366,1.3322380794926474
1994-07-18,1.3440473648435711,1.341912767395346
1994-07-19,1.341639655800163,1.3035422054402115
1994-07-20,1.3032769031793148,1.2473743691601753
1994-07-21,1.2471204984078963,1.274755371335375
1994-07-22,1.2812532962396126,1.3044035165748318
1994-07-25,1.3041380390163573,1.3151255248502018
1994-07-26,1.3148578651045875,1.2919645228192855
1994-07-27,1.2917015768958842,1.2680182359228318
1994-07-28,1.267760163646043,1.2709712231556365
1994-07-29,1.2707125498747633,1.3548779112137186
1994-08-01,1.3546021608992418,1.3918727941960913
1994-08-02,1.3914779734072065,1.3823668746344577
1994-08-03,1.382085529653299,1.356222559513098
1994-08-04,1.3559465355302793,1.323499157552431
1994-08-05,1.3232297935707142,1.3186403876188986
1994-08-08,1.318264489378497,1.3368470059795
1994-08-09,1.336357274739496,1.3555400418827697
1994-08-10,1.355264156808741,1.3908570393144193
1994-08-11,1.3905739663800916,1.396538521791514
1994-08-12,1.396254292538549,1.4235976938072514
1994-08-15,1.4233079573605156,1.4243774957857456
1994-08-16,1.42408760063051,1.4628859137891665
1994-08-17,1.4625881812426158,1.5357407991732328
1994-08-18,1.535428238901328,1.5199957342917092
1994-08-19,1.519686378520045,1.5015251972944423
1994-08-22,1.5012196007222922,1.4855548501885072
1994-08-23,1.4852525039669608,1.5306937852750557
1994-08-24,1.5303822521921382,1.5502523146219431
1994-08-25,1.5499368009068422,1.5861311466869497
1994-08-26,1.5858083307646584,1.6799076246073317
1994-08-29,1.679565722911287,1.6688753247487287
1994-08-30,1.6685356683916406,1.709653871325093
1994-08-31,1.7093059155508035,1.6599432801413472
1994-09-01,1.659605441670645,1.5805624754055636
1994-09-02,1.580240792842112,1.5774982526213457
1994-09-06,1.577177193701094,1.6044178008194725
1994-09-07,1.6040912631222628,1.644835607346553
1994-09-08,1.6445008436514374,1.6901402575187443
1994-09-09,1.689796273235243,1.6146922679087647
1994-09-12,1.6143636391098346,1.5751521991108517
1994-09-13,1.5748316176690416,1.6350644025791916
1994-09-14,1.6347316275597825,1.6479980638577565
1994-09-15,1.6476626565265093,1.7630145015015901
1994-09-16,1.7626556855527933,1.7281348719594865
1994-09-19,1.7277831548560802,1.719870609410068
1994-09-20,1.720542411609666,1.6293439012903774
1994-09-21,1.6290122905308744,1.5900128195104983
1994-09-22,1.5896892135742193,1.5874275253602477
1994-09-23,1.5871044455936472,1.5462521876990707
1994-09-26,1.5456994929010175,1.5301727460131505
1994-09-27,1.5298613189742825,1.534624492518973
1994-09-28,1.534312159442381,1.5652120239780456
1994-09-29,1.5648934656014846,1.5555921154971533
1994-09-30,1.5552755150038573,1.5863253368970287
1994-10-03,1.5860024814523488,1.5720283738004224
1994-10-04,1.5717084281323632,1.451205083544873
1994-10-05,1.4509097283288452,1.4992927432095806
1994-10-06,1.4989876009956504,1.4505744170295083
1994-10-07,1.4502791901693186,1.501236960163334
1994-10-10,1.5009314222543881,1.5644436739697125
1994-10-11,1.5641252719708993,1.6526736446739874
1994-10-12,1.6523372857493386,1.6465522024748505
1994-10-13,1.6462170894112476,1.6460053008355138
1994-10-14,1.6456702990795775,1.6322477356102678
1994-10-17,1.6319155338504832,1.6076450433290363
1994-10-18,1.6073178488101827,1.6209638015491474
1994-10-19,1.6206338963419453,1.6903009178074642
1994-10-20,1.6899569008257214,1.6803200862812515
1994-10-21,1.6799781006393137,1.6487454821513297
1994-10-24,1.6484099227024431,1.6267143218231956
1994-10-25,1.6263832462465004,1.6222594536924455
1994-10-26,1.6219292847888003,1.6869270427228646
1994-10-27,1.6865837124060292,1.7086682014438126
1994-10-28,1.7083204462771036,1.7865617519942525
1994-10-31,1.7861981436123702,1.8015782318301903
1994-11-01,1.8012115672326867,1.7617290942783137
1994-11-02,1.7613705399408717,1.7461930171026876
1994-11-03,1.7458376247314504,1.7360041595134426
1994-11-04,1.7356508408203288,1.6496990329294479
1994-11-07,1.6493632794099926,1.6333746777023612
1994-11-08,1.6330422465826957,1.7214643963432157
1994-11-09,1.7211140368423903,1.7319157372640848
1994-11-10,1.7315632506634508,1.7032220508759974
1994-11-11,1.7028754041322092,1.6856728728065025
1994-11-14,1.6853297977434771,1.7772933189904805
1994-11-15,1.7769315969581314,1.7715256998404627
1994-11-16,1.7718103116473307,1.78293699774492
1994-11-17,1.7825741270879027,1.7596658159108072
1994-11-18,1.7593076815002486,1.7775707002460648
1994-11-21,1.7772089217599438,1.7361261440746176
1994-11-22,1.735772800554705,1.5910120430756818
1994-11-23,1.5906882337733208,1.5812506507285635
1994-11-25,1.580928828104845,1.6283728772991772
1994-11-28,1.628041464166463,1.6599729980530122
1994-11-29,1.6596351535339988,1.7243972100695901
1994-11-30,1.7240462536704755,1.6695845223215047
1994-12-01,1.6692447216256152,1.5803337873042114
1994-12-02,1.5967032263453507,1.6321487683389777
1994-12-05,1.6318165867214185,1.6396425356078725
1994-12-06,1.6393088288280355,1.6056364510722574
1994-12-07,1.6053096653503454,1.554051819573062
1994-12-08,1.5537355325671156,1.442115559465044
1994-12-09,1.441822054186271,1.467618203255321
1994-12-12,1.4673195075737915,1.4698525882408702
1994-12-13,1.4695534378081356,1.4539495800620301
1994-12-14,1.4536536662748045,1.4997210312459195
1994-12-15,1.49941580186505,1.522655865527583
1994-12-16,1.5223459683550895,1.5024316004206582
1994-12-19,1.5021258193736229,1.4835421906165998
1994-12-20,1.4832402540197918,1.4851035394311785
1994-12-21,1.4848012850622503,1.5664918107646248
1994-12-22,1.566172991920603,1.5894767574206248
1994-12-23,1.589153260585903,1.6049281287405361
1994-12-27,1.6046014871792929,1.6388350032481025
1994-12-28,1.6385014608205664,1.5923015962204592
1994-12-29,1.5919775244629484,1.6638424285306233
1994-12-30,1.6635037964892343,1.6381087840082302
1995-01-03,1.6377753893838152,1.5612392725667765
1995-01-04,1.5609215227408915,1.5800172369722945
1995-01-05,1.579695665378007,1.5600454089204059
1995-01-06,1.5597279020745511,1.6013800105340708
1995-01-09,1.6010540911004105,1.623931372095297
1995-01-10,1.6236008629159548,1.6720352814564388
1995-01-11,1.6716949819719893,1.665571460522721
1995-01-12,1.665232476581643,1.6675932902400001
1995-01-13,1.6672538948078381,1.7057184203499953
1995-01-16,1.7053712655348439,1.7445340061343053
1995-01-17,1.744178951411791,1.7848091695878445
1995-01-18,1.7844459178987282,1.8145161491715185
1995-01-19,1.8141468513959653,1.795214407773715
1995-01-20,1.794849038367808,1.6952545938493935
1995-01-23,1.694909568675167,1.716384944035718
1995-01-24,1.716035618325878,1.7370591050236677
1995-01-25,1.736705571623713,1.7019621786924042
1995-01-26,1.7016157883629748,1.646974537472532
1995-01-27,1.6466393384535765,1.6550538927755858
1995-01-30,1.654717049413072,1.5872113702724204
1995-01-31,1.5868883344985907,1.6294659256557646
1995-02-01,1.6291342900613617,1.6496629122771944
1995-02-02,1.6493271661091624,1.6987070740090522
1995-02-03,1.6983613461718907,1.7598534011213116
1995-02-06,1.7594952285326408,1.819895117886847
1995-02-07,1.8195247253614995,1.8144861574941877
1995-02-08,1.8169643525381622,1.8796802335203553
1995-02-09,1.8792976732828468,1.8891137429146658
1995-02-10,1.8887292627305994,1.9460125546110953
1995-02-13,1.9456164941472938,1.9181209036810205
1995-02-14,1.917730519840516,1.931294943012264
1995-02-15,1.9315757187435112,1.9666363750442482
1995-02-16,1.966236117135848,1.9436043893654205
1995-02-17,1.9432088190212957,1.8724564804090986
1995-02-21,1.872075390379478,1.8606113318742759
1995-02-22,1.8602326526179112,1.917523592948058
1995-02-23,1.9169995818527756,1.9411300464104084
1995-02-24,1.9407349796547193,1.9050852090726198
1995-02-27,1.9046974783101955,1.8553606753790652
1995-02-28,1.8549830647578651,1.9561437446578518
1995-03-01,1.955745622252662,1.9187195781887578
1995-03-02,1.9183290725035598,1.9431117602480612
1995-03-03,1.9427162901658366,2.0098263324813144
1995-03-06,2.009417284375475,2.016738937769755
1995-03-07,2.01632848278211,1.9450856699926518
1995-03-08,1.9446897981722129,2.0103142909200105
1995-03-09,2.0099051435028668,2.0096337696263893
1995-03-10,2.009224760711733,2.0741933964827335
1995-03-13,2.07363025173178,2.060111709016591
1995-03-14,2.059552088833378,2.135663422380979
1995-03-15,2.1352287633940223,2.096039098157472
1995-03-16,2.0956125036756457,2.110918118183196
1995-03-17,2.1104884954621332,2.099522793258769
1995-03-20,2.099095489761014,2.1365419659830733
1995-03-21,2.136107128191316,2.143134039838174
1995-03-22,2.1426978604004843,2.1422617697358244
1995-03-23,2.141825767826127,2.165676017987245
1995-03-24,2.165235250713624,2.26045991597694
1995-03-27,2.2599998578952976,2.284699009043985
1995-03-28,2.2842340177226164,2.3350386635837728
1995-03-29,2.3345634269292597,2.2022385287750423
1995-03-30,2.201790320149131,2.150910863837635
1995-03-31,2.1496093018163,2.1317683186565093
1995-04-03,2.1313344524170525,2.1500618982305384
1995-04-04,2.149624308806669,2.053853445554455
1995-04-05,2.0534354368698247,2.092054699337343
1995-04-06,2.0916289157767207,2.024314131347569
1995-04-07,2.0295616709362316,2.0800343118147175
1995-04-10,2.0796109746927094,2.154360812386682
1995-04-11,2.1539223480301555,2.210572329439187
1995-04-12,2.210122424683953,2.2630575697845723
1995-04-13,2.262596983017763,2.291100706684271
1995-04-17,2.290634412463118,2.2621673727004667
1995-04-18,2.2617069671102223,2.207358714616548
1995-04-19,2.2076399516723977,2.113428551969827
1995-04-20,2.1145586832477443,2.1402310106181988
1995-04-21,2.1397954220169333,2.1726711700958403
1995-04-24,2.1722289791401463,2.244990340693581
1995-04-25,2.2448283970317924,2.2837667532960375
1995-04-26,2.2833019517111857,2.3414738804959003
1995-04-27,2.3409973341196237,2.3755576953538866
1995-04-28,2.375074212099691,2.4392069110977883
1995-05-01,2.4387104736939142,2.3835252948614967
1995-05-02,2.383040190008741,2.372277770025298
1995-05-03,2.37179495431497,2.5173258985445566
1995-05-04,2.5168135620436667,2.503106196889024
1995-05-05,2.502596754440189,2.441910786050464
1995-05-08,2.4414137983428597,2.5418337009362624
1995-05-09,2.5413163765068214,2.5283265892423956
1995-05-10,2.5278120138357756,2.477591065382431
1995-05-11,2.4769294814233507,2.5817109076218694
1995-05-12,2.5811854672196217,2.6391117381852087
1995-05-15,2.638574615330285,2.689641487790329
1995-05-16,2.6890940809133332,2.766509373973279
1995-05-17,2.765946322628533,2.827062803155406
1995-05-18,2.826487427728171,2.711581726076205
1995-05-19,2.7110298538318456,2.7413093419456587
1995-05-22,2.739072518878708,2.827772577712941
1995-05-23,2.8271970578294745,2.964186880135007
1995-05-24,2.9635835966527093,2.9166818911052164
1995-05-25,2.9160882760333013,2.935770544489048
1995-05-26,2.935173044416034,2.8362800862117274
1995-05-30,2.8357028348452067,2.595377543602015
1995-05-31,2.594849321709909,2.691531487977
1995-06-01,2.6909836964394076,2.73773886738551
1995-06-02,2.7371816715323716,2.7648907031522465
1995-06-05,2.7643279812460304,2.9011261374704542
1995-06-06,2.900535688369378,2.801081188024636
1995-06-07,2.800511100482371,2.8343875308780273
1995-06-08,2.833810664692137,2.89667601676965
1995-06-09,2.8960864733754073,2.887691360220588
1995-06-12,2.887103645420529,2.908670818013804
1995-06-13,2.9080788333883714,2.970611649706717
1995-06-14,2.9700070586289415,2.9829793702991796
1995-06-15,2.9823722620921376,3.086070706939308
1995-06-16,3.085442617160227,3.1856964470163653
1995-06-19,3.18467841419703,3.4236433882168926
1995-06-20,3.422946594259929,3.596838567697052
1995-06-21,3.596106524346167,3.514795283379619
1995-06-22,3.5140799378147594,3.7208546017855793
1995-06-23,3.7200973181823316,3.690726700673405
1995-06-26,3.6899755488242714,3.523173956863014
1995-06-27,3.522456906036131,3.351359618684755
1995-06-28,3.3506775362173027,3.4035083722989814
1995-06-29,3.4028156763031148,3.5090842782581144
1995-06-30,3.5083700950204615,3.543380450605404
1995-07-03,3.542659287269964,3.560505406208644
1995-07-05,3.559780757531939,3.6466365756843775
1995-07-06,3.6458943972384783,3.8560997614639896
1995-07-07,3.8551058851632516,4.14039537136817
1995-07-10,4.139552701105216,4.269994910465667
1995-07-11,4.26912586357249,4.054338839012257
1995-07-12,4.053513683328044,4.391859981888525
1995-07-13,4.390966132515737,4.470512286898367
1995-07-14,4.470062768816219,4.620435337007632
1995-07-17,4.619494967040231,4.784428949039549
1995-07-18,4.742096816764065,4.341250033843593
1995-07-19,4.340366484815193,3.6340210420197865
1995-07-20,3.6876797709344498,3.6965877247328245
1995-07-21,3.695835380024014,3.643708550611518
1995-07-24,3.6429669680893015,3.938700943887375
1995-07-25,3.937899323302289,4.148536835697503
1995-07-26,4.147692508450307,4.236579576464779
1995-07-27,4.235717330397552,4.398088826516925
1995-07-28,4.397193709424107,4.1689315197728165
1995-07-31,4.168083041715794,4.051813842950644
1995-08-01,4.050989201163994,3.8435851532687093
1995-08-02,3.8458950942946553,3.684225264678847
1995-08-03,3.6834754360286563,3.7127780472002074
1995-08-04,3.7120224073705046,3.862685290733352
1995-08-07,3.8618991411660524,3.9245620346523893
1995-08-08,3.9237632916761536,3.96598578347793
1995-08-09,3.965178609770282,4.170021064463369
1995-08-10,4.169172364657738,4.043572708642494
1995-08-11,4.042749744125331,4.167307492320408
1995-08-14,4.167110204487836,4.363010283051453
1995-08-15,4.362122305287804,4.346016144298823
1995-08-16,4.3449081721029295,4.620546777280224
1995-08-17,4.619606384632042,4.615181591096548
1995-08-18,4.614242290393084,4.595659444548038
1995-08-21,4.59472411707198,4.208863459424002
1995-08-22,4.208006854254695,4.433073595009839
1995-08-23,4.43217135767332,4.47797932775295
1995-08-24,4.477067951017357,4.290810278747224
1995-08-25,4.289936995424844,4.221532522782775
1995-08-28,4.220673339153684,3.913140939306951
1995-08-29,3.9123445207989254,3.927514601766448
1995-08-30,3.9267152578716327,4.050821320346767
1995-08-31,4.050420295706954,4.132747685290682
1995-09-01,4.131906571516193,4.054555528842867
1995-09-05,4.05373032905705,4.522837651302537
1995-09-06,4.521917144816785,4.492742660608844
1995-09-07,4.560793332112937,4.605232642903051
1995-09-08,4.604295367050364,4.721628087697752
1995-09-11,4.7206671225663195,4.848138160625238
1995-09-12,4.85502337112255,4.756389823045245
1995-09-13,4.755421783062731,4.794711415648784
1995-09-14,4.793735576298428,4.708038913952421
1995-09-15,4.707080714545414,4.352928371843503
1995-09-18,4.3520424459918114,4.398148985377994
1995-09-19,4.397253856041398,4.617066222115404
1995-09-20,4.616126537844097,4.665186622402914
1995-09-21,4.664237144470199,4.469817164536954
1995-09-22,4.468907448998326,4.418189842786625
1995-09-25,4.417290634652458,4.311072011959137
1995-09-26,4.310194604885636,4.151845170494762
1995-09-27,4.149498751660507,4.052615346754243
1995-09-28,4.05179054184225,4.456412852685125
1995-09-29,4.455505865247073,4.22203671199724
1995-10-02,4.221177425753491,3.977687441808537
1995-10-03,3.9768778865313483,3.961307292055429
1995-10-04,3.9605010705335615,3.6659538145768886
1995-10-05,3.66520770460723,3.9351282773187277
1995-10-06,3.934327383857408,3.8236879863016213
1995-10-09,3.8227074144119,3.408001323424261
1995-10-10,3.4073077130045375,3.4781958736449705
1995-10-11,3.4774879769422262,3.7338225103197487
1995-10-12,3.733062587434521,3.9063435558217647
1995-10-13,3.90554852074513,3.841376720694362
1995-10-16,3.840797283096035,3.8086835653080215
1995-10-17,3.807908406393566,4.228544188599872
1995-10-18,4.22768357792777,4.410581987281297
1995-10-19,4.409684327529114,4.4815732832448925
1995-10-20,4.480661175052725,4.270046513161181
1995-10-23,4.181739661213036,4.296771204461307
1995-10-24,4.294375619176641,4.315870476543009
1995-10-25,4.314992092866297,4.098448581075358
1995-10-26,4.097614447995363,4.057649756880925
1995-10-27,4.056823927345115,4.287093666152084
1995-10-30,4.286221139249957,4.579337911480555
1995-10-31,4.578405905829909,4.389241050376118
1995-11-01,4.388347734019021,4.43428448924985
1995-11-02,4.433382005467164,4.737477808155105
1995-11-03,4.7365136172234985,4.897828582512099
1995-11-06,4.89683175633263,4.754295159850744
1995-11-07,4.753327546182684,4.300974864080221
1995-11-08,4.299450973311851,4.353093397620422
1995-11-09,4.352207438182007,4.748874402146374
1995-11-10,4.747907891733174,4.669829302064562
1995-11-13,4.668878879234623,4.5471763775170135
1995-11-14,4.546250917513788,4.172250549111908
1995-11-15,4.171401395552409,4.208622680928785
1995-11-16,4.207766124763706,4.169049880415995
1995-11-17,4.168201378269728,4.106277354413295
1995-11-20,4.105441627989212,3.746082966067344
1995-11-21,3.745320547883831,3.7946773498735134
1995-11-22,3.793905041561521,3.690459343723074
1995-11-24,3.6897082462875246,3.869475026015228
1995-11-27,3.868687494573131,3.7793969908968013
1995-11-28,3.778627792506196,4.25368553147386
1995-11-29,4.252819803932448,4.28566425912712
1995-11-30,4.284792023143778,4.158286624856705
1995-12-01,4.157440313292395,4.015847786078661
1995-12-04,4.013182822929998,4.239442341159678
1995-12-05,4.238579512450828,4.093760674980285
1995-12-06,4.092927496002182,4.066134236579942
1995-12-07,4.0653066802479945,4.005565302861302
1995-12-08,4.004750073767389,4.254602774097754
1995-12-11,4.2537368598753575,4.183250167738382
1995-12-12,4.182398775491346,3.948540966052166
1995-12-13,3.947737342785375,3.997542441777078
1995-12-14,3.9967288455287884,3.562257326173275
1995-12-15,3.5615323209386265,3.5040166134981603
1995-12-18,3.5033034616524428,3.218235312260693
1995-12-19,3.2175803237985803,3.6919541906291125
1995-12-20,3.691202788956184,3.5005668174556206
1995-12-21,3.4998543677265554,3.7891500593852805
1995-12-22,3.7883788760101385,3.874104352142597
1995-12-26,3.873315878521042,3.8707411096941002
1995-12-27,3.869953320573455,3.775506759005491
1995-12-28,3.77473835237085,3.6098741886315686
1995-12-29,3.609139492217598,3.6892368666885402
1996-01-02,3.688486018056535,3.87419879079517
1996-01-03,3.873410297953073,3.6019177386412804
1996-01-04,3.6011846615566743,3.434138696778061
1996-01-05,3.433439766772814,3.4630861247057863
1996-01-08,3.4623813032011737,3.425101060846706
1996-01-09,3.411083544997114,2.900928359071498
1996-01-10,2.900337950223093,2.913912250824075
1996-01-11,2.91331919944072,3.2378077417059568
1996-01-12,3.2371487697826558,3.192935526464024
1996-01-15,3.1929785310618852,2.8750237759981085
1996-01-16,2.8744386393567933,3.061183483030367
1996-01-17,3.060560458401262,3.0508579775537035
1996-01-18,3.0502370544138606,3.197400425791059
1996-01-19,3.1967496777305713,3.3746447378164075
1996-01-22,3.373957916265921,3.4917634339089902
1996-01-23,3.491052775880684,3.4188401650352076
1996-01-24,3.418144348649944,3.6847677394299834
1996-01-25,3.6840178003731046,3.4956939959778617
1996-01-26,3.4949825379854276,3.5820331998235613
1996-01-29,3.5813041697219243,3.5653078291363727
1996-01-30,3.5645822030508385,3.707867937064381
1996-01-31,3.7071132965604496,3.8554714363231786
1996-02-01,3.8546867549491424,4.0504728402045815
1996-02-02,4.049648471344316,4.039538728643864
1996-02-05,4.040328929968916,4.321019228046156
1996-02-06,4.320139796474401,4.397806865450134
1996-02-07,4.396271965407153,4.308044458630033
1996-02-08,4.307167667736614,4.4896920787547
1996-02-09,4.488778318191941,4.470811026174196
1996-02-12,4.469901108360768,4.518065543890567
1996-02-13,4.51736298690385,4.369934310288806
1996-02-14,4.369044923318709,4.3480258333156945
1996-02-15,4.34714090524877,4.402003092184033
1996-02-16,4.401107178443798,4.37487893272393
1996-02-20,4.373988539403977,4.326253159833516
1996-02-21,4.325372663030478,4.544326963766978
1996-02-22,4.543402083688137,4.892965931561278
1996-02-23,4.891970095048493,4.872271831972633
1996-02-26,4.871280207207949,4.764082221663719
1996-02-27,4.76311261609266,4.609375789697143
1996-02-28,4.6084376706142125,4.6149486061770935
1996-02-29,4.614009352891676,4.4243276416469755
1996-03-01,4.4234271843227875,4.037519639777253
1996-03-04,4.036697907205514,3.9705958617557835
1996-03-05,3.9697877497860796,4.253695848299873
1996-03-06,4.252830118658737,4.085409422474196
1996-03-07,4.084577943177288,4.118218542262261
1996-03-08,4.117380385518605,3.755026887172926
1996-03-11,3.7542626486858737,4.015600130371861
1996-03-12,4.014782858948658,3.8854627086166396
1996-03-13,3.8846719232957474,4.189910203572505
1996-03-14,4.189057455847634,4.102549765123471
1996-03-15,4.1017147973536625,4.3255960977554215
1996-03-18,4.324715734680355,4.564866315179824
1996-03-19,4.563937254847866,4.47933462581364
1996-03-20,4.478422973242222,4.1758854698625525
1996-03-21,4.17503557650906,4.097845529291567
1996-03-22,4.097011518947147,4.123713870816906
1996-03-25,4.1228745956414246,3.818107409843122
1996-03-26,3.8173303329491404,3.8981592368533806
1996-03-27,3.8973658674829403,4.012700937081541
1996-03-28,4.011884255714059,4.011463997719184
1996-03-29,4.010647568098678,4.041687723139397
1996-04-01,4.040865142262221,4.105657084894661
1996-04-02,4.104821484710376,4.160637681057405
1996-04-03,4.159790890996485,4.214875795310323
1996-04-04,4.214017966485734,4.201510760492654
1996-04-08,4.200655651774817,4.049106994763781
1996-04-09,4.048282903885987,4.056409587998539
1996-04-10,4.055584010866991,4.015932111598465
1996-04-11,4.01511477260908,3.914630426298747
1996-04-12,3.913833704644214,3.9320853376127256
1996-04-15,3.931285063462987,4.048024484055041
1996-04-16,4.047200613494271,4.341631247928928
1996-04-17,4.340539332767194,4.231061572379267
1996-04-18,4.230200449358884,4.48960774534918
1996-04-19,4.488694001950302,4.478639378891808
1996-04-22,4.477727867819898,4.716190141989534
1996-04-23,4.7152302836111355,4.93821670740523
1996-04-24,4.937211661268784,5.15165252006015
1996-04-25,5.150604034590925,5.211687467821315
1996-04-26,5.210626763793069,5.208863599269877
1996-04-29,5.207803469966951,5.2149454794924255
1996-04-30,5.213884112380269,5.206490799914513
1996-05-01,5.2054311535334525,5.359661127714822
1996-05-02,5.358570307479859,4.960457081014701
1996-05-03,4.959447508426117,5.056762274583784
1996-05-06,5.055733101566858,5.097378541960222
1996-05-07,5.096341102553824,5.046641699438388
1996-05-08,5.045614586202462,5.1066638581654775
1996-05-09,5.103314821613332,5.081737345532213
1996-05-10,5.08070308948632,5.309724735275135
1996-05-13,5.308644078299758,5.6859754330040975
1996-05-14,5.684818199942151,5.854819367652942
1996-05-15,5.853627770780284,5.719358753661222
1996-05-16,5.717947390768461,5.843544750677236
1996-05-17,5.84235544846091,5.729235115568185
1996-05-20,5.728069078118056,5.788097423304769
1996-05-21,5.786919405956129,5.650264407802002
1996-05-22,5.649114442794503,5.662008427165588
1996-05-23,5.660856071967058,5.749991679595927
1996-05-24,5.748821417684677,5.668406381711188
1996-05-28,5.667252724374684,5.571331955135344
1996-05-29,5.570198054784642,5.374412431939412
1996-05-30,5.373318609458456,5.537687357964645
1996-05-31,5.536560305100475,5.738186900077418
1996-06-03,5.7370190407233554,5.65779863040396
1996-06-04,5.656647132000549,5.737730267662295
1996-06-05,5.736562501243937,5.903368233271299
1996-06-06,5.90216675553421,5.588535958138762
1996-06-07,5.587398556358744,5.694836187429444
1996-06-10,5.693677150990382,5.627797010696535
1996-06-11,5.626651618345928,5.676966147434606
1996-06-12,5.675810747979443,5.827939702893962
1996-06-13,5.826753576681022,5.692177864882589
1996-06-14,5.691019369476244,5.425561820443935
1996-06-17,5.424696787109259,5.359082876938401
1996-06-18,5.35799217439141,5.063824914172508
1996-06-19,5.062794303738179,5.09938798958447
1996-06-20,5.098122205370659,5.022411803230419
1996-06-21,5.022523157114464,5.203582253241801
1996-06-24,5.202523198820099,5.309144903246528
1996-06-25,5.308064364280946,5.092284687076294
1996-06-26,5.091248284392152,4.899302265647558
1996-06-27,4.898305139538048,5.152585775464293
1996-06-28,5.151537100055097,5.29210420847644
1996-07-01,5.29337205531574,5.518985671886611
1996-07-02,5.517862425266366,5.350497022743235
1996-07-03,5.349408067624536,5.198967618368747
1996-07-05,5.197909503136478,4.8228827446877895
1996-07-08,4.8219011717928995,4.783968277831072
1996-07-09,4.782994624968227,4.886139010772305
1996-07-10,4.885144563702465,4.8107356918990885
1996-07-11,4.809756591222248,4.333179509580616
1996-07-12,4.332297603098445,4.31669667309423
1996-07-15,4.315818121266605,3.7406167400880763
1996-07-16,3.7398554344133146,3.875158218909101
1996-07-17,3.8743695308002555,4.1962083692919405
1996-07-18,4.195354339738528,4.442513564492144
1996-07-19,4.4418166410524575,4.219425281628181
1996-07-22,4.218566526873461,4.037384296066805
1996-07-23,4.036562591040774,3.5372107039881877
1996-07-24,3.5363132719514647,3.6547447891103655
1996-07-25,3.6540009604475845,3.93118046635035
1996-07-26,3.930380376363725,4.176658627552319
1996-07-29,4.1758085768426,3.920213122406119
1996-07-30,3.9194152645383564,4.104510400294896
1996-07-31,4.103675033488568,4.213973486375713
1996-08-01,4.213115841192743,4.511543821929296
1996-08-02,4.510625614010061,4.858256652796655
1996-08-05,4.857267880458771,4.707471505746811
1996-08-06,4.706513421821051,4.9334688318511635
1996-08-07,4.932464752021841,5.166742124892202
1996-08-08,5.1647824561886075,5.054505892648209
1996-08-09,5.0534771788593975,5.070125506788526
1996-08-12,5.069093614031723,5.092275230900224
1996-08-13,5.091238830140642,4.858866977546577
1996-08-14,4.8578780809928945,5.032661825357726
1996-08-15,5.031637557363163,5.02883118365138
1996-08-16,5.027807695284741,4.91963289128848
1996-08-19,4.9186316274065796,4.8730733923088
1996-08-20,4.872081604407266,4.710153117067975
1996-08-21,4.709194487369671,4.805208811793591
1996-08-22,4.8042308359700785,5.110113330781425
1996-08-23,5.109073299538527,5.016739853039486
1996-08-26,5.015718825550091,4.911432447734167
1996-08-27,4.909119142606241,5.043604934285676
1996-08-28,5.04257843910466,5.055364275952511
1996-08-29,5.054335387462005,4.862115281452846
1996-08-30,4.861125723791019,4.696505952919182
1996-09-03,4.69555010074775,4.816021310129517
1996-09-04,4.815041133701956,4.812119446266293
1996-09-05,4.811140063962084,4.4460900518308195
1996-09-06,4.445185165331573,4.687554653975234
1996-09-09,4.68660062360891,4.84990592539614
1996-09-10,4.848918852632578,4.840789222730851
1996-09-11,4.839804005436041,4.913831171328981
1996-09-12,4.912831088236944,5.141711477366544
1996-09-13,5.140665015139138,5.639176696820048
1996-09-16,5.638028988429006,5.669377926734034
1996-09-17,5.6682240716646985,5.985480189634212
1996-09-18,5.984262000134682,6.110515172534468
1996-09-19,6.10927153540193,6.337998102760091
1996-09-20,6.33670816736774,6.507261315752772
1996-09-23,6.5059369312164606,6.241809177447694
1996-09-24,6.240538818820293,6.3209548198169525
1996-09-25,6.31915455308138,6.5520726236207985
1996-09-26,6.551792930558053,6.520939510590162
1996-09-27,6.519612342211486,6.52143738252515
1996-09-30,6.520110112817534,6.330726443583217
1996-10-01,6.329695736243105,6.249112076161969
1996-10-02,6.2478402312186425,6.579588000129099
1996-10-03,6.578248895369071,6.464186431744388
1996-10-04,6.462870813985298,6.87474423037125
1996-10-07,6.87334505420358,7.026776035407505
1996-10-08,7.02920506657646,6.704688916979935
1996-10-09,6.70332435116775,6.721449054297488
1996-10-10,6.7200810773933535,6.651065093817454
1996-10-11,6.649711441745894,7.025338196679632
1996-10-14,7.023908371009727,7.197241045033704
1996-10-15,7.195776232990414,7.280718830901463
1996-10-16,7.279237029116504,7.068135076544851
1996-10-17,7.066696540678269,6.738269571527547
1996-10-18,6.736096632888717,6.763068606432105
1996-10-21,6.761692158945865,6.477547993003602
1996-10-22,6.4762296558447146,6.223942997603321
1996-10-23,6.2226762751741855,6.552377998592417
1996-10-24,6.551044431723603,6.515893196774031
1996-10-25,6.514567055441859,6.386329324479962
1996-10-28,6.385029552518959,6.334525949177766
1996-10-29,6.333236720452366,6.064746910161007
1996-10-30,6.063512587973113,6.1903957480435885
1996-10-31,6.1891358532884,6.5819887096490435
1996-11-01,6.580649116286759,6.671720653627746
1996-11-04,6.670362797651859,6.688074981760662
1996-11-05,6.686713797284777,7.048235338837429
1996-11-06,7.046527622424958,7.511872153306035
1996-11-07,7.51034330624798,7.752763726791632
1996-11-08,7.751185852491643,7.844327191257695
1996-11-11,7.842730681585535,8.019659515176945
1996-11-12,8.018027321150456,7.698653201278131
1996-11-13,7.697086339774427,7.829573068491926
1996-11-14,7.8279795616394,8.151285880585231
1996-11-15,8.149626897420506,7.836677235847513
1996-11-18,7.834787914684635,7.652668298622478
1996-11-19,7.651110796154938,8.01094516518923
1996-11-20,8.009314744743024,8.08551307107787
1996-11-21,8.083867474265343,7.844621854311195
1996-11-22,7.843025284668001,8.367583733634794
1996-11-25,8.37017554994051,8.45222328071807
1996-11-26,8.450503049538273,8.580597790865438
1996-11-27,8.57885143237834,8.79097610730963
1996-11-29,8.789186931763933,8.839350000173475
1996-12-02,8.83755097937452,9.173355280858866
1996-12-03,9.171488281934042,8.950711517769038
1996-12-04,8.948889832216866,8.842619627984869
1996-12-05,8.84081994173784,8.875562713216299
1996-12-06,8.873756322257327,8.598349205549573
1996-12-09,8.596599234221685,9.51238390580053
1996-12-10,9.510447906378191,9.252721645573311
1996-12-11,9.25083849368013,9.491515074438283
1996-12-12,9.489583322326174,9.055158545761143
1996-12-13,9.053315602721062,8.570988852774605
1996-12-16,8.569244449938033,7.832994276131765
1996-12-17,7.826727193059134,8.151093387180605
1996-12-18,8.15333133566208,8.769826862605756
1996-12-19,8.768041991441162,8.99233960148152
1996-12-20,8.990189396152854,8.679246531118597
1996-12-23,8.677480095234914,8.386689793940782
1996-12-24,8.382847339618248,8.706812715473276
1996-12-26,8.705040669206591,8.940223103052437
1996-12-27,8.938403552145484,8.697374335886984
1996-12-30,8.687171272250355,8.41392549066756
1996-12-31,8.412213054011215,8.253857711080544
1997-01-02,8.252177852075803,8.076886425946068
1997-01-03,8.075242584863773,9.041024475621272
1997-01-06,9.050378001488923,9.199887007916258
1997-01-07,9.197690828145513,9.56157480200408
1997-01-08,9.55962879104861,9.17753289889024
1997-01-09,9.175665049719445,9.298349263059686
1997-01-10,9.296456824846484,9.575427599195807
1997-01-13,9.573810966177746,9.531712320093659
1997-01-14,9.529441247076516,10.090093801211667
1997-01-15,10.088040223899826,9.499163410530688
1997-01-16,9.499868436493529,9.803251717814447
1997-01-17,9.801256519780951,10.12943686601006
1997-01-20,10.12737528143616,10.687259184417673
1997-01-21,10.684014038431155,11.179852279511417
1997-01-22,11.177576910080441,11.607981475394025
1997-01-23,11.605618971351566,11.12248890206777
1997-01-24,11.120225207466857,10.592738195804342
1997-01-27,10.590582318241879,10.286048071054307
1997-01-28,10.283954612325044,10.315492430637596
1997-01-29,10.313392979271397,10.369300286401891
1997-01-30,10.367189883839997,11.035928129261087
1997-01-31,11.033682051864002,11.388691649745867
1997-02-03,11.386373776468943,11.252839902099955
1997-02-04,11.250549677928406,11.18538907876291
1997-02-05,11.183112582459822,10.122329001497832
1997-02-06,10.119926323718076,10.054231316914988
1997-02-07,10.052185038483172,10.53780978881578
1997-02-10,10.535665090508196,9.557743770083336
1997-02-11,9.55579853883521,9.542348888904357
1997-02-12,9.540406790885646,10.483738498868659
1997-02-13,10.481604805371976,10.72530253176729
1997-02-14,10.722412065971632,10.45049011672051
1997-02-18,10.448363190071053,10.36334001185278
1997-02-19,10.361230822350429,10.363277790839422
1997-02-20,10.363591182276421,9.757483716565776
1997-02-21,9.75449925218079,9.221599802245375
1997-02-24,9.220361837283354,9.729270344620195
1997-02-25,9.727290203579475,9.784318943640804
1997-02-26,9.782327598883228,9.737083836018261
1997-02-27,9.735102104743696,8.666697227104898
1997-02-28,8.662174964896483,8.720747752170276
1997-03-03,8.718972869787715,8.89004804299876
1997-03-04,8.888238703926007,9.07206736423372
1997-03-05,9.070220979841489,9.384977163042434
1997-03-06,9.383067093963406,8.717509421184694
1997-03-07,8.71573519788055,8.392153957262199
1997-03-10,8.390445951637707,8.802060175390247
1997-03-11,8.800268743969513,8.602672830325579
1997-03-12,8.600921979035828,8.320009194967433
1997-03-13,8.31831587254113,8.351706837886844
1997-03-14,8.35000706422613,8.303005409893913
1997-03-17,8.301018361778333,8.09956362059749
1997-03-18,8.097915164159446,7.959946537592861
1997-03-19,7.9583264965967,7.501749634225002
1997-03-20,7.500222847343584,7.773926079480813
1997-03-21,7.77234389813193,7.515382181375439
1997-03-24,7.513852619942061,7.224982906383949
1997-03-25,7.223512448203152,7.352221819134416
1997-03-26,7.350725464767761,8.092051709802632
1997-03-27,8.09040478221951,7.633807033643219
1997-03-31,7.6322533698977555,7.02440058981987
1997-04-01,7.022970954975563,7.014404108282114
1997-04-02,7.012976507962766,6.671721981851166
1997-04-03,6.670364125604954,7.19869092150756
1997-04-04,7.1972258143794585,7.67151049943511
1997-04-07,7.669949162125509,7.945658283490916
1997-04-08,7.944041150498885,8.17292536599756
1997-04-09,8.17126197867593,7.83034497313499
1997-04-10,7.8287513091812615,7.393555461084312
1997-04-11,7.392596588314574,6.750935379753746
1997-04-14,6.749561401671609,7.179321833972633
1997-04-15,7.177860668920739,6.941791392812261
1997-04-16,6.940117346476492,6.956707714855807
1997-04-17,6.954508763390818,7.203093753761195
1997-04-18,7.201627750550599,7.419627751384155
1997-04-21,7.415936118228689,7.0369764237486
1997-04-22,7.035544229418946,7.443883912858349
1997-04-23,7.442368903046092,7.983692441706036
1997-04-24,7.982067567845989,7.974157044007403
1997-04-25,7.97253411083064,7.423326384045313
1997-04-28,7.421815558185712,7.714613765935692
1997-04-29,7.713043656072347,8.461119177560617
1997-04-30,8.459397135851377,9.005392815738883
1997-05-01,9.003560001224473,9.229611219494464
1997-05-02,9.22773277113007,10.084795673265091
1997-05-05,10.082743174249998,10.858939690439698
1997-05-06,10.85253936640677,10.226592216356327
1997-05-07,10.224510858326687,10.034343864226868
1997-05-08,10.032301633371063,10.361915925909212
1997-05-09,10.354397659614106,10.349924353127733
1997-05-12,10.349844823730027,10.533534273582132
1997-05-13,10.531390445444961,10.048486741439461
1997-05-14,10.046441632167229,10.022881518180549
1997-05-15,10.020841620188467,10.742680016292235
1997-05-16,10.739108840947557,10.166423489851283
1997-05-19,10.164354377607864,10.10498452892635
1997-05-20,10.102927920992474,11.047719828321043
1997-05-21,11.045471351028958,11.339377779196967
1997-05-22,11.324184388512991,11.176359849989128
1997-05-23,11.17443993000155,11.631730119080915
1997-05-27,11.629362781617,12.5556898537742
1997-05-28,12.553134468232082,12.473700666201482
1997-05-29,12.471161967435398,12.009427205006483
1997-05-30,12.006982997081137,11.570672582319997
1997-06-02,11.568317671536615,11.560173115816877
1997-06-03,11.55782034192802,10.510949254388771
1997-06-04,10.508810022847422,10.240507486787795
1997-06-05,10.238423296665193,10.524514672152165
1997-06-06,10.522372679721304,11.008013673054052
1997-06-09,11.006472888375797,11.344905739088215
1997-06-10,11.335466861051849,10.856494333572158
1997-06-11,10.852554950391985,11.12260258997278
1997-06-12,11.120338872233638,11.153229478879165
1997-06-13,11.149901874232594,11.655733975881182
1997-06-16,11.653361753053792,12.071133296908457
1997-06-17,12.057174295993295,12.562251774495058
1997-06-18,12.559695053443898,11.878483165955787
1997-06-19,11.876065608298813,12.255033053468757
1997-06-20,12.252538858832882,12.229829734635517
1997-06-23,12.227340669482553,11.763248817037452
1997-06-24,11.760490191996718,12.390508783682229
1997-06-25,12.38798701646959,12.114201009295638
1997-06-26,12.111735477375529,11.668449972769558
1997-06-27,11.66607516193028,11.50704142794623
1997-06-30,11.506850206627826,11.297686091842907
1997-07-01,11.29538674039072,11.156453485510827
1997-07-02,11.154182878298462,11.941236015313187
1997-07-03,11.938805685938702,12.325027518174542
1997-07-07,12.32251907797787,12.489386144347078
1997-07-08,12.486844253208089,13.042598016612503
1997-07-09,13.03994353352225,13.204143384259806
1997-07-10,13.203026208522292,13.196416491090007
1997-07-11,13.194907722302228,13.409726699385917
1997-07-14,13.406997496759026,14.44422834295996
1997-07-15,14.441288594311775,15.151072301371814
1997-07-16,15.147129453190075,17.050527596717487
1997-07-17,17.04705740334591,16.64592315127559
1997-07-18,16.647095342907036,15.550879899600353
1997-07-21,15.547714920684383,14.998413962189069
1997-07-22,14.99536142340864,16.373194295962332
1997-07-23,16.369861956244684,16.416953319063442
1997-07-24,16.413612073329777,16.235322626865972
1997-07-25,16.219932514160558,16.103916494961705
1997-07-28,16.100638959767544,15.642999440520741
1997-07-29,15.639815713057638,16.19258909526334
1997-07-30,16.190628929479193,16.769063730370483
1997-07-31,16.766108198927988,17.038632864881826
1997-08-01,17.035165092374903,17.119868176138095
1997-08-04,17.11684746401727,17.813967038507908
1997-08-05,18.132682998912774,18.39596798837974
1997-08-06,18.39222396545641,18.65115081168452
1997-08-07,18.647354852905423,18.339310264850795
1997-08-08,18.335577773139946,17.334508245937254
1997-08-11,17.33098025565816,16.682100872678557
1997-08-12,16.678705663026307,16.202748245591117
1997-08-13,16.199450595753348,16.566838508380417
1997-08-14,16.56346675739772,16.759473700536212
1997-08-15,16.757430946582957,15.529944961583771
1997-08-18,15.52591795513848,16.08083556402534
1997-08-19,16.077562726356994,17.47450173761365
1997-08-20,17.470945255284438,18.58419229042807
1997-08-21,18.580409959322097,17.293929423006208
1997-08-22,17.290409691495743,16.924770559529293
1997-08-25,16.921325960746177,16.773481616298803
1997-08-26,16.772341317192257,16.10623612788473
1997-08-27,16.102958120589356,16.0413524430548
1997-08-28,16.03808764115332,15.095352164272066
1997-08-29,15.094397005968215,15.23640327767827
1997-09-02,15.23840903083135,16.451631998053465
1997-09-03,16.447835695332703,16.341569546435704
1997-09-04,16.338243643116904,16.574549387738934
1997-09-05,16.571176067406412,16.807423807698942
1997-09-08,16.804003091808486,17.103192221232806
1997-09-09,17.099711309340652,17.505131517994254
1997-09-10,17.5015688017664,16.389876665717807
1997-09-11,16.386540930735784,16.477255550074595
1997-09-12,16.47390203138332,16.515714498653956
1997-09-15,16.51235315263959,15.354399328357912
1997-09-16,15.351274337974385,16.892669555173168
1997-09-17,16.889231489718238,16.52774514630196
1997-09-18,16.524381351760795,16.55053211871423
1997-09-19,16.547163686474896,16.964005543957402
1997-09-22,16.96055295990919,17.18315351696995
1997-09-23,17.17965633102663,17.698590862088476
1997-09-24,17.69498877222073,16.795287071820038
1997-09-25,16.791868826047892,16.36409388207961
1997-09-26,16.360763394515555,16.372514111627524
1997-09-29,16.369181910343784,16.896052946564243
1997-09-30,16.892614192507608,15.910290919168737
1997-10-01,15.907488256496842,16.116946582625513
1997-10-02,16.113227235604835,16.5832304422962
1997-10-03,16.582092796145915,17.09500064979816
1997-10-06,17.09152140508825,17.15599212592871
1997-10-07,17.1525004679832,17.82585647660677
1997-10-08,17.822697740111757,18.034206679347218
1997-10-09,18.03195478260784,18.162416528727345
1997-10-10,18.158720039155845,17.659707296298457
1997-10-13,17.656113120173643,17.77868061152786
1997-10-14,17.77506222146553,17.34829901339604
1997-10-15,17.34476821636334,16.772798583957982
1997-10-16,16.769384915135202,15.880804197560016
1997-10-17,15.877572071096534,14.823229835138696
1997-10-20,14.820212950550962,15.360176447687596
1997-10-21,15.357050281521028,16.297999103455467
1997-10-22,16.294682067772086,15.770190273347579
1997-10-23,15.76698065948404,14.727959062251557
1997-10-24,14.724961567562623,14.010412247069748
1997-10-27,14.007560790454283,10.856606998630717
1997-10-28,10.878039763962587,13.143916661614108
1997-10-29,13.141241557737295,12.494227820751817
1997-10-30,12.49168494421497,11.431590348172017
1997-10-31,11.429263743975884,12.075208240082654
1997-11-03,12.072750644131007,13.175005849272324
1997-11-04,13.172324417996412,13.053055235161992
1997-11-05,13.05039862377569,13.021584284275836
1997-11-06,13.018934077986652,12.54062800220266
1997-11-07,12.538075682110405,12.32274755637081
1997-11-10,12.320239580201324,11.714612735486375
1997-11-11,11.711535113261702,11.689700318720163
1997-11-12,11.687321182923242,10.615353354765233
1997-11-13,10.613843349106313,11.427424132642813
1997-11-14,11.34563726663225,12.189397609492639
1997-11-17,12.186916773251765,12.961642766642345
1997-11-18,12.9590047598969,12.460455058766428
1997-11-19,12.457919055800744,12.556721855146792
1997-11-20,12.554166259567518,13.398647538620517
1997-11-21,13.395920590869906,13.17003089513792
1997-11-24,13.167350476385097,12.178792507587925
1997-11-25,12.176313829740925,12.45182494017897
1997-11-26,12.449290693650449,12.669101801692877
1997-11-28,12.666523334085545,12.892109461128877
1997-12-01,12.889485606087215,13.944022080430985
1997-12-02,13.941184135814776,12.885810114452285
1997-12-03,12.883187541479519,13.23140264151557
1997-12-04,13.228709732132984,12.894807969193213
1997-12-05,12.892183564940112,13.532846649188755
1997-12-08,13.530092388684253,14.00709425299194
1997-12-09,14.00424347166825,12.75022928714951
1997-12-10,12.747634308143297,12.109517541429849
1997-12-11,12.107404914693916,11.0032034777806
1997-12-12,11.01084795904232,10.22776816388276
1997-12-15,10.225686566519453,10.408265770336673
1997-12-16,10.406147437359529,10.814088891090543
1997-12-17,10.811562347933954,10.364779939984803
1997-12-18,10.362670457422368,9.827694966867767
1997-12-19,9.82569479404388,9.91912973995474
1997-12-22,9.916803849501974,10.092080318554846
1997-12-23,10.08754520210843,9.278355592418436
1997-12-24,9.27646722339916,8.96450673957755
1997-12-26,8.962682246365203,9.392675511838949
1997-12-29,9.39076387596037,10.11112129596058
1997-12-30,10.109063439046684,10.724688302777853
1997-12-31,10.722505570187943,10.474506419700734
1998-01-02,10.47142224584744,11.021925744003546
1998-01-05,11.019682516429391,11.318772510324767
1998-01-06,11.316468867278127,10.942778195688943
1998-01-07,10.940551076548735,10.445816114583925
1998-01-08,10.436733619048589,10.547721955187853
1998-01-09,10.545256763141404,9.323218895721062
1998-01-12,9.321321395938128,9.757516749626594
1998-01-13,9.755530859761572,10.47317879149223
1998-01-14,10.471047247150542,10.510587989987762
1998-01-15,10.508448831972427,10.48131504608954
1998-01-16,10.479181845823916,10.801976907978124
1998-01-20,10.799778445294002,11.474318333666822
1998-01-21,11.471983033295677,11.457583276112189
1998-01-22,11.462617042216733,11.255646855235625
1998-01-23,11.25335605978145,11.378082874166655
1998-01-26,11.375767160031288,11.104624623271196
1998-01-27,11.10236456448164,11.73452530266128
1998-01-28,11.732137043899614,12.662192549628019
1998-01-29,12.660330756761459,12.864231806159143
1998-01-30,12.861613624892263,12.93587707982384
1998-02-02,12.933244317016747,14.012235657937364
1998-02-03,14.009383830213833,14.398570603687029
1998-02-04,14.3952510585746,14.904913002594135
1998-02-05,14.901879493512839,14.517965385967369
1998-02-06,14.515010630053489,15.27213812767409
1998-02-09,15.269029879427821,14.797482011803803
1998-02-10,14.792892046149404,15.466225853013366
1998-02-11,15.463078103236475,15.420045978419145
1998-02-12,15.416907627359906,15.657042598043885
1998-02-13,15.653856012459713,15.317980221091442
1998-02-17,15.312844210949605,14.9859944905118
1998-02-18,14.982545749184414,15.462178960502923
1998-02-19,15.45984609956304,16.106799895530525
1998-02-20,16.10393990695131,16.224702520502273
1998-02-23,16.22140040244035,17.300711968498206
1998-02-24,17.29719085657624,16.7189599230619
1998-02-25,16.7155572117044,17.909361624239057
1998-02-26,17.905716637440552,18.19652376369982
1998-02-27,18.190562214741817,17.608549936134743
1998-03-02,17.604966171765877,16.86983759236385
1998-03-03,16.866404173763723,16.782620667090228
1998-03-04,16.779204999236768,16.95347037254771
1998-03-05,16.95001993266083,14.660649568870308
1998-03-06,14.65454496248629,16.070259654075116
1998-03-09,16.06698896885938,14.624043303227916
1998-03-10,14.62106695790085,15.404881687037912
1998-03-11,15.401746422277508,15.610206691071918
1998-03-12,15.607029637723802,15.985282144759092
1998-03-13,15.982028754514896,16.226901028268596
1998-03-16,16.226927249309913,16.67322986934626
1998-03-17,16.669836465157026,16.146079551847002
1998-03-18,16.14279343545442,16.51768280431905
1998-03-19,16.514321057707036,16.896104827381176
1998-03-20,16.892666062765546,16.174449304207215
1998-03-23,16.17115741388617,16.572342162718364
1998-03-24,16.568969291609342,17.350922412882806
1998-03-25,17.347391081925075,18.08290211987944
1998-03-26,18.07966880708503,18.214841937704737
1998-03-27,18.21113477829879,17.924831149882042
1998-03-30,17.921183014662173,17.695672905302015
1998-03-31,17.67623358786758,18.304788581146635
1998-04-01,18.30106311543057,18.64592008139139
1998-04-02,18.649862871547807,18.718935696939454
1998-04-03,18.715125942302244,18.870143158978724
1998-04-06,18.866302629978108,17.564548326955087
1998-04-07,17.560973517974357,16.541652766110968
1998-04-08,16.538286141033925,16.90972106801264
1998-04-09,16.90627953216382,17.15152160884409
1998-04-13,17.15189847880237,17.405472505202845
1998-04-14,17.40193007198639,17.83887320820074
1998-04-15,17.835242567494035,18.636103527871086
1998-04-16,18.632310631576964,18.45465968828421
1998-04-17,18.450903720185174,18.614892244931326
1998-04-20,18.61110366564458,19.59859736850907
1998-04-21,19.59460858151731,20.368861679581098
1998-04-22,20.364716125234693,21.380655269096028
1998-04-23,21.376303790364716,19.76636735782879
1998-04-24,19.762344425600084,19.36074797877674
1998-04-27,19.35680759986919,17.955154953397933
1998-04-28,17.951500646553086,18.05599092579632
1998-04-29,18.052316096400425,18.804405377761356
1998-04-30,18.800578227983838,19.186241067718246
1998-05-01,19.182336205173613,19.335658419359085
1998-05-04,19.331723146781663,19.526580919038878
1998-05-05,19.515614353024162,19.119983106799435
1998-05-06,19.116091729347005,18.881385476851417
1998-05-07,18.877999085390897,17.98151679462326
1998-05-08,17.97785712250827,19.357075212399092
1998-05-11,19.35313558098803,18.591294482154968
1998-05-12,18.587961785430743,19.428518963550513
1998-05-13,19.424564791613932,19.729969817227715
1998-05-14,19.72595429277589,19.865778527467555
1998-05-15,19.859379578009115,19.073731183107213
1998-05-18,19.069849219036165,18.74592212025175
1998-05-19,18.74210687322688,19.330647022506447
1998-05-20,19.326712769869086,18.49897241134701
1998-05-21,18.49520742454067,17.86161027957793
1998-05-22,17.857975011329117,17.43536556627649
1998-05-26,17.43181704910153,16.824824995015657
1998-05-27,16.821400737564122,17.210716174576394
1998-05-28,17.20721337896785,17.432911075031274
1998-05-29,17.429363057404448,16.446191070993528
1998-06-01,16.442843874672562,15.342088935995505
1998-06-02,15.338966451073567,16.188629862628257
1998-06-03,16.185335086221748,15.234355555190866
1998-06-04,15.231254996608852,16.45334849536927
1998-06-05,16.449999842339913,16.921906018163103
1998-06-08,16.918462002383205,16.928481183429927
1998-06-09,16.92461466792457,17.613992626334014
1998-06-10,17.6104077542465,16.563139563637307
1998-06-11,16.559353844171913,15.968195058307888
1998-06-12,15.964945145697673,16.037674095361925
1998-06-15,16.034410042092865,15.487294162790151
1998-06-16,15.484142125104366,16.958595631112875
1998-06-17,16.955144148112332,17.50533355996635
1998-06-18,17.50220024585483,17.637615553018488
1998-06-19,17.634025873095958,18.164057060713866
1998-06-22,18.16036023725456,19.22105573422713
1998-06-23,19.249533708369803,20.969434337239935
1998-06-24,20.9651665518808,22.350272045202185
1998-06-25,22.34572322608417,21.346061977874935
1998-06-26,21.341717539712263,21.803131672210547
1998-06-29,21.79869420934734,22.72350939658583
1998-06-30,22.71939395701231,22.593687391539774
1998-07-01,22.589089031531213,23.537149841572457
1998-07-02,23.532359464213005,22.29849639042784
1998-07-06,22.29395810890363,22.793843108222323
1998-07-07,22.789204011700633,22.97501574667444
1998-07-08,22.97033977715363,24.579008364020545
1998-07-09,24.57400594333761,24.856864398033757
1998-07-10,24.85180542695014,25.272018475668066
1998-07-13,25.266875010722295,26.867530999981778
1998-07-14,26.862630756031333,26.71761374807846
1998-07-15,26.71217606964845,28.483931920739533
1998-07-16,28.478134753984012,28.6515106197052
1998-07-17,28.645679346644926,29.311314121784335
1998-07-20,29.305348562806724,29.41468895412538
1998-07-21,29.408702355877523,27.356391801358274
1998-07-22,27.350824116196577,27.27018647253163
1998-07-23,27.264636332232342,25.84228746489038
1998-07-24,25.837027936458878,25.98614801741179
1998-07-27,25.980859209890067,26.958846468687913
1998-07-28,26.953359693584307,25.0720232656173
1998-07-29,25.06692050451769,24.34935930577134
1998-07-30,24.344403624207487,26.56048739355938
1998-07-31,26.555642569439446,24.040440727755207
1998-08-03,24.03554791856851,23.568880171389686
1998-08-04,23.564083336143252,20.914348785199124
1998-08-05,20.910092211077675,21.508739127065134
1998-08-06,21.504361580181243,23.244878318839003
1998-08-07,23.24014742577968,23.143534519251034
1998-08-10,23.13933374508293,23.073558842143854
1998-08-11,23.06886281672772,21.40113375755608
1998-08-12,21.39677811095873,22.576210481407724
1998-08-13,22.57161567837166,21.753738878964132
1998-08-14,21.749311468724972,21.337814783193327
1998-08-17,21.33347202353357,23.14562862575196
1998-08-18,23.14091793239761,24.833974418046406
1998-08-19,24.828920105625482,24.665457775269022
1998-08-20,24.660437760047024,24.65224109311908
1998-08-21,24.647223767810488,23.403151273880443
1998-08-24,23.398388168459572,23.197047938831876
1998-08-25,23.19232678040784,24.07221106176853
1998-08-26,24.067311786553034,23.31873763020584
1998-08-27,23.31399170499626,20.12684909288016
1998-08-28,20.157281481375925,17.976288936867217
1998-08-31,17.972630328747297,12.65406957882351
1998-09-01,12.651494170635885,15.13586400437477
1998-09-02,15.132783491197502,15.368075489441598
1998-09-03,15.364947715629624,14.890849618070133
1998-09-04,14.887818971226588,14.753641503794286
1998-09-08,14.75063878210942,17.723435303022217
1998-09-09,17.719828156711863,16.695570893270432
1998-09-10,16.692172942144293,15.641024270578395
1998-09-11,15.637840945109987,17.716841261768575
1998-09-14,17.713235457504567,18.452236571408623
1998-09-15,18.448481096472282,19.119921975444765
1998-09-16,19.11516871466953,19.426547467347827
1998-09-17,19.422593696658247,17.683017792067613
1998-09-18,17.679418871695006,18.041643449552414
1998-09-21,18.037971540213782,19.15759994735684
1998-09-22,19.1537009139706,19.517238253762915
1998-09-23,19.51326602531218,22.07048845112836
1998-09-24,22.065996574715964,20.248788884060513
1998-09-25,20.24466776742237,21.746293981448158
1998-09-28,21.741868086425104,21.41649918587559
1998-09-29,21.414465090922914,21.483948124166133
1998-09-30,21.45862951864219,19.64263999119153
1998-10-01,19.638642240464403,16.49329198040087
1998-10-02,16.489935197909464,16.59144042085934
1998-10-05,16.23906350190748,13.93690632477256
1998-10-06,13.934069828384153,13.14065519953319
1998-10-07,13.113359822941089,12.013979145007555
1998-10-08,11.811141959324303,11.31934775471683
1998-10-09,11.31704399459409,13.389618683176836
1998-10-12,13.40533867330833,14.91202738681035
1998-10-13,14.908992429780373,13.592997949689149
1998-10-14,13.576715337250324,14.558701546720965
1998-10-15,14.555738500016421,16.814111683217888
1998-10-16,16.81068960618355,16.584144956399825
1998-10-19,16.58076968313778,17.202485257302214
1998-10-20,17.198984136883745,16.134533526751383
1998-10-21,16.131249760253226,17.969091155751055
1998-10-22,17.965434012553096,18.898044716103108
1998-10-23,18.894198508463045,18.280108640346395
1998-10-26,18.276388197593196,19.431339662815397
1998-10-27,19.42738491679852,18.75968346530336
1998-10-28,18.755865417513057,19.858823366117246
1998-10-29,19.854781616862187,20.556041320332476
1998-10-30,20.551857670417185,20.734013554703633
1998-11-02,20.7297936831486,21.536845620203938
1998-11-03,21.53246235297118,20.75133699410868
1998-11-04,20.747113596816142,22.175784206087364
1998-11-05,22.171270899450665,22.53968295509793
1998-11-06,22.534626215948773,23.294666789125873
1998-11-09,23.289925762912684,23.7302759929806
1998-11-10,23.725446309794002,24.198316483543703
1998-11-11,24.193391542835084,24.347138144557498
1998-11-12,24.219355073381088,23.64032913196761
1998-11-13,23.63551775513541,23.566882644301295
1998-11-16,23.562086215599773,24.058050870492306
1998-11-17,24.053154477217067,25.170558482938088
1998-11-18,25.165435667546546,25.98351434573243
1998-11-19,25.97822607422638,27.133552109461448
1998-11-20,27.12802977754864,27.480875925778925
1998-11-23,27.4752829050972,29.863120955623664
1998-11-24,29.857043090653974,29.387057263989238
1998-11-25,29.381076289456388,30.359218913924988
1998-11-27,30.353040081062264,32.048438697043515
1998-11-30,32.04368913585353,27.879935149128496
1998-12-01,27.874260910275435,31.871101870906596
1998-12-02,31.86461533341795,31.071138553824138
1998-12-03,31.067696213572646,28.450301448432548
1998-12-04,28.501451865532815,31.49161581875705
1998-12-07,31.485206515827592,34.19539527384777
1998-12-08,34.188435686624175,33.64751695815579
1998-12-09,33.64066887737613,34.675613122809146
1998-12-10,34.668555799677556,32.64850322792769
1998-12-11,32.643044863696346,33.95355335523075
1998-12-14,33.92657771065266,30.23727214987499
1998-12-15,30.23055558753594,33.01694271777185
1998-12-16,33.010222974050194,32.55709341148078
1998-12-17,32.5504672581777,34.51009925031943
1998-12-18,34.50307561325063,37.275486241685705
1998-12-21,37.30657018233629,40.63284309890314
1998-12-22,40.624573335871446,39.28798180844201
1998-12-23,39.279985757101024,42.68090022891995
1998-12-24,42.67221363689357,41.75423722046774
1998-12-28,41.745739226700934,42.98195619897474
1998-12-29,42.97320833480145,42.91640467801237
1998-12-30,42.907670155153724,42.02774534080835
1998-12-31,42.09577411177095,43.75564469307348
1999-01-04,43.746739364641755,45.05166084773715
1999-01-05,45.04249174877728,48.57548368442633
1999-01-06,48.56559740257689,53.22214107342319
1999-01-07,53.21130908478668,53.39555826517958
1999-01-08,53.384690981964305,53.96921110225328
1999-01-11,53.95822706685767,56.12235122885072
1999-01-12,56.11092897753756,50.95739711892991
1999-01-13,50.94702606028015,51.695707983181364
1999-01-14,52.98957791636591,48.20754857613082
1999-01-15,48.19773717794505,53.915157698535
1999-01-19,53.90418466431,58.14408003899775
1999-01-20,58.132246317137636,58.12041500372517
1999-01-21,58.10858609827019,51.92934633180957
1999-01-22,51.918777458065996,52.1027276013855
1999-01-25,52.092123440374195,54.70309344387284
1999-01-26,55.26551426865261,60.057392274145
1999-01-27,60.04604368950862,57.25166432127157
1999-01-28,57.24001222752183,63.50645901174685
1999-01-29,63.493533916504795,65.52606140518611
1999-02-01,65.51272527217417,65.84494202919744
1999-02-02,65.83154099629184,60.97653949069116
1999-02-03,60.97117635896001,64.58135928341707
1999-02-04,64.56913022560269,56.12312986009328
1999-02-05,56.11170745030989,52.85339979125045
1999-02-08,52.842642850353435,56.471912793524304
1999-02-09,56.4604193980065,48.21555029373277
1999-02-10,48.20573726700459,48.85724832531224
1999-02-11,49.01542293740898,56.42949418572648
1999-02-12,56.41800942341787,49.2810112240589
1999-02-16,49.27098135034829,48.95077837122448
1999-02-17,48.940063615261,44.189292182285584
1999-02-18,44.180298596136666,45.20283325141783
1999-02-19,45.193633385229774,46.9982600355853
1999-02-22,46.993078683154245,51.6814838743572
1999-02-23,51.67096544659849,54.16190670363448
1999-02-24,54.150883450039025,51.0089213677965
1999-02-25,50.9985398227201,49.85365735378044
1999-02-26,49.843510932778706,46.11401922353189
1999-03-01,46.15421002905851,46.98811314440931
1999-03-02,46.978549930728576,43.40214511629472
1999-03-03,43.60288717229614,44.1548166150452
1999-03-04,44.14583004550525,46.452639729991
1999-03-05,46.44535039992885,49.089178483301176
1999-03-08,49.07918765217747,53.866324919723006
1999-03-09,53.855361824145625,53.40911240055913
1999-03-10,53.39824235875058,54.17233427819869
1999-03-11,54.16130890234045,54.56874857467849
1999-03-12,54.55764251895529,51.759603934954846
1999-03-15,51.779988748588515,55.7106292876016
1999-03-16,55.699290831628105,56.73984632175258
1999-03-17,56.71432770114331,55.99370735028791
1999-03-18,55.98231128110502,59.08418100351644
1999-03-19,59.0839481629994,54.92322874735489
1999-03-22,54.91205054637175,52.771179834368965
1999-03-23,52.73700671598993,47.61114170837348
1999-03-24,47.60145169336178,51.39539382214259
1999-03-25,51.38493362060574,56.718277473087845
1999-03-26,56.70673393641909,55.38459327343772
1999-03-29,55.373321173652265,61.57838057167541
1999-03-30,61.56584788687254,59.919628899636976
1999-03-31,59.907433810783836,58.263465503442475
1999-04-01,58.25160748376254,61.53674592501337
1999-04-05,61.524221713864705,67.83374911577356
1999-04-06,67.81994331268533,67.73190994021051
1999-04-07,67.71812486384935,65.27435703874417
1999-04-08,65.26107213363817,68.14663791473963
1999-04-09,68.13276843123857,68.8281719935192
1999-04-12,68.81416380140463,67.57396975989423
1999-04-13,67.56021682816694,63.52520005744456
1999-04-14,63.51227114794795,57.23185494532817
1999-04-15,57.22020688326395,59.834531184188506
1999-04-16,59.822353414771754,55.663406310712894
1999-04-19,55.652077465753514,46.12810362234997
1999-04-20,46.11801143207302,50.51822354656323
1999-04-21,50.60647213324824,56.14256514514438
1999-04-22,56.131138779812,62.33064590544429
1999-04-23,62.31796011651253,64.61277452534704
1999-04-26,64.60050204651836,68.98951957830693
1999-04-27,69.19063533578225,64.04185613677039
1999-04-28,64.02882207530756,59.090533709489755
1999-04-29,59.07850736149328,56.499162654614025
1999-04-30,56.502054363040976,57.84373797615176
1999-05-03,57.831965381141224,57.94688730172641
1999-05-04,57.93509371334169,54.63898037305693
1999-05-05,54.627860023469815,59.165523614963156
1999-05-06,59.153482004713275,52.79135775095062
1999-05-07,52.84080775326977,55.75058099904764
1999-05-10,55.73923441193783,57.071804892525506
1999-05-11,57.06018940450506,60.344296187029045
1999-05-12,60.33201466814625,63.799311048224496
1999-05-13,63.78632635053377,60.44264338829842
1999-05-14,60.43034185338949,55.931261003439296
1999-05-17,55.91987764359327,59.90208527167201
1999-05-18,59.88989375337005,58.51681010058079
1999-05-19,58.5130385787571,60.682999487448
1999-05-20,60.679817887230904,56.80737120576336
1999-05-21,56.79580953637239,54.7499002492684
1999-05-24,54.73875732481273,50.54844170923852
1999-05-25,50.538153882872564,45.99912778009909
1999-05-26,45.98976584877964,49.70736572455067
1999-05-27,49.697249077421866,49.4729090644916
1999-05-28,49.46284013494474,52.31979311904362
1999-06-01,52.30914477996706,47.49914043678858
1999-06-02,47.489473216735455,50.90826566416524
1999-06-03,50.897904604950845,47.63867957446182
1999-06-04,47.73948952119354,53.1879395844802
1999-06-07,53.17711455667112,56.43949206551777
1999-06-08,56.428005268399616,51.231111675878005
1999-06-09,51.396705305400175,54.806400446823545
1999-06-10,54.79524602321573,51.88278414433776
1999-06-11,51.872224747121734,49.22823334557901
1999-06-14,49.218214213438884,46.818991620426836
1999-06-15,46.78454195664913,48.823690932685714
1999-06-16,48.81375413467818,56.58207354811862
1999-06-17,55.91350622880372,58.36722913683139
1999-06-18,58.355349998750825,59.5125259682368
1999-06-21,59.50041373464348,64.60345904857637
1999-06-22,64.59116581619345,59.5574518491279
1999-06-23,59.54533047203488,61.91300285846115
1999-06-24,61.9004020699568,57.37159583584959
1999-06-25,57.35991933314567,57.4183328969032
1999-06-28,57.40664688208075,61.97906412093878
1999-06-29,61.94905211905508,64.94564820652529
1999-06-30,64.933285561581,66.34684556533232
1999-07-01,66.33334238295865,68.53358575738048
1999-07-02,68.51963752066601,70.76810536021202
1999-07-06,70.75370234489492,69.18885784354345
1999-07-07,69.20952044030311,70.0460180916737
1999-07-08,70.03176203852178,73.06123748476814
1999-07-09,73.0463677617874,74.73323867410012
1999-07-12,74.71802865857349,73.88039675857708
1999-07-13,73.86256876527817,72.86701781002496
1999-07-14,72.84760087699355,76.83237276170709
1999-07-15,76.81673552179367,77.96619722822554
1999-07-16,77.95032922770217,80.84259288470578
1999-07-19,80.82811358175364,77.37282375912001
1999-07-20,77.35707652440097,68.21973882592827
1999-07-21,68.20585446462968,71.20589563097974
1999-07-22,71.19140351478954,63.79371931923789
1999-07-23,63.780735759598805,65.45317641011562
1999-07-26,65.43985511095707,59.583904736996786
1999-07-27,59.57177797610343,65.58241902417502
1999-07-28,65.53582514883195,67.68498596247142
1999-07-29,67.67121043627084,61.505564838702156
1999-07-30,61.493046973656185,62.12206452827383
1999-08-02,62.10942119068021,61.594648985697695
1999-08-03,61.58211298988042,59.478864651293
1999-08-04,59.466759268589094,56.67809361751423
1999-08-05,56.66655825922872,58.80668772963281
1999-08-06,58.79471915113539,57.19608510573262
1999-08-09,57.18444432369299,55.26973252289765
1999-08-10,55.258483800043656,53.44065340626282
1999-08-11,53.48757228599702,59.203393719592796
1999-08-12,59.19134440186376,57.003388274463035
1999-08-13,57.1323296419715,64.1516914937407
1999-08-16,64.13863507813512,64.62766946587007
1999-08-17,64.61451617727364,66.63694894664445
1999-08-18,66.6233867212397,64.9013042184019
1999-08-19,64.88809523853733,61.63244237494565
1999-08-20,61.61989868726265,64.55046116188011
1999-08-23,64.53732358703466,70.44527814715636
1999-08-24,70.42828089699037,72.09477310116648
1999-08-25,72.08010007698456,77.10990273241366
1999-08-26,77.0942090084613,72.97902757716234
1999-08-27,72.96417458587948,71.61548829826616
1999-08-30,71.60091282009488,68.3954449865016
1999-08-31,68.3815248647639,70.96695109054457
1999-09-01,70.95250760532815,71.65471948924466
1999-09-02,71.64013602658034,70.52279025760642
1999-09-03,70.61011858564366,80.59015314157264
1999-09-07,80.57375110277003,79.12344376830428
1999-09-08,79.1073402402144,75.55304397547414
1999-09-09,75.53766710980715,80.21488216499617
1999-09-10,80.19855650288326,82.97759069292513
1999-09-13,82.83793595580778,77.890744436981
1999-09-14,77.89370820589016,81.56284353098023
1999-09-15,81.1951016129894,75.78725335508301
1999-09-16,75.46720946879223,76.10440665037726
1999-09-17,76.27402039600345,82.56369277999887
1999-09-20,82.96183762571941,83.36120510209179
1999-09-21,82.48456158576363,76.32987334341763
1999-09-22,76.39117719934329,80.02173093274793
1999-09-23,81.03391259411764,69.30483949686105
1999-09-24,68.93166206987851,68.97454050977676
1999-09-27,69.10623169098126,71.2713145232699
1999-09-28,71.18543010740258,71.3831299942629
1999-09-29,71.3871195033744,68.76735943125692
1999-09-30,68.9864281598883,69.5247909872949
1999-10-01,69.49332107290863,69.19776375346449
1999-10-04,69.35635458658318,74.65712161305106
1999-10-05,74.68912046977862,74.95168971384481
1999-10-06,75.62424324870955,80.49028101047752
1999-10-07,80.78761298336524,80.41848383701343
1999-10-08,80.60221942594495,82.61446878017252
1999-10-11,82.74313917466885,84.86406002918798
1999-10-12,85.50330390930573,79.66129856526919
1999-10-13,78.60282410102099,72.84017299266692
1999-10-14,73.60613336446731,74.28410513565501
1999-10-15,73.92717252637654,68.21388286605895
1999-10-18,67.97779549874883,64.64406850150023
1999-10-19,65.24174040578048,64.62547691291543
1999-10-20,66.44008654243741,73.2616596599792
1999-10-21,71.83425778269498,74.16775226660219
1999-10-22,74.38620498952751,74.92541301920402
1999-10-25,75.11451503815525,74.73968169358261
1999-10-26,74.78405502310116,73.10300328641416
1999-10-27,73.09257533853818,72.27845147070896
1999-10-28,73.53874058883189,79.5945126037907
1999-10-29,79.57831320183762,88.72734878389153
1999-11-01,88.66893072511195,86.56483260042678
1999-11-02,86.61768382592265,87.58501986729081
1999-11-03,87.9412730401976,92.13435800932773
1999-11-04,93.13219772490841,95.25464220242081
1999-11-05,95.4223504309652,100.7813981343284
1999-11-08,98.21877706756466,103.9937201499656
1999-11-09,104.56488535356308,101.39942278816018
1999-11-10,102.16910923946864,105.1185299078946
1999-11-11,105.14898402619471,110.96061208978078
1999-11-12,111.11908769918895,115.48648254417257
1999-11-15,115.7832043225434,113.87248843667922
1999-11-16,113.84931264036814,121.47211141425629
1999-11-17,123.01646595007588,117.83983094089746
1999-11-18,118.12667427102741,128.954436634404
1999-11-19,128.64353817594142,132.16126746133656
1999-11-22,132.09116129006233,134.82517620821784
1999-11-23,134.76985613971075,128.16349691148332
1999-11-24,128.55269147858982,142.0751977755406
1999-11-26,142.16009844270317,143.12832560740952
1999-11-29,142.85943886152353,135.72382040289614
1999-11-30,135.4901613357469,122.8543149314949
1999-12-01,123.24301633802197,126.60893675074948
1999-12-02,127.29534062685093,140.69503312523398
1999-12-03,142.2483190732103,149.36570324503023
1999-12-06,149.32682045077442,151.948466643239
1999-12-07,151.84325697394075,153.88400225264576
1999-12-08,152.7623087543234,147.93983321777745
1999-12-09,150.77398753171758,148.3314885189598
1999-12-10,148.98404568762666,153.30720199412463
1999-12-13,152.56816891742366,158.8366660443975
1999-12-14,158.98510116495285,147.7317283075651
1999-12-15,147.47636089433541,157.71855859340326
1999-12-16,159.84834177985658,171.3594567294313
1999-12-17,176.01131188618234,175.53112830843085
1999-12-20,175.82608394105026,180.18965748114292
1999-12-21,181.30906521435676,202.2894941178342
1999-12-22,203.69129287600725,208.03303353915186
1999-12-23,208.71072556525468,212.86074349332986
1999-12-27,212.4883550896274,214.2357796557848
1999-12-28,214.6618844112469,210.8288347671263
1999-12-29,211.31241310647061,230.1569648866191
1999-12-30,230.65097019958853,228.93622340171106
1999-12-31,231.93432106298232,233.35960104361
2000-01-03,242.35802125591428,249.04757812760454
2000-01-04,244.27027661252157,201.3461148080386
2000-01-05,200.7821990638479,194.65181816624195
2000-01-06,191.44876504991475,167.12409288706934
2000-01-07,166.55730530551844,195.32156463195633
2000-01-10,200.03146331014014,226.83992586233504
2000-01-11,226.39286148093015,195.11009938481374
2000-01-12,195.80031603022235,184.0695974740246
2000-01-13,186.84072690881186,205.4422514546257
2000-01-14,212.4337744256429,221.36399927030365
2000-01-18,221.3189463604382,230.77964304260507
2000-01-19,227.72399616857422,236.7051605120727
2000-01-20,238.14622844757739,246.1658410276261
2000-01-21,246.11574034511074,247.6454529019424
2000-01-24,254.99942812448782,210.21425179319664
2000-01-25,211.21538340752116,227.08518875870192
2000-01-26,227.687737182911,201.95770516493013
2000-01-27,203.1998744872179,197.15639562645745
2000-01-28,197.56729993584753,172.84250728602052
2000-01-31,171.59760888728258,191.3213412056981
2000-02-01,192.9287062306682,212.52939130200224
2000-02-02,212.21398653119016,216.34487844900485
2000-02-03,216.59185222956552,238.35094421981395
2000-02-04,239.68386870861315,242.5738364436219
2000-02-07,242.3478721163176,253.54369746538458
2000-02-08,253.27935782690017,278.4505033681932
2000-02-09,278.1820462944,258.95963151693337
2000-02-10,260.15396227475424,282.71474476027424
2000-02-11,282.71112377932405,257.48695857572505
2000-02-14,257.6408718648045,260.73855985374047
2000-02-15,260.2381210716437,262.76802509496775
2000-02-16,262.7145454677964,262.8464165479614
2000-02-17,265.61733836849567,288.0232378639833
2000-02-18,289.04746947883416,254.39157648003928
2000-02-22,255.2596774901946,254.93768576834478
2000-02-23,254.28270156494065,293.48701307411716
2000-02-24,293.3365583823592,310.87630060547775
2000-02-25,311.14420541306856,294.4111913157217
2000-02-28,294.35127154146096,290.81496589158036
2000-02-29,293.40114402836446,312.7787381240513
2000-03-01,314.64593656849695,321.93113189805536
2000-03-02,322.5291469668358,305.02561627309785
2000-03-03,309.9924804204821,350.41350502011034
2000-03-06,351.6695536117088,353.6613326819469
2000-03-07,361.2804174368111,337.38860552508396
2000-03-08,341.7343379561415,349.9641323542937
2000-03-09,350.08178819438103,383.0261081958218
2000-03-10,382.94815314989944,383.0957591489465
2000-03-13,382.5167011324359,342.8052422953801
2000-03-14,347.80694616000886,295.75084360470834
2000-03-15,300.67581708619986,274.9950381874725
2000-03-16,277.18035053832574,319.7127190283271
2000-03-17,318.7508668699813,338.73563176915957
2000-03-20,339.330339998703,297.51841323095704
2000-03-21,297.1290402358446,336.77687260495657
2000-03-22,336.6833832136632,370.1203141464411
2000-03-23,369.4556171122841,385.362876866204
2000-03-24,385.0710320002219,392.8887008534963
2000-03-27,391.8013711340166,396.01690579543805
2000-03-28,396.19388480840877,365.20750922259026
2000-03-29,365.23355963600574,324.54917962638825
2000-03-30,316.20900879071826,288.7852638209562
2000-03-31,292.48736416836596,318.9861406105031
2000-04-03,309.7517422034011,250.2344223489413
2000-04-04,252.53299912655038,242.18027552812487
2000-04-05,241.0918243326345,241.37672766537915
2000-04-06,242.42897805859423,251.4500422053822
2000-04-07,255.91201178290603,289.53903866495097
2000-04-10,289.9051758783222,230.016199016769
2000-04-11,228.06747059324096,214.63125632107074
2000-04-12,214.55299060193994,169.1666668243894
2000-04-13,170.8306159489843,157.86614267502236
2000-04-14,155.5151829283192,112.15233819256622
2000-04-17,110.7178058808215,145.52224694544006
2000-04-18,145.69302612158478,168.53065881278062
2000-04-19,169.0991177447201,150.36001130793122
2000-04-20,150.8581498814382,140.4847502600769
2000-04-24,133.59561203078147,122.56147244421565
2000-04-25,124.47497378071141,152.18062294777766
2000-04-26,152.30596643343495,137.5072318669052
2000-04-27,137.3015609120311,159.41577027567143
2000-04-28,159.8819433747484,169.80974879354065
2000-05-01,171.93810315265745,177.43534974130003
2000-05-02,168.8097038446805,149.8610684272472
2000-05-03,149.83056808739767,141.72674967260477
2000-05-04,141.64539335247167,142.691517416718
2000-05-05,142.72721847161984,156.7368250280965
2000-05-08,156.7049253060375,135.4179641491836
2000-05-09,135.80914878037032,126.53900186217655
2000-05-10,125.56784964822646,104.5021532935857
2000-05-11,110.9331843775859,117.95149030189575
2000-05-12,117.92748433038011,120.4855166134686
2000-05-15,120.28166561766834,131.65627848710943
2000-05-16,132.6269814373971,146.82817370220477
2000-05-17,145.36581354585775,135.1950933250794
2000-05-18,134.82716490517922,120.98415997657864
2000-05-19,120.8567621478247,103.39473385641078
2000-05-22,103.45265574774623,103.73991461724387
2000-05-23,103.53386943447879,80.72770266718102
2000-05-24,80.71688527553876,93.26014261634037
2000-05-25,93.34584427458047,86.08979514891253
2000-05-26,86.21310009692101,86.23475199886006
2000-05-30,86.21636619113265,112.26864340689504
2000-05-31,112.24579403170846,103.35087998788181
2000-06-01,104.04992370155273,121.56526542061701
2000-06-02,121.54052395875411,146.04058135383676
2000-06-05,144.44884614834777,143.03335506990157
2000-06-06,143.00424433430337,133.31568100944327
2000-06-07,133.08452195470898,143.08681868242397
2000-06-08,143.2782924435103,139.72806816272683
2000-06-09,139.6996301326887,145.6570111707332
2000-06-12,145.73077879600262,131.43510779673178
2000-06-13,131.42137500573594,145.18532450288168
2000-06-14,145.3558664249766,134.90359121938343
2000-06-15,135.22608915805512,143.06157164425716
2000-06-16,143.75882978785506,147.05735741213354
2000-06-19,147.0274276950595,164.04048666329268
2000-06-20,164.00710047003503,163.98999715617808
2000-06-21,163.35006161233733,168.43312303301488
2000-06-22,168.25248390823415,147.26664602479835
2000-06-23,147.85101740989936,133.37117811452705
2000-06-26,133.34403386484757,142.6682982900648
2000-06-27,142.63926185232103,134.3898855498713
2000-06-28,134.5925235022685,142.1964144081574
2000-06-29,141.4627271718229,130.27422128950604
2000-06-30,130.28500604153916,140.6647986533102
2000-07-03,140.6361699760372,145.20239049398054
2000-07-05,145.19343858189308,127.40165045349349
2000-07-06,127.20082232686615,142.37887608376627
2000-07-07,142.29698099119983,147.69952729886194
2000-07-10,147.69715026340532,139.67265732661863
2000-07-11,139.6897909478866,136.54216726010065
2000-07-12,143.7157472096525,153.956111684351
2000-07-13,153.92477790448697,160.4688630184456
2000-07-14,161.1844898206218,170.70969215208663
2000-07-17,170.67494861474975,173.26675788686856
2000-07-18,173.03060293807243,160.2939378510757
2000-07-19,160.26131417081245,146.0295896513994
2000-07-20,145.99986910983915,163.23043492574064
2000-07-21,162.87489007072125,152.55239754579162
2000-07-24,152.52134945559155,138.66184912023564
2000-07-25,138.63362809147404,146.8090351005083
2000-07-26,146.7723405933343,141.3862083459932
2000-07-27,141.155249763215,126.16286707595032
2000-07-28,126.96580124012007,105.01536880331119
2000-07-31,105.01392510487214,116.9345996147888
2000-08-01,116.91080060504031,108.31630381784571
2000-08-02,108.29425883903727,105.42951685986634
2000-08-03,105.4080594117903,117.45087019060253
2000-08-04,117.49210995212023,116.92938923035197
2000-08-07,116.9055912810423,125.77515716326029
2000-08-08,125.60312506576953,123.28357206171782
2000-08-09,125.49178627473427,123.88366876135773
2000-08-10,123.32004558656438,114.01506901387235
2000-08-11,113.98805489553374,118.66942094427989
2000-08-14,118.64720053163694,125.94576668308557
2000-08-15,125.827680181726,126.20000495773317
2000-08-16,126.17432021465333,126.00932462650948
2000-08-17,125.98367869147343,137.06323098983742
2000-08-18,137.03533531840029,134.53044869532198
2000-08-21,134.7521759475039,136.6092292422038
2000-08-22,137.06110263185164,136.58145352316956
2000-08-23,135.50145243174674,143.86999137750695
2000-08-24,143.85512279760843,149.64199325629446
2000-08-25,149.148915143536,147.50251206380645
2000-08-28,147.7066285346117,150.0322290981112
2000-08-29,150.1496737300085,149.70914270143422
2000-08-30,149.64798628298578,151.55569985476342
2000-08-31,151.82158121541613,163.97863105211533
2000-09-01,164.7318572685379,166.53635160513716
2000-09-05,164.86810186216664,152.86738332761095
2000-09-06,151.82405871072197,135.69457211450055
2000-09-07,136.74575109190712,147.97341330082224
2000-09-08,147.47053594937668,132.23733575760474
2000-09-11,132.21042227217632,121.085781652051
2000-09-12,121.06113777669303,117.13008071110852
2000-09-13,117.10624191624483,124.25656581708296
2000-09-14,124.23127661071516,123.77469879841979
2000-09-15,123.18419458790574,117.67288075065558
2000-09-18,117.64893148289956,108.90674949830726
2000-09-19,109.14429134030291,124.45451950567418
2000-09-20,124.42919001095905,127.78754693990551
2000-09-21,127.76153909376436,120.42466397915022
2000-09-22,120.40015465717504,118.72709890605448
2000-09-25,123.71965314215996,110.7193254588289
2000-09-26,112.67297630637182,106.98556708707014
2000-09-27,111.30790905344446,105.84288973124976
2000-09-28,104.49591219916536,119.29506044459657
2000-09-29,115.40099360818951,104.64248629965894
2000-10-02,108.41316130116513,94.37167050335994
2000-10-03,100.08604506431935,85.2008623572826
2000-10-04,84.00738328854004,92.70711970538106
2000-10-05,90.11912706110502,90.32678599752248
2000-10-06,90.9810418496938,81.35136013835762
2000-10-09,80.95236074011558,81.82820821081435
2000-10-10,78.31963823765496,72.31427054804799
2000-10-11,64.7616780856142,66.20176502469215
2000-10-12,71.00652706998864,59.501793025937666
2000-10-13,58.68997738386324,75.55984776560354
2000-10-16,74.72772560931773,73.5799178897897
2000-10-17,77.93632273246442,67.92832098209871
2000-10-18,59.788640150613425,65.28931387580597
2000-10-19,76.33937052502824,82.28435974289954
2000-10-20,80.58321513441238,86.0659944826535
2000-10-23,85.65929192512611,83.45285527787067
2000-10-24,85.87727758877537,78.24648652567295
2000-10-25,70.70029551750063,61.662599785302845
2000-10-26,62.83046745869656,65.21040358088601
2000-10-27,69.25351521864492,65.5402519446426
2000-10-30,62.659258810163166,59.77062086893603
2000-10-31,62.036316358183015,71.69176290675941
2000-11-01,67.22796147558552,67.89631216708536
2000-11-02,72.10496628092098,73.16460168829033
2000-11-03,74.52831612655842,74.01953326064984
2000-11-06,75.62483101348424,71.83424815862656
2000-11-07,69.99303546798427,71.07226311882889
2000-11-08,72.11101600137377,56.56076203403675
2000-11-09,52.88446137967739,56.26831921921627
2000-11-10,51.69419108925608,47.29516929491585
2000-11-13,42.803049281240355,44.522555196730146
2000-11-14,49.975574911195544,54.376948595896636
2000-11-15,53.72774759596606,56.33024703784273
2000-11-16,53.028722003974586,48.185432109688335
2000-11-17,48.63769071620098,48.64271114566412
2000-11-20,43.83352740893353,41.698937843265696
2000-11-21,42.36288260673196,41.40859950026051
2000-11-22,39.24959344686985,36.229824477821644
2000-11-24,39.36469549183635,43.00009790741817
2000-11-27,46.65976000453247,39.85706749637906
2000-11-28,39.61321035685713,33.467226266693054
2000-11-29,33.994384633527694,32.74124576550837
2000-11-30,27.746121955963385,28.949303054319614
2000-12-01,31.027169599796228,30.40652216470153
2000-12-04,31.22818712396557,30.548932215872572
2000-12-05,33.92027595878351,41.76403635470735
2000-12-06,40.905720410592174,37.00737007631221
2000-12-07,34.770661957384384,35.97794685699346
2000-12-08,40.744078863173655,43.11096781838916
2000-12-11,43.320629073337074,46.56636582194632
2000-12-12,45.113806092708614,41.47107887444233
2000-12-13,44.80716556504203,36.05203765613441
2000-12-14,35.86292888240167,31.739102120154158
2000-12-15,29.985783662355914,28.32173848031416
2000-12-18,30.353663702074453,28.214752446452987
2000-12-19,28.06821931635387,23.4447519603531
2000-12-20,20.176264952079553,18.10998857196165
2000-12-21,17.651570254888238,18.44574649742196
2000-12-22,20.391243643444255,23.920930233617174
2000-12-26,23.89396965046179,22.979366393311263
2000-12-27,22.36746962676057,24.52485132167031
2000-12-28,23.791059305386405,24.62950830383019
2000-12-29,24.64698036594586,20.93287053662061
2001-01-02,20.91734892487248,15.217570583883106
2001-01-03,14.325344635339803,23.40345207826552
2001-01-04,22.208517177697438,21.520994160074768
2001-01-05,21.536823041093502,16.466126937835575
2001-01-08,15.974636969065248,16.741861869856212
2001-01-09,17.42066492584244,17.391579110022626
2001-01-10,16.088980029744086,19.509157010553814
2001-01-11,18.611653745166414,22.071151061007182
2001-01-12,22.018392578170204,21.584448486582893
2001-01-16,21.492458440048384,20.665198292458207
2001-01-17,23.57368734216219,22.799834164572264
2001-01-18,23.222110209290793,25.81041838803131
2001-01-19,27.824406623511237,25.249453247202027
2001-01-22,24.78339839683987,24.877496287712415
2001-01-23,24.849849507549575,27.319684963520736
2001-01-24,27.40028144158949,27.200100858195373
2001-01-25,26.01535978468641,23.3611383290117
2001-01-26,21.802092563314325,24.206958814079822
2001-01-29,23.371179092385542,25.868950024004825
2001-01-30,26.059825839668537,25.614613217957377
2001-01-31,25.863724919631533,22.92096877472821
2001-02-01,22.73703734989575,23.284164926566596
2001-02-02,23.238700819509226,19.66313688027986
2001-02-05,19.075488653910956,19.52937874393123
2001-02-06,19.435168656107184,19.66173679986292
2001-02-07,18.42710545047319,18.14987549816734
2001-02-08,18.752218411835717,16.88255293639431
2001-02-09,16.391921552284238,14.886971186323924
2001-02-12,14.596240741274014,15.364133553263546
2001-02-13,15.93948864485977,13.725259348786516
2001-02-14,14.019858488348612,15.557496592318298
2001-02-15,16.66233156730801,16.880863448239676
2001-02-16,13.838709670879178,13.533011903730765
2001-02-20,13.84954170480934,11.335075984994
2001-02-21,10.700415311139762,10.735553069726953
2001-02-22,10.733681339244466,10.322601364824555
2001-02-23,9.789189441232557,10.647399186465929
2001-02-26,11.14190596356775,11.293475462426574
2001-02-27,10.798712139567034,9.1881105770773
2001-02-28,9.45044513906673,8.375992160306831
2001-03-01,7.999274710526219,9.123343245510037
2001-03-02,7.981358539872061,7.920064724251037
2001-03-05,8.262983190689067,8.365984641607387
2001-03-06,9.236374889323455,9.137115075536371
2001-03-07,9.726530303022075,9.396325319708735
2001-03-08,9.199682332102716,8.581216516089974
2001-03-09,7.97697200433385,6.966800482690291
2001-03-12,6.331806970592861,5.494013128905184
2001-03-13,5.800344226911657,6.589024392400932
2001-03-14,5.719112906332157,6.05957902297365
2001-03-15,6.728877582919811,5.482731307726674
2001-03-16,5.083081397252485,4.996724260557515
2001-03-19,5.1066197301960745,5.75873062859457
2001-03-20,5.882653184535536,4.580177017467068
2001-03-21,4.662992470707946,4.496085058099363
2001-03-22,4.6613110656359416,5.323837424821283
2001-03-23,5.717466148238488,5.333315851905264
2001-03-26,5.618537035474918,5.0479740738736885
2001-03-27,5.0815346528284,5.57845617109733
2001-03-28,5.018070651670914,4.340357451797248
2001-03-29,4.1506864884522185,4.024847366710419
2001-03-30,4.1065258033669885,4.101228590084119
2001-04-02,4.072318371498257,3.6583574656431197
2001-04-03,3.4498468036953933,2.8313181015096833
2001-04-04,2.788121708470762,2.659687810808903
2001-04-05,3.1323315289371387,3.565354723457328
2001-04-06,3.3175497818418895,3.076770988079668
2001-04-09,3.2332596364405615,3.2879884254420415
2001-04-10,3.5161344800766243,4.088155739130422
2001-04-11,4.829775638798671,4.424876888281851
2001-04-12,4.186986623509755,4.934071066148469
2001-04-16,4.655723470961152,4.389409211648684
2001-04-17,4.032062007551565,4.528261091333452
2001-04-18,5.24692670140957,5.878512784021332
2001-04-19,6.102818139619055,7.079897254401686
2001-04-20,6.864567038882465,6.862743502373963
2001-04-23,6.307130515942174,5.605616957139444
2001-04-24,5.582014716629161,5.143502933792576
2001-04-25,5.106204732898138,5.595376587005666
2001-04-26,5.826185360850358,5.10215793768411
2001-04-27,5.496861391130041,5.509872181554308
2001-04-30,5.923527825323719,5.915140856924117
2001-05-01,5.909345733878269,6.523142624724593
2001-05-02,6.92115605387847,6.964812333049155
2001-05-03,6.447108290169494,6.080682407177488
2001-05-04,5.523478175492652,6.464844198900613
2001-05-07,6.469173664138082,6.172712642342378
2001-05-08,6.5975254868027315,6.496352932931747
2001-05-09,6.048121221075808,5.966034527842542
2001-05-10,6.440456206655982,5.55505215915512
2001-05-11,5.593175582112449,5.396708729336132
2001-05-14,5.379520372594459,5.162611155372332
2001-05-15,5.216778994069574,5.177665587985199
2001-05-16,5.01783140797652,6.038820575660368
2001-05-17,6.050658051025226,6.28147867122562
2001-05-18,6.138950136694136,6.301366452662881
2001-05-21,6.335388718717218,7.527637489201183
2001-05-22,7.6397569674015315,7.41633268926015
2001-05-23,7.18862262779668,6.498215809073661
2001-05-24,6.575366228081378,6.954712208430047
2001-05-25,6.919449567266921,6.509333877314633
2001-05-29,6.36688243373993,5.648885071904444
2001-05-30,5.198273484043904,4.813809493574377
2001-05-31,4.863565533468106,4.982227276758086
2001-06-01,5.1982025705493635,5.323624686732291
2001-06-04,5.498575742960832,5.29998131986227
2001-06-05,5.426961153474513,6.042872819284798
2001-06-06,6.112784765021357,5.849394761983546
2001-06-07,5.748104981544217,6.387614894100743
2001-06-08,6.351176186435236,5.732594089279744
2001-06-11,5.631209968638116,5.283528876534032
2001-06-12,4.879686033462792,5.305358948647454
2001-06-13,5.373202062212543,4.766858797469176
2001-06-14,4.575769770261449,4.147261194615949
2001-06-15,3.9133409098270504,4.06774287575384
2001-06-18,4.142291888016513,3.810822923281261
2001-06-19,4.288890216124314,3.840500830684758
2001-06-20,3.6978229155384,4.1414098885905295
2001-06-21,4.086007251481188,4.351361887722084
2001-06-22,4.382902220821685,4.171549576362033
2001-06-25,4.353551565522802,4.287016579814901
2001-06-26,4.027949521511519,4.3292806116574125
2001-06-27,4.355315113616891,4.360160667883339
2001-06-28,4.5551797602312964,4.758355525990354
2001-06-29,4.782877113410333,4.924583927407216
2001-07-02,4.933511351781804,4.9225662480841725
2001-07-03,4.820864133232359,4.855289937539835
2001-07-05,4.682196356787229,4.294083210669925
2001-07-06,4.128189528980468,3.697614819543158
2001-07-09,3.7785668753783956,3.886847139605723
2001-07-10,4.03557051690585,3.3736306118206545
2001-07-11,3.3266048203884537,3.474313272120792
2001-07-12,3.8974921440551498,4.182864933274914
2001-07-13,4.119131764268951,4.187483368094353
2001-07-16,4.129095553393621,3.72069699517608
2001-07-17,3.6492228066471477,4.004609628201048
2001-07-18,3.7440754612937357,3.5754431331169987
2001-07-19,3.7915114267788605,3.7595032447695518
2001-07-20,3.535879909814686,3.625004412624663
2001-07-23,3.745830913132966,3.312393923817151
2001-07-24,3.243497399597787,3.1594024499888436
2001-07-25,3.1853952841040027,3.294537632630635
2001-07-26,3.2717666294756618,3.568239517667768
2001-07-27,3.5677694258157495,3.6294045880373442
2001-07-30,3.667672390632055,3.541993493788331
2001-07-31,3.5965008317310065,3.627262579602213
2001-08-01,3.82081350851501,3.9261205612094607
2001-08-02,4.125540124124176,4.072067122526342
2001-08-03,4.019415272923229,3.8933146291211007
2001-08-06,3.7570377440699363,3.736186909485571
2001-08-07,3.685599038100998,3.6920231302737756
2001-08-08,3.596466486732218,3.2387286314915826
2001-08-09,3.215664049565812,3.2534803761616997
2001-08-10,3.2083575287827415,3.183663839032441
2001-08-13,3.2414161147505185,3.395702693269825
2001-08-14,3.46827539815852,3.2475577579967103
2001-08-15,3.2443868095316066,2.900279790305616
2001-08-16,2.7683493071718934,2.948444305077601
2001-08-17,2.7221232613500286,2.588977682303433
2001-08-20,2.5966960574780047,2.6875026143626504
2001-08-21,2.7017058166895103,2.3953439066480993
2001-08-22,2.510891801135022,2.564248224755637
2001-08-23,2.5533703956297438,2.4698906176345865
2001-08-24,2.590656731709904,2.8871182360245897
2001-08-27,2.8675590187148927,2.8788188288535026
2001-08-28,2.884909139908643,2.5925526767717746
2001-08-29,2.6524606632734327,2.4532655108199295
2001-08-30,2.3197289429315364,2.230651416357032
2001-08-31,2.187989904895981,2.3009928762938707
2001-09-04,2.2846491504973274,2.0869310060423643
2001-09-05,2.091913571653816,2.047238519719444
2001-09-06,1.9457109497645249,1.8182144918615977
2001-09-07,1.7614831961448743,1.787201567312069
2001-09-10,1.7385769200971941,1.828813052758927
2001-09-17,1.4737523778487551,1.3889127711087184
2001-09-18,1.4404526459501257,1.2914666673119772
2001-09-19,1.3086042014015897,1.2384151874866263
2001-09-20,1.1362900649719572,1.1104438126438245
2001-09-21,0.8893895080674264,0.9822915290459335
2001-09-24,1.086086697523224,1.15372759158191
2001-09-25,1.1624142467146519,1.1437207776754945
2001-09-26,1.18875438010074,1.0108276288904345
2001-09-27,0.9947365833110783,1.0123215656738076
2001-09-28,1.0487414085563038,1.076510957354772
2001-10-01,1.0579656301798404,1.0290640986498043
2001-10-02,1.0276480596307953,1.050424444220645
2001-10-03,1.0104993855219575,1.287422863737773
2001-10-04,1.3561888518151035,1.3204657000691307
2001-10-05,1.2809808626126318,1.3532265314841272
2001-10-08,1.281412693332878,1.3744179008383184
2001-10-09,1.3720759035096874,1.2609893442746352
2001-10-10,1.2461728871932698,1.4416550589675972
2001-10-11,1.5381252023835719,1.7315379584027786
2001-10-12,1.6803558868292212,1.7443699336151228
2001-10-15,1.6552595347796553,1.6865253730097292
2001-10-16,1.7281946397927936,1.7816888084935816
2001-10-17,1.9176150738476063,1.4147500013973462
2001-10-18,1.4162049487018837,1.4643351460902367
2001-10-19,1.4207784790860576,1.5187291404097547
2001-10-22,1.4960040660360203,1.6366360367586814
2001-10-23,1.6867133025106171,1.638530836737227
2001-10-24,1.6540016896435463,1.7829583337455297
2001-10-25,1.6761955114266767,1.9736768896457115
2001-10-26,1.9045389468835028,1.8768707476200674
2001-10-29,1.8406515721022367,1.5688467085229452
2001-10-30,1.497924871799054,1.4587880298606104
2001-10-31,1.5441757048509404,1.5311337423878262
2001-11-01,1.5877690183369908,1.7337893159134705
2001-11-02,1.708783684559827,1.7387441083171324
2001-11-05,1.8414135881725082,1.9408516822817752
2001-11-06,1.9046610011789313,2.1061703786481303
2001-11-07,2.0353005807850746,2.1101304505501517
2001-11-08,2.2065663739505816,2.046183880905014
2001-11-09,2.0355676285681095,2.0629719862358367
2001-11-12,2.0495205698617722,2.118163191787039
2001-11-13,2.274562686549762,2.3363044889606592
2001-11-14,2.4278765611165594,2.356297981108834
2001-11-15,2.297560325236176,2.339864702906189
2001-11-16,2.3581068674313372,2.3368514286631035
2001-11-19,2.4057663439570605,2.494623001733715
2001-11-20,2.447988382201251,2.18294261397955
2001-11-21,2.15718542290602,2.1915419310127047
2001-11-23,2.21261561248048,2.299044890303395
2001-11-26,2.353580557517195,2.484542555101143
2001-11-27,2.4286286440223632,2.43837700142774
2001-11-28,2.3697673184001453,2.200565796749748
2001-11-29,2.2526507158785964,2.3808561086572033
2001-11-30,2.3604078491285168,2.365344797737652
2001-12-03,2.2768769305159666,2.2386260468669796
2001-12-04,2.300421529060491,2.5276591467642544
2001-12-05,2.616974619275713,2.9358667737855946
2001-12-06,2.9050729882605806,2.9195234601562507
2001-12-07,2.859280467572362,2.695966563496271
2001-12-10,2.620863400819524,2.558177258276701
2001-12-11,2.655141597382604,2.630746956611092
2001-12-12,2.6550577472935757,2.671006703229845
2001-12-13,2.5009372608910665,2.350291420077964
2001-12-14,2.3467757357603403,2.365864423698894
2001-12-17,2.3716151916391643,2.5183808367953535
2001-12-18,2.577606450431803,2.5975210743320947
2001-12-19,2.464380061417968,2.4603393952913493
2001-12-20,2.3890059917495257,2.1410377114769874
2001-12-21,2.2335239089527295,2.2261986689773874
2001-12-24,2.2379749489827203,2.2211716932287526
2001-12-26,2.2476721286947092,2.2776579630015212
2001-12-27,2.313317173296765,2.344220885513436
2001-12-28,2.393518032481747,2.407588750381033
2001-12-31,2.3902572436821568,2.2110947988139293
2002-01-02,2.268100213389506,2.351820509880687
2002-01-03,2.385997401618513,2.59941551218209
2002-01-04,2.6872253796224705,2.63641072062325
2002-01-07,2.712981668771109,2.512584045538735
2002-01-08,2.519337476380208,2.58820671755151
2002-01-09,2.688687639330974,2.5233084877480643
2002-01-10,2.5237560093993032,2.5356481304596588
2002-01-11,2.5479424705300375,2.4308877333931105
2002-01-14,2.389069179113437,2.295293710723232
2002-01-15,2.3087807168280317,2.331800551363462
2002-01-16,2.2285509223845215,2.1027388392930666
2002-01-17,2.2157308712602584,2.2794055972053267
2002-01-18,2.0915474621103325,2.050093424159245
2002-01-22,2.126623191555931,1.8583532333677917
2002-01-23,1.8957288261597354,2.0354961995346534
2002-01-24,2.0986612308927177,2.0973896148576774
2002-01-25,2.0204578180760984,2.067719143263226
2002-01-28,2.1275281853903194,2.092492424541305
2002-01-29,2.1154937294417935,1.9075004850867772
2002-01-30,1.928807131692777,1.9809634696339573
2002-01-31,2.0212238775652436,2.023552165498597
2002-02-01,2.0006226168515773,1.9369874959155577
2002-02-04,1.9296341941912578,1.7504151390545253
2002-02-05,1.7125693103547988,1.692105263640216
2002-02-06,1.7528003651978936,1.6299388434341797
2002-02-07,1.6267327410795325,1.5208690752920795
2002-02-08,1.5605751314218244,1.6453076928579229
2002-02-11,1.6414377423861288,1.7310636264806134
2002-02-12,1.6626703166095445,1.68449653683285
2002-02-13,1.7237946975826604,1.7602259352565095
2002-02-14,1.7756375876673332,1.7164054874541925
2002-02-15,1.7256582797748115,1.5824852301966679
2002-02-19,1.530515103026714,1.4209944181504455
2002-02-20,1.4623739432990412,1.4853457708128117
2002-02-21,1.449952432003932,1.2973528853276917
2002-02-22,1.305720192546455,1.3197173479940898
2002-02-25,1.3494597514323028,1.4722862739675995
2002-02-26,1.4974276189909745,1.4498238717712575
2002-02-27,1.5088489992600753,1.3752598601771222
2002-02-28,1.3979363419619664,1.3161747151132972
2002-03-01,1.3563735467136981,1.5405955339402038
2002-03-04,1.537963404125166,1.7306395445640954
2002-03-05,1.6960033722673127,1.7440426428386275
2002-03-06,1.7082591619825238,1.8151363107161513
2002-03-07,1.8558957757759924,1.7660092768694018
2002-03-08,1.8719049463469133,1.9375811538993786
2002-03-11,1.8885201336860875,1.9311580259695078
2002-03-12,1.7676767588546207,1.8041205988921647
2002-03-13,1.7391840403558896,1.6828136076129867
2002-03-14,1.6895701399773773,1.6511859329012966
2002-03-15,1.6752289095025392,1.7119597836083684
2002-03-18,1.7680044117832983,1.7468052473056064
2002-03-19,1.7623528960599755,1.7417277848490775
2002-03-20,1.6629954894755539,1.5580369078511196
2002-03-21,1.5614565798667488,1.6798138588117437
2002-03-22,1.6594020321150182,1.6156276458626626
2002-03-25,1.6269042432548135,1.474152222756683
2002-03-26,1.4613678667304744,1.510283637939428
2002-03-27,1.4841672851185521,1.49991654498083
2002-03-28,1.5339738081477925,1.5506073345912463
2002-04-01,1.5104913652064171,1.6301734519883386
2002-04-02,1.5188015102778114,1.4095766291274188
2002-04-03,1.431386666964315,1.3597065242467794
2002-04-04,1.3340344203112027,1.3668071810132791
2002-04-05,1.392799483848595,1.305733313145642
2002-04-08,1.2202505640893404,1.3455543894216082
2002-04-09,1.3586978427674072,1.205974965541684
2002-04-10,1.2357149162608019,1.2541022244705724
2002-04-11,1.2247869910688012,1.1481854949822836
2002-04-12,1.189583474219338,1.2191282666132857
2002-04-15,1.237575010497614,1.2272949732363
2002-04-16,1.3024984938584483,1.3900269283173192
2002-04-17,1.4147834136892616,1.358666571910997
2002-04-18,1.341083911949185,1.3354860414929273
2002-04-19,1.3708330367986603,1.3025140295098543
2002-04-22,1.2467536519553828,1.2040112340873157
2002-04-23,1.2013581242811455,1.1313261568278057
2002-04-24,1.1620384913767445,1.0767950370553359
2002-04-25,1.0598822676067594,1.076183325554136
2002-04-26,1.09698711403398,0.946350668576392
2002-04-29,0.9590721001074518,0.9363690584998802
2002-04-30,0.9337000815275132,1.0041642068150816
2002-05-01,0.9958453242136925,0.9811227009302438
2002-05-02,0.9698226691960098,0.8837001980314855
2002-05-03,0.8803183907655884,0.80860687512156
2002-05-06,0.8100518016436622,0.7479465691764581
2002-05-07,0.7721426893830093,0.7433498786008701
2002-05-08,0.8465782272396792,0.9917562563886699
2002-05-09,0.9602335943439986,0.8953369869778732
2002-05-10,0.9096196340881363,0.7818417937484647
2002-05-13,0.8051815516836001,0.8871997896705094
2002-05-14,0.986040692458478,1.0267755614529814
2002-05-15,0.9908214821914763,1.0381876052977317
2002-05-16,1.0337000687236302,1.0491224417331284
2002-05-17,1.090479965734987,1.0720266824775408
2002-05-20,1.0330687987743095,0.991167635320309
2002-05-21,1.0107783365443412,0.9058833424915792
2002-05-22,0.8844277745355751,0.9234909635234583
2002-05-23,0.9359448108893941,0.9722038947613642
2002-05-24,0.933790939257732,0.89636424708947
2002-05-28,0.9200031628746145,0.8776557429056181
2002-05-29,0.8506996448412673,0.8226062345597216
2002-05-30,0.7996776644666075,0.8401665510868093
2002-05-31,0.8598246247125343,0.7987455423256066
2002-06-03,0.7923560734076798,0.7013685387927159
2002-06-04,0.6951630399113436,0.7365036108114559
2002-06-05,0.7437386338602554,0.7678473764274771
2002-06-06,0.7451682897795565,0.6953747581013903
2002-06-07,0.6057057827804982,0.6585573813078666
2002-06-10,0.662356568672583,0.6502385513872857
2002-06-11,0.6726087460741259,0.588594838404969
2002-06-12,0.5748102596072261,0.6234531184458378
2002-06-13,0.6131364480326201,0.5954280447897292
2002-06-14,0.5503485350323712,0.5975475038384034
2002-06-17,0.624793839674583,0.6635505939115165
2002-06-18,0.6454290068090499,0.6435133900226031
2002-06-19,0.6278664286505903,0.5747327511817946
2002-06-20,0.5698871557492203,0.5196619249404366
2002-06-21,0.5039290286222349,0.4805847265871694
2002-06-24,0.4629875576357601,0.509895425983896
2002-06-25,0.5285062421011436,0.4574914986663584
2002-06-26,0.3998686391072323,0.45775546747419815
2002-06-27,0.4861646049587988,0.4889866739536509
2002-06-28,0.4845867533000477,0.489830964133766
2002-07-01,0.48004555032135277,0.41609528548930086
2002-07-02,0.40485549753370015,0.37335456122907545
2002-07-03,0.36583988587114663,0.4098147841492925
2002-07-05,0.4380695610213037,0.49250311667005203
2002-07-08,0.4790050422436922,0.4284130643113789
2002-07-09,0.42951693199384666,0.3976494351188634
2002-07-10,0.41655487806237407,0.35816011436304734
2002-07-11,0.3524406350997017,0.4011559516593313
2002-07-12,0.42274327608409745,0.4037086948181477
2002-07-15,0.39171878161209456,0.42726212062711366
2002-07-16,0.4164917143184408,0.4149137359378837
2002-07-17,0.45974244340742926,0.4345729081738455
2002-07-18,0.4244474944464026,0.39166745676498166
2002-07-19,0.3684919744696734,0.3574309207932144
2002-07-22,0.3495495791875134,0.3284253091910506
2002-07-23,0.3327544933976329,0.2835086000705246
2002-07-24,0.26321245309385033,0.3317971537912435
2002-07-25,0.31431302128107225,0.27342229906964544
2002-07-26,0.28384867295305516,0.28851917753958256
2002-07-29,0.3113985870794742,0.346383179264296
2002-07-30,0.33233425769041636,0.35651766711433
2002-07-31,0.3408331880161805,0.3365829954334651
2002-08-01,0.3286010893305075,0.28622327085155497
2002-08-02,0.28617436818174063,0.266297579030428
2002-08-05,0.263540137792821,0.2346789971193758
2002-08-06,0.2497867516544741,0.2723143302870856
2002-08-07,0.2999943148353176,0.28695267775064637
2002-08-08,0.2839063541541418,0.31300204209332844
2002-08-09,0.2981579701203583,0.3028942689730259
2002-08-12,0.29153865290973996,0.3040456275781803
2002-08-13,0.2988935549924421,0.27374940764096817
2002-08-14,0.2779735547368205,0.329550917324247
2002-08-15,0.3358616579240049,0.3418795387315937
2002-08-16,0.328291333710907,0.3567213221239149
2002-08-19,0.3580776872317302,0.38888371236054775
2002-08-20,0.3756719249260512,0.36838575820116454
2002-08-21,0.38248676661863873,0.3987281100685164
2002-08-22,0.39944412689259884,0.4142471449488034
2002-08-23,0.39888072323957624,0.36918750177300463
2002-08-26,0.37692731056663664,0.37592827966773884
2002-08-27,0.38107594674694306,0.3283639893699282
2002-08-28,0.3193001838939807,0.298659944680297
2002-08-29,0.28781702355045174,0.3139266922020945
2002-08-30,0.30388438487334746,0.29502753801773296
2002-09-03,0.2819314023278384,0.25558472962772605
2002-09-04,0.25994756793657575,0.27382255633979696
2002-09-05,0.25585651930266434,0.24048539634537902
2002-09-06,0.2638715972171612,0.273040079742915
2002-09-09,0.2653992597088799,0.2815100497476421
2002-09-10,0.2834458010272261,0.29548207987527725
2002-09-11,0.30530855795892164,0.2938821005035144
2002-09-12,0.2836960302280455,0.26497043057293396
2002-09-13,0.2602426449472796,0.2723774327182389
2002-09-16,0.26813825183665635,0.2587888462472336
2002-09-17,0.274810776923864,0.24829595590871137
2002-09-18,0.23704135510698798,0.24597837599705602
2002-09-19,0.22991169825756455,0.22211514067313903
2002-09-20,0.23039608412361778,0.2262891571818511
2002-09-23,0.21797924904918098,0.20433193071793304
2002-09-24,0.19493268815980028,0.20433191859966446
2002-09-25,0.2150808746546529,0.23155787015696375
2002-09-26,0.23985845352300783,0.225854525505306
2002-09-27,0.21987620280963419,0.2154597339272269
2002-09-30,0.20667828346086362,0.19480129786297384
2002-10-01,0.2009178969248544,0.2218980681056425
2002-10-02,0.2176475401522974,0.20584448237245836
2002-10-03,0.20376001551564346,0.19395096658049757
2002-10-04,0.2007131892288874,0.18099271709733344
2002-10-07,0.1793976474348278,0.17378765354740858
2002-10-08,0.18060751959146026,0.17809834420208293
2002-10-09,0.17109616889102905,0.17522702537159052
2002-10-10,0.17651955589432552,0.20272407394270986
2002-10-11,0.2156183896543847,0.23269940126624566
2002-10-14,0.2233556774802541,0.24008572386871874
2002-10-15,0.27258938384732057,0.28031667945660477
2002-10-16,0.24567206817912035,0.24465158701771675
2002-10-17,0.2776734345703364,0.27229196643181847
2002-10-18,0.26477708236854536,0.28143382399491557
2002-10-21,0.27230770273555555,0.30117701390319135
2002-10-22,0.27798662614138014,0.2863108666203084
2002-10-23,0.28296432690815293,0.308669358523869
2002-10-24,0.31158302463445375,0.28553497314985216
2002-10-25,0.28467791172949797,0.3125618043969764
2002-10-28,0.32396081480699984,0.29672670663200246
2002-10-29,0.2931312089136377,0.2796958124814003
2002-10-30,0.286328368696944,0.30188917528369114
2002-10-31,0.3057770274368576,0.30492746318550756
2002-11-01,0.2971924612899928,0.33149611015069985
2002-11-04,0.36112490463340463,0.35847068989064024
2002-11-05,0.34483944925073884,0.3613809364370671
2002-11-06,0.3687386981054311,0.3773139113911504
2002-11-07,0.35373508633228146,0.33542278102301604
2002-11-08,0.33559975667950104,0.31817312267108305
2002-11-11,0.3143787007508765,0.2843326085634285
2002-11-12,0.2930198201956552,0.3103990966117282
2002-11-13,0.30332831059387766,0.31931757689285184
2002-11-14,0.3357432101974351,0.3635327691692444
2002-11-15,0.3495097589273494,0.36648737161154454
2002-11-18,0.3794764423099275,0.3489743015518681
2002-11-19,0.34096019711135084,0.3297474059655923
2002-11-20,0.33219687186553737,0.3727847613121212
2002-11-21,0.3856524098007548,0.4232018134083087
2002-11-22,0.4055160214293029,0.42018466945958577
2002-11-25,0.4223581888513835,0.432528922901559
2002-11-26,0.42004134524147946,0.3874449209346152
2002-11-27,0.40925554917352003,0.428786108309174
2002-11-29,0.4372237029537594,0.4174213594217719
2002-12-02,0.4488758053014841,0.42086827557351025
2002-12-03,0.40835362039389467,0.38545792553674024
2002-12-04,0.3642867988551265,0.3647238465780652
2002-12-05,0.3805899955653391,0.34688096869001356
2002-12-06,0.3326393732367739,0.35875126869391816
2002-12-09,0.34747119270711524,0.3078431989798756
2002-12-10,0.314651221632817,0.3244477645612847
2002-12-11,0.31575133978425124,0.3271864867151895
2002-12-12,0.33766157376647576,0.3303204092291847
2002-12-13,0.3185422028408923,0.29819608070406667
2002-12-16,0.3035073129264113,0.3309350695267347
2002-12-17,0.3275534315756404,0.32847991482958944
2002-12-18,0.31875767961370705,0.30369622731799195
2002-12-19,0.3025918315481854,0.2967384525772913
2002-12-20,0.2998812551010926,0.3035893055299938
2002-12-23,0.3022339898349379,0.319940084588161
2002-12-24,0.31454718817850214,0.3114681644045845
2002-12-26,0.3142811229359552,0.3050500364787758
2002-12-27,0.30127859357275205,0.28828029204561256
2002-12-30,0.28955637855258914,0.28124005317181733
2002-12-31,0.2794099379393994,0.2764339748835933
2003-01-02,0.2858723642251836,0.31356758433486387
2003-01-03,0.3104012069049569,0.31684622720272354
2003-01-06,0.3189838887965705,0.344332262485552
2003-01-07,0.34591663694491465,0.3543087810806322
2003-01-08,0.34593635955359053,0.32541193602485846
2003-01-09,0.33853982198686583,0.35715681942137295
2003-01-10,0.3409629696526412,0.3674342934746752
2003-01-13,0.3814302606801239,0.36239958397564864
2003-01-14,0.36169337953559727,0.3741510649325289
2003-01-15,0.37621753476810704,0.3521060787966508
2003-01-16,0.35457296332853033,0.3399511513885048
2003-01-17,0.32063717687477733,0.29854295541312925
2003-01-21,0.30319981645807154,0.2906803908790677
2003-01-22,0.28771711854432064,0.28846543128441077
2003-01-23,0.3038486779620855,0.3110830437191964
2003-01-24,0.30652813663786144,0.27826173811256477
2003-01-27,0.2689034773564004,0.2699378883810086
2003-01-28,0.2784785385761649,0.282218202871357
2003-01-29,0.2764031669047424,0.29465523645110514
2003-01-30,0.29626481829761553,0.2674414320772681
2003-01-31,0.2560545176959476,0.2650549798522342
2003-02-03,0.2684953823719187,0.2681960101758281
2003-02-04,0.2566155092686062,0.2556137528391576
2003-02-05,0.2626798827455719,0.25316108315963193
2003-02-06,0.2508208623505368,0.25427489337963766
2003-02-07,0.2620435688456596,0.24318883465911206
2003-02-10,0.24667645841953464,0.25299011053666465
2003-02-11,0.2572891849897369,0.25414305663908693
2003-02-12,0.2511722453000491,0.2424640445199838
2003-02-13,0.24453580056750637,0.23862979230910805
2003-02-14,0.24331921701101974,0.26146913082783363
2003-02-18,0.2679014556018391,0.2878946566057787
2003-02-19,0.28509588204976405,0.28012605798555823
2003-02-20,0.2839288927205148,0.27625937091029135
2003-02-21,0.27675764812282255,0.2881180241806389
2003-02-24,0.2822909258139897,0.2701069870911476
2003-02-25,0.25932313025109544,0.27334723627134366
2003-02-26,0.26806412815816355,0.25309058465653334
2003-02-27,0.25928785537619886,0.26896518963515537
2003-02-28,0.27171691881232596,0.28103584369394125
2003-03-03,0.28609704624046706,0.2650857341794066
2003-03-04,0.26545704147630084,0.2584801471097535
2003-03-05,0.2573941263609369,0.26407504125014114
2003-03-06,0.2574689534046596,0.25892673021064677
2003-03-07,0.24621924058417843,0.2605846914086031
2003-03-10,0.25350488857618414,0.2428304032769448
2003-03-11,0.24463188977049286,0.23856968717320878
2003-03-12,0.23541588423190504,0.24711583609778054
2003-03-13,0.26220506581475816,0.29346988803247476
2003-03-14,0.29737709832171616,0.29388398513217023
2003-03-17,0.28656870978525484,0.33281141288601773
2003-03-18,0.33115847098223145,0.33745668051207306
2003-03-19,0.3336460688724446,0.3305889023368327
2003-03-20,0.32069591282697985,0.33502150322800245
2003-03-21,0.34989573390801093,0.3467796785535929
2003-03-24,0.31961379351972824,0.30374288082755335
2003-03-25,0.30769285706562854,0.32067274069471896
2003-03-26,0.3198949915756956,0.3202981384539555
2003-03-27,0.3106806906848803,0.3161178082101229
2003-03-28,0.30740872790888335,0.3024994649710111
2003-03-31,0.2865806776435744,0.27835480638769394
2003-04-01,0.283511914298295,0.2814710389532187
2003-04-02,0.30185875923634053,0.3156914433139994
2003-04-03,0.32190568018210886,0.31602160364982307
2003-04-04,0.319031150949189,0.303894889120782
2003-04-07,0.33787271239946853,0.3037199897991288
2003-04-08,0.3023345944477762,0.29757315588322114
2003-04-09,0.29974801313790295,0.2779114479514191
2003-04-10,0.2788486445326685,0.2856492474728578
2003-04-11,0.2966311635175721,0.27930788063166234
2003-04-14,0.280761669879925,0.2973454404648501
2003-04-15,0.29389814303514733,0.30122567322961324
2003-04-16,0.31623313822115945,0.3022126242213768
2003-04-17,0.2991171906583849,0.3265395602693697
2003-04-21,0.32664482272031087,0.32412797664579984
2003-04-22,0.3176216347768222,0.34289852002175497
2003-04-23,0.34563739618492995,0.35258338773392933
2003-04-24,0.34102097607346216,0.3477172474955712
2003-04-25,0.34061446678731916,0.3243352037739341
2003-04-28,0.327314369060846,0.34581884696977605
2003-04-29,0.3512959505989013,0.3547656511057648
2003-04-30,0.3496902163313044,0.34444704451717895
2003-05-01,0.34280734418976905,0.35096021657851356
2003-05-02,0.34777716451504015,0.3725506776271719
2003-05-05,0.3756713778248775,0.372291840699106
2003-05-06,0.3705451201687625,0.3883215268523001
2003-05-07,0.3782378292542837,0.37118105293456966
2003-05-08,0.3560864288787763,0.35432650545413696
2003-05-09,0.36425940179451344,0.3779842260512809
2003-05-12,0.375457934904158,0.3944723544786077
2003-05-13,0.3865700221918355,0.38973075809562563
2003-05-14,0.39521434900988517,0.3815265277982228
2003-05-15,0.3883972344791563,0.3962065076413464
2003-05-16,0.3916081860416464,0.38744170273893996
2003-05-19,0.3795702626201109,0.3454828213269127
2003-05-20,0.3508254335255324,0.34562475312203034
2003-05-21,0.343625781791581,0.3462472601549285
2003-05-22,0.348536463117202,0.36274158441676185
2003-05-23,0.3597439758332282,0.3612392991695417
2003-05-27,0.35503775477818306,0.40133651226446326
2003-05-28,0.40167585525751587,0.4019229148431087
2003-05-29,0.4039888968975108,0.41052632090774677
2003-05-30,0.4175395563014795,0.42721308972812083
2003-06-02,0.44090663881000614,0.41280616878824505
2003-06-03,0.41112332684007086,0.4266391065732751
2003-06-04,0.42780173047967973,0.454479480907357
2003-06-05,0.4386681943902036,0.46149350418406593
2003-06-06,0.48716221588660835,0.43868617558360085
2003-06-09,0.43191409723815516,0.4195876271762334
2003-06-10,0.4255140971415233,0.4378925864395918
2003-06-11,0.43522590061876393,0.45415178918774485
2003-06-12,0.4598719461822606,0.45512545922896464
2003-06-13,0.4577318329915881,0.42660176201693617
2003-06-16,0.43466837688803234,0.4668684563854779
2003-06-17,0.47353064416978913,0.46439315959843236
2003-06-18,0.4577801598713453,0.4733479771904952
2003-06-19,0.47279643293559165,0.44812996941253075
2003-06-20,0.45824863989170245,0.4450223588904408
2003-06-23,0.44142869959060427,0.4196110345267659
2003-06-24,0.4158020620553,0.41058857896564177
2003-06-25,0.4120141863121047,0.4069266589311989
2003-06-26,0.4135624690777616,0.43394404055094304
2003-06-27,0.4362995429631585,0.4237118583043108
2003-06-30,0.4312931250767149,0.4196591628475728
2003-07-01,0.4128792374481714,0.4356653368028615
2003-07-02,0.44182509461162295,0.4661817438152431
2003-07-03,0.45222212490671193,0.4498641453661022
2003-07-07,0.4702575620725107,0.5061187472086236
2003-07-08,0.49879052090986126,0.5251729899137207
2003-07-09,0.5204670469159498,0.521060755251779
2003-07-10,0.5031884174377473,0.48918637053279634
2003-07-11,0.4952061217584833,0.5028369848009304
2003-07-14,0.5270249924791881,0.5202954983751439
2003-07-15,0.536994127097189,0.5181635310022247
2003-07-16,0.531615945273599,0.5146891252189546
2003-07-17,0.49395680046401563,0.4720128951206707
2003-07-18,0.48213180281072776,0.4762138329467742
2003-07-21,0.47181929788487115,0.4544374420697831
2003-07-22,0.4677606995261759,0.4728620683895077
2003-07-23,0.47836058488312005,0.4850034293468593
2003-07-24,0.5005155639078968,0.4671886166684084
2003-07-25,0.46581912148182586,0.4943848583958999
2003-07-28,0.4979853570221675,0.4967532257387785
2003-07-29,0.5009697156856627,0.490253458832211
2003-07-30,0.4917798501176651,0.47688692486271567
2003-07-31,0.4932159072722377,0.4915527593905415
2003-08-01,0.4887619956586245,0.4768480945175232
2003-08-04,0.4759364296948792,0.48008813426287983
2003-08-05,0.47591074860549654,0.4373241610104239
2003-08-06,0.42898813786711115,0.42167609084348784
2003-08-07,0.4213404243676705,0.4236269071926387
2003-08-08,0.43031706621863075,0.4129487168714726
2003-08-11,0.4149887399485809,0.42910044556931287
2003-08-12,0.4336018070600428,0.44750180144571483
2003-08-13,0.45483373657579246,0.44687713647828403
2003-08-14,0.44765090447229827,0.4591696937352145
2003-08-15,0.4574806756779773,0.4608778624518227
2003-08-18,0.4658023298968288,0.49528433993258764
2003-08-19,0.5027699520019017,0.5123852571138516
2003-08-20,0.5001465066858638,0.5120301785611509
2003-08-21,0.5235553669486787,0.5295417320202527
2003-08-22,0.5578796309261707,0.5156810429287544
2003-08-25,0.5131568241326744,0.5179456129915139
2003-08-26,0.5078391112211028,0.5204334744208677
2003-08-27,0.5166658915040002,0.5319304857071561
2003-08-28,0.5370005431459496,0.5479947998597504
2003-08-29,0.5431450711302486,0.5586236992285732
2003-09-02,0.566557065667503,0.5834051116290523
2003-09-03,0.5951937514340516,0.5818339776588316
2003-09-04,0.5817540963575397,0.5983670248032431
2003-09-05,0.5891342208814148,0.5833354917335779
2003-09-08,0.589191930577106,0.6151739201540551
2003-09-09,0.6062651772090941,0.5935300949018317
2003-09-10,0.576831877443003,0.5441895992207928
2003-09-11,0.5533918128141356,0.5668096412059216
2003-09-12,0.5540807709648967,0.5748578884903469
2003-09-15,0.5777133087347682,0.562048164447493
2003-09-16,0.5631597908862567,0.6057220762273714
2003-09-17,0.6010652100187382,0.5975832900095589
2003-09-18,0.5945449459793435,0.6276036101987806
2003-09-19,0.636189766707408,0.616589414838232
2003-09-22,0.5884569188491026,0.5820798488925695
2003-09-23,0.5839936101285411,0.6097975655335522
2003-09-24,0.6101874432249026,0.5455965924779076
2003-09-25,0.5515823860738599,0.5282357532482436
2003-09-26,0.525881020412419,0.5084230554992376
2003-09-29,0.5188272288806576,0.5390052058143594
2003-09-30,0.5248987585901402,0.5007067288735391
2003-10-01,0.5106636277298212,0.5373022835860768
2003-10-02,0.5333543913239963,0.539179225819734
2003-10-03,0.5705226200438612,0.5857504338368508
2003-10-06,0.5893110122258883,0.5936808177132836
2003-10-07,0.5811725011241905,0.6070656069295084
2003-10-08,0.6146579754390082,0.5933566517083032
2003-10-09,0.622182603098072,0.611519967783216
2003-10-10,0.6143242154411286,0.6216938653732792
2003-10-13,0.6315242085774568,0.634547967897888
2003-10-14,0.6301264443501409,0.6422254781775624
2003-10-15,0.6682825971293478,0.6369872528357947
2003-10-16,0.6282841238233239,0.6488314640584371
2003-10-17,0.6449884903796378,0.6041330159374103
2003-10-20,0.6058172518741993,0.623798039825953
2003-10-21,0.6285841716820586,0.6406274582627487
2003-10-22,0.6156716585254697,0.594020496994879
2003-10-23,0.5739904510081718,0.5816682030779259
2003-10-24,0.55931489602488,0.5716078213203007
2003-10-27,0.5819259409793222,0.5798579397527329
2003-10-28,0.5900453305698792,0.6339369607121128
2003-10-29,0.6259865632255899,0.6334815770096505
2003-10-30,0.6570827505825299,0.6291555777990255
2003-10-31,0.637030812615841,0.6275027204951765
2003-11-03,0.6363330543673823,0.6630317219687571
2003-11-04,0.6507950877266465,0.6438976910310329
2003-11-05,0.6419557853955719,0.6438750436271026
2003-11-06,0.6567964969662383,0.6578402011639162
2003-11-07,0.6719450436497297,0.6527127137714915
2003-11-10,0.6514077856812239,0.6223538949505704
2003-11-11,0.6194291921156134,0.6155405213985587
2003-11-12,0.6214018514800539,0.6599117757771975
2003-11-13,0.6477497042646893,0.6545524775930706
2003-11-14,0.6532191325028031,0.6102158560720286
2003-11-17,0.5995175467529238,0.5921595687609904
2003-11-18,0.601866193642804,0.5543832157845191
2003-11-19,0.5588648801081555,0.5715296220171269
2003-11-20,0.5550370525502187,0.5521930714437987
2003-11-21,0.5607554845616624,0.5639429034347903
2003-11-24,0.5784634157579828,0.6210791163887847
2003-11-25,0.6195742320531098,0.6104051995368026
2003-11-26,0.6240991930726316,0.6214704958753963
2003-11-28,0.6177993425508159,0.626617509412196
2003-12-01,0.639490856358232,0.6567247216380641
2003-12-02,0.649279907472231,0.6358804058664715
2003-12-03,0.6470484768820367,0.6191547892277898
2003-12-04,0.6254132153739468,0.635466180399297
2003-12-05,0.6132434303710571,0.6015925371468435
2003-12-08,0.6003283919358159,0.6156155960847906
2003-12-09,0.6229138330737525,0.5701670144746525
2003-12-10,0.5744889407022432,0.576496409014516
2003-12-11,0.576279519335996,0.6111153678685363
2003-12-12,0.6145361516153369,0.6112555932604429
2003-12-15,0.6431933878056455,0.5825409293152722
2003-12-16,0.5831606530725697,0.5903908829670877
2003-12-17,0.5871153086432156,0.5860150048380389
2003-12-18,0.5910191269452709,0.6252847270071571
2003-12-19,0.6299017795330326,0.618237241954249
2003-12-22,0.6137157725490259,0.6251336028974335
2003-12-23,0.6249147503042148,0.6464337729865511
2003-12-24,0.6388163021324663,0.6394966453055853
2003-12-26,0.6409884102976957,0.6401256652642928
2003-12-29,0.6449963097878773,0.6752742597258732
2003-12-30,0.6715132992085021,0.6744923351250125
2003-12-31,0.6764887105628559,0.6713309914595429
2004-01-02,0.6797556543927159,0.6649675981532419
2004-01-05,0.6797985682906329,0.7101289638287354
2004-01-06,0.7040485368433802,0.7164302469390667
2004-01-07,0.7121612543948805,0.7346590148520611
2004-01-08,0.748773281304757,0.7583338719115614
2004-01-09,0.7372820998937086,0.742776177492843
2004-01-12,0.7486046126061124,0.7708876766728301
2004-01-13,0.7716018494970375,0.748046622086579
2004-01-14,0.7584176353481612,0.7614563566880738
2004-01-15,0.7473785124620794,0.7579317819756227
2004-01-16,0.777532011522515,0.789902342692834
2004-01-20,0.797779839078512,0.7883750295904141
2004-01-21,0.7770353163383547,0.7784909591439135
2004-01-22,0.78494662762475,0.7535708930550821
2004-01-23,0.7607886591550609,0.7543904689993076
2004-01-26,0.7473788601444171,0.7870150859255921
2004-01-27,0.7792261533841648,0.7346729947395667
2004-01-28,0.74630353309407,0.6937024407011843
2004-01-29,0.7050999689824017,0.7001049413781615
2004-01-30,0.6978289864915653,0.6951661044557307
2004-02-02,0.7015895711028873,0.6874784180668301
2004-02-03,0.6846909903904931,0.6927350335580233
2004-02-04,0.6670736468185249,0.6521072227785889
2004-02-05,0.660467946438127,0.6550326444984612
2004-02-06,0.6642752570825095,0.7005978952417967
2004-02-09,0.7051806375396659,0.6889698681920357
2004-02-10,0.6885245225957342,0.7016867604608182
2004-02-11,0.6984429779206714,0.7208196529980839
2004-02-12,0.712118238313796,0.7022702980325676
2004-02-13,0.7068423929465038,0.6781890466707036
2004-02-17,0.6975541756930919,0.7084012266921677
2004-02-18,0.7124608540437617,0.7093989995919446
2004-02-19,0.7302897095439521,0.6760454159859852
2004-02-20,0.6841170905140591,0.6719869591436325
2004-02-23,0.6802563380609401,0.6464816633040446
2004-02-24,0.639234932339334,0.6439307770639532
2004-02-25,0.6487940758225543,0.6544912514031298
2004-02-26,0.6479210248343673,0.6633482554996254
2004-02-27,0.6664871073487791,0.653945636720728
2004-03-01,0.6613643758318583,0.679309197579211
2004-03-02,0.6767218014584678,0.6568242037586631
2004-03-03,0.652076118728248,0.6470453430160642
2004-03-04,0.6477212879915129,0.6670118716850338
2004-03-05,0.6446283205310812,0.6551903634530225
2004-03-08,0.6602078155886401,0.6121554880522271
2004-03-09,0.612234836457007,0.6072548591453805
2004-03-10,0.6084747238229653,0.581664807078957
2004-03-11,0.5712549760861038,0.5626983601801342
2004-03-12,0.5790772243552191,0.5979770180635243
2004-03-15,0.5875158358341619,0.5585643352009279
2004-03-16,0.573090365297368,0.5668495266651042
2004-03-17,0.5806327636100921,0.5931868665304781
2004-03-18,0.5868016663797837,0.5791528416768678
2004-03-19,0.5771476724828227,0.5554517846453876
2004-03-22,0.5412557158960961,0.5348577918769453
2004-03-23,0.546654969871242,0.5210894270777096
2004-03-24,0.5263461975394244,0.5344171631842043
2004-03-25,0.548625381336968,0.5858889177975869
2004-03-26,0.5790514854990861,0.5727941754704621
2004-03-29,0.5898567179021911,0.6055441617257443
2004-03-30,0.5969567618525659,0.60888596966566
2004-03-31,0.6086609898800714,0.5999957906853159
2004-04-01,0.6004993635415005,0.618293016201802
2004-04-02,0.6553229451890766,0.6657600611946433
2004-04-05,0.6631450868513767,0.68963489098216
2004-04-06,0.6683168603890509,0.6690536369290795
2004-04-07,0.6628970061797196,0.6532266106809563
2004-04-08,0.6806119858145844,0.6570220331083655
2004-04-12,0.6623018500610892,0.6706238498933458
2004-04-13,0.6786238889412255,0.6390419607391368
2004-04-14,0.6277699811789705,0.6422270740857776
2004-04-15,0.6471883944743239,0.6206670177188498
2004-04-16,0.6193414973573368,0.6071769683915558
2004-04-19,0.6068396406792821,0.6376132330777633
2004-04-20,0.6381325525525449,0.5898434199753967
2004-04-21,0.6009545696815317,0.6070536632589506
2004-04-22,0.6061393948035333,0.6500478276943613
2004-04-23,0.6587636915676595,0.6649469302341632
2004-04-26,0.6643585760281461,0.6427301344077511
2004-04-27,0.6492934982030613,0.6410323580919204
2004-04-28,0.6362354559914283,0.6065548556975945
2004-04-29,0.604390112716832,0.5792319636601457
2004-04-30,0.5837274012932924,0.5423657807607156
2004-05-03,0.5511958318550058,0.5583947777571576
2004-05-04,0.5604471277722012,0.5662534349500203
2004-05-05,0.5692439508435614,0.5735751954589294
2004-05-06,0.5592075262370686,0.5579212999821362
2004-05-07,0.5524280495728506,0.5466074007757523
2004-05-10,0.5336918971647483,0.5357521676964876
2004-05-11,0.5462960611281851,0.5642826480978712
2004-05-12,0.5529884101752146,0.5556123706655558
2004-05-13,0.5481360505618643,0.5579592698549656
2004-05-14,0.5558966898825674,0.5374152474728598
2004-05-17,0.5144325788157081,0.5142272670275049
2004-05-18,0.5312609844817254,0.5337116197689632
2004-05-19,0.5529774702914572,0.5317056863862245
2004-05-20,0.5362011988048977,0.5320716224772319
2004-05-21,0.546521425020612,0.5447353509767278
2004-05-24,0.5569259419256278,0.5511599406928346
2004-05-25,0.5494340049105765,0.5903141605712572
2004-05-26,0.5845792813938159,0.5975118858420858
2004-05-27,0.6050222596814806,0.6086906251389458
2004-05-28,0.6107133953944686,0.6123276652269871
2004-06-01,0.6015411059621577,0.6148261539858895
2004-06-02,0.6197250007236543,0.6090942588338558
2004-06-03,0.6026930358969769,0.5852478097039628
2004-06-04,0.6073000903695468,0.5966943052330638
2004-06-07,0.60951526152021,0.6416934376369015
2004-06-08,0.631417607371894,0.6470959319089222
2004-06-09,0.635804230433124,0.612758234156691
2004-06-10,0.6204018892607952,0.6272881201272189
2004-06-14,0.6136302371812612,0.5985090648630882
2004-06-15,0.6128263880430452,0.6237422109089239
2004-06-16,0.6230080764847888,0.624486517179781
2004-06-17,0.6167009066713753,0.6041363820326797
2004-06-18,0.5963999476632783,0.604587149485963
2004-06-21,0.6085877799965721,0.5901189745783542
2004-06-22,0.5932759660032365,0.6163210881839722
2004-06-23,0.6120210695224214,0.6393212692036155
2004-06-24,0.6354155511414651,0.6323833422553691
2004-06-25,0.6329045912561625,0.6449678619569492
2004-06-28,0.6563810131731699,0.6376314104181732
2004-06-29,0.6344012768844238,0.6534235760814892
2004-06-30,0.6558293141944314,0.6674935076852476
2004-07-01,0.66495454755344,0.6315675340230787
2004-07-02,0.6298744847266756,0.6206684892197121
2004-07-06,0.6070660815257015,0.576276900119023
2004-07-07,0.5754301719911966,0.5841410370548483
2004-07-08,0.5684341711755474,0.5583205971464628
2004-07-09,0.5714322838759832,0.568427917471987
2004-07-12,0.5563634406499793,0.5588181431080841
2004-07-13,0.5633517312575003,0.5545284773523833
2004-07-14,0.5378109588636336,0.5395608524711569
2004-07-15,0.5465496265262222,0.5391293768324392
2004-07-16,0.5510935712421774,0.5112051023563948
2004-07-19,0.5185368636095382,0.5160404840323802
2004-07-20,0.5180080817063644,0.542824476645675
2004-07-21,0.5566946583314859,0.502165202261026
2004-07-22,0.5013242600082578,0.525769527703717
2004-07-23,0.5100407805353181,0.48900216210340786
2004-07-26,0.49031054606858715,0.481236423373216
2004-07-27,0.4877745597485397,0.5055691803735723
2004-07-28,0.4978473334386089,0.4969261479678345
2004-07-29,0.5093114225104717,0.5127228913851626
2004-07-30,0.5109687934438812,0.5145295602509039
2004-08-02,0.503203813002337,0.5206058980078067
2004-08-03,0.5160688075442407,0.4903506468417128
2004-08-04,0.48312560694206147,0.49015556990965814
2004-08-05,0.49188971579609775,0.4624135252116938
2004-08-06,0.44965075088397144,0.42362799781232735
2004-08-09,0.42888494840414376,0.42684940791302667
2004-08-10,0.43368557570199673,0.4539575985396967
2004-08-11,0.426551087202679,0.4312641355641015
2004-08-12,0.4205889132443512,0.41149487395065454
2004-08-13,0.4184237066969275,0.4144918781651556
2004-08-16,0.4160049146967434,0.43244604606948006
2004-08-17,0.438322377614032,0.44097571298081445
2004-08-18,0.43422043958031975,0.46818382021391725
2004-08-19,0.4610438222354496,0.457229374972075
2004-08-20,0.45616327010349245,0.4706935926219428
2004-08-23,0.4745032532568847,0.4748117775273219
2004-08-24,0.4810429282548543,0.47338875877164516
2004-08-25,0.4726909969199382,0.4932777100819545
2004-08-26,0.4874568525680054,0.48754779129189185
2004-08-27,0.4881143770008178,0.4921925732519286
2004-08-30,0.48630750348244484,0.4701965247798861
2004-08-31,0.4711011667798815,0.47076784764921314
2004-09-01,0.46508956862437467,0.48002965553112453
2004-09-02,0.4765145008283166,0.501011238080067
2004-09-03,0.4859364042431604,0.4725799105050228
2004-09-07,0.4835005932584195,0.4827306841117786
2004-09-08,0.4790273190192555,0.4772304271499532
2004-09-09,0.48592033067555973,0.49246193710596425
2004-09-10,0.49201126567003745,0.5150405213922118
2004-09-13,0.5202282216271843,0.530579449703791
2004-09-14,0.5281854304571739,0.5381725100040399
2004-09-15,0.5280902370845435,0.51663570187448
2004-09-16,0.5187973698197076,0.5193506059774045
2004-09-17,0.5189812066399272,0.5282871855242979
2004-09-20,0.5182791053466085,0.5262143804200468
2004-09-21,0.5317915208466807,0.5384448812728309
2004-09-22,0.5257469732289313,0.502945378762947
2004-09-23,0.5044977911771653,0.5044058906006488
2004-09-24,0.5063914493875434,0.49694277080537513
2004-09-27,0.48713389672462654,0.48241916068790813
2004-09-28,0.48708399651287687,0.48655384457754824
2004-09-29,0.48644430545505524,0.5085762626516341
2004-09-30,0.5067100391907225,0.5103931434197626
2004-10-01,0.5250728143957968,0.5542973349694054
2004-10-04,0.5659500314932568,0.560949810785333
2004-10-05,0.5575829243891052,0.5638678698071481
2004-10-06,0.5619361670022069,0.5781813016355625
2004-10-07,0.5725812259726716,0.5561837823145952
2004-10-08,0.5488726413261807,0.5277108538110876
2004-10-11,0.5326705893860321,0.5349999729480985
2004-10-12,0.5198092816049201,0.531506915867148
2004-10-13,0.5499884981673202,0.5302483003151055
2004-10-14,0.530650591224899,0.519769876605723
2004-10-15,0.5252440627047967,0.5258751968826613
2004-10-18,0.5225709521566191,0.5545527209556376
2004-10-19,0.5609468929880855,0.5387362930574385
2004-10-20,0.5357272685783975,0.5479408237614228
2004-10-21,0.5562281001922453,0.5733884025391345
2004-10-22,0.5710905797776517,0.5306468331775547
2004-10-25,0.5276942646062376,0.5241574407700845
2004-10-26,0.5236995703894494,0.5344417817384808
2004-10-27,0.5339439182411654,0.5763199570667245
2004-10-28,0.5684692339038889,0.584222217140545
2004-10-29,0.5824062501893901,0.5835107001641326
2004-11-01,0.5828385766673171,0.5857082128350692
2004-11-02,0.5873946597472465,0.59260783612342
2004-11-03,0.6223866196245296,0.6025070268104149
2004-11-04,0.5953773947033367,0.6168843565623185
2004-11-05,0.6295871809146752,0.6276404778914957
2004-11-08,0.6273769600950403,0.6297174317199744
2004-11-09,0.6297377102697428,0.6293002926668225
2004-11-10,0.6255867802857008,0.6167905801217087
2004-11-11,0.6258859706557889,0.6467935438446024
2004-11-12,0.6486883839116551,0.6675969516216115
2004-11-15,0.6621919954004617,0.6705565161779031
2004-11-16,0.6624686245175959,0.654331956794271
2004-11-17,0.6710205399699054,0.6828967932353196
2004-11-18,0.6787155379527857,0.6951858610380994
2004-11-19,0.69247164865425,0.6571338945548841
2004-11-22,0.655793578104795,0.6773738888439753
2004-11-23,0.6752015880081407,0.6697503538364958
2004-11-24,0.6825625241405616,0.695287819715933
2004-11-26,0.6939600441649623,0.6893566284397328
2004-11-29,0.6999611175646135,0.6918503901906742
2004-11-30,0.6904883266271693,0.6798429842330618
2004-12-01,0.688464925512792,0.7261451512861312
2004-12-02,0.7191657671790453,0.7338865777086959
2004-12-03,0.744587468019364,0.7352038623289158
2004-12-06,0.7322260797967399,0.7419682711384388
2004-12-07,0.7462839430403738,0.6999020223542
2004-12-08,0.7057575417517528,0.7162941685122763
2004-12-09,0.6947924395482405,0.7259300962562889
2004-12-10,0.7145130790933449,0.7193201720202343
2004-12-13,0.7358038662741414,0.7406079091264649
2004-12-14,0.7364003401621901,0.748892427394781
2004-12-15,0.7480912241860064,0.7433041981952558
2004-12-16,0.7401314789921344,0.7210692809850219
2004-12-17,0.722295060718697,0.7059432546994179
2004-12-20,0.7153898150263315,0.6993604486355508
2004-12-21,0.7079558958189027,0.7219745161513299
2004-12-22,0.717062993261124,0.7274336949644942
2004-12-23,0.7209291129555756,0.727369438778823
2004-12-27,0.7374438001463292,0.718545269820813
2004-12-28,0.7228375240420922,0.7405806268510292
2004-12-29,0.7338229669022398,0.7412729987244594
2004-12-30,0.7428465133117537,0.7393379410613169
2004-12-31,0.7400206920493331,0.7354282337649257
2005-01-03,0.7456627124656027,0.710845375004321
2005-01-04,0.720954313299079,0.6679313733573431
2005-01-05,0.6637798870298286,0.6573991086318831
2005-01-06,0.6621839809622472,0.6491996989557952
2005-01-07,0.6592086929181139,0.658038812621942
2005-01-10,0.6533883689611394,0.6578883599631226
2005-01-11,0.6473370032655369,0.643138229850135
2005-01-12,0.6534902420340297,0.6583029328127544
2005-01-13,0.6604014671336582,0.6319939381451076
2005-01-14,0.6403685440715285,0.6513778563508079
2005-01-18,0.6425830575458702,0.6663912121603114
2005-01-19,0.6653917087404942,0.6307853814141333
2005-01-20,0.6075787711535533,0.5928426738537909
2005-01-21,0.5982881244720445,0.5796659723626097
2005-01-24,0.5843476051414035,0.5526857831364931
2005-01-25,0.5659998046586112,0.563518367881865
2005-01-26,0.5764240306836376,0.5843195408490773
2005-01-27,0.5798327596735973,0.5823727341035284
2005-01-28,0.5861133340406608,0.5727035661084537
2005-01-31,0.5905764596669603,0.595683155488851
2005-02-01,0.597173001933874,0.6001846001039005
2005-02-02,0.604352131424972,0.6016292919479876
2005-02-03,0.5909977557221,0.581546075669468
2005-02-04,0.5808493481185666,0.6116470454830636
2005-02-07,0.6115105909007318,0.6048944347786469
2005-02-08,0.6053647263730855,0.6089696364670523
2005-02-09,0.6108959825212565,0.577806444629778
2005-02-10,0.5844760361803969,0.577541388781315
2005-02-11,0.5754231223335626,0.6044616378711998
2005-02-14,0.6051442146486831,0.6133442352526186
2005-02-15,0.6134228143521071,0.6239684625241776
2005-02-16,0.6165343017337775,0.6177889192595473
2005-02-17,0.6184081732131572,0.5897391140275015
2005-02-18,0.5895258367098223,0.5849705433868309
2005-02-22,0.5704220670130602,0.5602064850746182
2005-02-23,0.5699462537574805,0.5632996050648446
2005-02-24,0.559234198213412,0.586213611859913
2005-02-25,0.5838232057309158,0.5965883875886818
2005-02-28,0.584932991607166,0.577827368329782
2005-03-01,0.5841456900075609,0.5962980042639783
2005-03-02,0.5849672016883918,0.593636039389166
2005-03-03,0.5991780235179611,0.5776284827514276
2005-03-04,0.5916316943981416,0.5872842553259566
2005-03-07,0.5911738286366534,0.6156772459811246
2005-03-08,0.6102925831131141,0.5957309331494897
2005-03-09,0.5935637075299594,0.5877050823014682
2005-03-10,0.5918253827309572,0.590238585244148
2005-03-11,0.5950785007848535,0.568085124408058
2005-03-14,0.5719877180403625,0.5785796879879381
2005-03-15,0.5843849128585422,0.5632779017483779
2005-03-16,0.5579206725942102,0.5453214838567555
2005-03-17,0.5468506013326934,0.5466400961435013
2005-03-18,0.5475430715405931,0.5428520416972701
2005-03-21,0.541381147511178,0.5426834948682218
2005-03-22,0.542222148913512,0.5212431415732353
2005-03-23,0.5193653877574078,0.5281391444647938
2005-03-24,0.5341570977353759,0.5258920779719277
2005-03-28,0.5327186080604245,0.5286158112447132
2005-03-29,0.526936106188148,0.5194042641889571
2005-03-30,0.5254597676100514,0.5485246070087505
2005-03-31,0.5458757305266516,0.5381672390753609
2005-04-01,0.5481854956397588,0.5232925515911785
2005-04-04,0.5232609111292332,0.530952933136359
2005-04-05,0.5354507129557541,0.5383353736110684
2005-04-06,0.5419266081994893,0.5347322789546027
2005-04-07,0.5351217818132563,0.5551512912648892
2005-04-08,0.555282721430138,0.5392544763111055
2005-04-11,0.5444045014654633,0.5312755906708841
2005-04-12,0.5295073534398305,0.5424669190468238
2005-04-13,0.5371436871115376,0.5123807797111354
2005-04-14,0.5124341392367552,0.4905611826434759
2005-04-15,0.4747348197279082,0.4575165247980289
2005-04-18,0.4551920823197526,0.45867280750679285
2005-04-19,0.4678994776021152,0.4690601041605381
2005-04-20,0.47832400341450465,0.45474937270278865
2005-04-21,0.47091901449545975,0.49439194642815426
2005-04-22,0.4846587583020449,0.46761355009189276
2005-04-25,0.47717200069772225,0.48339727622117473
2005-04-26,0.4776890030735517,0.4662614227944453
2005-04-27,0.4590663180501752,0.469244275077136
2005-04-28,0.46357224722799306,0.45481857002053755
2005-04-29,0.4657148975793777,0.46576765659980157
2005-05-02,0.46676449784649116,0.4684519335903031
2005-05-03,0.4659579868410047,0.4720888655853137
2005-05-04,0.47541544404910785,0.4963874688377145
2005-05-05,0.49477905654966514,0.49409520758574826
2005-05-06,0.5043183689924184,0.49980199111890783
2005-05-09,0.49937078490370246,0.5071935515735435
2005-05-10,0.49655743625094345,0.493493928743868
2005-05-11,0.49538406417129827,0.5026919400784077
2005-05-12,0.5020935656064646,0.4975729863802361
2005-05-13,0.5020274167255627,0.5136912930795374
2005-05-16,0.5132514726508138,0.5240067949832322
2005-05-17,0.5168611497179065,0.533681320739313
2005-05-18,0.5366778082518986,0.5540704470671501
2005-05-19,0.5554554892753453,0.5672670274292402
2005-05-20,0.5647242644214359,0.574422530063392
2005-05-23,0.5730762761405943,0.5822483883698092
2005-05-24,0.5776129268315923,0.5879291468257118
2005-05-25,0.5825770509061957,0.578828445823736
2005-05-26,0.587026600459112,0.596912936449436
2005-05-27,0.5944095889939311,0.5978165384992928
2005-05-31,0.5973244809810162,0.5892809149682797
2005-06-01,0.5881295606770721,0.608346251604534
2005-06-02,0.6011189519649527,0.619025078189723
2005-06-03,0.6147800665102453,0.5899141969091393
2005-06-06,0.5903441208339525,0.5905794007237973
2005-06-07,0.5921101766563527,0.5740852560512852
2005-06-08,0.580492507757869,0.5699045701552894
2005-06-09,0.5680762379554035,0.5828236261139313
2005-06-10,0.5805583874367702,0.5616933777133043
2005-06-13,0.5600169364218134,0.5704281051856284
2005-06-14,0.5701889221968383,0.5649267256666287
2005-06-15,0.575351156260026,0.5702715741279522
2005-06-16,0.5718669280812604,0.5789221548771489
2005-06-17,0.5937271337262766,0.5792477658970667
2005-06-20,0.5695493914543684,0.5779898783124607
2005-06-21,0.5758080535382591,0.5768158686996924
2005-06-22,0.5830617650615504,0.5741298306615724
2005-06-23,0.5776949648006636,0.5531303665817893
2005-06-24,0.5539920202065469,0.5356252837417351
2005-06-27,0.532420712830822,0.5285359495366695
2005-06-28,0.5357527197248318,0.5441691280751998
2005-06-29,0.5476726432611533,0.5390415815815982
2005-06-30,0.5420605599095519,0.5273827783004217
2005-07-01,0.5309831398417436,0.5239692016164502
2005-07-05,0.5190429836083048,0.5403039256709619
2005-07-06,0.5371056951486816,0.5311769876929523
2005-07-07,0.5171020110122431,0.5366999227968388
2005-07-08,0.5384644193242013,0.568119092801168
2005-07-11,0.5715382256334928,0.583931893391362
2005-07-12,0.5825226671195619,0.592653151246073
2005-07-13,0.5921325279197881,0.5947304600292088
2005-07-14,0.6091453779953595,0.6126637790404318
2005-07-15,0.6170131381110286,0.6175329395289784
2005-07-18,0.6124758799525271,0.608229409504619
2005-07-19,0.6199131567788646,0.6318380662460423
2005-07-20,0.6192792877879912,0.645832129250445
2005-07-21,0.6506448727764876,0.6444994182896314
2005-07-22,0.6441148220415421,0.642873743529482
2005-07-25,0.6425742113410452,0.6339526354718372
2005-07-26,0.6376905469610974,0.640100639437598
2005-07-27,0.6429247564959013,0.6555126899086663
2005-07-28,0.6570141505239064,0.663416782708465
2005-07-29,0.6605521257661083,0.6465888921327668
2005-08-01,0.6520162371529571,0.6523331295298137
2005-08-02,0.6543273919562905,0.6726444756429624
2005-08-03,0.6637884344009636,0.6725162037987864
2005-08-04,0.6624478914464058,0.6494991779426417
2005-08-05,0.6468113858874593,0.6405925530253432
2005-08-08,0.6436299797947376,0.6263352935104575
2005-08-09,0.6335113264658772,0.6393239672139222
2005-08-10,0.6435781272347811,0.6204798654574702
2005-08-11,0.6227718527282758,0.6378008964958691
2005-08-12,0.6221787215976899,0.6268252205258157
2005-08-15,0.6217830285938281,0.6370719037742145
2005-08-16,0.6311514703375316,0.6050984779116126
2005-08-17,0.6090809772585358,0.6144241294966821
2005-08-18,0.609534373860643,0.6065832471890286
2005-08-19,0.6073951394838413,0.6039775436840759
2005-08-22,0.6078038777337564,0.6058765235054387
2005-08-23,0.6056147844534329,0.6006827405646497
2005-08-24,0.5967987797854247,0.5894723668684401
2005-08-25,0.5924211832549519,0.5939592037679483
2005-08-26,0.5915282670607291,0.5857227488635415
2005-08-29,0.5771718958316041,0.5995555978769319
2005-08-30,0.5921657757510086,0.592680794187307
2005-08-31,0.5938434024830042,0.6106070618824188
2005-09-01,0.6099269102334991,0.6051971888297254
2005-09-02,0.6090568195289472,0.6001594867373039
2005-09-06,0.6081519978083136,0.6277251802666473
2005-09-07,0.6237656848873144,0.6304945513441427
2005-09-08,0.6244074893713686,0.6276397944516291
2005-09-09,0.6302225952373642,0.639370505787403
2005-09-12,0.6389660160149401,0.644320970005444
2005-09-13,0.6410485663690139,0.6382895691282879
2005-09-14,0.6403516095567354,0.6168351705901048
2005-09-15,0.6223904963212125,0.6152847095946112
2005-09-16,0.6192844075322385,0.6277235207693636
2005-09-19,0.6224623444753742,0.6117641935465403
2005-09-20,0.6154350186112523,0.6023801730140154
2005-09-21,0.6009980312866163,0.5834299538208335
2005-09-22,0.5811819324875996,0.5893570354721842
2005-09-23,0.5854129579961149,0.5940302907634486
2005-09-26,0.6045787318365101,0.5949347649905692
2005-09-27,0.5981952169646731,0.5901017849844836
2005-09-28,0.5971133562841108,0.5897703626420703
2005-09-29,0.5881051057885744,0.6133003532172427
2005-09-30,0.6123769755992102,0.6266096745490006
2005-10-03,0.628606422396702,0.6309717833177935
2005-10-04,0.6315036481942475,0.6188602677846192
2005-10-05,0.6185597454150065,0.5906694487163181
2005-10-06,0.59238718772297,0.5694356261452376
2005-10-07,0.5759091371647265,0.5724559990784956
2005-10-10,0.5710369900844565,0.562381329547697
2005-10-11,0.5666510961299766,0.5537122730936274
2005-10-12,0.5459591572855297,0.5340467899930225
2005-10-13,0.53201076106392,0.547071244384541
2005-10-14,0.5508441202688499,0.5581055799955794
2005-10-17,0.5583063195865973,0.5639399829477434
2005-10-18,0.562089630694104,0.5512365549418671
2005-10-19,0.544717673434218,0.5842111537497742
2005-10-20,0.5828863689838305,0.5683416447057905
2005-10-21,0.5853027239502749,0.5784221873443987
2005-10-24,0.5840808081740513,0.6066359492042226
2005-10-25,0.5999908685579198,0.6008567791882549
2005-10-26,0.5941190718899637,0.5885157303125592
2005-10-27,0.5844728637286417,0.5528252985035229
2005-10-28,0.5585691606013571,0.567413793580435
2005-10-31,0.5702827411758947,0.5913790785580827
2005-11-01,0.5842819717878448,0.5881190686453199
2005-11-02,0.5816313563723609,0.6109051126834473
2005-11-03,0.6271081224726089,0.63649501089596
2005-11-04,0.6397726070414711,0.6461127976774312
2005-11-07,0.6492316226876709,0.6473199216266556
2005-11-08,0.6435766234470341,0.6460101093797582
2005-11-09,0.644950283654085,0.6478978705707839
2005-11-10,0.6469911314542138,0.6723133121610803
2005-11-11,0.675206270366461,0.6750075340027356
2005-11-14,0.6752253913128563,0.6729442644033795
2005-11-15,0.6728927873221884,0.6633955590224819
2005-11-16,0.6688402265842434,0.671782668678813
2005-11-17,0.6810549494509304,0.7021341170508438
2005-11-18,0.7128726433037615,0.7061277704473075
2005-11-21,0.7045338123185054,0.7138712597841615
2005-11-22,0.7075534952506333,0.7235311156505025
2005-11-23,0.7205906961110191,0.7265897220324117
2005-11-25,0.729473617552196,0.7317981024767733
2005-11-28,0.7333914575834705,0.7099661366071461
2005-11-29,0.7208479782618021,0.6999202013148753
2005-11-30,0.698625812661179,0.6942816842620084
2005-12-01,0.7076269644053901,0.7338268183799619
2005-12-02,0.7311972763861103,0.7397333373639426
2005-12-05,0.7331164723629459,0.7209001203268263
2005-12-06,0.7358751839591956,0.728908297686378
2005-12-07,0.7312792186601644,0.723054695157173
2005-12-08,0.7279819702128641,0.7080358402308009
2005-12-09,0.7102229970343679,0.7166191148009834
2005-12-12,0.7234971540251343,0.7236054726233416
2005-12-13,0.720812413818439,0.7327636595390233
2005-12-14,0.7270986872338956,0.7237328934132948
2005-12-15,0.7292213663156818,0.7269024033659294
2005-12-16,0.7257550198455348,0.7099394947417923
2005-12-19,0.7142470393230628,0.6788369662073047
2005-12-20,0.6802160585872984,0.6794282406208224
2005-12-21,0.684517077686317,0.6859400861293338
2005-12-22,0.6882393767326255,0.701381929594863
2005-12-23,0.7065265523144967,0.7005299648670575
2005-12-27,0.7053824935001203,0.681968925428071
2005-12-28,0.6853864015719981,0.6801165145818747
2005-12-29,0.6820342979875972,0.6654410775963269
2005-12-30,0.6565502519385311,0.6529507975652624
2006-01-03,0.6637600278825889,0.6943657962907585
2006-01-04,0.6993332311189133,0.7138663793185313
2006-01-05,0.7162090455188743,0.7255421322330918
2006-01-06,0.7418344612758839,0.7634699426689029
2006-01-09,0.7626677080321467,0.7722739621096457
2006-01-10,0.7592817277870326,0.774604339423828
2006-01-11,0.7809223582577304,0.7933018837439855
2006-01-12,0.7886330900793902,0.7782804166818017
2006-01-13,0.7794849867583096,0.7771997543117508
2006-01-17,0.7598627259865822,0.7629685297503115
2006-01-18,0.7255609630647016,0.7362321522141468
2006-01-19,0.7473018988142118,0.7531011555786182
2006-01-20,0.7453729240633518,0.6833042513527121
2006-01-23,0.689377059651905,0.6828902610639611
2006-01-24,0.6906951765139162,0.6947656625973522
2006-01-25,0.7049085025487485,0.6828756937542652
2006-01-26,0.6955635363910482,0.6991192669890739
2006-01-27,0.7097337329748606,0.7245636546524816
2006-01-30,0.7266138513714201,0.727242264289356
2006-01-31,0.7277691364687169,0.7235065939516734
2006-02-01,0.7060662286568578,0.7257675651754613
2006-02-02,0.7209043761365718,0.6909735021782611
2006-02-03,0.6751793507266934,0.6647389252432188
2006-02-06,0.6636211388580001,0.6561028949770101
2006-02-07,0.6542000168976199,0.6490774635679821
2006-02-08,0.664541209547871,0.670871523371789
2006-02-09,0.6773253114769197,0.6506835477848917
2006-02-10,0.6516959660542967,0.6618404630813999
2006-02-13,0.6497836954025954,0.6403039867775798
2006-02-14,0.6434533978291016,0.6589067826557475
2006-02-15,0.6542768642373432,0.6718760002727121
2006-02-16,0.6773169803779774,0.6902952352641415
2006-02-17,0.6835076837561679,0.6736470717527749
2006-02-21,0.6743182965190498,0.6497976937963961
2006-02-22,0.6517611021107566,0.675293035338507
2006-02-23,0.6721364390601623,0.668713259653425
2006-02-24,0.6684810957627443,0.6734899897999808
2006-02-27,0.6793184582825489,0.6964031426356251
2006-02-28,0.6898297724477496,0.6653639075019622
2006-03-01,0.671621090032348,0.6939181490981141
2006-03-02,0.6844036257545045,0.6925773187467474
2006-03-03,0.6818255206422459,0.680703471979749
2006-03-06,0.686081522137146,0.66287162191121
2006-03-07,0.6589141932259023,0.6520080718135461
2006-03-08,0.6463053274055626,0.6526941792187119
2006-03-09,0.6577928343507233,0.6325401191308204
2006-03-10,0.6326190749186624,0.6359047054564858
2006-03-13,0.6440161936812396,0.6420644344865812
2006-03-14,0.638602692375925,0.6735412354931245
2006-03-15,0.6814209290762946,0.6893245319371649
2006-03-16,0.6971659124175275,0.6700350316325481
2006-03-17,0.6742443892671146,0.677689369537709
2006-03-20,0.6838713755598423,0.6814025506887473
2006-03-21,0.6807918259912995,0.6611558869608569
2006-03-22,0.650513816112196,0.6652911748354573
2006-03-23,0.6601551924314979,0.6583744960547925
2006-03-24,0.6657592242866514,0.6688631353766445
2006-03-27,0.6676758102836922,0.6695680285864622
2006-03-28,0.6699934685606327,0.6602084060141928
2006-03-29,0.6649041146805367,0.6965607556903616
2006-03-30,0.6998162918248974,0.7022204328670162
2006-03-31,0.7073174128560611,0.6956898945826803
2006-04-03,0.7095873365159481,0.6990791474226061
2006-04-04,0.7015787656142661,0.7108332270369905
2006-04-05,0.7177323969102157,0.7307389246167222
2006-04-06,0.7324499696577075,0.7386235207419263
2006-04-07,0.7442575417124957,0.7175879889171989
2006-04-10,0.7194659739986194,0.7120733167597142
2006-04-11,0.7182667039310998,0.6936722987563723
2006-04-12,0.6944712884810235,0.6938167280006311
2006-04-13,0.6933336119423535,0.7024669131477479
2006-04-17,0.7008961990042092,0.6803645240478258
2006-04-18,0.6858639659329506,0.7191981078050181
2006-04-19,0.7228879117975346,0.7281697219448151
2006-04-20,0.7286009714980871,0.7213956395573009
2006-04-21,0.7310501301039574,0.6959090811206645
2006-04-24,0.6927012359730563,0.6924749287822822
2006-04-25,0.6983114828685463,0.6860748360992369
2006-04-26,0.6895159396943414,0.6866690867472052
2006-04-27,0.6778522730301756,0.7042400452765334
2006-04-28,0.689799804627169,0.6838231102536585
2006-05-01,0.6910300611007213,0.666366440451574
2006-05-02,0.6737454318459093,0.6700028111813425
2006-05-03,0.6730658747251501,0.6653895596992632
2006-05-04,0.6677518458035895,0.6825892452485138
2006-05-05,0.6952230450600022,0.6977622368989921
2006-05-08,0.6974981151331557,0.6991754510206499
2006-05-09,0.6949977261500583,0.6939306465645922
2006-05-10,0.6877306732369018,0.6738416579354548
2006-05-11,0.6723805612326953,0.6290952394610201
2006-05-12,0.6202565209382933,0.6043178672547258
2006-05-15,0.5969244199578042,0.6028812058647063
2006-05-16,0.6036878036235102,0.5903552176229993
2006-05-17,0.5766223287269823,0.563299221383412
2006-05-18,0.5727706573812321,0.5503520891338243
2006-05-19,0.5530592272484178,0.5644683399101146
2006-05-22,0.5507288645133763,0.5470688662120757
2006-05-23,0.5603497319804196,0.5302556715431
2006-05-24,0.5288905669142112,0.5413425795990288
2006-05-25,0.5513145512474358,0.5612821692757236
2006-05-26,0.5669677228088028,0.5681027484003015
2006-05-30,0.5602844828556279,0.5309284023882851
2006-05-31,0.5353616120348065,0.5391358854938331
2006-06-01,0.5405620802688677,0.5768535292257309
2006-06-02,0.5870344640578833,0.5725225012060718
2006-06-05,0.565175307450367,0.5348575098301841
2006-06-06,0.5392647916357047,0.5324566583778919
2006-06-07,0.5357754535792151,0.5218712721181133
2006-06-08,0.5123927059091445,0.5179200879305975
2006-06-09,0.5241528971348184,0.507047080881849
2006-06-12,0.5095723946780676,0.4766637554620704
2006-06-13,0.4796988724582833,0.47318796728495266
2006-06-14,0.47537522746690136,0.48557575847965484
2006-06-15,0.49297828349274125,0.526473004637756
2006-06-16,0.5217975930421402,0.5160127119939913
2006-06-19,0.5213952597095067,0.5019010671396287
2006-06-20,0.5027807347680512,0.5010921586735456
2006-06-21,0.5032621847773591,0.5254561668965716
2006-06-22,0.5228947778420708,0.5061940208035292
2006-06-23,0.5031407395016945,0.5026297970299761
2006-06-26,0.5048898143285797,0.5074099147931931
2006-06-27,0.5072772702908827,0.47867646210962805
2006-06-28,0.48262291448851374,0.4890959793349753
2006-06-29,0.4963984639653561,0.5343940514231114
2006-06-30,0.539047597333568,0.5236436988256977
2006-07-03,0.5289224121789494,0.5344565800155507
2006-07-05,0.5213085561773044,0.5019186383208865
2006-07-06,0.5040355018171316,0.49937597931046784
2006-07-07,0.4914628097905522,0.4820491084901803
2006-07-10,0.4867316076739082,0.46966566965795364
2006-07-11,0.46520655138169315,0.48064044424641544
2006-07-12,0.4752566148969748,0.4509091985852727
2006-07-13,0.4409792168539311,0.42990152020634653
2006-07-14,0.4301978767167745,0.41576948145401793
2006-07-17,0.4158725089958026,0.42100051720902054
2006-07-18,0.4239767057931012,0.4241322695105765
2006-07-19,0.41993234595817436,0.439607678527777
2006-07-20,0.4453045718570123,0.4182215498149999
2006-07-21,0.41012206007198193,0.40527756944381677
2006-07-24,0.411484114728902,0.43081301330807026
2006-07-25,0.43130953783505493,0.4369017499153133
2006-07-26,0.43172668491564553,0.4352527022552323
2006-07-27,0.44316779254266564,0.42667419812641516
2006-07-28,0.4348378872494562,0.4542461615512789
2006-07-31,0.4510047054495352,0.4532654945700509
2006-08-01,0.4430294672325385,0.4312023307393258
2006-08-02,0.4360801954726325,0.44462735911224915
2006-08-03,0.4325713617618561,0.4530614193226188
2006-08-04,0.46381141677075804,0.4465279355695565
2006-08-07,0.44429036569205815,0.4377194374790396
2006-08-08,0.4418664968156207,0.42926307092029686
2006-08-09,0.445706672566207,0.42941612290573494
2006-08-10,0.4262677193743182,0.4384072471781692
2006-08-11,0.4337647826185991,0.4298715084818409
2006-08-14,0.4418497350253069,0.43617718612049927
2006-08-15,0.4540482991364419,0.4715713067414641
2006-08-16,0.482585122865247,0.5045616718097155
2006-08-17,0.49955165966516946,0.5077047150490993
2006-08-18,0.505771995982889,0.5102643630931265
2006-08-21,0.5001589533818672,0.4952284940767296
2006-08-22,0.4942616425089473,0.4972213448164526
2006-08-23,0.4995625762253069,0.4845505339769344
2006-08-24,0.49123068604569686,0.4888126805602388
2006-08-25,0.4846114651131195,0.4909437259190162
2006-08-28,0.4903805131310106,0.5026378390965363
2006-08-29,0.5022089615770664,0.5056575827737865
2006-08-30,0.5091985553546555,0.5134720254117815
2006-08-31,0.5153442526386096,0.5110911844121158
2006-09-01,0.5201883598717546,0.5203378121936815
2006-09-05,0.5206739264153017,0.534096234330206
2006-09-06,0.5212287932231171,0.5027230718448417
2006-09-07,0.4983328326593773,0.49547547132128206
2006-09-08,0.4991457830124432,0.5046756822437247
2006-09-11,0.4933911367585546,0.5128928507317105
2006-09-12,0.5147217857380628,0.5438104455845354
2006-09-13,0.5432655395394628,0.5519027177249508
2006-09-14,0.5480996949441802,0.5536809752093792
2006-09-15,0.5651017874215575,0.559985488536295
2006-09-18,0.5588836148265152,0.5594790378358621
2006-09-19,0.5654426105553053,0.5477126669806901
2006-09-20,0.5627547868002541,0.5722681496683959
2006-09-21,0.5757932332909601,0.5610406385958985
2006-09-22,0.5591557189967431,0.5479693613323458
2006-09-25,0.5569468896548169,0.57632435339867
2006-09-26,0.5756308111989689,0.5853318547939926
2006-09-27,0.5813181114835511,0.5813578376303419
2006-09-28,0.5841468960616224,0.5873670446292399
2006-09-29,0.5919561484448708,0.5791510991025475
2006-10-02,0.5750312456748412,0.5566109756543193
2006-10-03,0.5528671481092595,0.5639832960285321
2006-10-04,0.5608461780198114,0.6057200538582702
2006-10-05,0.6044294405000581,0.6144194574818906
2006-10-06,0.606646113454405,0.6091836805174454
2006-10-09,0.6072373808837734,0.6156422517303234
2006-10-10,0.6178541881299416,0.6178051435213162
2006-10-11,0.6101487950985971,0.6153105567136332
2006-10-12,0.6236658408714061,0.6450013284827742
2006-10-13,0.6435751759217284,0.654483980456161
2006-10-16,0.6555103115683565,0.6546714148530071
2006-10-17,0.6437268243476354,0.6340528830077804
2006-10-18,0.6432699339887943,0.6237511539359634
2006-10-19,0.6217648442547923,0.6296634341140431
2006-10-20,0.629535282427065,0.632959933191445
2006-10-23,0.6290547409252873,0.6507717073351467
2006-10-24,0.6482185456547558,0.6369068315063506
2006-10-25,0.6405565661561655,0.6510457427003228
2006-10-26,0.6554036707177855,0.6704252657370727
2006-10-27,0.6655953225218605,0.6397655664135924
2006-10-30,0.6376017090725553,0.650860997370824
2006-10-31,0.6575316041995699,0.6559416096504964
2006-11-01,0.6626342991151892,0.6271675534032891
2006-11-02,0.6211011477904942,0.6296331069278417
2006-11-03,0.6340334240224507,0.622486878181596
2006-11-06,0.6311825614585297,0.6534289608555107
2006-11-07,0.6527867916019243,0.663645442537162
2006-11-08,0.6528555698021743,0.6725547837684118
2006-11-09,0.6842950515861296,0.6609331382457316
2006-11-10,0.6641713445949201,0.6731923036686666
2006-11-13,0.673897188355148,0.692409343005013
2006-11-14,0.693878032018186,0.7147487840552297
2006-11-15,0.7147232621189739,0.7223635133292342
2006-11-16,0.7282932078957867,0.7319345225728857
2006-11-17,0.719234505853888,0.7299268006032397
2006-11-20,0.7237099557924177,0.7333925305497369
2006-11-21,0.7375488332260917,0.7392841260687847
2006-11-22,0.7473975085893793,0.7523580894258827
2006-11-24,0.7343816567296619,0.7466062068883438
2006-11-27,0.7407545685280196,0.6967453703994739
2006-11-28,0.6898330271325605,0.7024644799922029
2006-11-29,0.7109744485169995,0.7169386379425945
2006-11-30,0.7150770645027308,0.7148237899113967
2006-12-01,0.7139360524296171,0.6952389181208599
2006-12-04,0.7038861898064285,0.7242720515342184
2006-12-05,0.7320556670337764,0.7299007368567962
2006-12-06,0.7255665924134937,0.7226759716718151
2006-12-07,0.7266622498016002,0.6961587075955135
2006-12-08,0.6917167067748654,0.7060941521002283
2006-12-11,0.7059504449197656,0.712363543728865
2006-12-12,0.7127434445090263,0.7004168461667204
2006-12-13,0.7142946764442146,0.7017018707288132
2006-12-14,0.7051946661722751,0.7250521744202895
2006-12-15,0.7427553230948806,0.730777935584987
2006-12-18,0.7359265062256729,0.7090581992324755
2006-12-19,0.6918346302481959,0.7016355448612531
2006-12-20,0.704487807121529,0.6928293106345603
2006-12-21,0.6957395219649728,0.6788934218140349
2006-12-22,0.6776137025594791,0.6582676741274343
2006-12-26,0.6561573279444622,0.6635625694944298
2006-12-27,0.6674461487515957,0.6745125087982804
2006-12-28,0.6676966198996219,0.6690992675089827
2006-12-29,0.6692028358752936,0.6664988519119734
2007-01-03,0.6803843142803835,0.6688819013332489
2007-01-04,0.6730570721134905,0.7070014512710977
2007-01-05,0.7008006286738727,0.6977298249340874
2007-01-08,0.6988657593332502,0.699603761072525
2007-01-09,0.7048753262917834,0.7093110546272339
2007-01-10,0.7030991802803673,0.7331611189514307
2007-01-11,0.7385827917428993,0.7556035156569161
2007-01-12,0.7521018101694352,0.7675396590002783
2007-01-16,0.7672834958284265,0.764269828846205
2007-01-17,0.7549179894513206,0.7456685577292176
2007-01-18,0.7385523911083858,0.7039753717809246
2007-01-19,0.6969322510726643,0.7073040498562391
2007-01-22,0.711316859219824,0.6859131907438842
2007-01-23,0.6832404095555006,0.679144642063487
2007-01-24,0.6928160482959402,0.7127095510986006
2007-01-25,0.7174512904817317,0.6827580117021129
2007-01-26,0.6891057888046541,0.676898091742361
2007-01-29,0.6745613191089108,0.6790287885930298
2007-01-30,0.684835232952848,0.6818107322008924
2007-01-31,0.677852005824686,0.6981592683507227
2007-02-01,0.7089085660313893,0.6967825375761635
2007-02-02,0.7015766070738836,0.7043054251421105
2007-02-05,0.7022231991547029,0.7008021147943999
2007-02-06,0.7052731662341054,0.6977568976135964
2007-02-07,0.7094875511549189,0.7184555070043227
2007-02-08,0.71409612582575,0.7176607246837793
2007-02-09,0.7230797485290276,0.6874522640029782
2007-02-12,0.6891372617332253,0.6789440780998922
2007-02-13,0.6830893237442659,0.6848589962798853
2007-02-14,0.6949935834410401,0.7207175436281542
2007-02-15,0.721178425590221,0.7304700339350703
2007-02-16,0.7244925694672472,0.7278468668981062
2007-02-20,0.723323206685679,0.7421201288320798
2007-02-21,0.7338587909731831,0.7482899379568179
2007-02-22,0.75587630078938,0.7567914718604689
2007-02-23,0.7554939447908545,0.7484132727346458
2007-02-26,0.7588905154754869,0.7367019117973448
2007-02-27,0.7018778137785683,0.6484476389030631
2007-02-28,0.6467760061976975,0.6540744793912476
2007-03-01,0.6176621173733334,0.6437070248248645
2007-03-02,0.629721374688175,0.6134891189396765
2007-03-05,0.6133642591157208,0.5992842931165013
2007-03-06,0.6174774232092521,0.6309581303393775
2007-03-07,0.6283212992527788,0.6231149218036374
2007-03-08,0.6418312189930337,0.6338278494887625
2007-03-09,0.6479727808899424,0.631489989644347
2007-03-12,0.6294504160444118,0.6438833244333094
2007-03-13,0.6337443062148232,0.6065873255702898
2007-03-14,0.6087564738275473,0.6282226295805098
2007-03-15,0.6284515147124319,0.629826735877989
2007-03-16,0.6283015968654685,0.6267143252924353
2007-03-19,0.637335154232985,0.6437963862511016
2007-03-20,0.6450494599224539,0.6534529058538459
2007-03-21,0.661373228850476,0.6968396077589132
2007-03-22,0.6971723234665506,0.6889155998475852
2007-03-23,0.6892692420243691,0.6820761258745389
2007-03-26,0.6841841965692795,0.6919761932008834
2007-03-27,0.6862971664229733,0.6767569864176693
2007-03-28,0.6672387826745635,0.6546095360454589
2007-03-29,0.6687844825311952,0.6554635100686675
2007-03-30,0.6565953830217522,0.6559062109148822
2007-04-02,0.6597251847808198,0.6567043892219013
2007-04-03,0.666758361152786,0.6821199478920846
2007-04-04,0.6830861125144702,0.6880323346124679
2007-04-05,0.6871590942575679,0.7005708597719085
2007-04-09,0.7071637856821652,0.6947020199606488
2007-04-10,0.6932583369638294,0.7044767811764024
2007-04-11,0.7025304057344165,0.6823143072832284
2007-04-12,0.6788286149843418,0.6994960054379082
2007-04-13,0.6972360993432338,0.7030864028551551
2007-04-16,0.7108841180653167,0.7227493620594203
2007-04-17,0.7246240563960831,0.7235765446822184
2007-04-18,0.7161536964164421,0.7202725387631097
2007-04-19,0.709288705561199,0.7199634360740026
2007-04-20,0.7389350134585081,0.7354271682029696
2007-04-23,0.7383850857582376,0.7402601099582318
2007-04-24,0.7474791928116906,0.7504075259978157
2007-04-25,0.7586112158595154,0.7774365587026417
2007-04-26,0.7875059659438323,0.787333174413566
2007-04-27,0.7831103693395144,0.7888545953790637
2007-04-30,0.7896326306350568,0.7593442550956275
2007-05-01,0.7647879394045063,0.7659680794071759
2007-05-02,0.767198223246045,0.7856677895401695
2007-05-03,0.789087545797289,0.7927294260518384
2007-05-04,0.8010489034639998,0.7924222149180864
2007-05-07,0.7927625809412716,0.7924256135681269
2007-05-08,0.7848916066198836,0.7968784804050731
2007-05-09,0.7858568005716241,0.8037103252189337
2007-05-10,0.7918684827345777,0.7651253551131652
2007-05-11,0.7727303452508194,0.7938263018332111
2007-05-14,0.7978160900884851,0.7800120603082403
2007-05-15,0.7792460281613189,0.7595195758171035
2007-05-16,0.7675575037363064,0.7833977671206245
2007-05-17,0.780256552618123,0.7745344446146833
2007-05-18,0.7820206664537502,0.7893679529266794
2007-05-21,0.7925403947437261,0.8068481611341844
2007-05-22,0.8096602663092185,0.8132273982889644
2007-05-23,0.816880951728763,0.7975125992584542
2007-05-24,0.7970737804941476,0.7597534160657193
2007-05-25,0.7703106286434821,0.7773194520139396
2007-05-29,0.7794076634597643,0.7900310379835316
2007-05-30,0.7767584293378371,0.8121227385309265
2007-05-31,0.8189183440934991,0.8246649225894326
2007-06-01,0.832901227711466,0.8243628610473627
2007-06-04,0.8161021219135366,0.8309422022324605
2007-06-05,0.8242243688689862,0.8288002325649177
2007-06-06,0.8184407997923862,0.8060512939461081
2007-06-07,0.7980703221541122,0.7646790209059611
2007-06-08,0.7675582541730696,0.7937928548758484
2007-06-11,0.7919448537584873,0.7881042948958147
2007-06-12,0.7757243482962604,0.7737708310568274
2007-06-13,0.7823550835176929,0.8020825158357835
2007-06-14,0.8024347955724725,0.8151739642613832
2007-06-15,0.8396215987305738,0.837507057030427
2007-06-18,0.8442956786721636,0.8396764525941353
2007-06-19,0.8326390777266306,0.8359220709226339
2007-06-20,0.8400268746359003,0.8101340454602586
2007-06-21,0.8102219895731729,0.834081526327901
2007-06-22,0.8280600908482652,0.8088571566365651
2007-06-25,0.8115208190315605,0.7970836351748539
2007-06-26,0.8104220285586378,0.7912236037867642
2007-06-27,0.782307260591975,0.820975532223344
2007-06-28,0.8191647952823996,0.8188708919130391
2007-06-29,0.8350208035959332,0.8214527028482913
2007-07-02,0.8329823997367843,0.8467524450610212
2007-07-03,0.8509479218474036,0.8608427184322986
2007-07-05,0.864005457648478,0.8813755453441641
2007-07-06,0.8808224082560194,0.8906886042402763
2007-07-09,0.8924558994625867,0.8915206633527949
2007-07-10,0.8777997561931177,0.8679876856046294
2007-07-11,0.8639682076095087,0.8836695121972409
2007-07-12,0.8948334794631128,0.9329943572024768
2007-07-13,0.9297713879682761,0.947985723467165
2007-07-16,0.9452456453479762,0.9418130405339818
2007-07-17,0.9462327651031005,0.9606437223667492
2007-07-18,0.9445831895968896,0.9547738621634945
2007-07-19,0.9747200506720168,0.9754904477824964
2007-07-20,0.9669529595107373,0.9508003892870553
2007-07-23,0.9617312561953926,0.9509621464720068
2007-07-24,0.9300199677135179,0.9008883686373563
2007-07-25,0.9236848760381678,0.9146791575523141
2007-07-26,0.8951046588392961,0.8810314094552387
2007-07-27,0.8838456360723685,0.8401233597855297
2007-07-30,0.8471546864158035,0.8627224905844679
2007-07-31,0.8869347262400289,0.8060032345525309
2007-08-01,0.8021220661872568,0.8219048894285054
2007-08-02,0.8291788140762709,0.8489644410003908
2007-08-03,0.8447639937964518,0.7866006476316972
2007-08-06,0.8022089094317737,0.8306926830284002
2007-08-07,0.8165227019792778,0.8393599405458333
2007-08-08,0.8554786872224298,0.8722163183768745
2007-08-09,0.8360018522650597,0.8061319083543915
2007-08-10,0.7837787525746059,0.7911548526420025
2007-08-13,0.8110527978003228,0.8021146679549693
2007-08-14,0.8074000037970211,0.7604229461037747
2007-08-15,0.7551450123819773,0.7166220451696782
2007-08-16,0.6994725035950636,0.6947026194849133
2007-08-17,0.7363994730843377,0.7428543813696675
2007-08-20,0.7454759183237024,0.747594817040067
2007-08-21,0.7412581767441905,0.7683887393039717
2007-08-22,0.7879187311260706,0.7993605730027737
2007-08-23,0.8058221492686287,0.7929118508429644
2007-08-24,0.7889581056208379,0.8287771371529704
2007-08-27,0.8203687756357114,0.8108981135229596
2007-08-28,0.7950439139284866,0.7508880048838225
2007-08-29,0.7685383597315181,0.8172825135468549
2007-08-30,0.8019901436170058,0.8277839425579782
2007-08-31,0.8582059893624036,0.8590545180307303
2007-09-04,0.8595924792573798,0.899902112737249
2007-09-05,0.8905663596828883,0.864804604975764
2007-09-06,0.8742289667206847,0.8700025962633917
2007-09-07,0.8351545572114863,0.8174905747616089
2007-09-10,0.8390143830977632,0.81913441585175
2007-09-11,0.8352151009188731,0.8551342980673513
2007-09-12,0.8513874634324264,0.8547505420948196
2007-09-13,0.8749079584780248,0.866743405804381
2007-09-14,0.8478455029878245,0.8689262841702032
2007-09-17,0.8592126059763403,0.8455643974820527
2007-09-18,0.8591689732769121,0.9126682290732838
2007-09-19,0.9287460494290642,0.9202560176742581
2007-09-20,0.9126439723633968,0.9080740157457311
2007-09-21,0.9213320290504913,0.930400007993606
2007-09-24,0.9374151875346755,0.940618607599454
2007-09-25,0.9301808789310174,0.9668171330553063
2007-09-26,0.9823877619923665,0.98255445443004
2007-09-27,0.9969773516562458,0.993425298748835
2007-09-28,0.9931949996055316,0.9855167730951356
2007-10-01,0.9874228438042721,1.0217196834640683
2007-10-02,1.0203243625879639,1.0197406024969418
2007-10-03,1.008183489468621,1.0007613697943822
2007-10-04,1.006411042824176,1.0039851820138344
2007-10-05,1.0294292042922604,1.0672943502579553
2007-10-08,1.0692222528050679,1.0871221870205074
2007-10-09,1.0948461000373162,1.0986823991523675
2007-10-10,1.1006751126866503,1.10700152897581
2007-10-11,1.1246856992110728,1.050769850858455
2007-10-12,1.0667819687287141,1.1053062533836295
2007-10-15,1.1112778433150632,1.0756972991919205
2007-10-16,1.0589760334825309,1.06358238520755
2007-10-17,1.110178388463437,1.1045202231453188
2007-10-18,1.0877212324835497,1.1165159657421848
2007-10-19,1.1181720836185436,1.0295585851208509
2007-10-22,1.014754015917653,1.0668493311250318
2007-10-23,1.102740394677185,1.1379817645280954
2007-10-24,1.1096514195613505,1.1118001980410146
2007-10-25,1.1144998714517675,1.0700239782402625
2007-10-26,1.1279774273353445,1.1183683022460746
2007-10-29,1.1309366086736377,1.1314148281644796
2007-10-30,1.1215105259877587,1.137315555827525
2007-10-31,1.1471761198021926,1.1855526082398433
2007-11-01,1.1607529085019817,1.119093350919951
2007-11-02,1.1407473030546709,1.1443379205844513
2007-11-05,1.111850564031212,1.1229096633194633
2007-11-06,1.1406233028503956,1.15859723235208
2007-11-07,1.1291669928428476,1.0738532016937672
2007-11-08,1.0679028277156264,0.9797950828121745
2007-11-09,0.9172956332852573,0.8807734802591218
2007-11-12,0.8735932160995575,0.8130276014747705
2007-11-13,0.8467997520414401,0.91784374335728
2007-11-14,0.9504286139968611,0.8784714358375517
2007-11-15,0.8749433880905898,0.8600258321093899
2007-11-16,0.8780028382453032,0.8911993318216903
2007-11-19,0.879989992166347,0.855186128920246
2007-11-20,0.8674517328268035,0.8659938304153245
2007-11-21,0.8388644053799286,0.8355618400924973
2007-11-23,0.8516584396589628,0.8635046496879559
2007-11-26,0.8688702048343501,0.8124392684309335
2007-11-27,0.8343148370672397,0.8670754400911368
2007-11-28,0.8950502833755871,0.9466177480547829
2007-11-29,0.9317611288397879,0.9555070755549586
2007-11-30,0.9828813026100887,0.9360897930010195
2007-12-03,0.9238010409284947,0.9067587134207058
2007-12-04,0.8877850182310487,0.8952449692534877
2007-12-05,0.9265365770351088,0.9478571495499443
2007-12-06,0.9481923576646122,0.985864688014364
2007-12-07,0.9855113225271022,0.9887292295662112
2007-12-10,0.9908534930935418,0.9951280408991793
2007-12-11,0.999037019883301,0.9229882062597056
2007-12-12,0.9778414841801111,0.9448170631841186
2007-12-13,0.9199674776515271,0.9351490530559983
2007-12-14,0.9131545554776268,0.9046783555383936
2007-12-17,0.8944610135647442,0.83754259366482
2007-12-18,0.8633090780546578,0.8476951874069875
2007-12-19,0.8455303283763386,0.8492358351714927
2007-12-20,0.8805739312484449,0.8978164859438058
2007-12-21,0.9380157589303579,0.9526405687721046
2007-12-24,0.9542738111048532,0.9750787461770201
2007-12-26,0.9649717374205654,0.9859679076960964
2007-12-27,0.9747908082233453,0.9431099947047024
2007-12-28,0.9597640605520483,0.9438313256483801
2007-12-31,0.9313565434581148,0.9138797990086261
2008-01-02,0.9144829183484626,0.8671766326627097
2008-01-03,0.8681804278000737,0.869426405862095
2008-01-04,0.8356886918751066,0.7589707945959642
2008-01-07,0.767814890646937,0.7514864513216732
2008-01-08,0.7605244987219998,0.6964179467937724
2008-01-09,0.7016351757614028,0.7388265760681141
2008-01-10,0.7178783252222983,0.7430840382859425
2008-01-11,0.7284867391381471,0.6966203505864871
2008-01-14,0.726545729341949,0.7363057359752517
2008-01-15,0.7098638858743814,0.6744906875925325
2008-01-16,0.655508438125934,0.651015425685338
2008-01-17,0.6613872149220673,0.6188152579185268
2008-01-18,0.6389659985322317,0.6201736201155272
2008-01-22,0.5155647413041149,0.564405735077724
2008-01-23,0.49814107221425596,0.5535308617597773
2008-01-24,0.5639132490731065,0.5882985488856253
2008-01-25,0.6210245073556082,0.5490650839715665
2008-01-28,0.5480050419081243,0.5634680841869928
2008-01-29,0.5702365549797538,0.5656276379737101
2008-01-30,0.5586504739263138,0.5661236161177604
2008-01-31,0.5414227209301835,0.59516234901918
2008-02-01,0.5995498810405462,0.6083916076310335
2008-02-04,0.6076283052073571,0.5821265064339688
2008-02-05,0.5532168093288367,0.5298885485509579
2008-02-06,0.541854495694277,0.49988978450565047
2008-02-07,0.4845066637809641,0.509788911236006
2008-02-08,0.5106184485345391,0.5274277367508312
2008-02-11,0.5332258280038252,0.5445553630167828
2008-02-12,0.5531546053362422,0.5326882568841391
2008-02-13,0.5529983513876359,0.571018619580706
2008-02-14,0.5709963496397013,0.5375148489572148
2008-02-15,0.5270405909661391,0.5307434981285597
2008-02-19,0.5501227595989903,0.5157977458580313
2008-02-20,0.5085292380435765,0.5351832204123022
2008-02-21,0.54816163944639,0.5154527942501622
2008-02-22,0.5211084997172802,0.5214961935743947
2008-02-25,0.5210461021196823,0.5318807568627123
2008-02-26,0.5210840452701433,0.5366766738854182
2008-02-27,0.5251616143603561,0.5439397389736881
2008-02-28,0.5385436164813899,0.5387491696787916
2008-02-29,0.5220218823517221,0.4948094607418311
2008-03-03,0.49356054188848747,0.4844176486429
2008-03-04,0.47682329941535423,0.4927952177747706
2008-03-05,0.49498416314030613,0.500979959487777
2008-03-06,0.49732122300211656,0.4657333632345313
2008-03-07,0.4565332901549871,0.4613992788917146
2008-03-10,0.45972463029674965,0.43333411671139355
2008-03-11,0.4573495536617262,0.48696713785824775
2008-03-12,0.49126511573380455,0.48187271663876735
2008-03-13,0.4656619748015126,0.4937049743295171
2008-03-14,0.4995867848326105,0.46226915160545157
2008-03-17,0.4352373291016392,0.44031545435018327
2008-03-18,0.4635962834777701,0.49914969026485084
2008-03-19,0.5024918188779789,0.460105755214324
2008-03-20,0.4633188956070872,0.48932319588417705
2008-03-24,0.496052406095514,0.5418270167605589
2008-03-25,0.5434457251844306,0.5507044887068687
2008-03-26,0.542705462896286,0.5438951794598971
2008-03-27,0.5346800446316851,0.5086085576342015
2008-03-28,0.5176623180820251,0.49933147852606097
2008-03-31,0.5037978256246807,0.5113420170034599
2008-04-01,0.5320884092177547,0.5755776539622726
2008-04-02,0.5758607234172156,0.5691251601597942
2008-04-03,0.5633666167276216,0.5747168538179341
2008-04-04,0.5790051845684787,0.5844347401696326
2008-04-07,0.5959959565867994,0.5792445590020215
2008-04-08,0.572160193781083,0.5653477693509642
2008-04-09,0.5672721878952095,0.5467443967435319
2008-04-10,0.5473606932565532,0.5705907390708084
2008-04-11,0.5511488025500723,0.5209558485866095
2008-04-14,0.5191555525602346,0.5139877236956669
2008-04-15,0.5212444699551805,0.5170106729256911
2008-04-16,0.5366613840097432,0.5625055466437092
2008-04-17,0.5623088607910299,0.5567868587759278
2008-04-18,0.6005176426561385,0.6109614548666101
2008-04-21,0.6037863107092389,0.6229447281810376
2008-04-22,0.611242277191545,0.5921948857507543
2008-04-23,0.6071620688780792,0.6157061894977589
2008-04-24,0.617004944683906,0.6328369317142719
2008-04-25,0.6310312094515231,0.6266693404760664
2008-04-28,0.6284526663126689,0.6310047454437576
2008-04-29,0.6255316617372708,0.6408353017000726
2008-04-30,0.6461932245719523,0.6246476332651916
2008-05-01,0.6285953965284391,0.6859377365380093
2008-05-02,0.702288274143731,0.6869055937767853
2008-05-05,0.6856947839115117,0.6803419837084966
2008-05-06,0.6727556136650609,0.6951736268036984
2008-05-07,0.6917109527847972,0.6539609495193659
2008-05-08,0.6631675788509906,0.6692729450008562
2008-05-09,0.6525687703420827,0.6621310347808295
2008-05-12,0.671328875194758,0.699333879164617
2008-05-13,0.6998218619052988,0.7028218615861618
2008-05-14,0.7110363940643404,0.6989545894443199
2008-05-15,0.6968281050555576,0.7343281504497038
2008-05-16,0.7370092212763552,0.7339459729702383
2008-05-19,0.7343927019641734,0.7177396537735637
2008-05-20,0.7089448502656343,0.7005092902738713
2008-05-21,0.705219618170726,0.6539172664664578
2008-05-22,0.6595587642105945,0.66180389328281
2008-05-23,0.6563644493642788,0.655517365851501
2008-05-27,0.661447400077552,0.6920523522616588
2008-05-28,0.6995380884774375,0.6965664280929199
2008-05-29,0.6982322938341257,0.7161092785744525
2008-05-30,0.7257846461749394,0.7302744525528321
2008-06-02,0.7236694605466013,0.7023753747696365
2008-06-03,0.710831763213997,0.6913838096348617
2008-06-04,0.6861532309089947,0.7165614223814565
2008-06-05,0.7224985420130433,0.7522256379591793
2008-06-06,0.7312528391331159,0.6818019414819524
2008-06-09,0.6867808090581828,0.6704710827194025
2008-06-10,0.6507256278415007,0.6626722518887711
2008-06-11,0.6588385426900201,0.6139914535764743
2008-06-12,0.6304740566256556,0.613376591381498
2008-06-13,0.6267161232161157,0.6534279230547658
2008-06-16,0.6413598279975924,0.6714782488519324
2008-06-17,0.6766802405771438,0.6589965410245758
2008-06-18,0.6488012823665136,0.6370866328588709
2008-06-19,0.6335676593816812,0.6676439561907506
2008-06-20,0.6469402274808748,0.6132406368676175
2008-06-23,0.6210532196198377,0.5984155744704439
2008-06-24,0.5922229353599009,0.5892140491502804
2008-06-25,0.5959000694217792,0.617097610118667
2008-06-26,0.5833898167416901,0.5432770462010028
2008-06-27,0.5422880457476977,0.5433444530831201
2008-06-30,0.5406953288984684,0.526805489027841
2008-07-01,0.513656463344466,0.5480431410257095
2008-07-02,0.5533070448247763,0.5064291905819229
2008-07-03,0.5168665412849064,0.506247348840185
2008-07-07,0.5211365397258884,0.5147658803155524
2008-07-08,0.5168757858401647,0.5521386565064563
2008-07-09,0.5480695631202548,0.5060074896088159
2008-07-10,0.5121211480653513,0.5229005971481571
2008-07-11,0.5063019288480445,0.49839672064263296
2008-07-14,0.5180948468678109,0.48679125519789446
2008-07-15,0.47765230620374266,0.4867370760626092
2008-07-16,0.48765297930913,0.5235424063420888
2008-07-17,0.5295092635330966,0.5315212239451819
2008-07-18,0.5089330726824938,0.5053954722981415
2008-07-21,0.512469269125435,0.5022099371864247
2008-07-22,0.4753987680380221,0.5025254036606457
2008-07-23,0.5038714309928427,0.5221649373257443
2008-07-24,0.5300457131091457,0.4973716514830675
2008-07-25,0.5079051028697359,0.5216405892965225
2008-07-28,0.5171019942277585,0.48470388993057445
2008-07-29,0.4929203046486191,0.5191201203570162
2008-07-30,0.5230142895576495,0.5250363276394217
2008-07-31,0.5100947516148437,0.5214971860074612
2008-08-01,0.5199696227997973,0.5022085393370138
2008-08-04,0.5013804617622758,0.48410868596954326
2008-08-05,0.5009326887806242,0.5369547924614454
2008-08-06,0.5343470356181084,0.5585819278450497
2008-08-07,0.5476456362555923,0.5450213031477527
2008-08-08,0.545188733058006,0.5849316112232823
2008-08-11,0.580740421804583,0.598273232886918
2008-08-12,0.5960804228264421,0.5978773538766358
2008-08-13,0.5949744058214376,0.5985003767163578
2008-08-14,0.5880143604361584,0.6185651447292243
2008-08-15,0.6213771689167737,0.6118424228174898
2008-08-18,0.6160405005422939,0.5881579388978279
2008-08-19,0.5806524358376961,0.566116137455634
2008-08-20,0.5776305909407045,0.5696409795851224
2008-08-21,0.5579923608664649,0.563719761134084
2008-08-22,0.5716141025781982,0.5855510912633924
2008-08-25,0.5735903355554868,0.5477039806921347
2008-08-26,0.547722955991544,0.5445248510130009
2008-08-27,0.545072204191236,0.5564169124065009
2008-08-28,0.561389614034176,0.5692540440616142
2008-08-29,0.5518922384022436,0.5314833035553983
2008-09-02,0.5583417690775416,0.5106658735212001
2008-09-03,0.5084090461254998,0.4963763892857907
2008-09-04,0.4852435501192268,0.4493577919981119
2008-09-05,0.4369156872558686,0.4440642724152492
2008-09-08,0.46344938830713894,0.439230418445277
2008-09-09,0.4406957485558037,0.40803758631317477
2008-09-10,0.42086007735222775,0.4195914527035421
2008-09-11,0.40262413998778707,0.4440241669830774
2008-09-12,0.4307831745337118,0.4387830716786316
2008-09-15,0.4049122107404099,0.39331579575829684
2008-09-16,0.3802771359187077,0.4054616528843342
2008-09-17,0.38966005556491284,0.3419436094455898
2008-09-18,0.36442099490024,0.38340967201361364
2008-09-19,0.4259412489422726,0.41479166075968027
2008-09-22,0.41289597860564214,0.3583742231849497
2008-09-23,0.3666909003814753,0.34660594786541216
2008-09-24,0.3523387740710851,0.35464559401423534
2008-09-25,0.36361603910807316,0.3714201383511467
2008-09-26,0.3416978277370094,0.3599690821172544
2008-09-29,0.33815608026763483,0.25001989957036247
2008-09-30,0.27220785198003233,0.3008414324188727
2008-10-01,0.29309992311752203,0.2834411898266339
2008-10-02,0.27431908857451764,0.24446480414596725
2008-10-03,0.2566816855134163,0.2336659540818548
2008-10-06,0.21463556129557176,0.20571404589699765
2008-10-07,0.20785864050758684,0.16981916666295163
2008-10-08,0.15777579188967966,0.1693998107670354
2008-10-09,0.17659910601120604,0.14733605279619819
2008-10-10,0.1333709187420179,0.1446515279539851
2008-10-13,0.16813448545392914,0.2023677717675412
2008-10-14,0.2198702695429057,0.17217263140906605
2008-10-15,0.1671374205703157,0.12734675835885673
2008-10-16,0.13099928802328978,0.14872966020391706
2008-10-17,0.14143038242960296,0.14801770395682923
2008-10-20,0.15406755845186315,0.1620588969275192
2008-10-21,0.1537310675165186,0.13765818700780222
2008-10-22,0.13423221681149017,0.12288520402376583
2008-10-23,0.12378104711365483,0.1234504335055585
2008-10-24,0.09651478458787874,0.10988738037844469
2008-10-27,0.10447698382748961,0.1010527313531956
2008-10-28,0.1114632859274751,0.13563211611409554
2008-10-29,0.13394882064111124,0.13697825116568832
2008-10-30,0.14678097799660364,0.1469723615588567
2008-10-31,0.14180261625883556,0.1470623586186618
2008-11-03,0.14650685347339096,0.14699134947902087
2008-11-04,0.15639378428423187,0.16155862915346422
2008-11-05,0.15499258230988633,0.13449931942755777
2008-11-06,0.12766516179631832,0.11682699897006668
2008-11-07,0.12144821846816561,0.12524229444511012
2008-11-10,0.13300245932806665,0.11853640826737159
2008-11-11,0.11437628678044491,0.11133923955892853
2008-11-12,0.10547614568940274,0.0952640863784962
2008-11-13,0.09584551223350564,0.11382430109235622
2008-11-14,0.10517988146760202,0.09734042415728418
2008-11-17,0.0918521696234873,0.09050511811820096
2008-11-18,0.09192917244902594,0.09135560217030354
2008-11-19,0.09095997526809194,0.07520456028696842
2008-11-20,0.07288665559141978,0.06474900678236513
2008-11-21,0.06907986080091753,0.0741270567521932
2008-11-24,0.07830120843058569,0.0885477723437373
2008-11-25,0.090835614957692,0.08571972902965545
2008-11-26,0.08218445535891171,0.09663779756692625
2008-11-28,0.09378484379657062,0.0947945404280043
2008-12-01,0.09477524745398992,0.07207464931792182
2008-12-02,0.07579131888276551,0.07987480894778412
2008-12-03,0.07433233426511222,0.08689379180689263
2008-12-04,0.08198080850327774,0.0784070501323948
2008-12-05,0.07540845092145605,0.08848165510793501
2008-12-08,0.09407737613588439,0.0992862341905802
2008-12-09,0.09432057792814105,0.09611698066715987
2008-12-10,0.09872063555663398,0.0984342777349467
2008-12-11,0.09562639878562129,0.08840913033075229
2008-12-12,0.08415140011140969,0.0939274028574745
2008-12-15,0.09396199241509234,0.08810138421744747
2008-12-16,0.09097947915483011,0.10207889365908639
2008-12-17,0.09767203068637294,0.09769516726844774
2008-12-18,0.09802197561559169,0.09258220079065356
2008-12-19,0.0960124714867893,0.09541194761903665
2008-12-22,0.09424496990733712,0.08882440641789077
2008-12-23,0.09003656467991936,0.08742936330054965
2008-12-24,0.08817193940243657,0.08763684263530461
2008-12-26,0.08878890549342026,0.08784605031786905
2008-12-29,0.08794377838603351,0.08507615225640323
2008-12-30,0.08701686138553592,0.09123680758523368
2008-12-31,0.09142785930625572,0.09355148931315369
2009-01-02,0.09378491808848176,0.10558850272980906
2009-01-05,0.10331102678527128,0.10522169570266182
2009-01-06,0.10816060100886152,0.10817168999753984
2009-01-07,0.10190885059566042,0.09910472938874722
2009-01-08,0.09744028745281436,0.10234962996172649
2009-01-09,0.10234840016358375,0.09507429088524724
2009-01-12,0.09554701878201766,0.08991463991114026
2009-01-13,0.08984918811094691,0.09021919727920324
2009-01-14,0.08595637691574272,0.08150161533336675
2009-01-15,0.08075364797600845,0.08566206418285552
2009-01-16,0.08904932593464551,0.08879507824229256
2009-01-20,0.08785209630305084,0.0751705005974379
2009-01-21,0.07913128781269611,0.08508979189696328
2009-01-22,0.07994666552651085,0.08119569882224979
2009-01-23,0.07711897748327623,0.08259811825872254
2009-01-26,0.08290792236672838,0.08439511034776168
2009-01-27,0.08464510623247559,0.08646952085670534
2009-01-28,0.09067182200256022,0.09559916004952135
2009-01-29,0.09136560042979745,0.0882183235541791
2009-01-30,0.09006023780775908,0.08289686372436181
2009-02-02,0.08032618687589972,0.0860076860947415
2009-02-03,0.0866461715692133,0.09028652656667177
2009-02-04,0.09026369055727107,0.09019854966794802
2009-02-05,0.0868028295871765,0.09651581670093325
2009-02-06,0.09633805687375002,0.10399649490428282
2009-02-09,0.10378727441079078,0.10496847476786028
2009-02-10,0.10195689324683582,0.09225270927704383
2009-02-11,0.09275849191272569,0.0917070675849384
2009-02-12,0.08831846730859413,0.09503139371284146
2009-02-13,0.09455326290722818,0.09362871020342935
2009-02-17,0.08469378560437558,0.08243827001723486
2009-02-18,0.08384865550562023,0.08275283587140017
2009-02-19,0.08389295575061198,0.07830834342989432
2009-02-20,0.0761300069006928,0.07918762416893335
2009-02-23,0.08066854705657024,0.07016678894690805
2009-02-24,0.07196856327607916,0.07816159868403516
2009-02-25,0.07563562219550904,0.07599613644001828
2009-02-26,0.07741244189563329,0.06924137748954366
2009-02-27,0.06732532269775207,0.06734959299163944
2009-03-02,0.06407992277794074,0.06016258580529341
2009-03-03,0.06279059507296553,0.060751700820685074
2009-03-04,0.0633584566695043,0.06579044529286458
2009-03-05,0.06289370739316734,0.059507670204820395
2009-03-06,0.06082635878864215,0.057808412476895665
2009-03-09,0.05684376508454763,0.05441962054312907
2009-03-10,0.05699693433555092,0.06537344791826848
2009-03-11,0.06640206690098575,0.06774229888735778
2009-03-12,0.06699933204501313,0.07465360102349397
2009-03-13,0.07428652697013331,0.07535228577400091
2009-03-16,0.07704128219687098,0.07076717902921167
2009-03-17,0.07193526771317349,0.07947870898552417
2009-03-18,0.07806452268617958,0.08235238090181352
2009-03-19,0.08510308350573169,0.08168227700498605
2009-03-20,0.08233107479467922,0.07816191471474179
2009-03-23,0.08326953169484748,0.09286711481177017
2009-03-24,0.08971678606171136,0.08725473713645837
2009-03-25,0.08916679381727066,0.08769008943549558
2009-03-26,0.09138004943857538,0.09730949052754274
2009-03-27,0.0932615027140273,0.09055232325871362
2009-03-30,0.08606659631519502,0.0839346401404478
2009-03-31,0.08634727758689273,0.08725862287182244
2009-04-01,0.08277357177504696,0.0902335059879104
2009-04-02,0.09494831540559981,0.09937463264786889
2009-04-03,0.10216449548568737,0.10440986217696453
2009-04-06,0.10088306158153232,0.1035763843568651
2009-04-07,0.09955611864920702,0.09474778300889103
2009-04-08,0.09791095592944077,0.10040770904515914
2009-04-09,0.1053615322665233,0.10965502818160393
2009-04-13,0.1080225769003674,0.10871740149872446
2009-04-14,0.10602586081840028,0.1051837525571474
2009-04-15,0.10249915520659793,0.10373534474744736
2009-04-16,0.10785337321085997,0.11243006950086959
2009-04-17,0.11100864985326042,0.11260501550946932
2009-04-20,0.10665875977759914,0.10163116959723216
2009-04-21,0.1003297820382751,0.10612431397119344
2009-04-22,0.10443544501036994,0.10764180566696385
2009-04-23,0.10884080441184717,0.10970511818562234
2009-04-24,0.11167548901139779,0.11678757375982414
2009-04-27,0.11334507803441153,0.1158374762806927
2009-04-28,0.11403821176836387,0.11375899547644613
2009-04-29,0.11658750340973877,0.11887632736861328
2009-04-30,0.12299530566630726,0.12188583136640235
2009-05-01,0.12235667349795779,0.12243693846984235
2009-05-04,0.12531291538502995,0.1307115520866301
2009-05-05,0.1295645450558338,0.1295190814686974
2009-05-06,0.1321589226584872,0.12944106172085543
2009-05-07,0.13108380891873506,0.1200183543176766
2009-05-08,0.12242395032204145,0.12107350326230008
2009-05-11,0.11607013745595157,0.12129859997875427
2009-05-12,0.1229294120989112,0.11639732718005925
2009-05-13,0.11308555149376003,0.10694588164919229
2009-05-14,0.10895953804203053,0.11168656474429542
2009-05-15,0.11064855493789372,0.11051827301022638
2009-05-18,0.11341715572752481,0.1197856706461991
2009-05-19,0.1183344140676636,0.12108701699999944
2009-05-20,0.12192500806946141,0.11990344173042436
2009-05-21,0.11603601971704576,0.11312420422771391
2009-05-22,0.11418577008489261,0.11201743549290381
2009-05-26,0.10902649477767809,0.12388728486448082
2009-05-27,0.12280439181725324,0.12102442469612566
2009-05-28,0.123470570554149,0.1257785281655428
2009-05-29,0.12596544676499313,0.12978494938722213
2009-06-01,0.13404381950267383,0.14115109748901888
2009-06-02,0.13916726211500696,0.14198134917245325
2009-06-03,0.1396332532933935,0.14051246960146524
2009-06-04,0.1407238874385687,0.14540230022971787
2009-06-05,0.1485988158916151,0.14543506965463726
2009-06-08,0.14219134924231985,0.14396977697407157
2009-06-09,0.14584107775780206,0.1477165489212466
2009-06-10,0.15001209608923563,0.14575975346870745
2009-06-11,0.14537913642321554,0.1462077889854519
2009-06-12,0.14375198672209297,0.14408193064797087
2009-06-15,0.13906283713622863,0.13455605196210085
2009-06-16,0.13632956918366096,0.13065380646878536
2009-06-17,0.13218881455024184,0.13404758975704822
2009-06-18,0.13408936229685517,0.1334156412034468
2009-06-19,0.13671423084423331,0.1381832909303367
2009-06-22,0.13380181984352335,0.12573146696890694
2009-06-23,0.12598880269930615,0.1251106681880281
2009-06-24,0.1282813490744719,0.13106004444594377
2009-06-25,0.1287754477354261,0.13870308542554427
2009-06-26,0.13629520410262283,0.13983974429632975
2009-06-29,0.14079194251403226,0.14081166217700172
2009-06-30,0.14106484622196408,0.13887859511473408
2009-07-01,0.14145915110303356,0.1399572345102357
2009-07-02,0.13520098209233689,0.13008355790603918
2009-07-06,0.12712132402695803,0.12858593962373263
2009-07-07,0.1285115689770816,0.11883923874299374
2009-07-08,0.12078445719717183,0.12050078079370866
2009-07-09,0.12187715229893979,0.1213311175199503
2009-07-10,0.11990961312234515,0.12251128061212442
2009-07-13,0.12335609838434146,0.1297016174745343
2009-07-14,0.12883933526398636,0.1310205034249593
2009-07-15,0.13660768807336163,0.14419737708626001
2009-07-16,0.1425598500457046,0.14924317107377982
2009-07-17,0.14859376981328043,0.15164655351558365
2009-07-20,0.15373957306787364,0.15659692646332818
2009-07-21,0.15805597897598925,0.15928200900804146
2009-07-22,0.15913266748502086,0.1629037690319125
2009-07-23,0.16180886953917736,0.1741851664344099
2009-07-24,0.16688329300962043,0.1731294633885674
2009-07-27,0.17243160522536935,0.17313828361341527
2009-07-28,0.17032946034463245,0.17501672392475062
2009-07-29,0.17214898085822403,0.17301950833433138
2009-07-30,0.17768940949137113,0.17625296655777967
2009-07-31,0.17568829804218974,0.17404668718924038
2009-08-03,0.1791826463429398,0.18209412205229428
2009-08-04,0.17902721986005715,0.1821089429770004
2009-08-05,0.18316554950939964,0.17729905737146043
2009-08-06,0.1784391758399349,0.17254021873318054
2009-08-07,0.17911972679296326,0.17866883192310365
2009-08-10,0.17639509182390672,0.1756045159369938
2009-08-11,0.1733606756596231,0.17040985103281034
2009-08-12,0.17055792241191345,0.17832695347598418
2009-08-13,0.18119086755111535,0.1812474685246342
2009-08-14,0.17948784713909782,0.17550111147761346
2009-08-17,0.1662230740319621,0.16039401620140434
2009-08-18,0.16295345960842625,0.1670155875797252
2009-08-19,0.1612684418871807,0.1699344207358046
2009-08-20,0.16925163939083748,0.17547107406681559
2009-08-21,0.17747354877042443,0.18312481114436321
2009-08-24,0.184318573823726,0.1820341620329931
2009-08-25,0.1838811751361562,0.18366887774239998
2009-08-26,0.1825965900257696,0.1826196852698609
2009-08-27,0.18229135422886875,0.18387200504523654
2009-08-28,0.1907324367379737,0.1844085360409504
2009-08-31,0.1793108810760331,0.1782766243371666
2009-09-01,0.17656200197198232,0.1685975658983257
2009-09-02,0.16610693236601656,0.16801548241485098
2009-09-03,0.17015646469518528,0.17165849155680138
2009-09-04,0.17279397614036962,0.1819179018731841
2009-09-08,0.1864019998182471,0.187437363949964
2009-09-09,0.18777639407121835,0.1922660983601114
2009-09-10,0.19202310634308836,0.19803251098409708
2009-09-11,0.19752709691349468,0.19770495616172218
2009-09-14,0.1934736097085786,0.20044345424723992
2009-09-15,0.19952219939890004,0.20240137704340522
2009-09-16,0.20466103075303657,0.2110112516597649
2009-09-17,0.2101787169016027,0.2099564794106918
2009-09-18,0.21277566836267042,0.2113773546722567
2009-09-21,0.20844162586460546,0.21357330180006362
2009-09-22,0.21669352695963615,0.21439297704422655
2009-09-23,0.21651544821786217,0.21062521723368666
2009-09-24,0.21376319596402757,0.20513809884895723
2009-09-25,0.2004998829831174,0.19945244795003586
2009-09-28,0.2025199032807888,0.21019917146015293
2009-09-29,0.21001378173579402,0.2075849400115798
2009-09-30,0.20980504914066045,0.20796599620618725
2009-10-01,0.20484227472334063,0.1889604986338798
2009-10-02,0.1856426881097995,0.18752769014846393
2009-10-05,0.1895909612928859,0.19191788106471894
2009-10-06,0.19500903241809556,0.20208793990321808
2009-10-07,0.2006780366984558,0.20383947701443547
2009-10-08,0.20753766964250142,0.20636663868422592
2009-10-09,0.2047676643721561,0.20984916844808132
2009-10-12,0.21162467219562214,0.2104384453161582
2009-10-13,0.21022407660885928,0.2105861331327374
2009-10-14,0.21784204454363187,0.21929126054867276
2009-10-15,0.21682780118443462,0.2188491907076146
2009-10-16,0.21659912716816151,0.21352445430792658
2009-10-19,0.21425812745044137,0.21984340565512445
2009-10-20,0.22331654523137462,0.21953067127824247
2009-10-21,0.21893098130237085,0.2184560118428052
2009-10-22,0.21681943295066478,0.22192526855920436
2009-10-23,0.2259960146612445,0.21814609846344982
2009-10-26,0.21917275577470904,0.21547838902563252
2009-10-27,0.21552334928045894,0.20640079413254028
2009-10-28,0.20288617142456142,0.19192115415635397
2009-10-29,0.19606152186021233,0.20192335653081028
2009-10-30,0.20069640710997372,0.18627593959609687
2009-11-02,0.18621458171101252,0.1881370512011419
2009-11-03,0.18436728669668342,0.19010423407562035
2009-11-04,0.19275545621357437,0.190505482166378
2009-11-05,0.19706369957574285,0.2043332024578318
2009-11-06,0.20027757945505964,0.2075951810526155
2009-11-09,0.21215521577178376,0.22118327411882466
2009-11-10,0.22005760502662647,0.22287335659263796
2009-11-11,0.22725109194559084,0.22645999869285663
2009-11-12,0.22707691913548905,0.22262200193503728
2009-11-13,0.2251756370720361,0.2283821112822113
2009-11-16,0.2307374285817193,0.23558064943522458
2009-11-17,0.23337441831723157,0.23727810890205545
2009-11-18,0.2352265515906166,0.23308168469851587
2009-11-19,0.22799290554647944,0.22199667880800175
2009-11-20,0.21720033724501703,0.21858106268879554
2009-11-23,0.22542334178960852,0.22917805731626234
2009-11-24,0.22859459702476845,0.22652309793114164
2009-11-25,0.22816614706844382,0.22925886595395487
2009-11-27,0.20993250226554644,0.2178625169977853
2009-11-30,0.21690377360036106,0.21849843501850802
2009-12-01,0.22417282608749609,0.22596046286362165
2009-12-02,0.22739332395336753,0.22704622576713426
2009-12-03,0.22868498808483223,0.22392272602408395
2009-12-04,0.23355665653436763,0.22704326958937218
2009-12-07,0.22678417478691978,0.22381358672648258
2009-12-08,0.21952929481117803,0.21961094042174142
2009-12-09,0.21857025114808692,0.22580502556356646
2009-12-10,0.2296009304251415,0.2293705125210089
2009-12-11,0.23294531767940252,0.2264150774361346
2009-12-14,0.23024267604508514,0.23280574017893052
2009-12-15,0.2298590444433547,0.22852235504534654
2009-12-16,0.23126661933551756,0.22940963653599367
2009-12-17,0.2257857909020668,0.22075267436782084
2009-12-18,0.22661054656701995,0.2315813501973505
2009-12-21,0.23577412977799483,0.23977157438957478
2009-12-22,0.24166185631076278,0.2439018412171339
2009-12-23,0.2451012111312092,0.24877841078999016
2009-12-24,0.2503679791601916,0.25589342823316213
2009-12-28,0.25784076979169146,0.259220084687149
2009-12-29,0.259804929620324,0.25655931375801455
2009-12-30,0.2567578922237805,0.2591818657933659
2009-12-31,0.260395578730621,0.2514584711107957
2010-01-04,0.2604825725400894,0.2620939919668022
2010-01-05,0.26228239700988315,0.26270848586163775
2010-01-06,0.2624379911817545,0.2584269738677139
2010-01-07,0.25826706383315645,0.2576204279354985
2010-01-08,0.2551712552554512,0.26399416728748537
2010-01-11,0.26538836145748856,0.2612150342032095
2010-01-12,0.25638831339946455,0.2510189712002259
2010-01-13,0.2535605643093473,0.2608096030756655
2010-01-14,0.25840440117286595,0.260850048129124
2010-01-15,0.26112467612216755,0.2516119699127624
2010-01-19,0.2534716029278389,0.26409455540615817
2010-01-20,0.2584314693698272,0.2525663652741096
2010-01-21,0.25518810830319383,0.2453467576971337
2010-01-22,0.2419319836201699,0.22325035072241814
2010-01-25,0.22760072364275125,0.22596325200888714
2010-01-26,0.22440154471364837,0.22641476364429997
2010-01-27,0.22554405935805968,0.23196901825405267
2010-01-28,0.22684855708085327,0.21378424817038588
2010-01-29,0.2195491751743493,0.2025144211226383
2010-02-01,0.2041726098885699,0.20932682767285954
2010-02-02,0.20925927749075934,0.215017930596295
2010-02-03,0.21142384351772878,0.217683521843287
2010-02-04,0.21291160970775688,0.19888429002017471
2010-02-05,0.20097839970963388,0.20333997821224856
2010-02-08,0.20256495162272653,0.19933893342057984
2010-02-09,0.20667499673655745,0.20577151020973686
2010-02-10,0.20524389824993358,0.20425349079501143
2010-02-11,0.20343799889087677,0.21627600491046906
2010-02-12,0.21039099991321564,0.21716099977493286
2010-02-16,0.22226600348949432,0.22557300329208374
2010-02-17,0.22859400510787964,0.22940100729465485
2010-02-18,0.22916699945926666,0.23375000059604645
2010-02-19,0.2321610003709793,0.23375000059604645
2010-02-22,0.2365099936723709,0.23210899531841278
2010-02-23,0.2308329939842224,0.22304700314998627
2010-02-24,0.22697900235652924,0.22979199886322021
2010-02-25,0.22244800627231598,0.2296610027551651
2010-02-26,0.22898399829864502,0.2325260043144226
2010-03-01,0.2354689985513687,0.24250000715255737
2010-03-02,0.24463500082492828,0.2439579963684082
2010-03-03,0.24669300019741058,0.24531300365924835
2010-03-04,0.2461719959974289,0.24802100658416748
2010-03-05,0.2533070147037506,0.2589839994907379
2010-03-08,0.2592189908027649,0.26036500930786133
2010-03-09,0.2589319944381714,0.2649739980697632
2010-03-10,0.2653389871120453,0.2714579999446869
2010-03-11,0.2698180079460144,0.2739579975605011
2010-03-12,0.276978999376297,0.27458301186561584
2010-03-15,0.2727600038051605,0.27273398637771606
2010-03-16,0.2754170000553131,0.27789101004600525
2010-03-17,0.2786720097064972,0.27981799840927124
2010-03-18,0.28078100085258484,0.2826560139656067
2010-03-19,0.2776559889316559,0.2776559889316559
2010-03-22,0.2744010090827942,0.2851560115814209
2010-03-23,0.28710898756980896,0.2911199927330017
2010-03-24,0.2890630066394806,0.28697898983955383
2010-03-25,0.29398399591445923,0.28518199920654297
2010-03-26,0.28924500942230225,0.28666698932647705
2010-03-29,0.2909899950027466,0.29059898853302
2010-03-30,0.29299500584602356,0.2936460077762604
2010-03-31,0.2903650104999542,0.28968799114227295
2010-04-01,0.29291701316833496,0.2891150116920471
2010-04-05,0.29122400283813477,0.2974739968776703
2010-04-06,0.29520800709724426,0.2997399866580963
2010-04-07,0.2987239956855774,0.2980470061302185
2010-04-08,0.2950260043144226,0.29911500215530396
2010-04-09,0.3001039922237396,0.30450499057769775
2010-04-12,0.30554699897766113,0.3057290017604828
2010-04-13,0.3047400116920471,0.3103390038013458
2010-04-14,0.314765989780426,0.3212760090827942
2010-04-15,0.32093799114227295,0.32557299733161926
2010-04-16,0.32213500142097473,0.3139840066432953
2010-04-19,0.31104201078414917,0.31349000334739685
2010-04-20,0.31835898756980896,0.31812500953674316
2010-04-21,0.3245829939842224,0.32372400164604187
2010-04-22,0.3142710030078888,0.32851600646972656
2010-04-23,0.32882800698280334,0.33286499977111816
2010-04-26,0.33309900760650635,0.330390989780426
2010-04-27,0.32718798518180847,0.3100000023841858
2010-04-28,0.314765989780426,0.3107289969921112
2010-04-29,0.31505200266838074,0.3265889883041382
2010-04-30,0.32609400153160095,0.307343989610672
2010-05-03,0.3109380006790161,0.31989601254463196
2010-05-04,0.3077859878540039,0.29161500930786133
2010-05-05,0.28247401118278503,0.28682300448417664
2010-05-06,0.28091099858283997,0.25872400403022766
2010-05-07,0.25187501311302185,0.2398959994316101
2010-05-10,0.2701820135116577,0.27567699551582336
2010-05-11,0.267890989780426,0.2754949927330017
2010-05-12,0.2792710065841675,0.29033899307250977
2010-05-13,0.28755199909210205,0.277213990688324
2010-05-14,0.2704170048236847,0.2601560056209564
2010-05-17,0.2626819908618927,0.26367199420928955
2010-05-18,0.27010399103164673,0.2535940110683441
2010-05-19,0.24921900033950806,0.2469010055065155
2010-05-20,0.2319529950618744,0.2219270020723343
2010-05-21,0.20841099321842194,0.22364600002765656
2010-05-24,0.2248699963092804,0.22549499571323395
2010-05-25,0.20874999463558197,0.2239059954881668
2010-05-26,0.2273699939250946,0.2169789969921112
2010-05-27,0.2314320057630539,0.24046899378299713
2010-05-28,0.24205699563026428,0.2371090054512024
2010-06-01,0.234608992934227,0.2305469959974289
2010-06-02,0.234375,0.24677099287509918
2010-06-03,0.2485940009355545,0.2531769871711731
2010-06-04,0.23729200661182404,0.2281769961118698
2010-06-07,0.2303909957408905,0.21494799852371216
2010-06-08,0.21648399531841278,0.21375000476837158
2010-06-09,0.21807299554347992,0.2090359926223755
2010-06-10,0.2163279950618744,0.22638000547885895
2010-06-11,0.2193489968776703,0.23229199647903442
2010-06-14,0.23919300734996796,0.23242199420928955
2010-06-15,0.23627600073814392,0.2494010031223297
2010-06-16,0.2491929978132248,0.2544269859790802
2010-06-17,0.2584109902381897,0.25697898864746094
2010-06-18,0.25830700993537903,0.2576819956302643
2010-06-21,0.26708298921585083,0.25091099739074707
2010-06-22,0.25380200147628784,0.24497400224208832
2010-06-23,0.2458849996328354,0.24169300496578217
2010-06-24,0.2388020008802414,0.22997400164604187
2010-06-25,0.2329690009355545,0.22981800138950348
2010-06-28,0.23000000417232513,0.22776000201702118
2010-06-29,0.217057004570961,0.20234400033950806
2010-06-30,0.19932299852371216,0.19234399497509003
2010-07-01,0.1934109926223755,0.19046899676322937
2010-07-02,0.1909639984369278,0.18942700326442719
2010-07-06,0.19666700065135956,0.19041700661182404
2010-07-07,0.19205699861049652,0.20841099321842194
2010-07-08,0.21341100335121155,0.21192699670791626
2010-07-09,0.2113800048828125,0.2178650051355362
2010-07-12,0.217057004570961,0.22033900022506714
2010-07-13,0.22549499571323395,0.22786499559879303
2010-07-14,0.22981800138950348,0.2315099984407425
2010-07-15,0.2305469959974289,0.2323179990053177
2010-07-16,0.23028600215911865,0.21362000703811646
2010-07-19,0.2148440033197403,0.21843799948692322
2010-07-20,0.20760400593280792,0.22533899545669556
2010-07-21,0.2338539958000183,0.21744799613952637
2010-07-22,0.22593800723552704,0.23210899531841278
2010-07-23,0.2288540005683899,0.23815099895000458
2010-07-26,0.23919300734996796,0.24338500201702118
2010-07-27,0.2469789981842041,0.24333299696445465
2010-07-28,0.2428389936685562,0.2383590042591095
2010-07-29,0.2416670024394989,0.232682004570961
2010-07-30,0.22677099704742432,0.23427100479602814
2010-08-02,0.24294300377368927,0.24687500298023224
2010-08-03,0.24640600383281708,0.2443230003118515
2010-08-04,0.24752600491046906,0.25137999653816223
2010-08-05,0.24760399758815765,0.24989600479602814
2010-08-06,0.24091100692749023,0.24872399866580963
2010-08-09,0.2521350085735321,0.2530730068683624
2010-08-10,0.24739600718021393,0.24770799279212952
2010-08-11,0.23455700278282166,0.22731800377368927
2010-08-12,0.21369799971580505,0.22091099619865417
2010-08-13,0.21908900141716003,0.21650999784469604
2010-08-16,0.21328100562095642,0.21773399412631989
2010-08-17,0.22260400652885437,0.22601599991321564
2010-08-18,0.2248699963092804,0.22804699838161469
2010-08-19,0.22481800615787506,0.21966099739074707
2010-08-20,0.21744799613952637,0.2189060002565384
2010-08-23,0.22380200028419495,0.21286499500274658
2010-08-24,0.20591099560260773,0.20065100491046906
2010-08-25,0.19674499332904816,0.2066670060157776
2010-08-26,0.2093230038881302,0.19992199540138245
2010-08-27,0.20341099798679352,0.20653599500656128
2010-08-30,0.203358992934227,0.19984400272369385
2010-08-31,0.19687500596046448,0.198853999376297
2010-09-01,0.2065100073814392,0.21552099287509918
2010-09-02,0.21684899926185608,0.22291700541973114
2010-09-03,0.22968800365924835,0.23427100479602814
2010-09-07,0.2311200052499771,0.22856800258159637
2010-09-08,0.2311200052499771,0.23664100468158722
2010-09-09,0.24401000142097473,0.23963500559329987
2010-09-10,0.2413800060749054,0.24221399426460266
2010-09-13,0.24854199588298798,0.25289100408554077
2010-09-14,0.2518230080604553,0.2560940086841583
2010-09-15,0.2540630102157593,0.2604430019855499
2010-09-16,0.26028600335121155,0.26411500573158264
2010-09-17,0.26950499415397644,0.26692700386047363
2010-09-20,0.2699219882488251,0.28083300590515137
2010-09-21,0.28106799721717834,0.27994799613952637
2010-09-22,0.2768230140209198,0.27862000465393066
2010-09-23,0.2729170024394989,0.277785986661911
2010-09-24,0.28770801424980164,0.29351601004600525
2010-09-27,0.294869989156723,0.2901560068130493
2010-09-28,0.2928909957408905,0.29088500142097473
2010-09-29,0.28859400749206543,0.2885420024394989
2010-09-30,0.29291701316833496,0.2846350073814392
2010-10-01,0.29130199551582336,0.2837499976158142
2010-10-04,0.28091099858283997,0.27390599250793457
2010-10-05,0.2836199998855591,0.2942970097064972
2010-10-06,0.29307299852371216,0.2867969870567322
2010-10-07,0.29166701436042786,0.28960898518562317
2010-10-08,0.29012998938560486,0.29544299840927124
2010-10-11,0.2962760031223297,0.29604199528694153
2010-10-12,0.2940889894962311,0.3021880090236664
2010-10-13,0.30776000022888184,0.30953100323677063
2010-10-14,0.30989599227905273,0.30781298875808716
2010-10-15,0.3188279867172241,0.3274480104446411
2010-10-18,0.3279690146446228,0.3274480104446411
2010-10-19,0.3144789934158325,0.314426988363266
2010-10-20,0.3174999952316284,0.3209640085697174
2010-10-21,0.3274480104446411,0.3232029974460602
2010-10-22,0.32359400391578674,0.32950499653816223
2010-10-25,0.33346399664878845,0.33450499176979065
2010-10-26,0.329245001077652,0.3365100026130676
2010-10-27,0.33221399784088135,0.33997398614883423
2010-10-28,0.3446879982948303,0.3419269919395447
2010-10-29,0.3418489992618561,0.340285986661911
2010-11-01,0.34375,0.34106799960136414
2010-11-02,0.3492709994316101,0.3514060080051422
2010-11-03,0.353177011013031,0.35648399591445923
2010-11-04,0.3689059913158417,0.3691149950027466
2010-11-05,0.3700000047683716,0.3695569932460785
2010-11-08,0.36768200993537903,0.3704949915409088
2010-11-09,0.3757550120353699,0.36450499296188354
2010-11-10,0.3664320111274719,0.3700779974460602
2010-11-11,0.3528650104999542,0.36385399103164673
2010-11-12,0.3578389883041382,0.34533900022506714
2010-11-15,0.3512499928474426,0.34164100885391235
2010-11-16,0.334322988986969,0.32468798756599426
2010-11-17,0.3252600133419037,0.3277600109577179
2010-11-18,0.3383069932460785,0.3429949879646301
2010-11-19,0.34187498688697815,0.34380200505256653
2010-11-22,0.339713990688324,0.3528650104999542
2010-11-23,0.3424220085144043,0.33619800209999084
2010-11-24,0.345755010843277,0.3558329939842224
2010-11-26,0.3496350049972534,0.35359400510787964
2010-11-29,0.3476560115814209,0.3486720025539398
2010-11-30,0.33760398626327515,0.3354170024394989
2010-12-01,0.3508070111274719,0.35674500465393066
2010-12-02,0.3583329916000366,0.36757799983024597
2010-12-03,0.36315101385116577,0.3706510066986084
2010-12-06,0.370728999376297,0.3700000047683716
2010-12-07,0.38367199897766113,0.3703390061855316
2010-12-08,0.37400999665260315,0.37546899914741516
2010-12-09,0.38174501061439514,0.37585899233818054
2010-12-10,0.37843799591064453,0.38374999165534973
2010-12-13,0.3885680139064789,0.37924501299858093
2010-12-14,0.3822399973869324,0.3808329999446869
2010-12-15,0.3805209994316101,0.37695300579071045
2010-12-16,0.377344012260437,0.3848179876804352
2010-12-17,0.3860419988632202,0.3859899938106537
2010-12-20,0.38802099227905273,0.3870309889316559
2010-12-21,0.391510009765625,0.3934110105037689
2010-12-22,0.39346399903297424,0.39382800459861755
2010-12-23,0.39177098870277405,0.3908329904079437
2010-12-27,0.3876819908618927,0.3909899890422821
2010-12-28,0.39390599727630615,0.3892970085144043
2010-12-29,0.39273399114608765,0.39161500334739685
2010-12-30,0.39177098870277405,0.38867199420928955
2010-12-31,0.387813001871109,0.3851040005683899
2011-01-03,0.3953390121459961,0.4025000035762787
2011-01-04,0.40755200386047363,0.40187498927116394
2011-01-05,0.39789101481437683,0.4118489921092987
2011-01-06,0.4133070111274719,0.41557300090789795
2011-01-07,0.4176819920539856,0.41460898518562317
2011-01-10,0.41145798563957214,0.41927099227905273
2011-01-11,0.4243749976158142,0.4211980104446411
2011-01-12,0.427031010389328,0.4297400116920471
2011-01-13,0.43127599358558655,0.4310939908027649
2011-01-14,0.43088498711586,0.4404430091381073
2011-01-18,0.42919299006462097,0.44395801424980164
2011-01-19,0.44622400403022766,0.4290890097618103
2011-01-20,0.4239580035209656,0.4194529950618744
2011-01-21,0.4255729913711548,0.4098699986934662
2011-01-24,0.4121609926223755,0.4267970025539398
2011-01-25,0.42104199528694153,0.4282810091972351
2011-01-26,0.43104198575019836,0.4349220097064972
2011-01-27,0.4400259852409363,0.4433070123195648
2011-01-28,0.4434640109539032,0.4098699986934662
2011-01-31,0.4114840030670166,0.41593798995018005
2011-02-01,0.42552098631858826,0.4390360116958618
2011-02-02,0.43671900033950806,0.4370569884777069
2011-02-03,0.4346350133419037,0.4387499988079071
2011-02-04,0.4398699998855591,0.44666698575019836
2011-02-07,0.4494529962539673,0.45315098762512207
2011-02-08,0.45330700278282166,0.46281298995018005
2011-02-09,0.45974001288414,0.46000000834465027
2011-02-10,0.45234400033950806,0.4622400104999542
2011-02-11,0.4579690098762512,0.47171899676322937
2011-02-14,0.4716149866580963,0.47468799352645874
2011-02-15,0.4720570147037506,0.4734640121459961
2011-02-16,0.47718799114227295,0.4822140038013458
2011-02-17,0.4751040041446686,0.4817970097064972
2011-02-18,0.4820829927921295,0.4790630042552948
2011-02-22,0.45994800329208374,0.43687498569488525
2011-02-23,0.4367449879646301,0.4260939955711365
2011-02-24,0.4290890097618103,0.43216100335121155
2011-02-25,0.44020798802375793,0.4506770074367523
2011-02-28,0.45583298802375793,0.45395800471305847
2011-03-01,0.4600520133972168,0.4321349859237671
2011-03-02,0.431302011013031,0.4382289946079254
2011-03-03,0.4509899914264679,0.46437498927116394
2011-03-04,0.46458300948143005,0.45750001072883606
2011-03-07,0.4632290005683899,0.4392710030078888
2011-03-08,0.4367710053920746,0.4438540041446686
2011-03-09,0.44020798802375793,0.43489599227905273
2011-03-10,0.41947901248931885,0.41499999165534973
2011-03-11,0.4080730080604553,0.42192700505256653
2011-03-14,0.41505199670791626,0.4178130030632019
2011-03-15,0.38062500953674316,0.4007290005683899
2011-03-16,0.39072901010513306,0.3713020086288452
2011-03-17,0.388280987739563,0.38098999857902527
2011-03-18,0.3943229913711548,0.3789060115814209
2011-03-21,0.39552098512649536,0.400052011013031
2011-03-22,0.40192699432373047,0.3989579975605011
2011-03-23,0.39406299591064453,0.4050000011920929
2011-03-24,0.41447898745536804,0.427031010389328
2011-03-25,0.431302011013031,0.43015599250793457
2011-03-28,0.43599000573158264,0.42286500334739685
2011-03-29,0.4203130006790161,0.4350000023841858
2011-03-30,0.44166699051856995,0.4414060115814209
2011-03-31,0.4395830035209656,0.44328099489212036
2011-04-01,0.44963499903678894,0.44395801424980164
2011-04-04,0.4477599859237671,0.4399479925632477
2011-04-05,0.43666699528694153,0.43494799733161926
2011-04-06,0.4453650116920471,0.4382289946079254
2011-04-07,0.4385420083999634,0.43812501430511475
2011-04-08,0.44416698813438416,0.43156298995018005
2011-04-11,0.43656298518180847,0.42765599489212036
2011-04-12,0.42161500453948975,0.4192189872264862
2011-04-13,0.4282810091972351,0.42921900749206543
2011-04-14,0.4202600121498108,0.4268749952316284
2011-04-15,0.421875,0.42411500215530396
2011-04-18,0.41182300448417664,0.41593798995018005
2011-04-19,0.4185419976711273,0.42343801259994507
2011-04-20,0.44578099250793457,0.45161500573158264
2011-04-21,0.4657289981842041,0.4630729854106903
2011-04-25,0.46474000811576843,0.46650999784469604
2011-04-26,0.47031301259994507,0.47453099489212036
2011-04-27,0.4765630066394806,0.484375
2011-04-28,0.47963500022888184,0.4836460053920746
2011-04-29,0.47989600896835327,0.4813019931316376
2011-05-02,0.48338499665260315,0.4786979854106903
2011-05-03,0.47718799114227295,0.47150999307632446
2011-05-04,0.47145798802375793,0.46875
2011-05-05,0.46187499165534973,0.46171900629997253
2011-05-06,0.47578099370002747,0.4657289981842041
2011-05-09,0.46791699528694153,0.47078099846839905
2011-05-10,0.47541698813438416,0.48286500573158264
2011-05-11,0.48140600323677063,0.4724479913711548
2011-05-12,0.4675000011920929,0.4807809889316559
2011-05-13,0.47755199670791626,0.4637500047683716
2011-05-16,0.45765599608421326,0.4396350085735321
2011-05-17,0.43302100896835327,0.44322898983955383
2011-05-18,0.4416149854660034,0.454010009765625
2011-05-19,0.45927101373672485,0.4579170048236847
2011-05-20,0.4563539922237396,0.4478130042552948
2011-05-23,0.42942699790000916,0.4283849895000458
2011-05-24,0.4316670000553131,0.4203130006790161
2011-05-25,0.4182809889316559,0.42500001192092896
2011-05-26,0.4208329916000366,0.43296900391578674
2011-05-27,0.43510401248931885,0.439426988363266
2011-05-31,0.4520829916000366,0.4605729877948761
2011-06-01,0.4575519859790802,0.4311459958553314
2011-06-02,0.4330730140209198,0.43364599347114563
2011-06-03,0.41843798756599426,0.41395801305770874
2011-06-06,0.41203099489212036,0.4039579927921295
2011-06-07,0.40708300471305847,0.4016149938106537
2011-06-08,0.39885398745536804,0.392969012260437
2011-06-09,0.3931249976158142,0.3946880102157593
2011-06-10,0.38932299613952637,0.37656301259994507
2011-06-13,0.3781769871711731,0.3768230080604553
2011-06-14,0.3853130042552948,0.3908329904079437
2011-06-15,0.38025999069213867,0.3694790005683899
2011-06-16,0.3696880042552948,0.3643229901790619
2011-06-17,0.3746350109577179,0.36161500215530396
2011-06-20,0.35807299613952637,0.36640599370002747
2011-06-21,0.37114599347114563,0.3908329904079437
2011-06-22,0.3856250047683716,0.38203099370002747
2011-06-23,0.3694790005683899,0.3926039934158325
2011-06-24,0.38677099347114563,0.3719269931316376
2011-06-27,0.37369799613952637,0.38999998569488525
2011-06-28,0.3928129971027374,0.4074999988079071
2011-06-29,0.4110940098762512,0.4126040041446686
2011-06-30,0.4169270098209381,0.4282810091972351
2011-07-01,0.4296880066394806,0.4481250047683716
2011-07-05,0.44963499903678894,0.45458298921585083
2011-07-06,0.45343801379203796,0.45942699909210205
2011-07-07,0.46953099966049194,0.4780209958553314
2011-07-08,0.4658850133419037,0.4740630090236664
2011-07-11,0.45958301424980164,0.44864600896835327
2011-07-12,0.4480209946632385,0.4377079904079437
2011-07-13,0.4474479854106903,0.4435420036315918
2011-07-14,0.4474479854106903,0.4282810091972351
2011-07-15,0.4430209994316101,0.4453130066394806
2011-07-18,0.43864598870277405,0.43796899914741516
2011-07-19,0.4511460065841675,0.46885401010513306
2011-07-20,0.47630199790000916,0.46229198575019836
2011-07-21,0.46369799971580505,0.47166699171066284
2011-07-22,0.4712499976158142,0.486301988363266
2011-07-25,0.4742709994316101,0.48343798518180847
2011-07-26,0.48182299733161926,0.48609399795532227
2011-07-27,0.4772399961948395,0.4492189884185791
2011-07-28,0.4500519931316376,0.45161500573158264
2011-07-29,0.4405210018157959,0.4472399950027466
2011-08-01,0.4634380042552948,0.4411979913711548
2011-08-02,0.4344789981842041,0.40770798921585083
2011-08-03,0.4087499976158142,0.4182809889316559
2011-08-04,0.40104201436042786,0.3613539934158325
2011-08-05,0.37333300709724426,0.35338500142097473
2011-08-08,0.3222399950027466,0.29130199551582336
2011-08-09,0.30281299352645874,0.3311980068683624
2011-08-10,0.30900999903678894,0.29213500022888184
2011-08-11,0.30349001288414,0.32963499426841736
2011-08-12,0.33713498711586,0.33802101016044617
2011-08-15,0.34224000573158264,0.3526040017604828
2011-08-16,0.3430210053920746,0.3435420095920563
2011-08-17,0.34562501311302185,0.33796900510787964
2011-08-18,0.3104169964790344,0.28895801305770874
2011-08-19,0.2791149914264679,0.2727600038051605
2011-08-22,0.2919270098209381,0.2752079963684082
2011-08-23,0.2810940146446228,0.3092710077762604
2011-08-24,0.3076559901237488,0.3165630102157593
2011-08-25,0.3158850073814392,0.30135399103164673
2011-08-26,0.2986460030078888,0.3231250047683716
2011-08-29,0.33333298563957214,0.35062500834465027
2011-08-30,0.34687501192092896,0.3577600121498108
2011-08-31,0.3643749952316284,0.35984399914741516
2011-09-01,0.3621880114078522,0.34968799352645874
2011-09-02,0.33000001311302185,0.32520800828933716
2011-09-06,0.3022400140762329,0.32515600323677063
2011-09-07,0.33927100896835327,0.34973999857902527
2011-09-08,0.34416699409484863,0.34489598870277405
2011-09-09,0.33854201436042786,0.32218798995018005
2011-09-12,0.31156298518180847,0.33427101373672485
2011-09-13,0.33812499046325684,0.34724000096321106
2011-09-14,0.3532809913158417,0.3622399866580963
2011-09-15,0.3747920095920563,0.3786979913711548
2011-09-16,0.38166698813438416,0.38859400153160095
2011-09-19,0.3748440146446228,0.3895829916000366
2011-09-20,0.3952080011367798,0.3840630054473877
2011-09-21,0.3900519907474518,0.364531010389328
2011-09-22,0.3368229866027832,0.3290629982948303
2011-09-23,0.3206770122051239,0.3393230140209198
2011-09-26,0.34458300471305847,0.350832998752594
2011-09-27,0.36927101016044617,0.3615629971027374
2011-09-28,0.3666670024394989,0.34453099966049194
2011-09-29,0.36192700266838074,0.334322988986969
2011-09-30,0.32109400629997253,0.30833300948143005
2011-10-03,0.29958298802375793,0.28416699171066284
2011-10-04,0.27531298995018005,0.3014580011367798
2011-10-05,0.2993749976158142,0.3243750035762787
2011-10-06,0.32395800948143005,0.34104201197624207
2011-10-07,0.3400520086288452,0.3340100049972534
2011-10-10,0.3510420024394989,0.3682810068130493
2011-10-11,0.3657290041446686,0.37614598870277405
2011-10-12,0.38734400272369385,0.38218799233436584
2011-10-13,0.37989598512649536,0.3924480080604553
2011-10-14,0.4073440134525299,0.4140630066394806
2011-10-17,0.408176988363266,0.394896000623703
2011-10-18,0.3934899866580963,0.40921899676322937
2011-10-19,0.4039579927921295,0.3856250047683716
2011-10-20,0.3847399950027466,0.38072898983955383
2011-10-21,0.3922399878501892,0.39427098631858826
2011-10-24,0.39890599250793457,0.41890600323677063
2011-10-25,0.4144270122051239,0.39515599608421326
2011-10-26,0.40104201436042786,0.39359399676322937
2011-10-27,0.42104199528694153,0.42531299591064453
2011-10-28,0.41749998927116394,0.4267190098762512
2011-10-31,0.4153130054473877,0.4055730104446411
2011-11-01,0.37630200386047363,0.37416699528694153
2011-11-02,0.3849479854106903,0.3833850026130676
2011-11-03,0.3927600085735321,0.40671899914741516
2011-11-04,0.4007290005683899,0.4004170000553131
2011-11-07,0.40046900510787964,0.4093230068683624
2011-11-08,0.41802099347114563,0.4229690134525299
2011-11-09,0.3983849883079529,0.3792189955711365
2011-11-10,0.3903129994869232,0.3776560127735138
2011-11-11,0.38838499784469604,0.39885398745536804
2011-11-14,0.3965100049972534,0.39208298921585083
2011-11-15,0.38911500573158264,0.4046880006790161
2011-11-16,0.39604198932647705,0.3847399950027466
2011-11-17,0.38197898864746094,0.3582809865474701
2011-11-18,0.35822901129722595,0.34968799352645874
2011-11-21,0.3361459970474243,0.3293749988079071
2011-11-22,0.3265100121498108,0.3322399854660034
2011-11-23,0.32541701197624207,0.310155987739563
2011-11-25,0.30677101016044617,0.3031249940395355
2011-11-28,0.325313001871109,0.33442699909210205
2011-11-29,0.33338499069213867,0.32838499546051025
2011-11-30,0.3552600145339966,0.36442700028419495
2011-12-01,0.3648439943790436,0.37224000692367554
2011-12-02,0.38322898745536804,0.36869800090789795
2011-12-05,0.3864060044288635,0.38078099489212036
2011-12-06,0.3826040029525757,0.3778649866580963
2011-12-07,0.375,0.37843799591064453
2011-12-08,0.37083300948143005,0.3591670095920563
2011-12-09,0.36234399676322937,0.3761979937553406
2011-12-12,0.36458298563957214,0.36385399103164673
2011-12-13,0.3707810044288635,0.3515630066394806
2011-12-14,0.3473440110683441,0.335207998752594
2011-12-15,0.3446879982948303,0.33260399103164673
2011-12-16,0.3380729854106903,0.33677101135253906
2011-12-19,0.34135401248931885,0.3274480104446411
2011-12-20,0.34296900033950806,0.3565100133419037
2011-12-21,0.35041698813438416,0.3416669964790344
2011-12-22,0.3430210053920746,0.3499999940395355
2011-12-23,0.35197898745536804,0.3590629994869232
2011-12-27,0.35770800709724426,0.3618229925632477
2011-12-28,0.36093801259994507,0.35020801424980164
2011-12-29,0.3511979877948761,0.357030987739563
2011-12-30,0.3549480140209198,0.35411500930786133
2012-01-03,0.37406298518180847,0.3742710053920746
2012-01-04,0.3725000023841858,0.3787499964237213
2012-01-05,0.3768230080604553,0.38807299733161926
2012-01-06,0.38911500573158264,0.39208298921585083
2012-01-09,0.39531299471855164,0.3888019919395447
2012-01-10,0.40135401487350464,0.39677101373672485
2012-01-11,0.39677101373672485,0.3995310068130493
2012-01-12,0.4027079939842224,0.4042710065841675
2012-01-13,0.39802101254463196,0.39963498711586
2012-01-17,0.4108330011367798,0.4103649854660034
2012-01-18,0.413332998752594,0.4266670048236847
2012-01-19,0.4327079951763153,0.4352079927921295
2012-01-20,0.4293749928474426,0.4332810044288635
2012-01-23,0.43317699432373047,0.433228999376297
2012-01-24,0.4277079999446869,0.43083301186561584
2012-01-25,0.4444270133972168,0.4472920000553131
2012-01-26,0.45302098989486694,0.44255200028419495
2012-01-27,0.4399999976158142,0.446927011013031
2012-01-30,0.4355210065841675,0.4476560056209564
2012-01-31,0.4540629982948303,0.4492189884185791
2012-02-01,0.45692700147628784,0.4602600038051605
2012-02-02,0.46479201316833496,0.4650000035762787
2012-02-03,0.4778650104999542,0.483489990234375
2012-02-06,0.4780209958553314,0.48302099108695984
2012-02-07,0.48177099227905273,0.4851039946079254
2012-02-08,0.48583298921585083,0.49317699670791626
2012-02-09,0.49854201078414917,0.5041149854660034
2012-02-10,0.4934380054473877,0.49333301186561584
2012-02-13,0.5043749809265137,0.5066149830818176
2012-02-14,0.5037500262260437,0.5110419988632202
2012-02-15,0.5183849930763245,0.4996350109577179
2012-02-16,0.5011460185050964,0.5205209851264954
2012-02-17,0.5209900140762329,0.5160940289497375
2012-02-21,0.5180730223655701,0.5204690098762512
2012-02-22,0.5172920227050781,0.5135939717292786
2012-02-23,0.5153650045394897,0.5233330130577087
2012-02-24,0.5277079939842224,0.5284379720687866
2012-02-27,0.5193750262260437,0.5309900045394897
2012-02-28,0.5320829749107361,0.546875
2012-02-29,0.5485420227050781,0.539687991142273
2012-03-01,0.545989990234375,0.5528129935264587
2012-03-02,0.5509380102157593,0.5511459708213806
2012-03-05,0.5505729913711548,0.5339580178260803
2012-03-06,0.5189579725265503,0.5186460018157959
2012-03-07,0.525833010673523,0.5304170250892639
2012-03-08,0.5394269824028015,0.5472400188446045
2012-03-09,0.5504689812660217,0.5538539886474609
2012-03-12,0.553176999092102,0.5547400116920471
2012-03-13,0.5644789934158325,0.5859900116920471
2012-03-14,0.5877079963684082,0.5925520062446594
2012-03-15,0.5974479913711548,0.5970829725265503
2012-03-16,0.6000000238418579,0.5957810282707214
2012-03-19,0.5987499952316284,0.6087499856948853
2012-03-20,0.5994269847869873,0.6120830178260803
2012-03-21,0.6126559972763062,0.6118749976158142
2012-03-22,0.6009899973869324,0.6081770062446594
2012-03-23,0.6105729937553406,0.6073439717292786
2012-03-26,0.6186460256576538,0.6390630006790161
2012-03-27,0.639739990234375,0.641510009765625
2012-03-28,0.6427080035209656,0.6340100169181824
2012-03-29,0.6250519752502441,0.6274999976158142
2012-03-30,0.6354169845581055,0.6231250166893005
2012-04-02,0.6214060187339783,0.6421350240707397
2012-04-03,0.6449480056762695,0.6421880125999451
2012-04-04,0.6271349787712097,0.6159899830818176
2012-04-05,0.612604022026062,0.627240002155304
2012-04-09,0.6033849716186523,0.6128129959106445
2012-04-10,0.6116669774055481,0.5832290053367615
2012-04-11,0.5993750095367432,0.5916669964790344
2012-04-12,0.5951560139656067,0.6115099787712097
2012-04-13,0.605364978313446,0.5838540196418762
2012-04-16,0.5935940146446228,0.5654690265655518
2012-04-17,0.5724999904632568,0.5988019704818726
2012-04-18,0.5934380292892456,0.5944269895553589
2012-04-19,0.5881770253181458,0.5752080082893372
2012-04-20,0.583541989326477,0.5690100193023682
2012-04-23,0.5543749928474426,0.5546879768371582
2012-04-24,0.5511980056762695,0.5448960065841675
2012-04-25,0.5787500143051147,0.5881770253181458
2012-04-26,0.5873439908027649,0.5986980199813843
2012-04-27,0.6060420274734497,0.6089580059051514
2012-04-30,0.6035419702529907,0.5963019728660583
2012-05-01,0.5930209755897522,0.5996879935264587
2012-05-02,0.5899999737739563,0.6036459803581238
2012-05-03,0.6057289838790894,0.5848960280418396
2012-05-04,0.5689060091972351,0.5419790148735046
2012-05-07,0.5316669940948486,0.5427600145339966
2012-05-08,0.5323439836502075,0.5367709994316101
2012-05-09,0.5184900164604187,0.5338019728660583
2012-05-10,0.5391150116920471,0.5283330082893372
2012-05-11,0.5219789743423462,0.5278130173683167
2012-05-14,0.5151039958000183,0.5132290124893188
2012-05-15,0.5190629959106445,0.5087500214576721
2012-05-16,0.5141670107841492,0.4977079927921295
2012-05-17,0.49854201078414917,0.46708300709724426
2012-05-18,0.47145798802375793,0.4483329951763153
2012-05-21,0.45093798637390137,0.48604199290275574
2012-05-22,0.4896880090236664,0.48427098989486694
2012-05-23,0.4722920060157776,0.48697900772094727
2012-05-24,0.48958298563957214,0.47822898626327515
2012-05-25,0.4790630042552948,0.4755209982395172
2012-05-29,0.48906299471855164,0.4932290017604828
2012-05-30,0.48020800948143005,0.48124998807907104
2012-05-31,0.4795829951763153,0.47437500953674316
2012-06-01,0.4497919976711273,0.43708300590515137
2012-06-04,0.44093799591064453,0.44645801186561584
2012-06-05,0.44239598512649536,0.4526039958000183
2012-06-06,0.46312499046325684,0.48354199528694153
2012-06-07,0.4980210065841675,0.4781250059604645
2012-06-08,0.4751040041446686,0.4921880066394806
2012-06-11,0.5023959875106812,0.46864598989486694
2012-06-12,0.4724999964237213,0.48343798518180847
2012-06-13,0.47968798875808716,0.47395798563957214
2012-06-14,0.47343799471855164,0.4792709946632385
2012-06-15,0.4826039969921112,0.4969789981842041
2012-06-18,0.491457998752594,0.5097919702529907
2012-06-19,0.5183330178260803,0.5265629887580872
2012-06-20,0.5294790267944336,0.5284379720687866
2012-06-21,0.5263540148735046,0.48885399103164673
2012-06-22,0.49281299114227295,0.5040630102157593
2012-06-25,0.4911459982395172,0.47416698932647705
2012-06-26,0.47895801067352295,0.4833329916000366
2012-06-27,0.48885399103164673,0.4921880066394806
2012-06-28,0.4808329939842224,0.47447898983955383
2012-06-29,0.503125011920929,0.5208330154418945
2012-07-02,0.5223960280418396,0.5249999761581421
2012-07-03,0.5259379744529724,0.5375000238418579
2012-07-05,0.5370830297470093,0.5393750071525574
2012-07-06,0.5321879982948303,0.5181249976158142
2012-07-09,0.5174999833106995,0.5163540244102478
2012-07-10,0.5248960256576538,0.5005210041999817
2012-07-11,0.49958300590515137,0.4936459958553314
2012-07-12,0.481563001871109,0.4793750047683716
2012-07-13,0.48302099108695984,0.5002080202102661
2012-07-16,0.4975000023841858,0.4964579939842224
2012-07-17,0.5055209994316101,0.5040630102157593
2012-07-18,0.5009379982948303,0.5245829820632935
2012-07-19,0.5358330011367798,0.5416669845581055
2012-07-20,0.5420830249786377,0.5208330154418945
2012-07-23,0.4902079999446869,0.5015630125999451
2012-07-24,0.5043749809265137,0.49010398983955383
2012-07-25,0.4788540005683899,0.47916701436042786
2012-07-26,0.5007290244102478,0.4979169964790344
2012-07-27,0.5095829963684082,0.5356249809265137
2012-07-30,0.5384380221366882,0.5323960185050964
2012-07-31,0.5356249809265137,0.5327079892158508
2012-08-01,0.543749988079071,0.5274999737739563
2012-08-02,0.5151039958000183,0.5219789743423462
2012-08-03,0.5475000143051147,0.5516669750213623
2012-08-06,0.5607290267944336,0.5640630125999451
2012-08-07,0.5724999904632568,0.5780209898948669
2012-08-08,0.5737500190734863,0.5770829916000366
2012-08-09,0.5772920250892639,0.581978976726532
2012-08-10,0.5771880149841309,0.5843750238418579
2012-08-13,0.5839580297470093,0.5879169702529907
2012-08-14,0.5945829749107361,0.5887500047683716
2012-08-15,0.5872920155525208,0.5929170250892639
2012-08-16,0.6001039743423462,0.6141669750213623
2012-08-17,0.6182289719581604,0.6226040124893188
2012-08-20,0.6214579939842224,0.625
2012-08-21,0.6310420036315918,0.617812991142273
2012-08-22,0.6131250262260437,0.6244789958000183
2012-08-23,0.6175000071525574,0.6106250286102295
2012-08-24,0.605417013168335,0.6214579939842224
2012-08-27,0.6295830011367798,0.6244789958000183
2012-08-28,0.6225000023841858,0.6243749856948853
2012-08-29,0.6251040101051331,0.6245830059051514
2012-08-30,0.6162499785423279,0.605521023273468
2012-08-31,0.6187499761581421,0.6184380054473877
2012-09-04,0.614687979221344,0.6158329844474792
2012-09-05,0.6144790053367615,0.6130210161209106
2012-09-06,0.6248959898948669,0.6535419821739197
2012-09-07,0.6502079963684082,0.6507290005683899
2012-09-10,0.6467710137367249,0.6267709732055664
2012-09-11,0.6264579892158508,0.6240630149841309
2012-09-12,0.6301040053367615,0.6294789910316467
2012-09-13,0.6311460137367249,0.6545829772949219
2012-09-14,0.6625000238418579,0.6713539958000183
2012-09-17,0.6735420227050781,0.6726040244102478
2012-09-18,0.6675000190734863,0.6738539934158325
2012-09-19,0.6745830178260803,0.6783329844474792
2012-09-20,0.6684380173683167,0.6767709851264954
2012-09-21,0.6866670250892639,0.6767709851264954
2012-09-24,0.6597920060157776,0.6642709970474243
2012-09-25,0.6703130006790161,0.6376039981842041
2012-09-26,0.6339579820632935,0.6208329796791077
2012-09-27,0.6255210041999817,0.6471880078315735
2012-09-28,0.6402080059051514,0.6316670179367065
2012-10-01,0.640625,0.628957986831665
2012-10-02,0.636667013168335,0.6330209970474243
2012-10-03,0.6387500166893005,0.6449999809265137
2012-10-04,0.6494789719581604,0.6524999737739563
2012-10-05,0.6620830297470093,0.6412500143051147
2012-10-08,0.6307290196418762,0.6242709755897522
2012-10-09,0.6186460256576538,0.5921880006790161
2012-10-10,0.5941669940948486,0.5849999785423279
2012-10-11,0.599166989326477,0.5797920227050781
2012-10-12,0.5804169774055481,0.5796880125999451
2012-10-15,0.5857290029525757,0.5912500023841858
2012-10-16,0.5944790244102478,0.6169790029525757
2012-10-17,0.6072919964790344,0.6151040196418762
2012-10-18,0.6096879839897156,0.5940629839897156
2012-10-19,0.5920829772949219,0.5511459708213806
2012-10-22,0.550000011920929,0.5597919821739197
2012-10-23,0.5466669797897339,0.5432289838790894
2012-10-24,0.5532289743423462,0.5378130078315735
2012-10-25,0.5495830178260803,0.5378130078315735
2012-10-26,0.5385419726371765,0.5434380173683167
2012-10-31,0.5411459803581238,0.5329170227050781
2012-11-01,0.5426040291786194,0.5555210113525391
2012-11-02,0.5630210041999817,0.535207986831665
2012-11-05,0.5382289886474609,0.5483329892158508
2012-11-06,0.550728976726532,0.5516669750213623
2012-11-07,0.5339580178260803,0.5120829939842224
2012-11-08,0.515625,0.4881249964237213
2012-11-09,0.48885399103164673,0.4934380054473877
2012-11-12,0.5028129816055298,0.4941670000553131
2012-11-13,0.4826039969921112,0.48343798518180847
2012-11-14,0.49031299352645874,0.46614599227905273
2012-11-15,0.4671880006790161,0.4619790017604828
2012-11-16,0.4625000059604645,0.4671880006790161
2012-11-19,0.4828130006790161,0.5008329749107361
2012-11-20,0.5007290244102478,0.5009379982948303
2012-11-21,0.5022919774055481,0.5044789910316467
2012-11-23,0.5136460065841675,0.5276039838790894
2012-11-26,0.5239580273628235,0.534375011920929
2012-11-27,0.5333330035209656,0.5283330082893372
2012-11-28,0.521041989326477,0.5425000190734863
2012-11-29,0.5510420203208923,0.5518749952316284
2012-11-30,0.5520830154418945,0.5498960018157959
2012-12-03,0.5623959898948669,0.5471879839897156
2012-12-04,0.5473960041999817,0.543645977973938
2012-12-05,0.542917013168335,0.5268750190734863
2012-12-06,0.5220829844474792,0.536562979221344
2012-12-07,0.5454170107841492,0.527396023273468
2012-12-10,0.5234379768371582,0.5320829749107361
2012-12-11,0.5440629720687866,0.5526040196418762
2012-12-12,0.5612499713897705,0.5488539934158325
2012-12-13,0.5462499856948853,0.5364580154418945
2012-12-14,0.5262500047683716,0.5212500095367432
2012-12-17,0.5220829844474792,0.5415629744529724
2012-12-18,0.5498960018157959,0.5666670203208923
2012-12-19,0.5712500214576721,0.558542013168335
2012-12-20,0.5620830059051514,0.5589579939842224
2012-12-21,0.5332289934158325,0.5415629744529724
2012-12-24,0.5387499928474426,0.5369790196418762
2012-12-26,0.5386459827423096,0.5242710113525391
2012-12-27,0.5251039862632751,0.5213540196418762
2012-12-28,0.5106250047683716,0.5062500238418579
2012-12-31,0.503853976726532,0.5392709970474243
2013-01-02,0.578125,0.5895829796791077
2013-01-03,0.5894790291786194,0.5810419917106628
2013-01-04,0.5814579725265503,0.5753129720687866
2013-01-07,0.5703129768371582,0.5759379863739014
2013-01-08,0.5752080082893372,0.5726040005683899
2013-01-09,0.5744789838790894,0.5784379839897156
2013-01-10,0.589896023273468,0.5886459946632385
2013-01-11,0.5880209803581238,0.5908330082893372
2013-01-14,0.5814579725265503,0.5832290053367615
2013-01-15,0.5752080082893372,0.5745829939842224
2013-01-16,0.5779169797897339,0.5810419917106628
2013-01-17,0.5888540148735046,0.5899999737739563
2013-01-18,0.5842710137367249,0.586667001247406
2013-01-22,0.5882290005683899,0.5890629887580872
2013-01-23,0.5985419750213623,0.5986459851264954
2013-01-24,0.5752080082893372,0.5747920274734497
2013-01-25,0.5807290077209473,0.5833330154418945
2013-01-28,0.5840629935264587,0.5874999761581421
2013-01-29,0.5851039886474609,0.5874999761581421
2013-01-30,0.5913540124893188,0.5842710137367249
2013-01-31,0.5833330154418945,0.5805209875106812
2013-02-01,0.5922920107841492,0.5995830297470093
2013-02-04,0.5894790291786194,0.5690630078315735
2013-02-05,0.5761460065841675,0.5940629839897156
2013-02-06,0.5880209803581238,0.5885419845581055
2013-02-07,0.5903130173683167,0.5899999737739563
2013-02-08,0.5994790196418762,0.6079170107841492
2013-02-11,0.6092709898948669,0.6077079772949219
2013-02-12,0.6066669821739197,0.6006249785423279
2013-02-13,0.6060420274734497,0.6076040267944336
2013-02-14,0.5992709994316101,0.6063539981842041
2013-02-15,0.6071879863739014,0.6011459827423096
2013-02-19,0.605417013168335,0.6142709851264954
2013-02-20,0.6141669750213623,0.5862500071525574
2013-02-21,0.5798959732055664,0.567188024520874
2013-02-22,0.5769789814949036,0.5838540196418762
2013-02-25,0.5957289934158325,0.5620830059051514
2013-02-26,0.5655210018157959,0.5688539743423462
2013-02-27,0.569582998752594,0.5861459970474243
2013-02-28,0.5861459970474243,0.5839580297470093
2013-03-01,0.5767710208892822,0.5899999737739563
2013-03-04,0.5841670036315918,0.597603976726532
2013-03-05,0.6091669797897339,0.6238539814949036
2013-03-06,0.6302080154418945,0.6198959946632385
2013-03-07,0.6216670274734497,0.6253129839897156
2013-03-08,0.6310420036315918,0.6260420083999634
2013-03-11,0.6248959898948669,0.6324999928474426
2013-03-12,0.6268749833106995,0.6247919797897339
2013-03-13,0.6270830035209656,0.6228129863739014
2013-03-14,0.6294789910316467,0.6291670203208923
2013-03-15,0.6302080154418945,0.6232290267944336
2013-03-18,0.6069790124893188,0.6189579963684082
2013-03-19,0.6248959898948669,0.616457998752594
2013-03-20,0.6290630102157593,0.628229022026062
2013-03-21,0.612500011920929,0.6081249713897705
2013-03-22,0.6150000095367432,0.6248959898948669
2013-03-25,0.6310420036315918,0.6185420155525208
2013-03-26,0.6258329749107361,0.6280210018157959
2013-03-27,0.6161460280418396,0.6313539743423462
2013-03-28,0.6309379935264587,0.6349999904632568
2013-04-01,0.6369789838790894,0.6227080225944519
2013-04-02,0.6309379935264587,0.636771023273468
2013-04-03,0.6381250023841858,0.6198959946632385
2013-04-04,0.6192709803581238,0.6202080249786377
2013-04-05,0.5909379720687866,0.6050000190734863
2013-04-08,0.605521023273468,0.6142709851264954
2013-04-09,0.6193749904632568,0.6263539791107178
2013-04-10,0.6329169869422913,0.6630210280418396
2013-04-11,0.6585419774055481,0.6618750095367432
2013-04-12,0.6576039791107178,0.6611459851264954
2013-04-15,0.6529170274734497,0.6209380030632019
2013-04-16,0.6332290172576904,0.6468750238418579
2013-04-17,0.6294789910316467,0.6090630292892456
2013-04-18,0.6141669750213623,0.5827080011367798
2013-04-19,0.5873960256576538,0.6068750023841858
2013-04-22,0.6135420203208923,0.6255210041999817
2013-04-23,0.6369789838790894,0.6439579725265503
2013-04-24,0.6389579772949219,0.6423959732055664
2013-04-25,0.6486459970474243,0.6528130173683167
2013-04-26,0.6487500071525574,0.6472920179367065
2013-04-29,0.6528130173683167,0.6644790172576904
2013-04-30,0.6675000190734863,0.6790630221366882
2013-05-01,0.6790630221366882,0.6704170107841492
2013-05-02,0.6730210185050964,0.6946880221366882
2013-05-03,0.7152079939842224,0.7189580202102661
2013-05-06,0.7231249809265137,0.7282289862632751
2013-05-07,0.7316669821739197,0.7264580130577087
2013-05-08,0.7246879935264587,0.7378129959106445
2013-05-09,0.7323960065841675,0.7352079749107361
2013-05-10,0.7384380102157593,0.7477080225944519
2013-05-13,0.7440630197525024,0.7506250143051147
2013-05-14,0.7505210041999817,0.761667013168335
2013-05-15,0.7582290172576904,0.7672920227050781
2013-05-16,0.768854022026062,0.7644789814949036
2013-05-17,0.7754169702529907,0.7860419750213623
2013-05-20,0.7798960208892822,0.7825000286102295
2013-05-21,0.7819790244102478,0.7854170203208923
2013-05-22,0.7879170179367065,0.7662500143051147
2013-05-23,0.7442709803581238,0.7579169869422913
2013-05-24,0.7437499761581421,0.7574999928474426
2013-05-28,0.7839580178260803,0.7731249928474426
2013-05-29,0.7635419964790344,0.7614579796791077
2013-05-30,0.761667013168335,0.7738540172576904
2013-05-31,0.7642710208892822,0.7517709732055664
2013-06-03,0.7534379959106445,0.7561460137367249
2013-06-04,0.7604169845581055,0.7447919845581055
2013-06-05,0.7369790077209473,0.7162500023841858
2013-06-06,0.7182289958000183,0.7250000238418579
2013-06-07,0.7355210185050964,0.755312979221344
2013-06-10,0.7601040005683899,0.7556250095367432
2013-06-11,0.7332289814949036,0.7337499856948853
2013-06-12,0.7471879720687866,0.7083330154418945
2013-06-13,0.7052080035209656,0.7337499856948853
2013-06-14,0.7347919940948486,0.7208330035209656
2013-06-17,0.737500011920929,0.7408329844474792
2013-06-18,0.7441669702529907,0.7583330273628235
2013-06-19,0.7594789862632751,0.7344790101051331
2013-06-20,0.7086459994316101,0.680312991142273
2013-06-21,0.6808329820632935,0.6707289814949036
2013-06-24,0.6544790267944336,0.6499999761581421
2013-06-25,0.6691669821739197,0.6638540029525757
2013-06-26,0.6816669702529907,0.6819790005683899
2013-06-27,0.6926040053367615,0.6895830035209656
2013-06-28,0.6841670274734497,0.691457986831665
2013-07-01,0.7082290053367615,0.706250011920929
2013-07-02,0.7058330178260803,0.7065629959106445
2013-07-03,0.6997920274734497,0.7161459922790527
2013-07-05,0.7279170155525208,0.7319790124893188
2013-07-08,0.7435420155525208,0.734375
2013-07-09,0.7444790005683899,0.7478129863739014
2013-07-10,0.7451040148735046,0.7604169845581055
2013-07-11,0.7846879959106445,0.8078129887580872
2013-07-12,0.8080210089683533,0.8162500262260437
2013-07-15,0.8188539743423462,0.8226040005683899
2013-07-16,0.8240630030632019,0.8193749785423279
2013-07-17,0.8263540267944336,0.8252080082893372
2013-07-18,0.8247920274734497,0.8191670179367065
2013-07-19,0.7979170083999634,0.7942709922790527
2013-07-22,0.8027080297470093,0.800000011920929
2013-07-23,0.8046879768371582,0.7821879982948303
2013-07-24,0.805417001247406,0.7895830273628235
2013-07-25,0.8012499809265137,0.8038539886474609
2013-07-26,0.7952079772949219,0.817188024520874
2013-07-29,0.8130210041999817,0.8134379982948303
2013-07-30,0.8223959803581238,0.8255209922790527
2013-07-31,0.8307290077209473,0.8307290077209473
2013-08-01,0.847603976726532,0.8560420274734497
2013-08-02,0.8566669821739197,0.8703129887580872
2013-08-05,0.8672919869422913,0.8721879720687866
2013-08-06,0.8683329820632935,0.8566669821739197
2013-08-07,0.8486459851264954,0.8517709970474243
2013-08-08,0.8659380078315735,0.8631250262260437
2013-08-09,0.8605210185050964,0.8538540005683899
2013-08-12,0.8436459898948669,0.8591669797897339
2013-08-13,0.8627079725265503,0.8734380006790161
2013-08-14,0.8729169964790344,0.8637499809265137
2013-08-15,0.8353130221366882,0.8204169869422913
2013-08-16,0.8206250071525574,0.8174999952316284
2013-08-19,0.8204169869422913,0.8142709732055664
2013-08-20,0.8198959827423096,0.8254169821739197
2013-08-21,0.8182290196418762,0.817188024520874
2013-08-22,0.8267710208892822,0.840520977973938
2013-08-23,0.8590630292892456,0.8582289814949036
2013-08-26,0.859375,0.8589580059051514
2013-08-27,0.8286460041999817,0.8048959970474243
2013-08-28,0.8043749928474426,0.8153129816055298
2013-08-29,0.8149999976158142,0.8321880102157593
2013-08-30,0.8345829844474792,0.8166670203208923
2013-09-03,0.8364580273628235,0.8301039934158325
2013-09-04,0.8380209803581238,0.8571879863739014
2013-09-05,0.8584380149841309,0.8609380125999451
2013-09-06,0.8693749904632568,0.864063024520874
2013-09-09,0.8742709755897522,0.894478976726532
2013-09-10,0.910207986831665,0.9080209732055664
2013-09-11,0.8901039958000183,0.9034379720687866
2013-09-12,0.903020977973938,0.8993750214576721
2013-09-13,0.9037500023841858,0.902292013168335
2013-09-16,0.9244790077209473,0.8946880102157593
2013-09-17,0.8997920155525208,0.9126039743423462
2013-09-18,0.916458010673523,0.9461460113525391
2013-09-19,0.9536460041999817,0.9519789814949036
2013-09-20,0.9592710137367249,0.9415630102157593
2013-09-23,0.9547920227050781,0.9362499713897705
2013-09-24,0.9427080154418945,0.9364579916000366
2013-09-25,0.9378129839897156,0.9276040196418762
2013-09-26,0.9385420083999634,0.9488540291786194
2013-09-27,0.9331250190734863,0.9443749785423279
2013-09-30,0.9154170155525208,0.9384379982948303
2013-10-01,0.9380210041999817,0.9665629863739014
2013-10-02,0.945937991142273,0.964792013168335
2013-10-03,0.9613540172576904,0.9312499761581421
2013-10-04,0.9307289719581604,0.9552080035209656
2013-10-07,0.9309380054473877,0.9315630197525024
2013-10-08,0.9312499761581421,0.878853976726532
2013-10-09,0.8836460113525391,0.8691669702529907
2013-10-10,0.8969789743423462,0.9243749976158142
2013-10-11,0.9173960089683533,0.9452080130577087
2013-10-14,0.9284380078315735,0.964792013168335
2013-10-15,0.9629169702529907,0.9544789791107178
2013-10-16,0.9672920107841492,0.9870830178260803
2013-10-17,0.9730209708213806,1.003021001815796
2013-10-18,1.0309380292892456,1.0526039600372314
2013-10-21,1.0586459636688232,1.0586459636688232
2013-10-22,1.0703129768371582,1.0622919797897339
2013-10-23,1.0485420227050781,1.0452079772949219
2013-10-24,1.0459380149841309,1.0582289695739746
2013-10-25,1.0885419845581055,1.0793750286102295
2013-10-28,1.0809379816055298,1.0815629959106445
2013-10-29,1.0919790267944336,1.086771011352539
2013-10-30,1.0985419750213623,1.0833330154418945
2013-10-31,1.0760420560836792,1.0763540267944336
2013-11-01,1.0857290029525757,1.0758329629898071
2013-11-04,1.087499976158142,1.0810420513153076
2013-11-05,1.0688539743423462,1.0856250524520874
2013-11-06,1.0982290506362915,1.0837500095367432
2013-11-07,1.084375023841858,1.0236459970474243
2013-11-08,1.0343749523162842,1.0640629529953003
2013-11-11,1.0573960542678833,1.0589580535888672
2013-11-12,1.0496879816055298,1.0641670227050781
2013-11-13,1.0439579486846924,1.1022919416427612
2013-11-14,1.0934380292892456,1.1108330488204956
2013-11-15,1.1145830154418945,1.118541955947876
2013-11-18,1.1179169416427612,1.08760404586792
2013-11-19,1.0846879482269287,1.0768749713897705
2013-11-20,1.0862499475479126,1.0693750381469727
2013-11-21,1.0819790363311768,1.1020829677581787
2013-11-22,1.1079169511795044,1.1194789409637451
2013-11-25,1.1306250095367432,1.1268750429153442
2013-11-26,1.128957986831665,1.1455210447311401
2013-11-27,1.1521879434585571,1.1684379577636719
2013-11-29,1.1825000047683716,1.1876039505004883
2013-12-02,1.1943750381469727,1.1802079677581787
2013-12-03,1.1769789457321167,1.1767710447311401
2013-12-04,1.1619789600372314,1.179792046546936
2013-12-05,1.1836459636688232,1.1761460304260254
2013-12-06,1.2044789791107178,1.2004170417785645
2013-12-09,1.2145830392837524,1.214792013168335
2013-12-10,1.2086460590362549,1.21260404586792
2013-12-11,1.2118749618530273,1.1672919988632202
2013-12-12,1.1677080392837524,1.1578129529953003
2013-12-13,1.1731250286102295,1.152292013168335
2013-12-16,1.1689579486846924,1.1720830202102661
2013-12-17,1.1720830202102661,1.164687991142273
2013-12-18,1.1677080392837524,1.2048959732055664
2013-12-19,1.1982289552688599,1.1940629482269287
2013-12-20,1.2000000476837158,1.2300000190734863
2013-12-23,1.2605210542678833,1.2697919607162476
2013-12-24,1.2698960304260254,1.2715630531311035
2013-12-26,1.2776039838790894,1.2839579582214355
2013-12-27,1.2883330583572388,1.2745829820632935
2013-12-30,1.2679170370101929,1.2679170370101929
2013-12-31,1.2753130197525024,1.2928129434585571
2014-01-02,1.27510404586792,1.262603998184204
2014-01-03,1.262395977973938,1.235103964805603
2014-01-06,1.2361459732055664,1.221979022026062
2014-01-07,1.2378129959106445,1.2536460161209106
2014-01-08,1.2555210590362549,1.2630209922790527
2014-01-09,1.2763539552688599,1.25
2014-01-10,1.260208010673523,1.2625000476837158
2014-01-13,1.2573959827423096,1.206354022026062
2014-01-14,1.2190630435943604,1.2754169702529907
2014-01-15,1.2905210256576538,1.3052079677581787
2014-01-16,1.3034379482269287,1.3079169988632202
2014-01-17,1.2955210208892822,1.2846879959106445
2014-01-21,1.3091670274734497,1.313438057899475
2014-01-22,1.3236459493637085,1.325624942779541
2014-01-23,1.3118749856948853,1.3096879720687866
2014-01-24,1.2902079820632935,1.2320829629898071
2014-01-27,1.2335419654846191,1.1962499618530273
2014-01-28,1.1777080297470093,1.1958329677581787
2014-01-29,1.164167046546936,1.1581250429153442
2014-01-30,1.1997920274734497,1.2191669940948486
2014-01-31,1.179582953453064,1.2106250524520874
2014-02-03,1.2039580345153809,1.130416989326477
2014-02-04,1.144374966621399,1.152500033378601
2014-02-05,1.140625,1.1418750286102295
2014-02-06,1.1535420417785645,1.1856249570846558
2014-02-07,1.2064579725265503,1.2485419511795044
2014-02-10,1.2491669654846191,1.2714580297470093
2014-02-11,1.278749942779541,1.315000057220459
2014-02-12,1.3229169845581055,1.3212499618530273
2014-02-13,1.292917013168335,1.3552080392837524
2014-02-14,1.3533329963684082,1.3591669797897339
2014-02-18,1.3660420179367065,1.380416989326477
2014-02-19,1.3722920417785645,1.350208044052124
2014-02-20,1.3533329963684082,1.3697919845581055
2014-02-21,1.382707953453064,1.3627079725265503
2014-02-24,1.371042013168335,1.386667013168335
2014-02-25,1.3922920227050781,1.3816670179367065
2014-02-26,1.3937499523162842,1.3770829439163208
2014-02-27,1.3785419464111328,1.4041670560836792
2014-02-28,1.4043749570846558,1.397083044052124
2014-03-03,1.3591669797897339,1.3664580583572388
2014-03-04,1.412708044052124,1.4214580059051514
2014-03-05,1.428125023841858,1.4331250190734863
2014-03-06,1.4416669607162476,1.4277080297470093
2014-03-07,1.4431250095367432,1.4072920083999634
2014-03-10,1.4049999713897705,1.410207986831665
2014-03-11,1.4214580059051514,1.3927079439163208
2014-03-12,1.3743749856948853,1.4083329439163208
2014-03-13,1.4239579439163208,1.3485419750213623
2014-03-14,1.3339580297470093,1.3208329677581787
2014-03-17,1.3454170227050781,1.3560420274734497
2014-03-18,1.3602080345153809,1.4047919511795044
2014-03-19,1.4060419797897339,1.3816670179367065
2014-03-20,1.368749976158142,1.3925000429153442
2014-03-21,1.415416955947876,1.3414579629898071
2014-03-24,1.3581249713897705,1.3077080249786377
2014-03-25,1.3287500143051147,1.3197920322418213
2014-03-26,1.3402080535888672,1.269582986831665
2014-03-27,1.2645829916000366,1.2470829486846924
2014-03-28,1.259374976158142,1.2552080154418945
2014-03-31,1.283750057220459,1.2802079916000366
2014-04-01,1.300832986831665,1.3495830297470093
2014-04-02,1.3668750524520874,1.3602080345153809
2014-04-03,1.3643749952316284,1.328125
2014-04-04,1.351667046546936,1.222707986831665
2014-04-07,1.1983330249786377,1.1860419511795044
2014-04-08,1.1904170513153076,1.2191669940948486
2014-04-09,1.2320829629898071,1.2816669940948486
2014-04-10,1.2841670513153076,1.1633330583572388
2014-04-11,1.131458044052124,1.1227079629898071
2014-04-14,1.1504169702529907,1.1479170322418213
2014-04-15,1.1591670513153076,1.1593749523162842
2014-04-16,1.1891670227050781,1.2043750286102295
2014-04-17,1.1924999952316284,1.2050000429153442
2014-04-21,1.2145830392837524,1.2322920560836792
2014-04-22,1.2439579963684082,1.2625000476837158
2014-04-23,1.261667013168335,1.228124976158142
2014-04-24,1.2897919416427612,1.2643749713897705
2014-04-25,1.2410420179367065,1.2033330202102661
2014-04-28,1.2193750143051147,1.216249942779541
2014-04-29,1.2258330583572388,1.2431249618530273
2014-04-30,1.2277079820632935,1.2541669607162476
2014-05-01,1.2597919702529907,1.2654169797897339
2014-05-02,1.2764580249786377,1.259166955947876
2014-05-05,1.2354170083999634,1.2770830392837524
2014-05-06,1.2714580297470093,1.2277079820632935
2014-05-07,1.2370829582214355,1.2166670560836792
2014-05-08,1.2045830488204956,1.212499976158142
2014-05-09,1.2112499475479126,1.226667046546936
2014-05-12,1.2489579916000366,1.2864580154418945
2014-05-13,1.2910419702529907,1.289167046546936
2014-05-14,1.2785420417785645,1.2699999809265137
2014-05-15,1.2685420513153076,1.240625023841858
2014-05-16,1.2433329820632935,1.2637499570846558
2014-05-19,1.252500057220459,1.2908329963684082
2014-05-20,1.289167046546936,1.2766669988632202
2014-05-21,1.2825000286102295,1.3127080202102661
2014-05-22,1.316249966621399,1.3289580345153809
2014-05-23,1.334583044052124,1.3587499856948853
2014-05-27,1.3777079582214355,1.4097919464111328
2014-05-28,1.4085420370101929,1.3964580297470093
2014-05-29,1.4120830297470093,1.4247920513153076
2014-05-30,1.4247920513153076,1.4235420227050781
2014-06-02,1.4291670322418213,1.4199999570846558
2014-06-03,1.4054169654846191,1.417917013168335
2014-06-04,1.4066669940948486,1.4329169988632202
2014-06-05,1.4375,1.4702080488204956
2014-06-06,1.4874999523162842,1.4939579963684082
2014-06-09,1.4970829486846924,1.4912500381469727
2014-06-10,1.486875057220459,1.4997919797897339
2014-06-11,1.4829169511795044,1.497499942779541
2014-06-12,1.4885419607162476,1.4583330154418945
2014-06-13,1.4770829677581787,1.4683330059051514
2014-06-16,1.4637500047683716,1.4737499952316284
2014-06-17,1.4714579582214355,1.4758330583572388
2014-06-18,1.481874942779541,1.5027079582214355
2014-06-19,1.5081249475479126,1.4968750476837158
2014-06-20,1.5002080202102661,1.5022920370101929
2014-06-23,1.5018750429153442,1.503957986831665
2014-06-24,1.503957986831665,1.4997919797897339
2014-06-25,1.4887499809265137,1.5270830392837524
2014-06-26,1.53125,1.53125
2014-06-27,1.5252079963684082,1.5464580059051514
2014-06-30,1.5491670370101929,1.5579169988632202
2014-07-01,1.5735419988632202,1.6102080345153809
2014-07-02,1.6122920513153076,1.6164580583572388
2014-07-03,1.632707953453064,1.6475000381469727
2014-07-07,1.6414580345153809,1.6316670179367065
2014-07-08,1.6239579916000366,1.5747920274734497
2014-07-09,1.5864579677581787,1.6104170083999634
2014-07-10,1.5483330488204956,1.5952080488204956
2014-07-11,1.6045830249786377,1.6229170560836792
2014-07-14,1.6447919607162476,1.6539579629898071
2014-07-15,1.6608330011367798,1.636667013168335
2014-07-16,1.6716669797897339,1.6552079916000366
2014-07-17,1.6412500143051147,1.5891669988632202
2014-07-18,1.6162500381469727,1.6643749475479126
2014-07-21,1.6527080535888672,1.6583329439163208
2014-07-22,1.6825000047683716,1.691249966621399
2014-07-23,1.7066669464111328,1.7229169607162476
2014-07-24,1.7314579486846924,1.7168749570846558
2014-07-25,1.6920830011367798,1.6958329677581787
2014-07-28,1.7004170417785645,1.6979169845581055
2014-07-29,1.708541989326477,1.6893750429153442
2014-07-30,1.7166670560836792,1.709583044052124
2014-07-31,1.6666669845581055,1.605417013168335
2014-08-01,1.5954170227050781,1.5868749618530273
2014-08-04,1.597499966621399,1.6193749904632568
2014-08-05,1.6010420322418213,1.5814579725265503
2014-08-06,1.5520830154418945,1.5787500143051147
2014-08-07,1.599166989326477,1.5635420083999634
2014-08-08,1.571666955947876,1.5968749523162842
2014-08-11,1.6145830154418945,1.6258330345153809
2014-08-12,1.6202080249786377,1.6220829486846924
2014-08-13,1.6439579725265503,1.6747920513153076
2014-08-14,1.6804169416427612,1.700624942779541
2014-08-15,1.7274999618530273,1.7237499952316284
2014-08-18,1.7504169940948486,1.7654169797897339
2014-08-19,1.7777080535888672,1.7958329916000366
2014-08-20,1.7897919416427612,1.7958329916000366
2014-08-21,1.7985420227050781,1.806041955947876
2014-08-22,1.8066669702529907,1.8131250143051147
2014-08-25,1.840000033378601,1.8333330154418945
2014-08-26,1.8408329486846924,1.8395830392837524
2014-08-27,1.8408329486846924,1.839792013168335
2014-08-28,1.8214579820632935,1.8322919607162476
2014-08-29,1.8460420370101929,1.8537499904632568
2014-09-02,1.8679169416427612,1.8691669702529907
2014-09-03,1.882707953453064,1.8370829820632935
2014-09-04,1.8493750095367432,1.8312499523162842
2014-09-05,1.840000033378601,1.8595830202102661
2014-09-08,1.8591669797897339,1.8689579963684082
2014-09-09,1.868749976158142,1.8235419988632202
2014-09-10,1.8300000429153442,1.865833044052124
2014-09-11,1.8429169654846191,1.8643749952316284
2014-09-12,1.8583329916000366,1.8350000381469727
2014-09-15,1.840000033378601,1.7797919511795044
2014-09-16,1.7610419988632202,1.8279169797897339
2014-09-17,1.8260420560836792,1.8368749618530273
2014-09-18,1.8524999618530273,1.8764580488204956
2014-09-19,1.9018750190734863,1.8722920417785645
2014-09-22,1.8595830202102661,1.8214579820632935
2014-09-23,1.7987500429153442,1.8056249618530273
2014-09-24,1.8097920417785645,1.8641669750213623
2014-09-25,1.8447920083999634,1.7458330392837524
2014-09-26,1.7637499570846558,1.8016669750213623
2014-09-29,1.747499942779541,1.7956249713897705
2014-09-30,1.8104170560836792,1.802291989326477
2014-10-01,1.7881250381469727,1.7160420417785645
2014-10-02,1.7141669988632202,1.7152080535888672
2014-10-03,1.7450000047683716,1.7668750286102295
2014-10-06,1.7804169654846191,1.7547919750213623
2014-10-07,1.7293750047683716,1.6806249618530273
2014-10-08,1.6839580535888672,1.7777080535888672
2014-10-09,1.7708330154418945,1.6891670227050781
2014-10-10,1.6595829725265503,1.5627080202102661
2014-10-13,1.556249976158142,1.4895830154418945
2014-10-14,1.5202080011367798,1.492292046546936
2014-10-15,1.4229170083999634,1.4604170322418213
2014-10-16,1.3691669702529907,1.4377080202102661
2014-10-17,1.4914580583572388,1.4939579963684082
2014-10-20,1.4885419607162476,1.5583330392837524
2014-10-21,1.6143749952316284,1.6802079677581787
2014-10-22,1.6960419416427612,1.6541670560836792
2014-10-23,1.7041670083999634,1.7297919988632202
2014-10-24,1.7370829582214355,1.769582986831665
2014-10-27,1.760208010673523,1.7762500047683716
2014-10-28,1.7979170083999634,1.855625033378601
2014-10-29,1.8364579677581787,1.8333330154418945
2014-10-30,1.8089580535888672,1.8447920083999634
2014-10-31,1.9377080202102661,1.9208329916000366
2014-11-03,1.9306249618530273,1.9406249523162842
2014-11-04,1.9189579486846924,1.9199999570846558
2014-11-05,1.9554170370101929,1.9197920560836792
2014-11-06,1.9168750047683716,1.9362499713897705
2014-11-07,1.9479169845581055,1.9314579963684082
2014-11-10,1.9341670274734497,1.9512499570846558
2014-11-11,1.9541670083999634,1.9697920083999634
2014-11-12,1.946666955947876,1.980625033378601
2014-11-13,1.9914580583572388,2.006042003631592
2014-11-14,2.005000114440918,2.024583101272583
2014-11-17,2.0102078914642334,2.005625009536743
2014-11-18,2.0118749141693115,2.0506250858306885
2014-11-19,2.0447919368743896,2.024583101272583
2014-11-20,1.9977079629898071,2.0514578819274902
2014-11-21,2.105833053588867,2.0662500858306885
2014-11-24,2.0799999237060547,2.112916946411133
2014-11-25,2.1204171180725098,2.1197919845581055
2014-11-26,2.126667022705078,2.1631250381469727
2014-11-28,2.1806249618530273,2.1954169273376465
2014-12-01,2.17520809173584,2.114375114440918
2014-12-02,2.1247920989990234,2.137083053588867
2014-12-03,2.152292013168335,2.1564579010009766
2014-12-04,2.1468749046325684,2.1500000953674316
2014-12-05,2.162708044052124,2.1514580249786377
2014-12-08,2.1337499618530273,2.1050000190734863
2014-12-09,2.030208110809326,2.1254169940948486
2014-12-10,2.112916946411133,2.0225000381469727
2014-12-11,2.0416669845581055,2.0541670322418213
2014-12-12,1.9939579963684082,1.9862500429153442
2014-12-15,2.0158329010009766,1.9266669750213623
2014-12-16,1.8883329629898071,1.8310420513153076
2014-12-17,1.834583044052124,1.9293750524520874
2014-12-18,2.014167070388794,2.0708329677581787
2014-12-19,2.077083110809326,2.0939579010009766
2014-12-22,2.087291955947876,2.112916946411133
2014-12-23,2.1362500190734863,2.092708110809326
2014-12-24,2.099375009536743,2.09708309173584
2014-12-26,2.112499952316284,2.139583110809326
2014-12-29,2.1337499618530273,2.140000104904175
2014-12-30,2.118957996368408,2.0958330631256104
2014-12-31,2.104374885559082,2.030208110809326
2015-01-02,2.059375047683716,2.0135419368743896
2015-01-05,1.984375,1.9229170083999634
2015-01-06,1.929792046546936,1.8466670513153076
2015-01-07,1.8818750381469727,1.9177080392837524
2015-01-08,1.9670829772949219,2.027082920074463
2015-01-09,2.046041965484619,1.9860420227050781
2015-01-12,1.9993749856948853,1.9249999523162842
2015-01-13,1.9793750047683716,1.9233330488204956
2015-01-14,1.8622920513153076,1.8937499523162842
2015-01-15,1.915416955947876,1.8185420036315918
2015-01-16,1.8095829486846924,1.8833329677581787
2015-01-20,1.9149999618530273,1.9249999523162842
2015-01-21,1.9075000286102295,1.9545830488204956
2015-01-22,1.9791669845581055,2.063333034515381
2015-01-23,2.063333034515381,2.077083110809326
2015-01-26,2.0708329677581787,2.072499990463257
2015-01-27,1.9739580154418945,1.9120830297470093
2015-01-28,1.9997919797897339,1.8791669607162476
2015-01-29,1.8727079629898071,1.933542013168335
2015-01-30,1.9268749952316284,1.8891669511795044
2015-02-02,1.8993749618530273,1.9387500286102295
2015-02-03,1.9550000429153442,1.9916670322418213
2015-02-04,1.9666670560836792,1.9864579439163208
2015-02-05,2.000624895095825,2.0391669273376465
2015-02-06,2.047916889190674,2.0020830631256104
2015-02-09,1.978124976158142,1.9800000190734863
2015-02-10,2.016458034515381,2.07479190826416
2015-02-11,2.082292079925537,2.0981249809265137
2015-02-12,2.1358330249786377,2.1714580059051514
2015-02-13,2.1887500286102295,2.226249933242798
2015-02-17,2.225832939147949,2.2322919368743896
2015-02-18,2.224792003631592,2.241874933242798
2015-02-19,2.2364580631256104,2.275624990463257
2015-02-20,2.2702078819274902,2.3193750381469727
2015-02-23,2.3179171085357666,2.3285419940948486
2015-02-24,2.3183329105377197,2.3333330154418945
2015-02-25,2.321042060852051,2.3145830631256104
2015-02-26,2.3212499618530273,2.349792003631592
2015-02-27,2.34708309173584,2.3187499046325684
2015-03-02,2.331249952316284,2.3812499046325684
2015-03-03,2.360416889190674,2.34708309173584
2015-03-04,2.32479190826416,2.321042060852051
2015-03-05,2.338749885559082,2.331249952316284
2015-03-06,2.324583053588867,2.251041889190674
2015-03-09,2.267082929611206,2.272707939147949
2015-03-10,2.222707986831665,2.1468749046325684
2015-03-11,2.152708053588867,2.1091670989990234
2015-03-12,2.1031250953674316,2.149583101272583
2015-03-13,2.14395809173584,2.121875047683716
2015-03-16,2.1454169750213623,2.203125
2015-03-17,2.18416690826416,2.21541690826416
2015-03-18,2.196458101272583,2.2791669368743896
2015-03-19,2.2870829105377197,2.290208101272583
2015-03-20,2.344791889190674,2.337707996368408
2015-03-23,2.3304169178009033,2.318125009536743
2015-03-24,2.3177080154418945,2.2945830821990967
2015-03-25,2.306457996368408,2.1343750953674316
2015-03-26,2.084167003631592,2.116874933242798
2015-03-27,2.11270809173584,2.13729190826416
2015-03-30,2.180417060852051,2.2141671180725098
2015-03-31,2.193958044052124,2.145625114440918
2015-04-01,2.1427080631256104,2.109375
2015-04-02,2.113542079925537,2.112916946411133
2015-04-06,2.07479190826416,2.163749933242798
2015-04-07,2.1610419750213623,2.153749942779541
2015-04-08,2.155416965484619,2.2049999237060547
2015-04-09,2.2029170989990234,2.246042013168335
2015-04-10,2.2456250190734863,2.2729170322418213
2015-04-13,2.2789580821990967,2.256042003631592
2015-04-14,2.251041889190674,2.2366669178009033
2015-04-15,2.2558329105377197,2.276249885559082
2015-04-16,2.2608330249786377,2.2683329582214355
2015-04-17,2.203749895095825,2.162292003631592
2015-04-20,2.195625066757202,2.258958101272583
2015-04-21,2.2991669178009033,2.287916898727417
2015-04-22,2.3056249618530273,2.325000047683716
2015-04-23,2.302917003631592,2.352916955947876
2015-04-24,2.425416946411133,2.444999933242798
2015-04-27,2.4749999046325684,2.429374933242798
2015-04-28,2.43416690826416,2.4135420322418213
2015-04-29,2.3731250762939453,2.367500066757202
2015-04-30,2.328125,2.2562499046325684
2015-05-01,2.282083034515381,2.3475000858306885
2015-05-04,2.366874933242798,2.355833053588867
2015-05-05,2.3293750286102295,2.2441670894622803
2015-05-06,2.253541946411133,2.1962499618530273
2015-05-07,2.193958044052124,2.2339580059051514
2015-05-08,2.303333044052124,2.31583309173584
2015-05-11,2.3222920894622803,2.290416955947876
2015-05-12,2.249375104904175,2.2608330249786377
2015-05-13,2.290208101272583,2.2725000381469727
2015-05-14,2.3293750286102295,2.3731250762939453
2015-05-15,2.3918750286102295,2.3729169368743896
2015-05-18,2.3612499237060547,2.402082920074463
2015-05-19,2.4114580154418945,2.3952078819274902
2015-05-20,2.400624990463257,2.399167060852051
2015-05-21,2.387500047683716,2.436875104904175
2015-05-22,2.428541898727417,2.4302079677581787
2015-05-26,2.412916898727417,2.3460419178009033
2015-05-27,2.366457939147949,2.4589579105377197
2015-05-28,2.443958044052124,2.44083309173584
2015-05-29,2.436666965484619,2.399583101272583
2015-06-01,2.4372920989990234,2.4206249713897705
2015-06-02,2.3952078819274902,2.3985419273376465
2015-06-03,2.4327080249786377,2.4195830821990967
2015-06-04,2.380000114440918,2.366874933242798
2015-06-05,2.3564579486846924,2.3489580154418945
2015-06-08,2.344374895095825,2.277082920074463
2015-06-09,2.2604169845581055,2.2658329010009766
2015-06-10,2.287916898727417,2.3556249141693115
2015-06-11,2.3808329105377197,2.368541955947876
2015-06-12,2.329792022705078,2.308332920074463
2015-06-15,2.2579169273376465,2.2764580249786377
2015-06-16,2.266249895095825,2.3112499713897705
2015-06-17,2.323957920074463,2.330625057220459
2015-06-18,2.350208044052124,2.4291670322418213
2015-06-19,2.436042070388794,2.392082929611206
2015-06-22,2.44979190826416,2.44979190826416
2015-06-23,2.4583330154418945,2.4558329582214355
2015-06-24,2.446458101272583,2.4181249141693115
2015-06-25,2.4452080726623535,2.402292013168335
2015-06-26,2.400207996368408,2.357707977294922
2015-06-29,2.274583101272583,2.191041946411133
2015-06-30,2.2366669178009033,2.2160420417785645
2015-07-01,2.2760419845581055,2.261457920074463
2015-07-02,2.281874895095825,2.2699999809265137
2015-07-06,2.2231249809265137,2.250833034515381
2015-07-07,2.2572920322418213,2.26229190826416
2015-07-08,2.217292070388794,2.1489579677581787
2015-07-09,2.2356250286102295,2.1427080631256104
2015-07-10,2.2249999046325684,2.2422919273376465
2015-07-13,2.2989580631256104,2.356874942779541
2015-07-14,2.3702080249786377,2.4041669368743896
2015-07-15,2.417917013168335,2.4156250953674316
2015-07-16,2.4739580154418945,2.509999990463257
2015-07-17,2.5760419368743896,2.6247920989990234
2015-07-20,2.646667003631592,2.6541669368743896
2015-07-21,2.6583330631256104,2.6468749046325684
2015-07-22,2.52791690826416,2.559999942779541
2015-07-23,2.567500114440918,2.5293750762939453
2015-07-24,2.568958044052124,2.4574999809265137
2015-07-27,2.413749933242798,2.3943750858306885
2015-07-28,2.428541898727417,2.4574999809265137
2015-07-29,2.471874952316284,2.484999895095825
2015-07-30,2.467292070388794,2.519582986831665
2015-07-31,2.542707920074463,2.5118749141693115
2015-08-03,2.5133330821990967,2.4887499809265137
2015-08-04,2.4816670417785645,2.472707986831665
2015-08-05,2.5137500762939453,2.530625104904175
2015-08-06,2.5356249809265137,2.4091670513153076
2015-08-07,2.390625,2.399583101272583
2015-08-10,2.4447920322418213,2.4806249141693115
2015-08-11,2.440624952316284,2.3860421180725098
2015-08-12,2.3379170894622803,2.407083034515381
2015-08-13,2.4166669845581055,2.396250009536743
2015-08-14,2.3802080154418945,2.4091670513153076
2015-08-17,2.390625,2.4683330059051514
2015-08-18,2.4543750286102295,2.428957939147949
2015-08-19,2.40625,2.3833329677581787
2015-08-20,2.316667079925537,2.1870830059051514
2015-08-21,2.09375,1.9149999618530273
2015-08-24,1.5635420083999634,1.6881250143051147
2015-08-25,1.8645830154418945,1.6658329963684082
2015-08-26,1.8081250190734863,1.90625
2015-08-27,1.9958330392837524,2.0552079677581787
2015-08-28,2.0225000381469727,2.053541898727417
2015-08-31,2.019792079925537,1.9772919416427612
2015-09-01,1.8287500143051147,1.7979170083999634
2015-09-02,1.8891669511795044,1.9441670179367065
2015-09-03,1.9679169654846191,1.9120830297470093
2015-09-04,1.8354170322418213,1.8481249809265137
2015-09-08,1.9529169797897339,2.005000114440918
2015-09-09,2.0737500190734863,1.9352079629898071
2015-09-10,1.927291989326477,1.9970829486846924
2015-09-11,1.9704170227050781,2.0293750762939453
2015-09-14,2.0520830154418945,2.0112500190734863
2015-09-15,2.026249885559082,2.08145809173584
2015-09-16,2.085624933242798,2.1162500381469727
2015-09-17,2.1139578819274902,2.1220829486846924
2015-09-18,2.024791955947876,2.032291889190674
2015-09-21,2.063333034515381,2.0495829582214355
2015-09-22,1.9547920227050781,1.9591670036315918
2015-09-23,1.9729169607162476,1.962291955947876
2015-09-24,1.9043749570846558,1.9395829439163208
2015-09-25,2.0054171085357666,1.8925000429153442
2015-09-28,1.8662500381469727,1.7293750047683716
2015-09-29,1.7418750524520874,1.7037500143051147
2015-09-30,1.7745829820632935,1.816457986831665
2015-10-01,1.8279169797897339,1.8418749570846558
2015-10-02,1.7679170370101929,1.9375
2015-10-05,1.9827079772949219,2.0258328914642334
2015-10-06,2.0110421180725098,1.9968750476837158
2015-10-07,2.0325000286102295,2.0289580821990967
2015-10-08,2.0072920322418213,2.0537500381469727
2015-10-09,2.056457996368408,2.078749895095825
2015-10-12,2.094583034515381,2.096250057220459
2015-10-13,2.0604169368743896,2.0552079677581787
2015-10-14,2.055833101272583,2.0464580059051514
2015-10-15,2.068542003631592,2.1464579105377197
2015-10-16,2.1606249809265137,2.1731250286102295
2015-10-19,2.1631250381469727,2.212083101272583
2015-10-20,2.1987500190734863,2.175416946411133
2015-10-21,2.209583044052124,2.1404170989990234
2015-10-22,2.193958044052124,2.267292022705078
2015-10-23,2.4502079486846924,2.4558329582214355
2015-10-26,2.4527080059051514,2.463124990463257
2015-10-27,2.443125009536743,2.4791669845581055
2015-10-28,2.490417003631592,2.5366671085357666
2015-10-29,2.5037500858306885,2.527292013168335
2015-10-30,2.530625104904175,2.4927079677581787
2015-11-02,2.5112500190734863,2.5777080059051514
2015-11-03,2.561875104904175,2.602292060852051
2015-11-04,2.628124952316284,2.603332996368408
2015-11-05,2.6112499237060547,2.5804169178009033
2015-11-06,2.569582939147949,2.5889580249786377
2015-11-09,2.558958053588867,2.505625009536743
2015-11-10,2.465625047683716,2.487916946411133
2015-11-11,2.5068750381469727,2.476875066757202
2015-11-12,2.444999933242798,2.4049999713897705
2015-11-13,2.3747920989990234,2.2635419368743896
2015-11-16,2.256042003631592,2.357917070388794
2015-11-17,2.3722920417785645,2.366041898727417
2015-11-18,2.3927080631256104,2.501667022705078
2015-11-19,2.5058329105377197,2.5054171085357666
2015-11-20,2.540416955947876,2.5552079677581787
2015-11-23,2.558332920074463,2.53458309173584
2015-11-24,2.485416889190674,2.5266671180725098
2015-11-25,2.5364580154418945,2.532291889190674
2015-11-27,2.550416946411133,2.5414578914642334
2015-11-30,2.5668749809265137,2.5254170894622803
2015-12-01,2.5537500381469727,2.600416898727417
2015-12-02,2.605417013168335,2.5531249046325684
2015-12-03,2.5733330249786377,2.422916889190674
2015-12-04,2.443542003631592,2.5893750190734863
2015-12-07,2.59708309173584,2.5577080249786377
2015-12-08,2.4766669273376465,2.5579171180725098
2015-12-09,2.521667003631592,2.4387500286102295
2015-12-10,2.45645809173584,2.4733328819274902
2015-12-11,2.3877079486846924,2.3037500381469727
2015-12-14,2.3137500286102295,2.355417013168335
2015-12-15,2.415832996368408,2.3954169750213623
2015-12-16,2.446042060852051,2.5012500286102295
2015-12-17,2.53458309173584,2.397083044052124
2015-12-18,2.3712499141693115,2.2654170989990234
2015-12-21,2.321458101272583,2.3327078819274902
2015-12-22,2.3691670894622803,2.3768749237060547
2015-12-23,2.4141669273376465,2.4312500953674316
2015-12-24,2.4291670322418213,2.4262499809265137
2015-12-28,2.4091670513153076,2.4256250858306885
2015-12-29,2.467708110809326,2.536250114440918
2015-12-30,2.5316669940948486,2.4714579582214355
2015-12-31,2.444582939147949,2.3797919750213623
2016-01-04,2.221250057220459,2.234375
2016-01-05,2.2604169845581055,2.2143750190734863
2016-01-06,2.103749990463257,2.1549999713897705
2016-01-07,2.014583110809326,1.9500000476837158
2016-01-08,1.992292046546936,1.9039579629898071
2016-01-11,1.9435420036315918,1.9206249713897705
2016-01-12,1.9722919464111328,1.9854170083999634
2016-01-13,2.0093750953674316,1.7777080535888672
2016-01-14,1.8002079725265503,1.8927079439163208
2016-01-15,1.7037500143051147,1.71875
2016-01-19,1.7860419750213623,1.7260420322418213
2016-01-20,1.6449999809265137,1.7104170322418213
2016-01-21,1.731874942779541,1.7166670560836792
2016-01-22,1.8177080154418945,1.8645830154418945
2016-01-25,1.8479169607162476,1.7806249856948853
2016-01-26,1.8041670322418213,1.8314579725265503
2016-01-27,1.7981250286102295,1.695207953453064
2016-01-28,1.774791955947876,1.7620830535888672
2016-01-29,1.7660419940948486,1.8768750429153442
2016-02-01,1.846250057220459,1.8875000476837158
2016-02-02,1.8652080297470093,1.7677079439163208
2016-02-03,1.8010419607162476,1.7427079677581787
2016-02-04,1.7254170179367065,1.7395830154418945
2016-02-05,1.7229169607162476,1.5606249570846558
2016-02-08,1.4735419750213623,1.4893749952316284
2016-02-09,1.4279170036315918,1.4720829725265503
2016-02-10,1.5260419845581055,1.4895830154418945
2016-02-11,1.4333330392837524,1.4860420227050781
2016-02-12,1.5325000286102295,1.549375057220459
2016-02-16,1.621250033378601,1.652500033378601
2016-02-17,1.6943750381469727,1.7666670083999634
2016-02-18,1.7854169607162476,1.7066669464111328
2016-02-19,1.6872919797897339,1.7243750095367432
2016-02-22,1.7712500095367432,1.8058329820632935
2016-02-23,1.7739579677581787,1.7158329486846924
2016-02-24,1.6577080488204956,1.7668750286102295
2016-02-25,1.7785420417785645,1.8156249523162842
2016-02-26,1.8570829629898071,1.8114579916000366
2016-02-29,1.8072919845581055,1.7635420560836792
2016-03-01,1.8118749856948853,1.9322919845581055
2016-03-02,1.9249999523162842,1.9343750476837158
2016-03-03,1.9293750524520874,1.9235420227050781
2016-03-04,1.9308329820632935,1.9268749952316284
2016-03-07,1.896875023841858,1.8910419940948486
2016-03-08,1.8508330583572388,1.8410420417785645
2016-03-09,1.865833044052124,1.8762500286102295
2016-03-10,1.90625,1.8691669702529907
2016-03-11,1.929582953453064,1.9660420417785645
2016-03-14,1.9462499618530273,1.9774999618530273
2016-03-15,1.9574999809265137,1.9762500524520874
2016-03-16,1.9587500095367432,2.0266671180725098
2016-03-17,2.0112500190734863,2.0208330154418945
2016-03-18,2.0374999046325684,2.0325000286102295
2016-03-21,2.023750066757202,2.0566670894622803
2016-03-22,2.0233330726623535,2.075000047683716
2016-03-23,2.063957929611206,2.025624990463257
2016-03-24,1.9927079677581787,2.0250000953674316
2016-03-28,2.045417070388794,2.0177080631256104
2016-03-29,2.006666898727417,2.1141669750213623
2016-03-30,2.152708053588867,2.1458330154418945
2016-03-31,2.1410419940948486,2.1333329677581787
2016-04-01,2.100832939147949,2.2043750286102295
2016-04-04,2.2010419368743896,2.1770830154418945
2016-04-05,2.1272919178009033,2.118541955947876
2016-04-06,2.125,2.2200000286102295
2016-04-07,2.1822919845581055,2.124166965484619
2016-04-08,2.162708044052124,2.1191670894622803
2016-04-11,2.146667003631592,2.0964579582214355
2016-04-12,2.100416898727417,2.1454169750213623
2016-04-13,2.1977078914642334,2.2291669845581055
2016-04-14,2.2297921180725098,2.2306249141693115
2016-04-15,2.2233328819274902,2.2135419845581055
2016-04-18,2.1952080726623535,2.2462499141693115
2016-04-19,2.268749952316284,2.2074999809265137
2016-04-20,2.204582929611206,2.2129170894622803
2016-04-21,2.211667060852051,2.2135419845581055
2016-04-22,2.128541946411133,2.113332986831665
2016-04-25,2.090208053588867,2.1116669178009033
2016-04-26,2.123958110809326,2.0827078819274902
2016-04-27,2.019582986831665,2.032707929611206
2016-04-28,2.039375066757202,1.9606250524520874
2016-04-29,1.9539580345153809,1.9293750524520874
2016-05-02,1.941457986831665,1.980417013168335
2016-05-03,1.9389580488204956,1.9277080297470093
2016-05-04,1.8922920227050781,1.8895829916000366
2016-05-05,1.9075000286102295,1.8885420560836792
2016-05-06,1.8583329916000366,1.9158329963684082
2016-05-09,1.9177080392837524,1.9327080249786377
2016-05-10,1.9533330202102661,2.0137500762939453
2016-05-11,2.003957986831665,1.9587500095367432
2016-05-12,1.974166989326477,1.931249976158142
2016-05-13,1.9299999475479126,1.9079170227050781
2016-05-16,1.915624976158142,1.9814579486846924
2016-05-17,1.9791669845581055,1.9054169654846191
2016-05-18,1.8947919607162476,1.9270830154418945
2016-05-19,1.9035420417785645,1.8966670036315918
2016-05-20,1.9197920560836792,1.9600000381469727
2016-05-23,1.965000033378601,1.9504170417785645
2016-05-24,1.9839580059051514,2.0697920322418213
2016-05-25,2.0935420989990234,2.114375114440918
2016-05-26,2.121458053588867,2.132082939147949
2016-05-27,2.135624885559082,2.1641669273376465
2016-05-31,2.176042079925537,2.1770830154418945
2016-06-01,2.157291889190674,2.177917003631592
2016-06-02,2.1631250381469727,2.1902079582214355
2016-06-03,2.1777079105377197,2.160207986831665
2016-06-06,2.1700000762939453,2.183332920074463
2016-06-07,2.1904170513153076,2.167917013168335
2016-06-08,2.1797919273376465,2.177500009536743
2016-06-09,2.1514580249786377,2.167917013168335
2016-06-10,2.1095829010009766,2.0950000286102295
2016-06-13,2.0597920417785645,2.041249990463257
2016-06-14,2.024583101272583,2.0422921180725098
2016-06-15,2.0556249618530273,2.0239579677581787
2016-06-16,1.9941669702529907,2.0385420322418213
2016-06-17,2.030208110809326,1.96875
2016-06-20,2.039375066757202,2.004167079925537
2016-06-21,2.016458034515381,2.024167060852051
2016-06-22,2.0299999713897705,2.0110421180725098
2016-06-23,2.0577080249786377,2.0958330631256104
2016-06-24,1.875,1.8391669988632202
2016-06-27,1.7972919940948486,1.7320829629898071
2016-06-28,1.7847919464111328,1.8406250476837158
2016-06-29,1.8856250047683716,1.9362499713897705
2016-06-30,1.9479169845581055,2.006666898727417
2016-07-01,2.003124952316284,2.0341670513153076
2016-07-05,2.0079169273376465,1.9981249570846558
2016-07-06,1.9708329439163208,2.045207977294922
2016-07-07,2.054374933242798,2.0645830631256104
2016-07-08,2.095207929611206,2.1600000858306885
2016-07-11,2.1845829486846924,2.1968750953674316
2016-07-12,2.23770809173584,2.2314579486846924
2016-07-13,2.2495830059051514,2.2158329486846924
2016-07-14,2.2597920894622803,2.2608330249786377
2016-07-15,2.2754170894622803,2.2481250762939453
2016-07-18,2.254167079925537,2.292917013168335
2016-07-19,2.2708330154418945,2.269166946411133
2016-07-20,2.303957939147949,2.346874952316284
2016-07-21,2.3539578914642334,2.3329169750213623
2016-07-22,2.3383328914642334,2.359999895095825
2016-07-25,2.3547921180725098,2.3620829582214355
2016-07-26,2.3597919940948486,2.369999885559082
2016-07-27,2.4281249046325684,2.416249990463257
2016-07-28,2.4295830726623535,2.442500114440918
2016-07-29,2.4600000381469727,2.4585421085357666
2016-08-01,2.464582920074463,2.4970829486846924
2016-08-02,2.4864580631256104,2.44083309173584
2016-08-03,2.4354169368743896,2.4639580249786377
2016-08-04,2.4633328914642334,2.486042022705078
2016-08-05,2.526249885559082,2.5579171180725098
2016-08-08,2.5622920989990234,2.5497920513153076
2016-08-09,2.5541670322418213,2.566667079925537
2016-08-10,2.568542003631592,2.546875
2016-08-11,2.5708329677581787,2.579792022705078
2016-08-12,2.5645830631256104,2.584583044052124
2016-08-15,2.59375,2.6170830726623535
2016-08-16,2.601875066757202,2.5758330821990967
2016-08-17,2.5758330821990967,2.5879170894622803
2016-08-18,2.579792022705078,2.59041690826416
2016-08-19,2.5762500762939453,2.5868749618530273
2016-08-22,2.574583053588867,2.5893750190734863
2016-08-23,2.620832920074463,2.6047921180725098
2016-08-24,2.6010420322418213,2.5545830726623535
2016-08-25,2.534374952316284,2.5425000190734863
2016-08-26,2.545833110809326,2.5547919273376465
2016-08-29,2.5562500953674316,2.561875104904175
2016-08-30,2.552500009536743,2.538749933242798
2016-08-31,2.527708053588867,2.532083034515381
2016-09-01,2.533750057220459,2.543333053588867
2016-09-02,2.5885419845581055,2.573124885559082
2016-09-06,2.5885419845581055,2.620832920074463
2016-09-07,2.628957986831665,2.625624895095825
2016-09-08,2.6041669845581055,2.580625057220459
2016-09-09,2.5177080631256104,2.384999990463257
2016-09-12,2.3491671085357666,2.5072920322418213
2016-09-13,2.473750114440918,2.448124885559082
2016-09-14,2.4543750286102295,2.4795830249786377
2016-09-15,2.483333110809326,2.594583034515381
2016-09-16,2.588124990463257,2.5916669368743896
2016-09-19,2.6114580631256104,2.5577080249786377
2016-09-20,2.5833330154418945,2.5718750953674316
2016-09-21,2.6041669845581055,2.646667003631592
2016-09-22,2.6962499618530273,2.7085421085357666
2016-09-23,2.700000047683716,2.659791946411133
2016-09-26,2.6139578819274902,2.59375
2016-09-27,2.5908329486846924,2.6672921180725098
2016-09-28,2.676875114440918,2.681874990463257
2016-09-29,2.670417070388794,2.625
2016-09-30,2.649167060852051,2.678957939147949
2016-10-03,2.6697919368743896,2.672916889190674
2016-10-04,2.6918749809265137,2.657707929611206
2016-10-05,2.681874990463257,2.6854169368743896
2016-10-06,2.675416946411133,2.6812500953674316
2016-10-07,2.6897919178009033,2.663749933242798
2016-10-10,2.703125,2.7114579677581787
2016-10-11,2.7058329582214355,2.599375009536743
2016-10-12,2.6020829677581787,2.5939579010009766
2016-10-13,2.539792060852051,2.563541889190674
2016-10-14,2.5981249809265137,2.5693750381469727
2016-10-17,2.5687499046325684,2.5516669750213623
2016-10-18,2.640625,2.6170830726623535
2016-10-19,2.6122920513153076,2.6181249618530273
2016-10-20,2.60604190826416,2.6070830821990967
2016-10-21,2.61270809173584,2.6354169845581055
2016-10-24,2.6887500286102295,2.7314579486846924
2016-10-25,2.7339580059051514,2.704166889190674
2016-10-26,2.652082920074463,2.652292013168335
2016-10-27,2.6847920417785645,2.6152079105377197
2016-10-28,2.59041690826416,2.569999933242798
2016-10-31,2.5950000286102295,2.555417060852051
2016-11-01,2.5718750953674316,2.5029170513153076
2016-11-02,2.4945828914642334,2.4377079010009766
2016-11-03,2.4277079105377197,2.367500066757202
2016-11-04,2.3456249237060547,2.340625047683716
2016-11-07,2.453958034515381,2.5083329677581787
2016-11-08,2.5,2.557499885559082
2016-11-09,2.4668750762939453,2.5933330059051514
2016-11-10,2.6247920989990234,2.4700000286102295
2016-11-11,2.431874990463257,2.467916965484619
2016-11-14,2.4725000858306885,2.384582996368408
2016-11-15,2.444999933242798,2.494999885559082
2016-11-16,2.457292079925537,2.5356249809265137
2016-11-17,2.5339579582214355,2.594374895095825
2016-11-18,2.5991671085357666,2.5652079582214355
2016-11-21,2.58145809173584,2.642292022705078
2016-11-22,2.674375057220459,2.6660420894622803
2016-11-23,2.6404170989990234,2.633958101272583
2016-11-25,2.6464579105377197,2.659374952316284
2016-11-28,2.647291898727417,2.644582986831665
2016-11-29,2.6468749046325684,2.6700000762939453
2016-11-30,2.675416946411133,2.5835421085357666
2016-12-01,2.5704169273376465,2.441667079925537
2016-12-02,2.443958044052124,2.451457977294922
2016-12-05,2.491041898727417,2.508125066757202
2016-12-06,2.5274999141693115,2.526249885559082
2016-12-07,2.511457920074463,2.619999885559082
2016-12-08,2.626667022705078,2.6360421180725098
2016-12-09,2.665832996368408,2.6977078914642334
2016-12-12,2.6608328819274902,2.660207986831665
2016-12-13,2.689167022705078,2.764167070388794
2016-12-14,2.769582986831665,2.743957996368408
2016-12-15,2.751457929611206,2.760624885559082
2016-12-16,2.7735419273376465,2.7270829677581787
2016-12-19,2.738542079925537,2.7604169845581055
2016-12-20,2.782083034515381,2.793750047683716
2016-12-21,2.7947919368743896,2.7839579582214355
2016-12-22,2.785207986831665,2.7597920894622803
2016-12-23,2.748542070388794,2.7683329582214355
2016-12-27,2.7833330631256104,2.8087499141693115
2016-12-28,2.8258330821990967,2.7437500953674316
2016-12-29,2.7422919273376465,2.730417013168335
2016-12-30,2.746042013168335,2.650624990463257
2017-01-03,2.7002079486846924,2.714792013168335
2017-01-04,2.727292060852051,2.7610421180725098
2017-01-05,2.7587499618530273,2.809999942779541
2017-01-06,2.8152079582214355,2.8812499046325684
2017-01-09,2.8883330821990967,2.910417079925537
2017-01-10,2.9091670513153076,2.9270830154418945
2017-01-11,2.9291670322418213,2.949583053588867
2017-01-12,2.920417070388794,2.9345829486846924
2017-01-13,2.944166898727417,2.9683330059051514
2017-01-17,2.941667079925537,2.9404170513153076
2017-01-18,2.954166889190674,2.9604170322418213
2017-01-19,2.96875,2.952500104904175
2017-01-20,2.9916670322418213,2.9716670513153076
2017-01-23,2.9625000953674316,2.978332996368408
2017-01-24,2.9945828914642334,3.040416955947876
2017-01-25,3.095417022705078,3.129167079925537
2017-01-26,3.1433329582214355,3.142082929611206
2017-01-27,3.1583330631256104,3.157083034515381
2017-01-30,3.1237499713897705,3.0854170322418213
2017-01-31,3.0537500381469727,3.0683329105377197
2017-02-01,3.12833309173584,3.126667022705078
2017-02-02,3.110832929611206,3.1187500953674316
2017-02-03,3.1312499046325684,3.1458330154418945
2017-02-06,3.1304171085357666,3.1575000286102295
2017-02-07,3.1741669178009033,3.190000057220459
2017-02-08,3.1787500381469727,3.2079169750213623
2017-02-09,3.2166669368743896,3.2412500381469727
2017-02-10,3.2637500762939453,3.2733330726623535
2017-02-13,3.3041670322418213,3.3308329582214355
2017-02-14,3.3329169750213623,3.3620829582214355
2017-02-15,3.357917070388794,3.4200000762939453
2017-02-16,3.428333044052124,3.4170830249786377
2017-02-17,3.40291690826416,3.4600000381469727
2017-02-21,3.4841670989990234,3.515000104904175
2017-02-22,3.504167079925537,3.5154170989990234
2017-02-23,3.5308330059051514,3.4774999618530273
2017-02-24,3.427500009536743,3.4962499141693115
2017-02-27,3.477916955947876,3.506666898727417
2017-02-28,3.507082939147949,3.4791669845581055
2017-03-01,3.5399999618530273,3.5916669368743896
2017-03-02,3.5899999141693115,3.5350000858306885
2017-03-03,3.5266671180725098,3.553333044052124
2017-03-06,3.515000104904175,3.528749942779541
2017-03-07,3.5062499046325684,3.5112500190734863
2017-03-08,3.5199999809265137,3.5291669368743896
2017-03-09,3.5283329486846924,3.5399999618530273
2017-03-10,3.5854170322418213,3.578749895095825
2017-03-13,3.5754170417785645,3.5995829105377197
2017-03-14,3.575000047683716,3.5729169845581055
2017-03-15,3.5975000858306885,3.6354169845581055
2017-03-16,3.660417079925537,3.6333329677581787
2017-03-17,3.641666889190674,3.6245830059051514
2017-03-20,3.6245830059051514,3.6354169845581055
2017-03-21,3.675832986831665,3.4733328819274902
2017-03-22,3.475416898727417,3.5416669845581055
2017-03-23,3.528749942779541,3.5133330821990967
2017-03-24,3.5466670989990234,3.5325000286102295
2017-03-27,3.4604170322418213,3.5512499809265137
2017-03-28,3.550832986831665,3.617917060852051
2017-03-29,3.6212499141693115,3.665832996368408
2017-03-30,3.6645829677581787,3.68416690826416
2017-03-31,3.667917013168335,3.675416946411133
2017-04-03,3.6862499713897705,3.6675000190734863
2017-04-04,3.6354169845581055,3.68416690826416
2017-04-05,3.702083110809326,3.642082929611206
2017-04-06,3.654582977294922,3.6449999809265137
2017-04-07,3.6424999237060547,3.6408329010009766
2017-04-10,3.6533329486846924,3.6449999809265137
2017-04-11,3.6308329105377197,3.5991671085357666
2017-04-12,3.5950000286102295,3.5516669750213623
2017-04-13,3.5374999046325684,3.509582996368408
2017-04-17,3.5391669273376465,3.592916965484619
2017-04-18,3.5595829486846924,3.5824999809265137
2017-04-19,3.6237499713897705,3.5950000286102295
2017-04-20,3.6387500762939453,3.6820828914642334
2017-04-21,3.694166898727417,3.680417060852051
2017-04-24,3.8020830154418945,3.814167022705078
2017-04-25,3.8520829677581787,3.898750066757202
2017-04-26,3.9024999141693115,3.881666898727417
2017-04-27,3.9108328819274902,3.949583053588867
2017-04-28,3.997499942779541,3.97208309173584
2017-05-01,4.008749961853027,4.072082996368408
2017-05-02,4.092082977294922,4.096250057220459
2017-05-03,4.071249961853027,4.055832862854004
2017-05-04,4.05791711807251,4.059999942779541
2017-05-05,4.08916711807251,4.1041669845581055
2017-05-08,4.110416889190674,4.128749847412109
2017-05-09,4.1483330726623535,4.174167156219482
2017-05-10,4.178750038146973,4.180832862854004
2017-05-11,4.147082805633545,4.170833110809326
2017-05-12,4.176249980926514,4.1979169845581055
2017-05-15,4.202083110809326,4.2370829582214355
2017-05-16,4.267083168029785,4.290417194366455
2017-05-17,4.189582824707031,3.9658329486846924
2017-05-18,3.9600000381469727,4.066249847412109
2017-05-19,4.105833053588867,4.115417003631592
2017-05-22,4.144166946411133,4.22208309173584
2017-05-23,4.256667137145996,4.232500076293945
2017-05-24,4.267917156219482,4.290832996368408
2017-05-25,4.337916851043701,4.403749942779541
2017-05-26,4.400416851043701,4.422500133514404
2017-05-30,4.4116668701171875,4.431666851043701
2017-05-31,4.47208309173584,4.426249980926514
2017-06-01,4.452499866485596,4.4791669845581055
2017-06-02,4.5233330726623535,4.632082939147949
2017-06-05,4.62833309173584,4.62833309173584
2017-06-06,4.611667156219482,4.575832843780518
2017-06-07,4.608333110809326,4.625833034515381
2017-06-08,4.654582977294922,4.638332843780518
2017-06-09,4.65500020980835,4.302917003631592
2017-06-12,4.183332920074463,4.224999904632568
2017-06-13,4.290832996368408,4.323750019073486
2017-06-14,4.374582767486572,4.265832901000977
2017-06-15,4.1354169845581055,4.2083330154418945
2017-06-16,4.199999809265137,4.157917022705078
2017-06-19,4.273749828338623,4.359167098999023
2017-06-20,4.348750114440918,4.2604169845581055
2017-06-21,4.2866668701171875,4.384167194366455
2017-06-22,4.403749942779541,4.379167079925537
2017-06-23,4.363749980926514,4.428332805633545
2017-06-26,4.50124979019165,4.3695831298828125
2017-06-27,4.318749904632568,4.129167079925537
2017-06-28,4.172500133514404,4.302499771118164
2017-06-29,4.249582767486572,4.0833330154418945
2017-06-30,4.118750095367432,4.069167137145996
2017-07-03,4.141666889190674,3.9583330154418945
2017-07-05,3.9887499809265137,4.071249961853027
2017-07-06,3.9770829677581787,3.963749885559082
2017-07-07,4.0029168128967285,4.082499980926514
2017-07-10,4.097917079925537,4.167916774749756
2017-07-11,4.149582862854004,4.202083110809326
2017-07-12,4.307499885559082,4.3516669273376465
2017-07-13,4.368750095367432,4.3804168701171875
2017-07-14,4.4320831298828125,4.483333110809326
2017-07-17,4.497917175292969,4.485833168029785
2017-07-18,4.4766669273376465,4.574999809265137
2017-07-19,4.6145830154418945,4.658750057220459
2017-07-20,4.6929168701171875,4.676249980926514
2017-07-21,4.618332862854004,4.6691670417785645
2017-07-24,4.667916774749756,4.730000019073486
2017-07-25,4.68625020980835,4.698332786560059
2017-07-26,4.728332996368408,4.740417003631592
2017-07-27,4.8358330726623535,4.655832767486572
2017-07-28,4.573750019073486,4.640832901000977
2017-07-31,4.678750038146973,4.580417156219482
2017-08-01,4.62624979019165,4.610416889190674
2017-08-02,4.697500228881836,4.644166946411133
2017-08-03,4.6616668701171875,4.595832824707031
2017-08-04,4.622917175292969,4.613749980926514
2017-08-07,4.640832901000977,4.6954169273376465
2017-08-08,4.6745829582214355,4.677917003631592
2017-08-09,4.563333034515381,4.65958309173584
2017-08-10,4.581250190734863,4.357082843780518
2017-08-11,4.37833309173584,4.456666946411133
2017-08-14,4.560417175292969,4.630000114440918
2017-08-15,4.655832767486572,4.638332843780518
2017-08-16,4.670833110809326,4.662499904632568
2017-08-17,4.605833053588867,4.375833034515381
2017-08-18,4.382500171661377,4.360416889190674
2017-08-21,4.367917060852051,4.352499961853027
2017-08-22,4.4166669845581055,4.546249866485596
2017-08-23,4.4716668128967285,4.49541711807251
2017-08-24,4.5283331871032715,4.457917213439941
2017-08-25,4.50333309173584,4.427917003631592
2017-08-28,4.466667175292969,4.466667175292969
2017-08-29,4.350417137145996,4.521667003631592
2017-08-30,4.529582977294922,4.678332805633545
2017-08-31,4.716249942779541,4.81125020980835
2017-09-01,4.847917079925537,4.80791711807251
2017-09-05,4.762083053588867,4.679166793823242
2017-09-06,4.717082977294922,4.719583034515381
2017-09-07,4.7470831871032715,4.74875020980835
2017-09-08,4.730833053588867,4.631667137145996
2017-09-11,4.736249923706055,4.779167175292969
2017-09-12,4.824999809265137,4.819582939147949
2017-09-13,4.7916669845581055,4.839582920074463
2017-09-14,4.786250114440918,4.7579169273376465
2017-09-15,4.7529168128967285,4.796249866485596
2017-09-18,4.81708288192749,4.78458309173584
2017-09-19,4.8070831298828125,4.804999828338623
2017-09-20,4.802499771118164,4.764999866485596
2017-09-21,4.750833034515381,4.673333168029785
2017-09-22,4.627082824707031,4.6616668701171875
2017-09-25,4.604582786560059,4.515417098999023
2017-09-26,4.5808329582214355,4.546249866485596
2017-09-27,4.618750095367432,4.669582843780518
2017-09-28,4.635832786560059,4.6616668701171875
2017-09-29,4.690000057220459,4.7604169845581055
2017-10-02,4.784999847412109,4.773749828338623
2017-10-03,4.7916669845581055,4.803750038146973
2017-10-04,4.7758331298828125,4.816249847412109
2017-10-05,4.872499942779541,4.954999923706055
2017-10-06,4.908332824707031,4.972917079925537
2017-10-09,4.995832920074463,4.960416793823242
2017-10-10,5.007500171661377,4.970832824707031
2017-10-11,4.964582920074463,5.014166831970215
2017-10-12,4.992917060852051,4.9870829582214355
2017-10-13,5.044582843780518,5.042916774749756
2017-10-16,5.0808329582214355,5.09499979019165
2017-10-17,5.088749885559082,5.112916946411133
2017-10-18,5.127082824707031,5.093332767486572
2017-10-19,5.005833148956299,5.037083148956299
2017-10-20,5.097499847412109,5.073750019073486
2017-10-23,5.105833053588867,4.9791669845581055
2017-10-24,5.0029168128967285,5.00458288192749
2017-10-25,4.970832824707031,4.943749904632568
2017-10-26,4.936666965484619,4.897916793823242
2017-10-27,5.130833148956299,5.320000171661377
2017-10-30,5.306666851043701,5.357916831970215
2017-10-31,5.405832767486572,5.414583206176758
2017-11-01,5.482500076293945,5.40749979019165
2017-11-02,5.391250133514404,5.380000114440918
2017-11-03,5.437082767486572,5.53000020980835
2017-11-06,5.520417213439941,5.586249828338623
2017-11-07,5.573750019073486,5.595417022705078
2017-11-08,5.590000152587891,5.665417194366455
2017-11-09,5.527500152587891,5.574583053588867
2017-11-10,5.537083148956299,5.5729169845581055
2017-11-13,5.514166831970215,5.589582920074463
2017-11-14,5.533332824707031,5.533332824707031
2017-11-15,5.462500095367432,5.452083110809326
2017-11-16,5.537917137145996,5.65625
2017-11-17,5.662083148956299,5.592916965484619
2017-11-20,5.6016669273376465,5.579166889190674
2017-11-21,5.657083034515381,5.755000114440918
2017-11-22,5.775416851043701,5.77791690826416
2017-11-24,5.800000190734863,5.842916965484619
2017-11-27,5.835416793823242,5.8333330154418945
2017-11-28,5.872917175292969,5.87624979019165
2017-11-29,5.861667156219482,5.574166774749756
2017-11-30,5.644166946411133,5.712500095367432
2017-12-01,5.602083206176758,5.636250019073486
2017-12-04,5.74666690826416,5.441667079925537
2017-12-05,5.4320831298828125,5.449583053588867
2017-12-06,5.389166831970215,5.521667003631592
2017-12-07,5.525000095367432,5.576250076293945
2017-12-08,5.699999809265137,5.650000095367432
2017-12-11,5.658750057220459,5.779582977294922
2017-12-12,5.771249771118164,5.7579169273376465
2017-12-13,5.823332786560059,5.7866668701171875
2017-12-14,5.8204169273376465,5.7783331871032715
2017-12-15,5.845832824707031,5.966249942779541
2017-12-18,6.083749771118164,6.1195831298828125
2017-12-19,6.086667060852051,6.019999980926514
2017-12-20,6.077499866485596,5.994999885559082
2017-12-21,6.016250133514404,5.9920830726623535
2017-12-22,5.966667175292969,5.97208309173584
2017-12-26,5.876667022705078,5.875417232513428
2017-12-27,5.875833034515381,5.875417232513428
2017-12-28,5.927499771118164,5.891250133514404
2017-12-29,5.913332939147949,5.78000020980835
2018-01-02,5.870832920074463,6.076666831970215
2018-01-03,6.101250171661377,6.25458288192749
2018-01-04,6.327917098999023,6.291250228881836
2018-01-05,6.379167079925537,6.481249809265137
2018-01-08,6.480416774749756,6.553332805633545
2018-01-09,6.593332767486572,6.558332920074463
2018-01-10,6.467082977294922,6.511666774749756
2018-01-11,6.544582843780518,6.642083168029785
2018-01-12,6.6195831298828125,6.782917022705078
2018-01-16,6.920000076293945,6.730416774749756
2018-01-17,6.820000171661377,6.942500114440918
2018-01-18,6.912083148956299,6.949166774749756
2018-01-19,7.008749961853027,7.015832901000977
2018-01-22,6.999166965484619,7.235000133514404
2018-01-23,7.3045830726623535,7.418333053588867
2018-01-24,7.458749771118164,7.267917156219482
2018-01-25,7.419582843780518,7.258749961853027
2018-01-26,7.375,7.582917213439941
2018-01-29,7.537917137145996,7.482500076293945
2018-01-30,7.274167060852051,7.291250228881836
2018-01-31,7.418749809265137,7.381249904632568
2018-02-01,7.217916965484619,7.196667194366455
2018-02-02,7.116250038146973,6.757082939147949
2018-02-05,6.5729169845581055,5.977083206176758
2018-02-06,5.700832843780518,6.437917232513428
2018-02-07,6.377500057220459,6.183332920074463
2018-02-08,6.2470831871032715,5.417082786560059
2018-02-09,5.633333206176758,5.672082901000977
2018-02-12,5.865832805633545,5.9895830154418945
2018-02-13,5.884582996368408,6.0625
2018-02-14,5.9716668128967285,6.417500019073486
2018-02-15,6.5833330154418945,6.7529168128967285
2018-02-16,6.703750133514404,6.677499771118164
2018-02-20,6.600832939147949,6.7108330726623535
2018-02-21,6.8070831298828125,6.650416851043701
2018-02-22,6.7470831871032715,6.65166711807251
2018-02-23,6.802499771118164,7.047916889190674
2018-02-26,7.158750057220459,7.3308329582214355
2018-02-27,7.34375,7.068333148956299
2018-02-28,7.18625020980835,6.926249980926514
2018-03-01,6.941667079925537,6.592916965484619
2018-03-02,6.361667156219482,6.774167060852051
2018-03-05,6.678750038146973,6.986667156219482
2018-03-06,7.0908331871032715,7.074999809265137
2018-03-07,6.920416831970215,7.1279168128967285
2018-03-08,7.207499980926514,7.234167098999023
2018-03-09,7.3983330726623535,7.655416965484619
2018-03-12,7.7291669845581055,7.769999980926514
2018-03-13,7.7291669845581055,7.487916946411133
2018-03-14,7.582499980926514,7.462500095367432
2018-03-15,7.485000133514404,7.429166793823242
2018-03-16,7.4716668128967285,7.380000114440918
2018-03-19,7.187082767486572,6.9166669845581055
2018-03-20,6.918333053588867,6.96750020980835
2018-03-21,6.9166669845581055,6.866666793823242
2018-03-22,6.599999904632568,6.364999771118164
2018-03-23,6.341667175292969,5.850832939147949
2018-03-26,6.2083330154418945,6.509167194366455
2018-03-27,6.662083148956299,5.885000228881836
2018-03-28,5.782083034515381,5.6820831298828125
2018-03-29,5.7683329582214355,5.99666690826416
2018-04-02,5.855000019073486,5.46416711807251
2018-04-03,5.6145830154418945,5.647500038146973
2018-04-04,5.3179168701171875,5.914583206176758
2018-04-05,6.0908331871032715,6.007500171661377
2018-04-06,5.8204169273376465,5.55916690826416
2018-04-09,5.7058329582214355,5.670416831970215
2018-04-10,5.935417175292969,6.045000076293945
2018-04-11,5.941667079925537,5.943333148956299
2018-04-12,6.0625,6.15166711807251
2018-04-13,6.250417232513428,6.060417175292969
2018-04-16,6.18416690826416,6.194167137145996
2018-04-17,6.380000114440918,6.59041690826416
2018-04-18,6.599999904632568,6.636250019073486
2018-04-19,6.540417194366455,6.4558329582214355
2018-04-20,6.40625,6.146249771118164
2018-04-23,6.2316670417785645,6.097917079925537
2018-04-24,6.178332805633545,5.709167003631592
2018-04-25,5.736667156219482,5.7316670417785645
2018-04-26,5.949583053588867,6.087082862854004
2018-04-27,6.353332996368408,6.101250171661377
2018-04-30,6.142083168029785,5.971250057220459
2018-05-01,5.9191670417785645,6.165417194366455
2018-05-02,6.206250190734863,6.05791711807251
2018-05-03,5.977083206176758,6.058332920074463
2018-05-04,5.9816670417785645,6.399167060852051
2018-05-07,6.494166851043701,6.551249980926514
2018-05-08,6.516250133514404,6.529582977294922
2018-05-09,6.574999809265137,6.748332977294922
2018-05-10,6.8125,6.9583330154418945
2018-05-11,6.922916889190674,6.9375
2018-05-14,6.981249809265137,6.968332767486572
2018-05-15,6.802499771118164,6.742917060852051
2018-05-16,6.758333206176758,6.8670830726623535
2018-05-17,6.797082901000977,6.789583206176758
2018-05-18,6.712082862854004,6.680832862854004
2018-05-21,6.834167003631592,6.797500133514404
2018-05-22,6.884582996368408,6.762083053588867
2018-05-23,6.612500190734863,6.9320831298828125
2018-05-24,6.929999828338623,6.926249980926514
2018-05-25,6.928750038146973,6.943749904632568
2018-05-29,6.848750114440918,6.855000019073486
2018-05-30,6.925000190734863,7.00124979019165
2018-05-31,6.991250038146973,6.986249923706055
2018-06-01,7.081250190734863,7.31125020980835
2018-06-04,7.362500190734863,7.49875020980835
2018-06-05,7.558750152587891,7.576250076293945
2018-06-06,7.599999904632568,7.701250076293945
2018-06-07,7.711249828338623,7.522500038146973
2018-06-08,7.403749942779541,7.517499923706055
2018-06-11,7.49875020980835,7.576250076293945
2018-06-12,7.607500076293945,7.696249961853027
2018-06-13,7.724999904632568,7.6875
2018-06-14,7.797500133514404,7.921249866485596
2018-06-15,7.829999923706055,7.84250020980835
2018-06-18,7.6875,7.824999809265137
2018-06-19,7.523749828338623,7.755000114440918
2018-06-20,7.857500076293945,7.917500019073486
2018-06-21,7.972499847412109,7.712500095367432
2018-06-22,7.789999961853027,7.635000228881836
2018-06-25,7.452499866485596,7.147500038146973
2018-06-26,7.216249942779541,7.226250171661377
2018-06-27,7.317500114440918,6.93625020980835
2018-06-28,6.902500152587891,7.106249809265137
2018-06-29,7.208749771118164,7.138750076293945
2018-07-02,6.957499980926514,7.298749923706055
2018-07-03,7.377500057220459,7.047500133514404
2018-07-05,7.18625020980835,7.306250095367432
2018-07-06,7.351250171661377,7.635000228881836
2018-07-09,7.760000228881836,7.847499847412109
2018-07-10,7.881249904632568,7.866250038146973
2018-07-11,7.6875,7.75124979019165
2018-07-12,7.846250057220459,8.133749961853027
2018-07-13,8.135000228881836,8.157500267028809
2018-07-16,8.163749694824219,8.102499961853027
2018-07-17,7.849999904632568,8.2524995803833
2018-07-18,8.25,8.199999809265137
2018-07-19,8.119999885559082,8.078749656677246
2018-07-20,8.145000457763672,8.067500114440918
2018-07-23,7.996250152587891,8.137499809265137
2018-07-24,8.393750190734863,8.241250038146973
2018-07-25,8.2524995803833,8.585000038146973
2018-07-26,8.239999771118164,8.210000038146973
2018-07-27,8.354999542236328,7.867499828338623
2018-07-30,7.868750095367432,7.528749942779541
2018-07-31,7.608749866485596,7.678750038146973
2018-08-01,7.75,7.783750057220459
2018-08-02,7.612500190734863,8.09375
2018-08-03,8.136249542236328,8.166250228881836
2018-08-06,8.15625,8.31624984741211
2018-08-07,8.381250381469727,8.397500038146973
2018-08-08,8.369999885559082,8.420000076293945
2018-08-09,8.412500381469727,8.412500381469727
2018-08-10,8.244999885559082,8.2162504196167
2018-08-13,8.261249542236328,8.192500114440918
2018-08-14,8.282500267028809,8.34375
2018-08-15,8.154999732971191,8.039999961853027
2018-08-16,8.217499732971191,8.113750457763672
2018-08-17,8.048749923706055,8.112500190734863
2018-08-20,8.171250343322754,8.0962495803833
2018-08-21,8.167499542236328,8.180000305175781
2018-08-22,8.125,8.274999618530273
2018-08-23,8.233750343322754,8.233750343322754
2018-08-24,8.321249961853027,8.462499618530273
2018-08-27,8.598750114440918,8.717499732971191
2018-08-28,8.789999961853027,8.756250381469727
2018-08-29,8.801250457763672,9.0625
2018-08-30,9.007499694824219,9.011249542236328
2018-08-31,8.977499961853027,9.037500381469727
2018-09-04,8.958749771118164,8.930000305175781
2018-09-05,8.875,8.574999809265137
2018-09-06,8.59000015258789,8.3412504196167
2018-09-07,8.170000076293945,8.258749961853027
2018-09-10,8.386249542236328,8.331250190734863
2018-09-11,8.2212495803833,8.516249656677246
2018-09-12,8.481249809265137,8.442500114440918
2018-09-13,8.587499618530273,8.692500114440918
2018-09-14,8.723750114440918,8.626250267028809
2018-09-17,8.577500343322754,8.262499809265137
2018-09-18,8.279999732971191,8.458749771118164
2018-09-19,8.462499618530273,8.4399995803833
2018-09-20,8.602499961853027,8.704999923706055
2018-09-21,8.782500267028809,8.56624984741211
2018-09-24,8.388750076293945,8.640000343322754
2018-09-25,8.623749732971191,8.675000190734863
2018-09-26,8.682499885559082,8.666250228881836
2018-09-27,8.795000076293945,8.90625
2018-09-28,8.829999923706055,8.892499923706055
2018-10-01,9.0625,8.943750381469727
2018-10-02,8.920000076293945,8.892499923706055
2018-10-03,9.001250267028809,8.918749809265137
2018-10-04,8.8125,8.40999984741211
2018-10-05,8.399999618530273,8.09375
2018-10-08,7.980000019073486,7.948750019073486
2018-10-09,7.958749771118164,8.010000228881836
2018-10-10,7.87375020980835,6.971250057220459
2018-10-11,6.87624979019165,6.68874979019165
2018-10-12,7.222499847412109,7.253749847412109
2018-10-15,7.182499885559082,6.980000019073486
2018-10-16,7.204999923706055,7.581250190734863
2018-10-17,7.710000038146973,7.606249809265137
2018-10-18,7.507500171661377,7.078750133514404
2018-10-19,7.223750114440918,7.050000190734863
2018-10-22,7.176249980926514,7.15625
2018-10-23,6.773749828338623,7.077499866485596
2018-10-24,7.051249980926514,6.114999771118164
2018-10-25,6.386250019073486,6.742499828338623
2018-10-26,6.050000190734863,6.21875
2018-10-29,6.497499942779541,5.886250019073486
2018-10-30,5.78000020980835,6.113749980926514
2018-10-31,6.40625,6.526249885559082
2018-11-01,6.583749771118164,6.81125020980835
2018-11-02,6.743750095367432,6.506249904632568
2018-11-05,6.510000228881836,6.442500114440918
2018-11-06,6.426249980926514,6.578750133514404
2018-11-07,6.81374979019165,7.183750152587891
2018-11-08,7.098750114440918,7.06125020980835
2018-11-09,6.864999771118164,6.702499866485596
2018-11-12,6.5625,6.113749980926514
2018-11-13,6.183750152587891,6.111249923706055
2018-11-14,6.284999847412109,5.956250190734863
2018-11-15,5.923749923706055,6.275000095367432
2018-11-16,6.09499979019165,6.206250190734863
2018-11-19,6.114999771118164,5.611249923706055
2018-11-20,5.215000152587891,5.300000190734863
2018-11-21,5.503749847412109,5.418749809265137
2018-11-23,5.284999847412109,5.298749923706055
2018-11-26,5.522500038146973,5.662499904632568
2018-11-27,5.577499866485596,5.721250057220459
2018-11-28,5.849999904632568,6.263750076293945
2018-11-29,6.190000057220459,6.206250190734863
2018-11-30,6.230000019073486,6.336249828338623
2018-12-03,6.760000228881836,6.661250114440918
2018-12-04,6.568749904632568,5.928750038146973
2018-12-06,5.551249980926514,6.014999866485596
2018-12-07,5.949999809265137,5.426249980926514
2018-12-10,5.394999980926514,5.596250057220459
2018-12-11,5.866250038146973,5.65625
2018-12-12,5.902500152587891,5.798749923706055
2018-12-13,5.912499904632568,5.800000190734863
2018-12-14,5.611249923706055,5.362500190734863
2018-12-17,5.308750152587891,5.016250133514404
2018-12-18,5.135000228881836,5.099999904632568
2018-12-19,5.088749885559082,4.731249809265137
2018-12-20,4.683750152587891,4.541250228881836
2018-12-21,4.581250190734863,4.102499961853027
2018-12-24,4.0,3.7987499237060547
2018-12-26,3.9124999046325684,4.482500076293945
2018-12-27,4.324999809265137,4.546249866485596
2018-12-28,4.625,4.527500152587891
2018-12-31,4.670000076293945,4.630000114440918
2019-01-02,4.347499847412109,4.696249961853027
2019-01-03,4.497499942779541,4.241250038146973
2019-01-04,4.443749904632568,4.783750057220459
2019-01-07,4.808750152587891,4.93625020980835
2019-01-08,5.086249828338623,5.078750133514404
2019-01-09,5.139999866485596,5.198750019073486
2019-01-10,5.079999923706055,5.24875020980835
2019-01-11,5.15500020980835,5.18625020980835
2019-01-14,5.053750038146973,5.051249980926514
2019-01-15,5.117499828338623,5.331250190734863
2019-01-16,5.371250152587891,5.338749885559082
2019-01-17,5.287499904632568,5.463749885559082
2019-01-18,5.590000152587891,5.613749980926514
2019-01-22,5.50124979019165,5.303750038146973
2019-01-23,5.368750095367432,5.308750152587891
2019-01-24,5.352499961853027,5.402500152587891
2019-01-25,5.53249979019165,5.59499979019165
2019-01-28,5.37624979019165,5.388750076293945
2019-01-29,5.398749828338623,5.236249923706055
2019-01-30,5.412499904632568,5.628749847412109
2019-01-31,5.727499961853027,5.87624979019165
2019-02-01,5.792500019073486,5.801249980926514
2019-02-04,5.808750152587891,6.013750076293945
2019-02-05,6.046249866485596,6.172500133514404
2019-02-06,6.184999942779541,6.12375020980835
2019-02-07,5.958749771118164,5.87375020980835
2019-02-08,5.713749885559082,5.903749942779541
2019-02-11,5.971250057220459,5.889999866485596
2019-02-12,6.016250133514404,6.144999980926514
2019-02-13,6.232500076293945,6.15749979019165
2019-02-14,6.087500095367432,6.179999828338623
2019-02-15,6.31374979019165,6.253749847412109
2019-02-19,6.195000171661377,6.291250228881836
2019-02-20,6.306250095367432,6.286250114440918
2019-02-21,6.233749866485596,6.215000152587891
2019-02-22,6.257500171661377,6.349999904632568
2019-02-25,6.50124979019165,6.420000076293945
2019-02-26,6.369999885559082,6.440000057220459
2019-02-27,6.353750228881836,6.420000076293945
2019-02-28,6.363749980926514,6.380000114440918
2019-03-01,6.514999866485596,6.507500171661377
2019-03-04,6.621250152587891,6.508749961853027
2019-03-05,6.522500038146973,6.525000095367432
2019-03-06,6.541250228881836,6.412499904632568
2019-03-07,6.360000133514404,6.178750038146973
2019-03-08,5.96750020980835,6.143750190734863
2019-03-11,6.216249942779541,6.527500152587891
2019-03-12,6.578750133514404,6.633749961853027
2019-03-13,6.733749866485596,6.777500152587891
2019-03-14,6.789999961853027,6.747499942779541
2019-03-15,6.826250076293945,6.914999961853027
2019-03-18,6.921249866485596,6.977499961853027
2019-03-19,7.067500114440918,7.047500133514404
2019-03-20,7.043749809265137,7.12624979019165
2019-03-21,7.059999942779541,7.456250190734863
2019-03-22,7.358749866485596,6.96875
2019-03-25,6.882500171661377,6.925000190734863
2019-03-26,7.086249828338623,7.019999980926514
2019-03-27,7.048749923706055,6.882500171661377
2019-03-28,6.933750152587891,6.926249980926514
2019-03-29,7.078750133514404,7.082499980926514
2019-04-01,7.287499904632568,7.361249923706055
2019-04-02,7.386250019073486,7.442500114440918
2019-04-03,7.567500114440918,7.571249961853027
2019-04-04,7.572500228881836,7.559999942779541
2019-04-05,7.632500171661377,7.673749923706055
2019-04-08,7.635000228881836,7.733749866485596
2019-04-09,7.65500020980835,7.648749828338623
2019-04-10,7.682499885559082,7.772500038146973
2019-04-11,7.801249980926514,7.713749885559082
2019-04-12,7.8125,7.808750152587891
2019-04-15,7.808750152587891,7.815000057220459
2019-04-16,7.893750190734863,7.891250133514404
2019-04-17,8.045000076293945,7.96999979019165
2019-04-18,8.010000228881836,7.994999885559082
2019-04-22,7.893750190734863,8.0625
2019-04-23,8.126250267028809,8.368749618530273
2019-04-24,8.387499809265137,8.287500381469727
2019-04-25,8.4712495803833,8.380000114440918
2019-04-26,8.351249694824219,8.40999984741211
2019-04-29,8.407500267028809,8.454999923706055
2019-04-30,8.25,8.261249542236328
2019-05-01,8.414999961853027,8.166250228881836
2019-05-02,8.168749809265137,8.06624984741211
2019-05-03,8.267499923706055,8.446249961853027
2019-05-06,7.913750171661377,8.295000076293945
2019-05-07,8.026249885559082,7.8125
2019-05-08,7.733749866485596,7.743750095367432
2019-05-09,7.494999885559082,7.621250152587891
2019-05-10,7.53000020980835,7.642499923706055
2019-05-13,7.059999942779541,6.852499961853027
2019-05-14,6.952499866485596,7.067500114440918
2019-05-15,6.932499885559082,7.361249923706055
2019-05-16,7.375,7.591249942779541
2019-05-17,7.361249923706055,7.355000019073486
2019-05-20,7.047500133514404,6.986249923706055
2019-05-21,7.158750057220459,7.196249961853027
2019-05-22,7.072500228881836,7.102499961853027
2019-05-23,6.857500076293945,6.767499923706055
2019-05-24,6.883749961853027,6.757500171661377
2019-05-28,6.817500114440918,6.684999942779541
2019-05-29,6.56125020980835,6.517499923706055
2019-05-30,6.566249847412109,6.59499979019165
2019-05-31,6.358749866485596,6.277500152587891
2019-06-03,6.227499961853027,5.87624979019165
2019-06-04,6.050000190734863,6.352499961853027
2019-06-05,6.536250114440918,6.492499828338623
2019-06-06,6.525000095367432,6.642499923706055
2019-06-07,6.75,7.021249771118164
2019-06-10,7.170000076293945,7.277500152587891
2019-06-11,7.507500171661377,7.304999828338623
2019-06-12,7.241250038146973,7.181250095367432
2019-06-13,7.266250133514404,7.298749923706055
2019-06-14,7.183750152587891,7.203750133514404
2019-06-17,7.24875020980835,7.335000038146973
2019-06-18,7.59375,7.652500152587891
2019-06-19,7.691249847412109,7.742499828338623
2019-06-20,8.061249732971191,7.954999923706055
2019-06-21,7.913750171661377,7.918749809265137
2019-06-24,7.961249828338623,7.916250228881836
2019-06-25,7.897500038146973,7.511250019073486
2019-06-26,7.652500152587891,7.606249809265137
2019-06-27,7.68874979019165,7.68874979019165
2019-06-28,7.747499942779541,7.721250057220459
2019-07-01,8.162500381469727,8.0287504196167
2019-07-02,8.020000457763672,8.126250267028809
2019-07-03,8.177499771118164,8.306249618530273
2019-07-05,8.136249542236328,8.2524995803833
2019-07-08,8.098750114440918,8.078749656677246
2019-07-09,7.958749771118164,8.199999809265137
2019-07-10,8.350000381469727,8.442500114440918
2019-07-11,8.483750343322754,8.420000076293945
2019-07-12,8.443750381469727,8.561249732971191
2019-07-15,8.619999885559082,8.633749961853027
2019-07-16,8.606249809265137,8.511249542236328
2019-07-17,8.515000343322754,8.385000228881836
2019-07-18,8.261249542236328,8.421250343322754
2019-07-19,8.587499618530273,8.217499732971191
2019-07-22,8.279999732971191,8.411250114440918
2019-07-23,8.551250457763672,8.573749542236328
2019-07-24,8.479999542236328,8.756250381469727
2019-07-25,8.667499542236328,8.506250381469727
2019-07-26,8.662500381469727,8.758749961853027
2019-07-29,8.744999885559082,8.677499771118164
2019-07-30,8.477499961853027,8.561249732971191
2019-07-31,8.62874984741211,8.199999809265137
2019-08-01,8.244999885559082,8.085000038146973
2019-08-02,7.900000095367432,7.715000152587891
2019-08-05,7.242499828338623,6.90500020980835
2019-08-06,7.090000152587891,7.18874979019165
2019-08-07,6.951250076293945,7.293749809265137
2019-08-08,7.40500020980835,7.776249885559082
2019-08-09,7.65749979019165,7.546249866485596
2019-08-12,7.409999847412109,7.293749809265137
2019-08-13,7.28000020980835,7.772500038146973
2019-08-14,7.393750190734863,7.076250076293945
2019-08-15,7.112500190734863,7.046249866485596
2019-08-16,7.222499847412109,7.371250152587891
2019-08-19,7.683750152587891,7.716249942779541
2019-08-20,7.676249980926514,7.557499885559082
2019-08-21,7.753749847412109,7.75
2019-08-22,7.795000076293945,7.675000190734863
2019-08-23,7.516250133514404,6.972499847412109
2019-08-26,7.18625020980835,7.255000114440918
2019-08-27,7.40625,7.211249828338623
2019-08-28,7.138750076293945,7.283750057220459
2019-08-29,7.552499771118164,7.614999771118164
2019-08-30,7.739999771118164,7.56125020980835
2019-09-03,7.411250114440918,7.341249942779541
2019-09-04,7.547500133514404,7.650000095367432
2019-09-05,7.902500152587891,8.072500228881836
2019-09-06,8.106249809265137,8.050000190734863
2019-09-09,8.12125015258789,7.99875020980835
2019-09-10,7.867499828338623,7.932499885559082
2019-09-11,7.96875,8.146249771118164
2019-09-12,8.297499656677246,8.2475004196167
2019-09-13,8.212499618530273,8.15999984741211
2019-09-16,7.99875020980835,8.047499656677246
2019-09-17,8.045000076293945,8.1537504196167
2019-09-18,8.107500076293945,8.148750305175781
2019-09-19,8.19124984741211,8.1850004196167
2019-09-20,8.220000267028809,7.927499771118164
2019-09-23,7.909999847412109,7.934999942779541
2019-09-24,8.043749809265137,7.621250152587891
2019-09-25,7.59499979019165,7.864999771118164
2019-09-26,7.841249942779541,7.786250114440918
2019-09-27,7.818749904632568,7.503749847412109
2019-09-30,7.574999809265137,7.703750133514404
2019-10-01,7.789999961853027,7.517499923706055
2019-10-02,7.366250038146973,7.132500171661377
2019-10-03,7.127500057220459,7.367499828338623
2019-10-04,7.463749885559082,7.677499771118164
2019-10-07,7.607500076293945,7.606249809265137
2019-10-08,7.454999923706055,7.260000228881836
2019-10-09,7.449999809265137,7.480000019073486
2019-10-10,7.481249809265137,7.643750190734863
2019-10-11,7.902500152587891,7.929999828338623
2019-10-14,7.90625,7.93874979019165
2019-10-15,8.010000228881836,8.239999771118164
2019-10-16,8.15250015258789,8.178750038146973
2019-10-17,8.319999694824219,8.234999656677246
2019-10-18,8.202500343322754,7.99875020980835
2019-10-21,8.12874984741211,8.210000038146973
2019-10-22,8.295000076293945,8.020000457763672
2019-10-23,7.963749885559082,8.057499885559082
2019-10-24,8.233750343322754,8.288749694824219
2019-10-25,8.161250114440918,8.477499961853027
2019-10-28,8.607500076293945,8.736249923706055
2019-10-29,8.693750381469727,8.53499984741211
2019-10-30,8.579999923706055,8.654999732971191
2019-10-31,8.7212495803833,8.661250114440918
2019-11-01,8.776249885559082,8.896249771118164
2019-11-04,9.076250076293945,9.055000305175781
2019-11-05,9.0962495803833,9.06624984741211
2019-11-06,9.043749809265137,9.008749961853027
2019-11-07,9.151249885559082,9.100000381469727
2019-11-08,9.046250343322754,9.207500457763672
2019-11-11,9.071249961853027,9.168749809265137
2019-11-12,9.1899995803833,9.243749618530273
2019-11-13,9.1537504196167,9.229999542236328
2019-11-14,9.148750305175781,9.227499961853027
2019-11-15,9.388750076293945,9.401249885559082
2019-11-18,9.388750076293945,9.449999809265137
2019-11-19,9.55875015258789,9.488750457763672
2019-11-20,9.418749809265137,9.322500228881836
2019-11-21,9.289999961853027,9.25
2019-11-22,9.319999694824219,9.274999618530273
2019-11-25,9.390000343322754,9.5962495803833
2019-11-26,9.613750457763672,9.6537504196167
2019-11-27,9.72249984741211,9.848750114440918
2019-11-29,9.776249885559082,9.717499732971191
2019-12-02,9.717499732971191,9.404999732971191
2019-12-03,9.037500381469727,9.193750381469727
2019-12-04,9.336250305175781,9.329999923706055
2019-12-05,9.427499771118164,9.37874984741211
2019-12-06,9.585000038146973,9.668749809265137
2019-12-09,9.636249542236328,9.550000190734863
2019-12-10,9.556249618530273,9.5287504196167
2019-12-11,9.585000038146973,9.672499656677246
2019-12-12,9.641249656677246,9.893750190734863
2019-12-13,9.869999885559082,9.982500076293945
2019-12-16,10.177499771118164,10.268750190734863
2019-12-17,10.321249961853027,10.282500267028809
2019-12-18,10.331250190734863,10.306249618530273
2019-12-19,10.332500457763672,10.516249656677246
2019-12-20,10.6537504196167,10.641249656677246
2019-12-23,10.7524995803833,10.720000267028809
2019-12-24,10.743749618530273,10.729999542236328
2019-12-26,10.7787504196167,11.008749961853027
2019-12-27,11.126250267028809,10.976249694824219
2019-12-30,10.9662504196167,10.757499694824219
2019-12-31,10.662500381469727,10.818750381469727
2020-01-02,11.088749885559082,11.354999542236328
2020-01-03,10.911250114440918,11.046250343322754
2020-01-06,10.7837495803833,11.256250381469727
2020-01-07,11.267499923706055,11.242500305175781
2020-01-08,11.244999885559082,11.501250267028809
2020-01-09,11.7787504196167,11.791250228881836
2020-01-10,11.923749923706055,11.694999694824219
2020-01-13,11.8412504196167,12.103750228881836
2020-01-14,12.072500228881836,11.962499618530273
2020-01-15,11.97249984741211,11.970000267028809
2020-01-16,12.138750076293945,12.303750038146973
2020-01-17,12.463749885559082,12.487500190734863
2020-01-21,12.37874984741211,12.481249809265137
2020-01-22,12.6537504196167,12.56624984741211
2020-01-23,12.541250228881836,12.682499885559082
2020-01-24,12.862500190734863,12.353750228881836
2020-01-27,11.53125,11.59000015258789
2020-01-28,11.831250190734863,12.12874984741211
2020-01-29,12.328749656677246,12.172499656677246
2020-01-30,11.949999809265137,12.3100004196167
2020-01-31,12.460000038146973,11.704999923706055
2020-02-03,11.888750076293945,12.242500305175781
2020-02-04,12.75,13.078749656677246
2020-02-05,13.569999694824219,13.229999542236328
2020-02-06,13.313750267028809,13.552499771118164
2020-02-07,13.3725004196167,13.3774995803833
2020-02-10,13.2475004196167,13.859999656677246
2020-02-11,14.087499618530273,13.869999885559082
2020-02-12,14.111249923706055,14.276249885559082
2020-02-13,13.973750114440918,14.2212495803833
2020-02-14,14.27750015258789,14.317500114440918
2020-02-18,14.114999771118164,14.342499732971191
2020-02-19,14.601249694824219,14.757499694824219
2020-02-20,14.662500381469727,14.337499618530273
2020-02-21,14.132499694824219,13.517499923706055
2020-02-24,12.03499984741211,11.960000038146973
2020-02-25,12.241250038146973,10.992500305175781
2020-02-26,11.15999984741211,11.143750190734863
2020-02-27,10.287500381469727,9.477499961853027
2020-02-28,8.551250457763672,9.625
2020-03-02,9.9087495803833,10.938750267028809
2020-03-03,11.046250343322754,9.9087495803833
2020-03-04,10.442500114440918,11.111249923706055
2020-03-05,10.279999732971191,10.136249542236328
2020-03-06,9.0912504196167,9.604999542236328
2020-03-09,7.691249847412109,7.653749942779541
2020-03-10,8.4975004196167,8.845000267028809
2020-03-11,8.22249984741211,7.707499980926514
2020-03-12,6.1875,5.59499979019165
2020-03-13,6.53000020980835,7.105000019073486
2020-03-16,5.057499885559082,4.65625
2020-03-17,4.922500133514404,5.414999961853027
2020-03-18,4.537499904632568,4.913750171661377
2020-03-19,4.856249809265137,5.027500152587891
2020-03-20,5.37375020980835,4.43874979019165
2020-03-23,4.491250038146973,4.452499866485596
2020-03-24,5.153749942779541,5.445000171661377
2020-03-25,5.525000095367432,5.318749904632568
2020-03-26,5.478750228881836,6.184999942779541
2020-03-27,5.703750133514404,5.542500019073486
2020-03-30,5.697500228881836,6.125
2020-03-31,6.076250076293945,5.954999923706055
2020-04-01,5.449999809265137,5.216249942779541
2020-04-02,5.150000095367432,5.525000095367432
2020-04-03,5.482500076293945,5.302499771118164
2020-04-06,5.888750076293945,6.412499904632568
2020-04-07,6.987500190734863,6.400000095367432
2020-04-08,6.586249828338623,6.808750152587891
2020-04-09,6.991250038146973,6.833749771118164
2020-04-13,6.75,7.071249961853027
2020-04-14,7.506249904632568,7.988749980926514
2020-04-15,7.613749980926514,7.723750114440918
2020-04-16,7.976250171661377,8.137499809265137
2020-04-17,8.458749771118164,8.3412504196167
2020-04-20,8.148750305175781,8.071249961853027
2020-04-21,7.832499980926514,7.178750038146973
2020-04-22,7.628749847412109,7.81374979019165
2020-04-23,7.903749942779541,7.762499809265137
2020-04-24,7.817500114440918,8.137499809265137
2020-04-27,8.397500038146973,8.296250343322754
2020-04-28,8.52750015258789,7.847499847412109
2020-04-29,8.381250381469727,8.663749694824219
2020-04-30,8.801250457763672,8.7212495803833
2020-05-01,8.164999961853027,7.93874979019165
2020-05-04,7.817500114440918,8.21875
2020-05-05,8.4662504196167,8.481249809265137
2020-05-06,8.692500114440918,8.648750305175781
2020-05-07,8.978750228881836,8.986249923706055
2020-05-08,9.193750381469727,9.348750114440918
2020-05-11,9.18375015258789,9.581250190734863
2020-05-12,9.68375015258789,9.011249542236328
2020-05-13,9.073749542236328,8.670000076293945
2020-05-14,8.505000114440918,8.957500457763672
2020-05-15,8.588749885559082,9.111249923706055
2020-05-18,9.5,9.638750076293945
2020-05-19,9.672499656677246,9.5649995803833
2020-05-20,9.901249885559082,10.125
2020-05-21,10.154999732971191,9.813750267028809
2020-05-22,9.761249542236328,9.90250015258789
2020-05-26,10.381250381469727,9.861249923706055
2020-05-27,9.763750076293945,10.0
2020-05-28,9.824999809265137,9.936249732971191
2020-05-29,10.005000114440918,10.3462495803833
2020-06-01,10.257499694824219,10.473750114440918
2020-06-02,10.529999732971191,10.682499885559082
2020-06-03,10.768750190734863,10.827500343322754
2020-06-04,10.7787504196167,10.607500076293945
2020-06-05,10.737500190734863,11.236249923706055
2020-06-08,11.198749542236328,11.486249923706055
2020-06-09,11.361249923706055,11.742500305175781
2020-06-10,11.994999885559082,12.166250228881836
2020-06-11,11.572500228881836,10.375
2020-06-12,11.036250114440918,10.600000381469727
2020-06-15,10.135000228881836,10.973750114440918
2020-06-16,11.673749923706055,11.553750038146973
2020-06-17,11.771249771118164,11.666250228881836
2020-06-18,11.617500305175781,11.756250381469727
2020-06-19,12.12125015258789,11.739999771118164
2020-06-22,11.738750457763672,12.157500267028809
2020-06-23,12.421250343322754,12.475000381469727
2020-06-24,12.362500190734863,11.739999771118164
2020-06-25,11.738750457763672,12.051250457763672
2020-06-26,12.0024995803833,11.1850004196167
2020-06-29,11.151249885559082,11.542499542236328
2020-06-30,11.539999961853027,12.206250190734863
2020-07-01,12.232500076293945,12.642499923706055
2020-07-02,13.036250114440918,12.911250114440918
2020-07-06,13.412500381469727,13.859999656677246
2020-07-07,13.818750381469727,13.587499618530273
2020-07-08,13.803750038146973,14.109999656677246
2020-07-09,14.426250457763672,14.462499618530273
2020-07-10,14.427499771118164,14.768750190734863
2020-07-13,15.256250381469727,13.856249809265137
2020-07-14,13.448749542236328,14.149999618530273
2020-07-15,14.357500076293945,14.220000267028809
2020-07-16,13.755000114440918,13.914999961853027
2020-07-17,14.020000457763672,13.979999542236328
2020-07-20,14.100000381469727,15.170000076293945
2020-07-21,15.448749542236328,14.6850004196167
2020-07-22,14.771249771118164,14.854999542236328
2020-07-23,14.788749694824219,13.69124984741211
2020-07-24,13.063750267028809,13.286250114440918
2020-07-27,13.573749542236328,14.0
2020-07-28,13.885000228881836,13.473750114440918
2020-07-29,13.711250305175781,13.932499885559082
2020-07-30,13.612500190734863,14.1587495803833
2020-07-31,14.914999961853027,14.922499656677246
2020-08-03,15.28125,15.478750228881836
2020-08-04,15.414999961853027,15.680000305175781
2020-08-05,15.768750190734863,15.805000305175781
2020-08-06,15.763750076293945,16.40999984741211
2020-08-07,16.327499389648438,15.873749732971191
2020-08-10,15.9087495803833,15.65999984741211
2020-08-11,15.444999694824219,14.771249771118164
2020-08-12,15.137499809265137,15.876250267028809
2020-08-13,16.010000228881836,15.987500190734863
2020-08-14,16.082500457763672,15.94124984741211
2020-08-17,16.233749389648438,16.467500686645508
2020-08-18,16.678749084472656,16.951250076293945
2020-08-19,16.948749542236328,16.6200008392334
2020-08-20,16.46875,17.303749084472656
2020-08-21,17.332500457763672,17.665000915527344
2020-08-24,18.2762508392334,17.99250030517578
2020-08-25,17.853750228881836,18.412500381469727
2020-08-26,18.658750534057617,19.591249465942383
2020-08-27,19.822500228881836,19.41374969482422
2020-08-28,19.6612491607666,19.7137508392334
2020-08-31,19.8174991607666,20.170000076293945
2020-09-01,20.739999771118164,21.217500686645508
2020-09-02,21.934999465942383,21.81624984741211
2020-09-03,20.841249465942383,18.466249465942383
2020-09-04,18.172500610351562,17.704999923706055
2020-09-08,15.618749618530273,15.202500343322754
2020-09-09,16.12874984741211,16.508750915527344
2020-09-10,17.065000534057617,15.553750038146973
2020-09-11,15.875,15.213749885559082
2020-09-14,15.875,15.9975004196167
2020-09-15,16.666250228881836,16.677499771118164
2020-09-16,16.81624984741211,15.876250267028809
2020-09-17,14.651249885559082,15.145000457763672
2020-09-18,15.357500076293945,14.5600004196167
2020-09-21,13.9037504196167,14.732500076293945
2020-09-22,15.149999618530273,15.537500381469727
2020-09-23,15.481249809265137,14.098750114440918
2020-09-24,13.711250305175781,14.305000305175781
2020-09-25,14.383749961853027,15.307499885559082
2020-09-28,16.1612491607666,16.21500015258789
2020-09-29,16.184999465942383,16.045000076293945
2020-09-30,16.073749542236328,16.362499237060547
2020-10-01,17.071250915527344,17.12874984741211
2020-10-02,16.014999389648438,15.7162504196167
2020-10-05,16.05875015258789,16.707500457763672
2020-10-06,16.548749923706055,15.8100004196167
2020-10-07,16.271249771118164,16.641250610351562
2020-10-08,17.056249618530273,16.886249542236328
2020-10-09,17.1924991607666,17.637500762939453
2020-10-12,18.549999237060547,19.282499313354492
2020-10-13,19.649999618530273,19.28499984741211
2020-10-14,19.457500457763672,18.80875015258789
2020-10-15,17.877500534057617,18.420000076293945
2020-10-16,18.758750915527344,18.137500762939453
2020-10-19,18.5049991607666,17.236249923706055
2020-10-20,17.372499465942383,17.34749984741211
2020-10-21,17.386249542236328,17.302499771118164
2020-10-22,17.462499618530273,17.311250686645508
2020-10-23,17.426250457763672,17.412500381469727
2020-10-26,16.971250534057617,16.618749618530273
2020-10-27,16.783750534057617,17.011249542236328
2020-10-28,16.177499771118164,15.015000343322754
2020-10-29,15.242500305175781,15.7787504196167
2020-10-30,15.443750381469727,14.681249618530273
2020-11-02,14.973750114440918,14.686249732971191
2020-11-03,14.9975004196167,15.425000190734863
2020-11-04,16.948749542236328,17.510000228881836
2020-11-05,18.707500457763672,18.861249923706055
2020-11-06,18.733749389648438,18.924999237060547
2020-11-09,19.459999084472656,17.770000457763672
2020-11-10,17.142499923706055,16.811250686645508
2020-11-11,17.258750915527344,17.94124984741211
2020-11-12,18.106250762939453,17.678749084472656
2020-11-13,17.97249984741211,18.142499923706055
2020-11-16,18.09375,18.559999465942383
2020-11-17,18.600000381469727,18.388750076293945
2020-11-18,18.282499313354492,17.962499618530273
2020-11-19,17.863750457763672,18.407499313354492
2020-11-20,18.381250381469727,18.033750534057617
2020-11-23,18.227500915527344,18.037500381469727
2020-11-24,18.227500915527344,18.774999618530273
2020-11-25,18.96500015258789,19.12874984741211
2020-11-27,19.5049991607666,19.6512508392334
2020-11-30,19.71500015258789,19.752500534057617
2020-12-01,20.2237491607666,20.528749465942383
2020-12-02,20.2762508392334,20.611249923706055
2020-12-03,20.6612491607666,20.69499969482422
2020-12-04,20.700000762939453,20.948749542236328
2020-12-07,20.987499237060547,21.303749084472656
2020-12-08,21.206249237060547,21.498750686645508
2020-12-09,21.479999542236328,20.05875015258789
2020-12-10,19.6299991607666,20.30500030517578
2020-12-11,19.956249237060547,20.162500381469727
2020-12-14,20.403749465942383,20.592500686645508
2020-12-15,21.072500228881836,21.232500076293945
2020-12-16,21.346250534057617,21.5887508392334
2020-12-17,21.956249237060547,22.03125
2020-12-18,22.19499969482422,21.791250228881836
2020-12-21,21.196250915527344,21.709999084472656
2020-12-22,21.912500381469727,21.881250381469727
2020-12-23,21.8799991607666,21.551250457763672
2020-12-24,21.613750457763672,21.831249237060547
2020-12-28,22.395000457763672,22.486249923706055
2020-12-29,22.793750762939453,22.552499771118164
2020-12-30,22.806249618530273,22.548749923706055
2020-12-31,22.533750534057617,22.725000381469727
2021-01-04,23.010000228881836,21.731250762939453
2021-01-05,21.53499984741211,22.2762508392334
2021-01-06,21.237499237060547,21.354999542236328
2021-01-07,21.921249389648438,22.897499084472656
2021-01-08,23.41374969482422,23.78499984741211
2021-01-11,23.10124969482422,22.733749389648438
2021-01-12,22.764999389648438,22.635000228881836
2021-01-13,22.696250915527344,23.075000762939453
2021-01-14,23.1875,22.7237491607666
2021-01-15,22.676250457763672,22.171249389648438
2021-01-19,22.681249618530273,23.13249969482422
2021-01-20,23.9637508392334,24.7450008392334
2021-01-21,25.0625,25.360000610351562
2021-01-22,25.102500915527344,25.1299991607666
2021-01-25,25.940000534057617,25.827499389648438
2021-01-26,25.93000030517578,25.854999542236328
2021-01-27,25.315000534057617,23.770000457763672
2021-01-28,23.97249984741211,24.1200008392334
2021-01-29,23.725000381469727,22.61750030517578
2021-02-01,23.387500762939453,24.280000686645508
2021-02-02,24.97249984741211,25.454999923706055
2021-02-03,25.982500076293945,25.162500381469727
2021-02-04,25.510000228881836,26.052499771118164
2021-02-05,26.299999237060547,26.325000762939453
2021-02-08,26.739999771118164,26.84000015258789
2021-02-09,26.6200008392334,26.827499389648438
2021-02-10,27.19499969482422,26.637500762939453
2021-02-11,27.040000915527344,27.0674991607666
2021-02-12,26.895000457763672,27.52750015258789
2021-02-16,27.739999771118164,27.297500610351562
2021-02-17,26.5575008392334,26.917499542236328
2021-02-18,26.014999389648438,26.55500030517578
2021-02-19,26.90999984741211,26.204999923706055
2021-02-22,25.135000228881836,24.174999237060547
2021-02-23,22.94499969482422,23.959999084472656
2021-02-24,23.309999465942383,24.537500381469727
2021-02-25,23.905000686645508,21.975000381469727
2021-02-26,22.59749984741211,22.30500030517578
2021-03-01,23.34000015258789,24.25
2021-03-02,24.385000228881836,23.087499618530273
2021-03-03,22.842500686645508,21.084999084472656
2021-03-04,20.99250030517578,20.042499542236328
2021-03-05,20.572500228881836,20.940000534057617
2021-03-08,20.81999969482422,19.149999618530273
2021-03-09,20.61750030517578,21.405000686645508
2021-03-10,22.315000534057617,21.22249984741211
2021-03-11,22.2549991607666,22.69499969482422
2021-03-12,21.792499542236328,22.1299991607666
2021-03-15,22.202499389648438,22.837499618530273
2021-03-16,23.334999084472656,23.212499618530273
2021-03-17,22.530000686645508,23.5049991607666
2021-03-18,22.40250015258789,21.34749984741211
2021-03-19,21.3125,21.6200008392334
2021-03-22,22.072500228881836,22.772499084472656
2021-03-23,23.012500762939453,22.475000381469727
2021-03-24,22.772499084472656,21.34000015258789
2021-03-25,20.954999923706055,21.225000381469727
2021-03-26,21.18000030517578,22.162500381469727
2021-03-29,22.059999465942383,22.149999618530273
2021-03-30,21.737499237060547,21.834999084472656
2021-03-31,22.197500228881836,22.815000534057617
2021-04-01,23.65999984741211,23.975000381469727
2021-04-05,24.552499771118164,25.415000915527344
2021-04-06,25.34000015258789,25.354999542236328
2021-04-07,25.25749969482422,25.542499542236328
2021-04-08,26.229999542236328,26.34000015258789
2021-04-09,26.0049991607666,26.8174991607666
2021-04-12,26.575000762939453,26.712499618530273
2021-04-13,27.094999313354492,27.627500534057617
2021-04-14,27.697500228881836,26.657499313354492
2021-04-15,27.342500686645508,27.834999084472656
2021-04-16,27.977500915527344,27.952499389648438
2021-04-19,27.537500381469727,27.190000534057617
2021-04-20,27.012500762939453,26.594999313354492
2021-04-21,26.25,27.267499923706055
2021-04-22,27.167499542236328,26.274999618530273
2021-04-23,26.43000030517578,27.264999389648438
2021-04-26,27.327499389648438,27.80500030517578
2021-04-27,27.86750030517578,27.440000534057617
2021-04-28,27.34749984741211,27.157499313354492
2021-04-29,27.96500015258789,27.43000030517578
2021-04-30,26.822500228881836,26.915000915527344
2021-05-03,27.190000534057617,26.475000381469727
2021-05-04,25.862499237060547,25.079999923706055
2021-05-05,25.510000228881836,24.787500381469727
2021-05-06,24.717500686645508,25.329999923706055
2021-05-07,25.99250030517578,25.950000762939453
2021-05-10,25.622499465942383,24.0
2021-05-11,22.647499084472656,23.8799991607666
2021-05-12,22.7549991607666,22.0625
2021-05-13,22.649999618530273,22.52750015258789
2021-05-14,23.219999313354492,23.99250030517578
2021-05-17,23.627500534057617,23.587499618530273
2021-05-18,23.802499771118164,23.092500686645508
2021-05-19,21.912500381469727,23.177499771118164
2021-05-20,23.517499923706055,24.517499923706055
2021-05-21,24.885000228881836,24.112499237060547
2021-05-24,24.637500762939453,25.31999969482422
2021-05-25,25.6875,25.4424991607666
2021-05-26,25.59000015258789,25.700000762939453
2021-05-27,25.592500686645508,25.399999618530273
2021-05-28,25.69499969482422,25.647499084472656
2021-06-01,25.962499618530273,25.397499084472656
2021-06-02,25.487499237060547,25.530000686645508
2021-06-03,24.872499465942383,24.727500915527344
2021-06-04,25.157499313354492,25.9950008392334
2021-06-07,25.857500076293945,26.225000381469727
2021-06-08,26.645000457763672,26.2549991607666
2021-06-09,26.59000015258789,26.28499984741211
2021-06-10,26.357500076293945,27.09000015258789
2021-06-11,27.104999542236328,27.30500030517578
2021-06-14,27.40999984741211,28.06999969482422
2021-06-15,28.0049991607666,27.549999237060547
2021-06-16,27.655000686645508,27.2549991607666
2021-06-17,26.989999771118164,28.272499084472656
2021-06-18,27.852500915527344,27.59749984741211
2021-06-21,27.657499313354492,28.102500915527344
2021-06-22,28.077499389648438,28.887500762939453
2021-06-23,28.892499923706055,28.9375
2021-06-24,29.434999465942383,29.469999313354492
2021-06-25,29.622499465942383,29.377500534057617
2021-06-28,29.6924991607666,30.417499542236328
2021-06-29,30.389999389648438,30.760000228881836
2021-06-30,30.72249984741211,30.625
2021-07-01,30.520000457763672,30.639999389648438
2021-07-02,31.15999984741211,31.68000030517578
2021-07-06,31.862499237060547,32.10499954223633
2021-07-07,32.724998474121094,32.310001373291016
2021-07-08,30.922500610351562,31.75
2021-07-09,31.56999969482422,32.287498474121094
2021-07-12,32.70000076293945,32.692501068115234
2021-07-13,32.595001220703125,32.67499923706055
2021-07-14,33.34000015258789,32.852500915527344
2021-07-15,32.852500915527344,32.17250061035156
2021-07-16,32.415000915527344,31.38249969482422
2021-07-19,30.452499389648438,30.6299991607666
2021-07-20,30.860000610351562,31.639999389648438
2021-07-21,31.577499389648438,32.36249923706055
2021-07-22,32.462501525878906,33.04249954223633
2021-07-23,33.42499923706055,34.13999938964844
2021-07-26,34.005001068115234,34.282501220703125
2021-07-27,34.20750045776367,33.162498474121094
2021-07-28,33.46500015258789,33.525001525878906
2021-07-29,33.369998931884766,33.689998626708984
2021-07-30,32.587501525878906,33.185001373291016
2021-08-02,33.6349983215332,33.17499923706055
2021-08-03,33.36000061035156,33.752498626708984
2021-08-04,33.772499084472656,33.91999816894531
2021-08-05,34.13999938964844,34.557498931884766
2021-08-06,34.1974983215332,34.10749816894531
2021-08-09,34.227500915527344,34.290000915527344
2021-08-10,34.442501068115234,33.77750015258789
2021-08-11,34.125,33.595001220703125
2021-08-12,33.45249938964844,33.94499969482422
2021-08-13,34.04499816894531,34.28499984741211
2021-08-16,33.98500061035156,34.345001220703125
2021-08-17,33.5525016784668,33.442501068115234
2021-08-18,33.275001525878906,32.470001220703125
2021-08-19,31.934999465942383,32.932498931884766
2021-08-20,33.23749923706055,33.95000076293945
2021-08-23,34.25749969482422,35.462501525878906
2021-08-24,35.65250015258789,35.8125
2021-08-25,35.872501373291016,35.852500915527344
2021-08-26,35.66749954223633,35.244998931884766
2021-08-27,35.42250061035156,36.275001525878906
2021-08-30,36.5,37.477500915527344
2021-08-31,37.55500030517578,37.372501373291016
2021-09-01,37.70750045776367,37.57749938964844
2021-09-02,37.98749923706055,37.525001525878906
2021-09-03,37.17499923706055,37.86249923706055
2021-09-07,37.88750076293945,38.01750183105469
2021-09-08,37.95249938964844,37.627498626708984
2021-09-09,37.682498931884766,37.224998474121094
2021-09-10,37.75,36.38750076293945
2021-09-13,37.0724983215332,36.30500030517578
2021-09-14,36.73749923706055,35.99250030517578
2021-09-15,36.122501373291016,36.790000915527344
2021-09-16,36.38750076293945,36.86249923706055
2021-09-17,36.724998474121094,35.560001373291016
2021-09-20,33.85499954223633,33.372501373291016
2021-09-21,33.845001220703125,33.415000915527344
2021-09-22,33.71500015258789,34.39250183105469
2021-09-23,34.727500915527344,35.34749984741211
2021-09-24,34.68000030517578,35.4474983215332
2021-09-27,34.5525016784668,34.592498779296875
2021-09-28,33.28499984741211,31.707500457763672
2021-09-29,31.989999771118164,31.497499465942383
2021-09-30,31.94499969482422,31.142499923706055
2021-10-01,31.3125,31.709999084472656
2021-10-04,31.274999618530273,29.760000228881836
2021-10-05,29.99250030517578,30.905000686645508
2021-10-06,30.065000534057617,31.514999389648438
2021-10-07,32.33000183105469,32.36750030517578
2021-10-08,32.66749954223633,31.8700008392334
2021-10-11,31.46500015258789,31.162500381469727
2021-10-12,31.542499542236328,30.844999313354492
2021-10-13,31.44499969482422,31.5674991607666
2021-10-14,32.52750015258789,33.310001373291016
2021-10-15,33.650001525878906,33.9275016784668
2021-10-18,33.5625,34.94499969482422
2021-10-19,35.2599983215332,35.712501525878906
2021-10-20,35.872501373291016,35.599998474121094
2021-10-21,35.36000061035156,36.23749923706055
2021-10-22,35.86750030517578,35.31999969482422
2021-10-25,35.747501373291016,36.380001068115234
2021-10-26,37.08000183105469,36.720001220703125
2021-10-27,36.88999938964844,37.0099983215332
2021-10-28,37.57749938964844,38.224998474121094
2021-10-29,37.29750061035156,38.790000915527344
2021-11-01,38.95000076293945,39.17250061035156
2021-11-02,39.00749969482422,39.69499969482422
2021-11-03,39.834999084472656,40.95500183105469
2021-11-04,41.35749816894531,42.48249816894531
2021-11-05,43.1150016784668,42.63999938964844
2021-11-08,42.625,42.46500015258789
2021-11-09,42.8125,41.59000015258789
2021-11-10,40.68000030517578,39.76750183105469
2021-11-11,40.6875,40.09000015258789
2021-11-12,40.45249938964844,41.36249923706055
2021-11-15,41.727500915527344,41.349998474121094
2021-11-16,41.0724983215332,42.20500183105469
2021-11-17,42.3025016784668,42.255001068115234
2021-11-18,42.91999816894531,43.54750061035156
2021-11-19,44.10749816894531,44.28499984741211
2021-11-22,44.8224983215332,42.75
2021-11-23,42.36249923706055,42.16749954223633
2021-11-24,41.32749938964844,42.557498931884766
2021-11-26,41.69499969482422,40.209999084472656
2021-11-29,41.54999923706055,42.70750045776367
2021-11-30,42.41999816894531,40.872501373291016
2021-12-01,42.21500015258789,38.775001525878906
2021-12-02,38.35499954223633,39.505001068115234
2021-12-03,40.0,37.52000045776367
2021-12-06,37.647499084472656,38.397499084472656
2021-12-07,40.442501068115234,41.86000061035156
2021-12-08,41.97249984741211,42.442501068115234
2021-12-09,42.037498474121094,40.61000061035156
2021-12-10,41.442501068115234,41.86750030517578
2021-12-13,41.86750030517578,40.067501068115234
2021-12-14,38.529998779296875,38.875
2021-12-15,38.7400016784668,41.4474983215332
2021-12-16,41.752498626708984,38.28499984741211
2021-12-17,37.20750045776367,37.70000076293945
2021-12-20,36.255001068115234,36.5724983215332
2021-12-21,37.540000915527344,39.01750183105469
2021-12-22,38.89500045776367,40.40999984741211
2021-12-23,40.54249954223633,41.369998931884766
2021-12-27,41.772499084472656,43.34749984741211
2021-12-28,43.689998626708984,42.837501525878906
2021-12-29,42.82749938964844,42.77000045776367
2021-12-30,42.692501068115234,42.369998931884766
2021-12-31,42.157501220703125,41.58250045776367
2022-01-03,41.95750045776367,42.782501220703125
2022-01-04,42.95750045776367,41.119998931884766
2022-01-05,40.595001220703125,37.337501525878906
2022-01-06,36.75749969482422,37.23500061035156
2022-01-07,37.224998474121094,36.01750183105469
2022-01-10,34.587501525878906,36.150001525878906
2022-01-11,35.85749816894531,37.7400016784668
2022-01-12,38.49250030517578,38.16999816894531
2022-01-13,38.564998626708984,35.400001525878906
2022-01-14,34.54499816894531,35.935001373291016
2022-01-18,34.244998931884766,33.345001220703125
2022-01-19,33.68000030517578,32.185001373291016
2022-01-20,33.0099983215332,30.940000534057617
2022-01-21,30.309999465942383,28.334999084472656
2022-01-24,26.924999237060547,28.7450008392334
2022-01-25,27.075000762939453,26.625
2022-01-26,28.4950008392334,26.575000762939453
2022-01-27,27.700000762939453,25.780000686645508
2022-01-28,26.200000762939453,28.184999465942383
2022-01-31,28.524999618530273,30.915000915527344
2022-02-01,31.209999084472656,31.5049991607666
2022-02-02,32.61000061035156,32.25
2022-02-03,29.65999984741211,28.3700008392334
2022-02-04,28.434999465942383,29.350000381469727
2022-02-07,29.53499984741211,28.684999465942383
2022-02-08,28.399999618530273,29.65999984741211
2022-02-09,30.780000686645508,31.5
2022-02-10,29.655000686645508,29.40999984741211
2022-02-11,29.389999389648438,26.639999389648438
2022-02-14,26.450000762939453,26.71500015258789
2022-02-15,27.915000915527344,28.649999618530273
2022-02-16,28.135000228881836,28.645000457763672
2022-02-17,27.81999969482422,26.104999542236328
2022-02-18,26.295000076293945,25.219999313354492
2022-02-22,24.520000457763672,24.440000534057617
2022-02-23,25.1200008392334,22.56999969482422
2022-02-24,20.3799991607666,24.780000686645508
2022-02-25,25.0,25.954999923706055
2022-02-28,25.229999542236328,26.229999542236328
2022-03-01,25.959999084472656,25.020000457763672
2022-03-02,25.334999084472656,26.21500015258789
2022-03-03,26.875,25.1200008392334
2022-03-04,24.584999084472656,24.045000076293945
2022-03-07,24.024999618530273,21.360000610351562
2022-03-08,21.19499969482422,21.065000534057617
2022-03-09,22.700000762939453,23.31999969482422
2022-03-10,22.450000762939453,22.56999969482422
2022-03-11,23.170000076293945,21.170000076293945
2022-03-14,20.905000686645508,19.93000030517578
2022-03-15,20.434999465942383,21.774999618530273
2022-03-16,22.579999923706055,24.219999313354492
2022-03-17,23.795000076293945,25.030000686645508
2022-03-18,24.729999542236328,26.584999084472656
2022-03-21,26.43000030517578,26.395000457763672
2022-03-22,26.53499984741211,27.954999923706055
2022-03-23,27.280000686645508,26.774999618530273
2022-03-24,27.21500015258789,28.510000228881836
2022-03-25,28.520000457763672,28.46500015258789
2022-03-28,28.459999084472656,29.760000228881836
2022-03-29,30.760000228881836,31.28499984741211
2022-03-30,30.84000015258789,30.344999313354492
2022-03-31,30.31999969482422,29.09000015258789
2022-04-01,29.21500015258789,28.96500015258789
2022-04-04,29.190000534057617,30.774999618530273
2022-04-05,30.40999984741211,28.739999771118164
2022-04-06,27.40999984741211,26.850000381469727
2022-04-07,26.614999771118164,27.024999618530273
2022-04-08,26.610000610351562,25.920000076293945
2022-04-11,24.915000915527344,24.079999923706055
2022-04-12,25.079999923706055,23.770000457763672
2022-04-13,23.829999923706055,25.19499969482422
2022-04-14,25.209999084472656,23.5
2022-04-18,23.235000610351562,23.565000534057617
2022-04-19,23.364999771118164,25.079999923706055
2022-04-20,25.28499984741211,23.950000762939453
2022-04-21,24.81999969482422,22.545000076293945
2022-04-22,22.524999618530273,20.7549991607666
2022-04-25,20.405000686645508,21.524999618530273
2022-04-26,21.110000610351562,19.104999542236328
2022-04-27,19.084999084472656,19.020000457763672
2022-04-28,19.915000915527344,21.030000686645508
2022-04-29,20.19499969482422,18.264999389648438
2022-05-02,18.125,19.125
2022-05-03,19.094999313354492,19.170000076293945
2022-05-04,19.2450008392334,21.06999969482422
2022-05-05,20.25,17.93000030517578
2022-05-06,17.545000076293945,17.30500030517578
2022-05-09,16.280000686645508,15.260000228881836
2022-05-10,16.360000610351562,15.78499984741211
2022-05-11,15.425000190734863,14.380000114440918
2022-05-12,13.71500015258789,14.265000343322754
2022-05-13,14.925000190734863,15.8149995803833
2022-05-16,15.5649995803833,15.324999809265137
2022-05-17,16.21500015258789,16.479999542236328
2022-05-18,15.729999542236328,14.074999809265137
2022-05-19,13.770000457763672,13.789999961853027
2022-05-20,14.324999809265137,13.670000076293945
2022-05-23,13.824999809265137,14.345000267028809
2022-05-24,13.574999809265137,13.449999809265137
2022-05-25,13.220000267028809,13.989999771118164
2022-05-26,13.880000114440918,15.15999984741211
2022-05-27,15.649999618530273,16.645000457763672
2022-05-31,16.649999618530273,16.524999618530273
2022-06-01,16.854999542236328,16.139999389648438
2022-06-02,15.960000038146973,17.450000762939453
2022-06-03,16.56999969482422,16.06999969482422
2022-06-06,16.809999465942383,16.270000457763672
2022-06-07,15.710000038146973,16.665000915527344
2022-06-08,16.540000915527344,16.325000762939453
2022-06-09,16.03499984741211,14.994999885559082
2022-06-10,14.130000114440918,13.395000457763672
2022-06-13,12.135000228881836,11.539999961853027
2022-06-14,11.819999694824219,11.614999771118164
2022-06-15,12.029999732971191,12.449999809265137
2022-06-16,11.494999885559082,10.930000305175781
2022-06-17,11.03499984741211,11.335000038146973
2022-06-21,11.90999984741211,12.1899995803833
2022-06-22,11.854999542236328,12.145000457763672
2022-06-23,12.470000267028809,12.664999961853027
2022-06-24,13.055000305175781,13.989999771118164
2022-06-27,14.175000190734863,13.65999984741211
2022-06-28,13.729999542236328,12.414999961853027
2022-06-29,12.390000343322754,12.4399995803833
2022-06-30,12.029999732971191,12.0
2022-07-01,11.800000190734863,12.194999694824219
2022-07-05,11.704999923706055,12.824999809265137
2022-07-06,12.885000228881836,13.069999694824219
2022-07-07,13.1899995803833,13.880000114440918
2022-07-08,13.494999885559082,13.944999694824219
2022-07-11,13.600000381469727,13.055000305175781
2022-07-12,13.220000267028809,12.675000190734863
2022-07-13,11.920000076293945,12.595000267028809
2022-07-14,12.234999656677246,12.725000381469727
2022-07-15,13.135000228881836,13.395000457763672
2022-07-18,13.805000305175781,13.085000038146973
2022-07-19,13.574999809265137,14.229999542236328
2022-07-20,14.329999923706055,14.944999694824219
2022-07-21,15.005000114440918,15.579999923706055
2022-07-22,15.4399995803833,14.765000343322754
2022-07-25,14.765000343322754,14.545000076293945
2022-07-26,14.244999885559082,13.664999961853027
2022-07-27,14.300000190734863,15.369999885559082
2022-07-28,15.34000015258789,15.8100004196167
2022-07-29,16.065000534057617,16.68000030517578
2022-08-01,16.389999389648438,16.655000686645508
2022-08-02,16.270000457763672,16.5
2022-08-03,16.774999618530273,17.81999969482422
2022-08-04,17.844999313354492,18.075000762939453
2022-08-05,17.21500015258789,17.645000457763672
2022-08-08,17.799999237060547,17.46500015258789
2022-08-09,17.139999389648438,16.864999771118164
2022-08-10,18.06999969482422,18.25
2022-08-11,18.665000915527344,17.975000381469727
2022-08-12,18.299999237060547,18.989999771118164
2022-08-15,18.825000762939453,19.44499969482422
2022-08-16,19.280000686645508,19.31999969482422
2022-08-17,18.7549991607666,18.649999618530273
2022-08-18,18.6299991607666,18.774999618530273
2022-08-19,18.239999771118164,17.674999237060547
2022-08-22,16.94499969482422,16.28499984741211
2022-08-23,16.21500015258789,16.229999542236328
2022-08-24,16.149999618530273,16.354999542236328
2022-08-25,16.639999389648438,17.21500015258789
2022-08-26,17.174999237060547,15.119999885559082
2022-08-29,14.675000190734863,14.654999732971191
2022-08-30,14.895000457763672,14.164999961853027
2022-08-31,14.579999923706055,13.904999732971191
2022-09-01,13.539999961853027,13.920000076293945
2022-09-02,14.319999694824219,13.34000015258789
2022-09-06,13.380000114440918,13.03499984741211
2022-09-07,13.09000015258789,13.805000305175781
2022-09-08,13.515000343322754,14.029999732971191
2022-09-09,14.34000015258789,14.920000076293945
2022-09-12,15.149999618530273,15.46500015258789
2022-09-13,14.119999885559082,12.920000076293945
2022-09-14,13.0649995803833,13.210000038146973
2022-09-15,12.9399995803833,12.545000076293945
2022-09-16,12.104999542236328,12.300000190734863
2022-09-19,11.970000267028809,12.595000267028809
2022-09-20,12.265000343322754,12.295000076293945
2022-09-21,12.404999732971191,11.619999885559082
2022-09-22,11.425000190734863,11.1899995803833
2022-09-23,10.899999618530273,10.654999732971191
2022-09-26,10.579999923706055,10.510000228881836
2022-09-27,10.90999984741211,10.520000457763672
2022-09-28,10.515000343322754,11.135000228881836
2022-09-29,10.654999732971191,10.194999694824219
2022-09-30,10.079999923706055,9.65999984741211
2022-10-03,9.850000381469727,10.329999923706055
2022-10-04,10.949999809265137,11.289999961853027
2022-10-05,10.835000038146973,11.289999961853027
2022-10-06,11.149999618530273,11.005000114440918
2022-10-07,10.4399995803833,9.75
2022-10-10,9.760000228881836,9.444999694824219
2022-10-11,9.260000228881836,9.069999694824219
2022-10-12,9.114999771118164,9.050000190734863
2022-10-13,8.260000228881836,9.654999732971191
2022-10-14,9.925000190734863,8.78499984741211
2022-10-17,9.404999732971191,9.649999618530273
2022-10-18,10.4350004196167,9.890000343322754
2022-10-19,9.704999923706055,9.770000457763672
2022-10-20,9.664999961853027,9.604999542236328
2022-10-21,9.489999771118164,10.28499984741211
2022-10-24,10.3149995803833,10.635000228881836
2022-10-25,10.739999771118164,11.274999618530273
2022-10-26,10.59000015258789,10.529999732971191
2022-10-27,10.395000457763672,9.949999809265137
2022-10-28,9.875,10.850000381469727
2022-10-31,10.59000015258789,10.475000381469727
2022-11-01,10.869999885559082,10.149999618530273
2022-11-02,10.140000343322754,9.100000381469727
2022-11-03,8.824999809265137,8.574999809265137
2022-11-04,9.0649995803833,8.975000381469727
2022-11-07,9.079999923706055,9.260000228881836
2022-11-08,9.425000190734863,9.460000038146973
2022-11-09,9.265000343322754,8.800000190734863
2022-11-10,10.074999809265137,10.725000381469727
2022-11-11,10.71500015258789,11.335000038146973
2022-11-14,11.085000038146973,11.03499984741211
2022-11-15,11.824999809265137,11.479999542236328
2022-11-16,11.25,11.015000343322754
2022-11-17,10.475000381469727,10.930000305175781
2022-11-18,11.279999732971191,10.920000076293945
2022-11-21,10.760000228881836,10.59000015258789
2022-11-22,10.664999961853027,11.03499984741211
2022-11-23,11.024999618530273,11.364999771118164
2022-11-25,11.170000076293945,11.130000114440918
2022-11-28,10.899999618530273,10.640000343322754
2022-11-29,10.65999984741211,10.385000228881836
2022-11-30,10.425000190734863,11.779999732971191
2022-12-01,11.850000381469727,11.845000267028809
2022-12-02,11.225000381469727,11.704999923706055
2022-12-05,11.4399995803833,11.114999771118164
2022-12-06,11.09000015258789,10.40999984741211
2022-12-07,10.279999732971191,10.28499984741211
2022-12-08,10.4350004196167,10.649999618530273
2022-12-09,10.524999618530273,10.444999694824219
2022-12-12,10.454999923706055,10.824999809265137
2022-12-13,12.09000015258789,11.164999961853027
2022-12-14,11.104999542236328,10.899999618530273
2022-12-15,10.430000305175781,9.819999694824219
2022-12-16,9.739999771118164,9.529999732971191
2022-12-19,9.550000190734863,9.135000228881836
2022-12-20,9.0,9.095000267028809
2022-12-21,9.204999923706055,9.489999771118164
2022-12-22,9.114999771118164,8.770000457763672
2022-12-23,8.604999542236328,8.795000076293945
2022-12-27,8.729999542236328,8.420000076293945
2022-12-28,8.375,8.079999923706055
2022-12-29,8.335000038146973,8.649999618530273
2022-12-30,8.380000114440918,8.649999618530273
2023-01-03,8.869999885559082,8.454999923706055
2023-01-04,8.664999961853027,8.585000038146973
2023-01-05,8.404999732971191,8.180000305175781
2023-01-06,8.324999809265137,8.819999694824219
2023-01-09,9.039999961853027,9.005000114440918
2023-01-10,8.90999984741211,9.244999885559082
2023-01-11,9.34000015258789,9.704999923706055
2023-01-12,9.760000228881836,9.854999542236328
2023-01-13,9.585000038146973,10.050000190734863
2023-01-17,10.029999732971191,10.104999542236328
2023-01-18,10.289999961853027,9.729999542236328
2023-01-19,9.53499984741211,9.425000190734863
2023-01-20,9.59000015258789,10.194999694824219
2023-01-23,10.274999618530273,10.864999771118164
2023-01-24,10.680000305175781,10.800000190734863
2023-01-25,10.279999732971191,10.720000267028809
2023-01-26,11.109999656677246,11.34000015258789
2023-01-27,11.180000305175781,11.664999961853027
2023-01-30,11.274999618530273,10.96500015258789
2023-01-31,10.970000267028809,11.454999923706055
2023-02-01,11.430000305175781,12.194999694824219
2023-02-02,12.979999542236328,13.454999923706055
2023-02-03,12.604999542236328,12.760000228881836
2023-02-06,12.425000190734863,12.4350004196167
2023-02-07,12.414999961853027,13.204999923706055
2023-02-08,13.024999618530273,12.494999885559082
2023-02-09,13.024999618530273,12.15999984741211
2023-02-10,11.880000114440918,11.90999984741211
2023-02-13,12.069999694824219,12.475000381469727
2023-02-14,12.270000457763672,12.744999885559082
2023-02-15,12.510000228881836,13.029999732971191
2023-02-16,12.414999961853027,12.28499984741211
2023-02-17,12.015000343322754,12.020000457763672
2023-02-21,11.550000190734863,11.175000190734863
2023-02-22,11.225000381469727,11.1850004196167
2023-02-23,11.595000267028809,11.46500015258789
2023-02-24,10.875,10.885000228881836
2023-02-27,11.239999771118164,11.119999885559082
2023-02-28,11.039999961853027,11.0649995803833
2023-03-01,11.029999732971191,10.795000076293945
2023-03-02,10.505000114440918,11.055000305175781
2023-03-03,11.25,11.729999542236328
2023-03-06,11.880000114440918,11.779999732971191
2023-03-07,11.779999732971191,11.34000015258789
2023-03-08,11.375,11.494999885559082
2023-03-09,11.555000305175781,10.890000343322754
2023-03-10,10.90999984741211,10.4399995803833
2023-03-13,10.234999656677246,10.664999961853027
2023-03-14,11.0600004196167,11.390000343322754
2023-03-15,11.085000038146973,11.555000305175781
2023-03-16,11.4399995803833,12.470000267028809
2023-03-17,12.46500015258789,12.28499984741211
2023-03-20,12.21500015258789,12.414999961853027
2023-03-21,12.654999732971191,12.9399995803833
2023-03-22,12.854999542236328,12.34000015258789
2023-03-23,12.800000190734863,12.779999732971191
2023-03-24,12.720000267028809,12.90999984741211
2023-03-27,12.994999885559082,12.645000457763672
2023-03-28,12.569999694824219,12.4350004196167
2023-03-29,12.880000114440918,13.114999771118164
2023-03-30,13.40999984741211,13.470000267028809
2023-03-31,13.5,14.130000114440918
2023-04-03,13.84000015258789,14.029999732971191
2023-04-04,14.079999923706055,13.890000343322754
2023-04-05,13.734999656677246,13.444999694824219
2023-04-06,13.229999542236328,13.71500015258789
2023-04-10,13.319999694824219,13.6850004196167
2023-04-11,13.680000305175781,13.420000076293945
2023-04-12,13.670000076293945,13.0649995803833
2023-04-13,13.265000343322754,13.8149995803833
2023-04-14,13.604999542236328,13.734999656677246
2023-04-17,13.675000190734863,13.75
2023-04-18,14.03499984741211,13.760000228881836
2023-04-19,13.4350004196167,13.729999542236328
2023-04-20,13.335000038146973,13.40999984741211
2023-04-21,13.350000381469727,13.4350004196167
2023-04-24,13.404999732971191,13.354999542236328
2023-04-25,13.140000343322754,12.600000381469727
2023-04-26,13.010000228881836,12.8100004196167
2023-04-27,13.279999732971191,13.845000267028809
2023-04-28,13.819999694824219,14.125
2023-05-01,14.069999694824219,14.085000038146973
2023-05-02,14.069999694824219,13.710000038146973
2023-05-03,13.75,13.4399995803833
2023-05-04,13.390000343322754,13.289999961853027
2023-05-05,13.5600004196167,14.104999542236328
2023-05-08,14.050000190734863,14.220000267028809
2023-05-09,13.994999885559082,13.944999694824219
2023-05-10,14.260000228881836,14.395000457763672
2023-05-11,14.454999923706055,14.515000343322754
2023-05-12,14.59000015258789,14.364999771118164
2023-05-15,14.425000190734863,14.585000038146973
2023-05-16,14.489999771118164,14.640000343322754
2023-05-17,14.774999618530273,15.164999961853027
2023-05-18,15.199999809265137,15.979999542236328
2023-05-19,16.014999389648438,15.869999885559082
2023-05-22,15.84000015258789,16.03499984741211
2023-05-23,15.779999732971191,15.414999961853027
2023-05-24,15.135000228881836,15.164999961853027
2023-05-25,16.18000030517578,16.260000228881836
2023-05-26,16.405000686645508,17.489999771118164
2023-05-30,18.155000686645508,17.735000610351562
2023-05-31,17.485000610351562,17.375
2023-06-01,17.3700008392334,18.0049991607666
2023-06-02,18.280000686645508,18.40999984741211
2023-06-05,18.3799991607666,18.450000762939453
2023-06-06,18.344999313354492,18.43000030517578
2023-06-07,18.469999313354492,17.489999771118164
2023-06-08,17.510000228881836,18.09000015258789
2023-06-09,18.34000015258789,18.309999465942383
2023-06-12,18.575000762939453,19.2450008392334
2023-06-13,19.684999465942383,19.674999237060547
2023-06-14,19.674999237060547,20.094999313354492
2023-06-15,19.8700008392334,20.799999237060547
2023-06-16,21.204999923706055,20.399999618530273
2023-06-20,20.145000457763672,20.299999237060547
2023-06-21,20.040000915527344,19.424999237060547
2023-06-22,19.184999465942383,20.06999969482422
2023-06-23,19.415000915527344,19.475000381469727
2023-06-26,19.3799991607666,18.704999923706055
2023-06-27,18.924999237060547,19.6299991607666
2023-06-28,19.334999084472656,19.75
2023-06-29,19.68000030517578,19.614999771118164
2023-06-30,20.200000762939453,20.5
2023-07-03,20.600000381469727,20.639999389648438
2023-07-05,20.360000610351562,20.625
2023-07-06,19.985000610351562,20.139999389648438
2023-07-07,20.094999313354492,19.934999465942383
2023-07-10,19.8799991607666,19.950000762939453
2023-07-11,20.010000228881836,20.235000610351562
2023-07-12,20.915000915527344,20.985000610351562
2023-07-13,21.510000228881836,22.030000686645508
2023-07-14,22.110000610351562,22.010000228881836
2023-07-17,22.139999389648438,22.6200008392334
2023-07-18,22.510000228881836,23.15999984741211
2023-07-19,23.364999771118164,23.15999984741211
2023-07-20,22.579999923706055,21.53499984741211
2023-07-21,21.940000534057617,21.344999313354492
2023-07-24,21.489999771118164,21.43000030517578
2023-07-25,21.540000915527344,21.860000610351562
2023-07-26,21.65999984741211,21.635000228881836
2023-07-27,22.55500030517578,21.450000762939453
2023-07-28,22.149999618530273,22.610000610351562
2023-07-31,22.665000915527344,22.655000686645508
2023-08-01,22.395000457763672,22.479999542236328
2023-08-02,21.844999313354492,21.010000228881836
2023-08-03,20.55500030517578,20.860000610351562
2023-08-04,21.19499969482422,20.56999969482422
2023-08-07,20.864999771118164,21.079999923706055
2023-08-08,20.645000457763672,20.540000915527344
2023-08-09,20.579999923706055,19.854999542236328
2023-08-10,20.329999923706055,19.94499969482422
2023-08-11,19.514999389648438,19.545000076293945
2023-08-14,19.415000915527344,20.19499969482422
2023-08-15,20.03499984741211,19.575000762939453
2023-08-16,19.459999084472656,18.924999237060547
2023-08-17,19.125,18.28499984741211
2023-08-18,17.764999389648438,18.200000762939453
2023-08-21,18.434999465942383,19.079999923706055
2023-08-22,19.485000610351562,18.9950008392334
2023-08-23,19.174999237060547,19.889999389648438
2023-08-24,20.440000534057617,18.579999923706055
2023-08-25,18.71500015258789,19.020000457763672
2023-08-28,19.475000381469727,19.44499969482422
2023-08-29,19.399999618530273,20.684999465942383
2023-08-30,20.71500015258789,21.030000686645508
2023-08-31,21.020000457763672,21.219999313354492
2023-09-01,21.604999542236328,21.145000457763672
2023-09-05,20.985000610351562,21.200000762939453
2023-09-06,21.06999969482422,20.639999389648438
2023-09-07,19.8700008392334,20.190000534057617
2023-09-08,20.155000686645508,20.25
2023-09-11,20.7450008392334,20.940000534057617
2023-09-12,20.670000076293945,20.270000457763672
2023-09-13,20.290000915527344,20.469999313354492
2023-09-14,20.75,20.950000762939453
2023-09-15,20.725000381469727,19.875
2023-09-18,19.71500015258789,19.920000076293945
2023-09-19,19.704999923706055,19.799999237060547
2023-09-20,19.885000228881836,18.875
2023-09-21,18.274999618530273,17.799999237060547
2023-09-22,18.065000534057617,17.815000534057617
2023-09-25,17.655000686645508,18.049999237060547
2023-09-26,17.655000686645508,17.2450008392334
2023-09-27,17.405000686645508,17.350000381469727
2023-09-28,17.19499969482422,17.770000457763672
2023-09-29,18.290000915527344,17.809999465942383
2023-10-02,17.834999084472656,18.235000610351562
2023-10-03,17.854999542236328,17.270000457763672
2023-10-04,17.389999389648438,17.969999313354492
2023-10-05,17.94499969482422,17.780000686645508
2023-10-06,17.325000762939453,18.674999237060547
2023-10-09,18.30500030517578,18.950000762939453
2023-10-10,19.0049991607666,19.260000228881836
2023-10-11,19.469999313354492,19.670000076293945
2023-10-12,19.735000610351562,19.440000534057617
2023-10-13,19.545000076293945,18.704999923706055
2023-10-16,18.90999984741211,19.334999084472656
2023-10-17,18.760000228881836,19.149999618530273
2023-10-18,18.735000610351562,18.34000015258789
2023-10-19,18.575000762939453,17.850000381469727
2023-10-20,17.760000228881836,17.045000076293945
2023-10-23,16.834999084472656,17.19499969482422
2023-10-24,17.450000762939453,17.68000030517578
2023-10-25,17.315000534057617,16.385000228881836
2023-10-26,16.190000534057617,15.430000305175781
2023-10-27,15.789999961853027,15.649999618530273
2023-10-30,15.975000381469727,16.155000686645508
2023-10-31,16.15999984741211,16.389999389648438
2023-11-01,16.5,17.235000610351562
2023-11-02,17.8799991607666,18.149999618530273
2023-11-03,18.350000381469727,18.790000915527344
2023-11-06,18.905000686645508,19.0049991607666
2023-11-07,19.174999237060547,19.540000915527344
2023-11-08,19.600000381469727,19.575000762939453
2023-11-09,19.670000076293945,19.110000610351562
2023-11-10,19.375,20.385000228881836
2023-11-13,20.125,20.200000762939453
2023-11-14,21.235000610351562,21.469999313354492
2023-11-15,21.809999465942383,21.530000686645508
2023-11-16,21.3799991607666,21.565000534057617
2023-11-17,21.440000534057617,21.579999923706055
2023-11-20,21.575000762939453,22.350000381469727
2023-11-21,22.045000076293945,21.94499969482422
2023-11-22,22.28499984741211,22.200000762939453
2023-11-24,22.125,22.09000015258789
2023-11-27,22.0049991607666,22.024999618530273
2023-11-28,21.899999618530273,22.200000762939453
2023-11-29,22.6200008392334,22.1200008392334
2023-11-30,22.149999618530273,21.934999465942383
2023-12-01,21.7450008392334,22.1200008392334
2023-12-04,21.454999923706055,21.489999771118164
2023-12-05,21.155000686645508,21.645000457763672
2023-12-06,22.139999389648438,21.260000228881836
2023-12-07,21.739999771118164,22.149999618530273
2023-12-08,21.825000762939453,22.415000915527344
2023-12-11,22.334999084472656,22.985000610351562
2023-12-12,22.989999771118164,23.540000915527344
2023-12-13,23.690000534057617,24.3700008392334
2023-12-14,24.625,24.329999923706055
2023-12-15,24.469999313354492,24.6200008392334
2023-12-18,24.7450008392334,25.135000228881836
2023-12-19,25.209999084472656,25.510000228881836
2023-12-20,25.239999771118164,24.270000457763672
2023-12-21,24.94499969482422,25.075000762939453
2023-12-22,25.299999237060547,25.174999237060547
2023-12-26,25.31999969482422,25.635000228881836
2023-12-27,25.674999237060547,25.770000457763672
2023-12-28,25.959999084472656,25.704999923706055
2023-12-29,25.690000534057617,25.350000381469727
2024-01-02,24.674999237060547,24.065000534057617
2024-01-03,23.584999084472656,23.295000076293945
2024-01-04,22.934999465942383,22.905000686645508
2024-01-05,22.93000030517578,22.989999771118164
2024-01-08,23.19499969482422,24.375
2024-01-09,23.829999923706055,24.53499984741211
2024-01-10,24.584999084472656,25.020000457763672
2024-01-11,25.225000381469727,25.139999389648438
2024-01-12,25.334999084472656,25.170000076293945
2024-01-16,24.940000534057617,25.155000686645508
2024-01-17,24.53499984741211,24.719999313354492
2024-01-18,25.295000076293945,25.780000686645508
2024-01-19,26.15999984741211,27.270000457763672
2024-01-22,27.704999923706055,27.3799991607666
2024-01-23,27.5049991607666,27.704999923706055
2024-01-24,28.475000381469727,28.15999984741211
2024-01-25,28.6299991607666,28.239999771118164
2024-01-26,27.84000015258789,27.719999313354492
2024-01-29,27.80500030517578,28.53499984741211
2024-01-30,28.344999313354492,27.96500015258789
2024-01-31,27.094999313354492,26.31999969482422
2024-02-01,26.645000457763672,27.25
2024-02-02,27.59000015258789,28.6200008392334
2024-02-05,28.594999313354492,28.475000381469727
2024-02-06,28.690000534057617,28.309999465942383
2024-02-07,28.844999313354492,29.155000686645508
2024-02-08,29.155000686645508,29.274999618530273
2024-02-09,29.514999389648438,30.135000228881836
2024-02-12,30.104999542236328,29.780000686645508
2024-02-13,28.1200008392334,28.3700008392334
2024-02-14,28.899999618530273,29.270000457763672
2024-02-15,29.405000686645508,29.514999389648438
2024-02-16,29.579999923706055,28.704999923706055
2024-02-20,28.290000915527344,28.040000915527344
2024-02-21,27.485000610351562,27.690000534057617
2024-02-22,29.389999389648438,30.084999084472656
2024-02-23,30.415000915527344,29.809999465942383
2024-02-26,29.969999313354492,29.770000457763672
2024-02-27,29.979999542236328,29.954999923706055
2024-02-28,29.514999389648438,29.469999313354492
2024-02-29,30.040000915527344,30.18000030517578
2024-03-01,30.375,31.565000534057617
2024-03-04,31.545000076293945,31.190000534057617
2024-03-05,30.549999237060547,29.520000457763672
2024-03-06,30.3700008392334,30.065000534057617
2024-03-07,30.774999618530273,31.405000686645508
2024-03-08,31.459999084472656,30.030000686645508
2024-03-11,29.704999923706055,29.68000030517578
2024-03-12,30.145000457763672,30.940000534057617
2024-03-13,30.719999313354492,30.219999313354492
2024-03-14,30.434999465942383,29.975000381469727
2024-03-15,29.344999313354492,28.8799991607666
2024-03-18,29.940000534057617,29.69499969482422
2024-03-19,29.270000457763672,29.899999618530273
2024-03-20,30.03499984741211,30.850000381469727
2024-03-21,31.875,31.25
2024-03-22,31.135000228881836,31.315000534057617
2024-03-25,30.739999771118164,30.9950008392334
2024-03-26,31.30500030517578,30.704999923706055
2024-03-27,31.28499984741211,30.975000381469727
2024-03-28,30.94499969482422,30.780000686645508
2024-04-01,30.959999084472656,30.969999313354492
2024-04-02,29.934999465942383,30.139999389648438
2024-04-03,29.700000762939453,30.34000015258789
2024-04-04,31.174999237060547,28.90999984741211
2024-04-05,29.200000762939453,29.93000030517578
2024-04-08,30.104999542236328,29.950000762939453
2024-04-09,30.405000686645508,30.260000228881836
2024-04-10,29.18000030517578,29.46500015258789
2024-04-11,29.80500030517578,30.850000381469727
2024-04-12,29.940000534057617,29.360000610351562
2024-04-15,30.100000381469727,27.885000228881836
2024-04-16,27.844999313354492,27.889999389648438
2024-04-17,28.270000457763672,26.854999542236328
2024-04-18,26.94499969482422,26.375
2024-04-19,26.139999389648438,24.739999771118164
2024-04-22,25.190000534057617,25.459999084472656
2024-04-23,25.809999465942383,26.594999313354492
2024-04-24,27.15999984741211,26.854999542236328
2024-04-25,25.450000762939453,26.424999237060547
2024-04-26,27.014999389648438,27.639999389648438
2024-04-29,28.040000915527344,27.969999313354492
2024-04-30,27.649999618530273,26.3700008392334
2024-05-01,26.075000762939453,25.799999237060547
2024-05-02,26.459999084472656,26.7549991607666
2024-05-03,28.165000915527344,28.350000381469727
2024-05-06,28.709999084472656,29.280000686645508
2024-05-07,29.360000610351562,29.280000686645508
2024-05-08,28.75,29.225000381469727
2024-05-09,29.25,29.385000228881836
2024-05-10,29.68000030517578,29.584999084472656
2024-05-13,29.959999084472656,29.780000686645508
2024-05-14,29.68000030517578,30.334999084472656
2024-05-15,30.844999313354492,31.735000610351562
2024-05-16,31.68000030517578,31.540000915527344
2024-05-17,31.545000076293945,31.469999313354492
2024-05-20,31.510000228881836,32.119998931884766
2024-05-21,31.719999313354492,32.28499984741211
2024-05-22,32.345001220703125,32.26499938964844
2024-05-23,33.25,31.78499984741211
2024-05-24,32.125,32.67499923706055
2024-05-28,32.93000030517578,33.029998779296875
2024-05-29,32.119998931884766,32.34000015258789
2024-05-30,32.125,31.299999237060547
2024-05-31,31.299999237060547,31.264999389648438
2024-06-03,31.864999771118164,31.56999969482422
2024-06-04,31.5,31.80500030517578
2024-06-05,32.560001373291016,33.724998474121094
2024-06-06,33.869998931884766,33.685001373291016
2024-06-07,33.560001373291016,33.560001373291016
2024-06-10,33.29499816894531,33.915000915527344
2024-06-11,33.65999984741211,34.6150016784668
2024-06-12,35.505001068115234,35.97999954223633
2024-06-13,36.78499984741211,36.55500030517578
2024-06-14,36.474998474121094,37.084999084472656
2024-06-17,37.13999938964844,38.43000030517578
2024-06-18,38.415000915527344,38.45000076293945
2024-06-20,38.72999954223633,37.54499816894531
2024-06-21,37.45000076293945,37.20000076293945
2024-06-24,36.90999984741211,35.939998626708984
2024-06-25,36.39500045776367,37.13999938964844
2024-06-26,36.79999923706055,37.22999954223633
2024-06-27,37.15999984741211,37.5
2024-06-28,37.64500045776367,36.90999984741211
2024-07-01,37.08000183105469,37.51499938964844
2024-07-02,37.14500045776367,38.665000915527344
2024-07-03,38.474998474121094,39.6150016784668
2024-07-05,39.78499984741211,40.814998626708984
2024-07-08,40.904998779296875,41.084999084472656
2024-07-09,41.459999084472656,41.17499923706055
2024-07-10,41.65999984741211,42.46500015258789
2024-07-11,42.48500061035156,39.67499923706055
2024-07-12,39.755001068115234,40.31999969482422
2024-07-15,40.73500061035156,40.619998931884766
2024-07-16,40.970001220703125,40.650001525878906
2024-07-17,38.665000915527344,37.07500076293945
2024-07-18,37.904998779296875,36.52000045776367
2024-07-19,36.400001525878906,35.529998779296875
2024-07-22,36.82500076293945,37.08000183105469
2024-07-23,36.8650016784668,36.68000030517578
2024-07-24,35.1150016784668,32.724998474121094
2024-07-25,32.779998779296875,31.635000228881836
2024-07-26,32.5,32.540000915527344
2024-07-29,33.1349983215332,32.72999954223633
2024-07-30,33.13999938964844,31.395000457763672
2024-07-31,33.4900016784668,34.13999938964844
2024-08-01,34.290000915527344,31.68000030517578
2024-08-02,29.825000762939453,29.3700008392334
2024-08-05,24.665000915527344,26.809999465942383
2024-08-06,27.065000534057617,27.479999542236328
2024-08-07,28.78499984741211,26.594999313354492
2024-08-08,27.725000381469727,29.030000686645508
2024-08-09,28.719999313354492,29.424999237060547
2024-08-12,29.614999771118164,29.625
2024-08-13,30.479999542236328,31.780000686645508
2024-08-14,31.9950008392334,31.834999084472656
2024-08-15,33.064998626708984,34.22999954223633
2024-08-16,33.810001373291016,34.31999969482422
2024-08-19,34.34000015258789,35.650001525878906
2024-08-20,35.45000076293945,35.43000030517578
2024-08-21,35.59000015258789,35.915000915527344
2024-08-22,36.43000030517578,34.189998626708984
2024-08-23,35.099998474121094,35.26499938964844
2024-08-26,35.1349983215332,34.22999954223633
2024-08-27,33.8650016784668,34.52000045776367
2024-08-28,34.400001525878906,33.349998474121094
2024-08-29,33.724998474121094,33.17499923706055
2024-08-30,34.060001373291016,34.30500030517578
2024-09-03,33.630001068115234,31.174999237060547
2024-09-04,30.520000457763672,30.90999984741211
2024-09-05,30.56999969482422,31.010000228881836
2024-09-06,30.80500030517578,28.4950008392334
2024-09-09,29.28499984741211,29.55500030517578
2024-09-10,29.889999389648438,30.350000381469727
2024-09-11,30.59000015258789,32.28499984741211
2024-09-12,32.314998626708984,33.2400016784668
2024-09-13,33.07500076293945,33.67499923706055
2024-09-16,33.209999084472656,33.224998474121094
2024-09-17,33.849998474121094,33.244998931884766
2024-09-18,33.5099983215332,32.810001373291016
2024-09-19,35.150001525878906,35.290000915527344
2024-09-20,35.07500076293945,35.064998626708984
2024-09-23,35.310001373291016,35.32500076293945
2024-09-24,35.63999938964844,35.82500076293945
2024-09-25,35.56999969482422,35.834999084472656
2024-09-26,37.459999084472656,36.595001220703125
2024-09-27,36.810001373291016,35.96500015258789
2024-09-30,35.72999954223633,36.244998931884766
2024-10-01,36.13999938964844,34.709999084472656
2024-10-02,34.505001068115234,34.84000015258789
2024-10-03,34.3650016784668,34.7599983215332
2024-10-04,36.0,35.98500061035156
2024-10-07,35.525001525878906,34.79999923706055
2024-10-08,35.33000183105469,36.310001373291016
2024-10-09,36.2599983215332,37.185001373291016
2024-10-10,36.65999984741211,37.05500030517578
2024-10-11,36.584999084472656,37.150001525878906
2024-10-14,37.720001220703125,38.099998474121094
2024-10-15,38.17499923706055,36.58000183105469
2024-10-16,36.619998931884766,36.560001373291016
2024-10-17,37.790000915527344,36.66999816894531
2024-10-18,37.22999954223633,37.31999969482422
2024-10-21,37.029998779296875,37.525001525878906
2024-10-22,36.904998779296875,37.6349983215332
2024-10-23,37.084999084472656,35.89500045776367
2024-10-24,36.709999084472656,36.75
2024-10-25,37.349998474121094,37.369998931884766
2024-10-28,38.095001220703125,37.404998779296875
2024-10-29,37.46500015258789,38.439998626708984
2024-10-30,38.275001525878906,37.584999084472656
2024-10-31,36.654998779296875,34.724998474121094
2024-11-01,35.040000915527344,35.46500015258789
2024-11-04,35.31999969482422,35.1349983215332
2024-11-05,35.474998474121094,36.470001220703125
2024-11-06,38.33000183105469,39.43000030517578
2024-11-07,40.08000183105469,41.275001525878906
2024-11-08,41.11000061035156,41.375
2024-11-11,41.665000915527344,41.29999923706055
2024-11-12,41.27000045776367,41.07500076293945
2024-11-13,40.93000030517578,40.89500045776367
2024-11-14,40.79499816894531,40.029998779296875
2024-11-15,38.6349983215332,37.1349983215332
2024-11-18,37.46500015258789,37.8849983215332
2024-11-19,37.275001525878906,38.64500045776367
2024-11-20,38.57500076293945,38.599998474121094
2024-11-21,39.275001525878906,38.97999954223633
2024-11-22,38.81999969482422,39.125
2024-11-25,40.08000183105469,39.30500030517578
2024-11-26,39.64500045776367,39.915000915527344
2024-11-27,39.64500045776367,38.95000076293945
2024-11-29,39.064998626708984,39.94499969482422
2024-12-02,40.2400016784668,41.2400016784668
2024-12-03,40.900001525878906,41.60499954223633
2024-12-04,42.435001373291016,43.125
2024-12-05,43.125,42.77000045776367
2024-12-06,42.88999938964844,43.869998931884766
2024-12-09,43.625,42.845001220703125
2024-12-10,43.125,42.380001068115234
2024-12-11,43.439998626708984,44.64500045776367
2024-12-12,44.064998626708984,43.7599983215332
2024-12-13,44.709999084472656,44.70000076293945
2024-12-16,45.36000061035156,46.64500045776367
2024-12-17,46.165000915527344,46.02000045776367
2024-12-18,45.82500076293945,41.04499816894531
2024-12-19,42.1349983215332,40.46500015258789
2024-12-20,39.529998779296875,41.51499938964844
2024-12-23,41.724998474121094,42.529998779296875
2024-12-24,42.974998474121094,44.220001220703125
2024-12-26,43.810001373291016,44.125
2024-12-27,43.185001373291016,42.33000183105469
2024-12-30,40.599998474121094,40.630001068115234
2024-12-31,40.900001525878906,39.564998626708984
2025-01-02,40.27000045776367,39.314998626708984
2025-01-03,39.994998931884766,41.20000076293945
2025-01-06,42.48500061035156,42.60499954223633
2025-01-07,42.86000061035156,40.310001373291016
2025-01-08,40.279998779296875,40.34000015258789
2025-01-10,39.400001525878906,38.415000915527344
2025-01-13,37.025001525878906,38.01499938964844
2025-01-14,38.7400016784668,37.880001068115234
2025-01-15,39.654998779296875,40.439998626708984
2025-01-16,41.005001068115234,39.6150016784668
2025-01-17,41.845001220703125,41.56999969482422
2025-01-21,42.224998474121094,42.2599983215332
2025-01-22,43.41999816894531,43.900001525878906
2025-01-23,43.27000045776367,44.16999816894531
2025-01-24,44.21500015258789,43.375
2025-01-27,38.790000915527344,39.56999969482422
2025-01-28,39.790000915527344,41.32500076293945
2025-01-29,41.45500183105469,41.06999969482422
2025-01-30,41.73500061035156,41.584999084472656
2025-01-31,42.459999084472656,41.36000061035156
2025-02-03,39.26499938964844,40.36000061035156
2025-02-04,40.45500183105469,41.82500076293945
2025-02-05,41.17499923706055,42.369998931884766
2025-02-06,42.47999954223633,43.005001068115234
2025-02-07,43.130001068115234,41.3650016784668
2025-02-10,42.3650016784668,42.81999969482422
2025-02-11,42.03499984741211,42.51499938964844
2025-02-12,41.13999938964844,42.599998474121094
2025-02-13,42.9900016784668,44.39500045776367
2025-02-14,44.404998779296875,44.915000915527344
2025-02-18,45.314998626708984,45.19499969482422
2025-02-19,45.0,45.20000076293945
2025-02-20,45.025001525878906,44.650001525878906
2025-02-21,44.8849983215332,41.85499954223633
2025-02-24,42.25,40.349998474121094
2025-02-25,40.165000915527344,38.810001373291016
2025-02-26,39.290000915527344,39.060001373291016
2025-02-27,39.86000061035156,35.81999969482422
2025-02-28,35.72999954223633,37.459999084472656
2025-03-03,38.185001373291016,35.040000915527344
2025-03-04,34.380001068115234,34.654998779296875
2025-03-05,34.775001525878906,36.005001068115234
2025-03-06,34.19499969482422,33.02000045776367
2025-03-07,32.779998779296875,33.70500183105469
2025-03-10,32.0,29.905000686645508
2025-03-11,29.700000762939453,29.55500030517578
2025-03-12,30.969999313354492,30.565000534057617
2025-03-13,30.399999618530273,28.895000457763672
2025-03-14,29.854999542236328,30.94499969482422
2025-03-17,30.940000534057617,31.545000076293945
2025-03-18,30.885000228881836,29.954999923706055
2025-03-19,30.34000015258789,31.1200008392334
2025-03-20,30.329999923706055,30.799999237060547
2025-03-21,29.764999389648438,31.09000015258789
2025-03-24,32.529998779296875,33.064998626708984
2025-03-25,33.2400016784668,33.654998779296875
2025-03-26,33.31999969482422,31.690000534057617
2025-03-27,31.299999237060547,31.149999618530273
2025-03-28,30.770000457763672,28.670000076293945
2025-03-31,27.360000610351562,28.649999618530273
2025-04-01,28.34000015258789,29.309999465942383
2025-04-02,28.094999313354492,29.96500015258789
2025-04-03,26.21500015258789,25.149999618530273
2025-04-04,22.9950008392334,20.545000076293945
2025-04-07,18.375,20.625
2025-04-08,22.69499969482422,19.450000762939453
2025-04-09,19.3799991607666,26.30500030517578
2025-04-10,24.34000015258789,23.06999969482422
2025-04-11,22.834999084472656,24.290000915527344
2025-04-14,25.950000762939453,24.799999237060547
2025-04-15,24.979999542236328,24.895000457763672
2025-04-16,23.415000915527344,22.645000457763672
2025-04-17,23.045000076293945,22.579999923706055
2025-04-21,21.684999465942383,20.93000030517578
2025-04-22,21.729999542236328,22.530000686645508
2025-04-23,24.6200008392334,24.024999618530273
2025-04-24,24.3700008392334,26.06999969482422
2025-04-25,26.020000457763672,26.93000030517578
2025-04-28,27.010000228881836,26.90999984741211
2025-04-29,26.520000457763672,27.434999465942383
2025-04-30,25.979999542236328,27.440000534057617
2025-05-01,28.780000686645508,28.385000228881836
2025-05-02,29.31999969482422,29.71500015258789
2025-05-05,28.950000762939453,29.200000762939453
2025-05-06,28.030000686645508,28.3700008392334
2025-05-07,28.479999542236328,28.700000762939453
2025-05-08,29.600000381469727,29.55500030517578
2025-05-09,29.899999618530273,29.485000610351562
2025-05-12,32.92499923706055,33.05500030517578
2025-05-13,33.334999084472656,34.56999969482422
2025-05-14,34.80500030517578,35.18000030517578
2025-05-15,34.7400016784668,35.290000915527344
2025-05-16,35.55500030517578,35.724998474121094
2025-05-19,34.23500061035156,35.81999969482422
2025-05-20,35.290000915527344,35.44499969482422
2025-05-21,34.619998931884766,33.970001220703125
2025-05-22,34.08000183105469,34.14500045776367
2025-05-23,32.54499816894531,33.15999984741211
2025-05-27,34.494998931884766,35.470001220703125
2025-05-28,35.66999816894531,35.01499938964844
2025-05-29,36.5,35.185001373291016
2025-05-30,35.064998626708984,35.0
2025-06-02,34.599998474121094,35.80500030517578
2025-06-03,35.880001068115234,36.63999938964844
2025-06-04,36.790000915527344,36.935001373291016
2025-06-05,37.224998474121094,36.07500076293945
2025-06-06,37.1349983215332,37.10499954223633
2025-06-09,37.154998779296875,37.27000045776367
2025-06-10,37.35499954223633,37.9900016784668
2025-06-11,38.29499816894531,37.599998474121094
2025-06-12,37.29999923706055,37.845001220703125
2025-06-13,36.54999923706055,36.415000915527344
2025-06-16,37.11000061035156,37.900001525878906
2025-06-17,37.34000015258789,36.779998779296875
2025-06-18,36.959999084472656,36.72999954223633
2025-06-20,37.380001068115234,36.224998474121094
2025-06-23,36.3650016784668,37.349998474121094
2025-06-24,38.45500183105469,39.04999923706055
2025-06-25,39.439998626708984,39.2400016784668
2025-06-26,39.709999084472656,40.314998626708984
2025-06-27,40.51499938964844,40.709999084472656
2025-06-30,41.400001525878906,41.5
2025-07-01,41.060001373291016,40.44499969482422
2025-07-02,40.22999954223633,41.25
2025-07-03,41.744998931884766,42.404998779296875
2025-07-07,41.79999923706055,41.459999084472656
2025-07-08,41.7400016784668,41.51499938964844
2025-07-09,41.98500061035156,42.375
2025-07-10,42.51499938964844,42.18000030517578
2025-07-11,41.65999984741211,41.86000061035156
2025-07-14,41.814998626708984,42.30500030517578
2025-07-15,43.21500015258789,42.415000915527344
2025-07-16,42.529998779296875,42.53499984741211
2025-07-17,42.685001373291016,43.525001525878906
2025-07-18,43.81999969482422,43.375
2025-07-21,43.57500076293945,44.03499984741211
2025-07-22,44.064998626708984,43.349998474121094
2025-07-23,43.59000015258789,43.91999816894531
2025-07-24,44.224998474121094,44.209999084472656
2025-07-25,44.154998779296875,44.459999084472656
2025-07-28,44.79499816894531,44.89500045776367
2025-07-29,45.494998931884766,44.689998626708984
2025-07-30,44.869998931884766,44.845001220703125
2025-07-31,46.35499954223633,44.10499954223633
2025-08-01,42.625,41.459999084472656
2025-08-04,42.61000061035156,43.72999954223633
2025-08-05,44.025001525878906,42.81999969482422
2025-08-06,43.01499938964844,44.41999816894531
2025-08-07,45.44499969482422,44.869998931884766
2025-08-08,45.119998931884766,46.08000183105469
2025-08-11,46.1150016784668,45.67499923706055
2025-08-12,46.209999084472656,47.36000061035156
2025-08-13,48.025001525878906,47.43000030517578
2025-08-14,46.91999816894531,47.29999923706055
2025-08-15,47.23500061035156,46.630001068115234
2025-08-18,46.400001525878906,46.56999969482422
2025-08-19,46.3849983215332,44.66999816894531
2025-08-20,44.415000915527344,43.85499954223633
2025-08-21,43.474998474121094,43.244998931884766
2025-08-22,43.5099983215332,45.189998626708984
2025-08-25,44.810001373291016,44.79499816894531
2025-08-26,44.654998779296875,45.314998626708984
2025-08-27,45.06999969482422,45.52000045776367
2025-08-28,45.63999938964844,46.349998474121094
2025-08-29,45.709999084472656,44.68000030517578
2025-09-02,42.55500030517578,43.540000915527344
2025-09-03,44.3650016784668,44.55500030517578
2025-09-04,44.70000076293945,45.7599983215332
2025-09-05,46.970001220703125,45.90999984741211
2025-09-08,46.45500183105469,46.564998626708984
2025-09-09,46.75,46.94499969482422
2025-09-10,47.724998474121094,46.994998931884766
2025-09-11,47.595001220703125,47.78499984741211
2025-09-12,47.97999954223633,48.380001068115234
2025-09-15,48.81999969482422,49.6150016784668
2025-09-16,49.834999084472656,49.47999954223633
2025-09-17,49.44499969482422,49.165000915527344
2025-09-18,50.380001068115234,50.4900016784668
2025-09-19,50.939998626708984,51.4900016784668
2025-09-22,51.209999084472656,52.36000061035156
2025-09-23,52.39500045776367,51.30500030517578
2025-09-24,51.60499954223633,50.70500183105469
2025-09-25,49.70000076293945,50.025001525878906
2025-09-26,50.20000076293945,50.625
2025-09-29,51.39500045776367,51.29999923706055
2025-09-30,51.20500183105469,51.70000076293945
2025-10-01,50.8650016784668,52.43000030517578
2025-10-02,53.404998779296875,53.06999969482422
2025-10-03,53.220001220703125,52.349998474121094
2025-10-06,53.70000076293945,53.52000045776367
2025-10-07,53.849998474121094,52.654998779296875
2025-10-08,52.86000061035156,54.439998626708984
2025-10-09,54.439998626708984,54.224998474121094
2025-10-10,54.3650016784668,48.53499984741211
2025-10-13,51.029998779296875,51.6150016784668
2025-10-14,49.8650016784668,50.564998626708984
2025-10-15,52.06999969482422,51.599998474121094
2025-10-16,52.34000015258789,51.025001525878906
2025-10-17,50.459999084472656,51.994998931884766
2025-10-20,52.80500030517578,53.94499969482422
2025-10-21,53.95000076293945,53.8849983215332
2025-10-22,53.724998474121094,52.29999923706055
2025-10-23,52.1349983215332,53.61000061035156
2025-10-24,54.994998931884766,55.279998779296875
2025-10-27,57.2599983215332,58.21500015258789
2025-10-28,58.82500076293945,59.54499816894531
2025-10-29,60.28499984741211,60.30500030517578
2025-10-30,59.29499816894531,57.54499816894531
2025-10-31,59.744998931884766,58.36000061035156
2025-11-03,60.0,59.15999984741211
2025-11-04,56.68000030517578,55.540000915527344
2025-11-05,55.34000015258789,56.619998931884766
2025-11-06,56.185001373291016,53.44499969482422
2025-11-07,52.5099983215332,52.88999938964844
2025-11-10,55.21500015258789,56.35499954223633
2025-11-11,55.6349983215332,55.88999938964844
2025-11-12,56.76499938964844,55.775001525878906
2025-11-13,54.78499984741211,52.33000183105469
2025-11-14,49.9900016784668,52.369998931884766
2025-11-17,51.70500183105469,51.025001525878906
2025-11-18,49.98500061035156,49.18000030517578
2025-11-19,49.32500076293945,50.025001525878906
2025-11-20,52.95000076293945,46.45000076293945
2025-11-21,46.849998474121094,47.47999954223633
2025-11-24,48.70000076293945,51.08000183105469
2025-11-25,50.63999938964844,52.0099983215332
2025-11-26,52.90999984741211,53.369998931884766
2025-11-28,53.81999969482422,54.540000915527344
2025-12-01,53.11000061035156,54.04999923706055
2025-12-02,54.630001068115234,55.29999923706055
2025-12-03,54.65999984741211,55.689998626708984
2025-12-04,56.040000915527344,55.5099983215332
2025-12-05,55.86000061035156,56.150001525878906
2025-12-08,56.56999969482422,55.79999923706055
2025-12-09,55.45000076293945,56.0099983215332
2025-12-10,55.650001525878906,56.650001525878906
2025-12-11,55.630001068115234,56.11000061035156
2025-12-12,55.11000061035156,52.81999969482422
2025-12-15,54.060001373291016,52.02000045776367
2025-12-16,51.43000030517578,52.33000183105469
2025-12-17,52.650001525878906,49.400001525878906
2025-12-18,51.66999816894531,51.5099983215332
2025-12-19,52.20000076293945,53.52000045776367
2025-12-22,54.810001373291016,54.25
2025-12-23,53.970001220703125,55.0099983215332
2025-12-24,54.869998931884766,55.36000061035156
2025-12-26,55.52000045776367,55.310001373291016
2025-12-29,54.290000915527344,54.4900016784668
2025-12-30,54.20000076293945,54.099998474121094
2025-12-31,54.130001068115234,52.720001220703125
