date,open,close
1985-10-01,0.023412782127124325,0.024377906409021176
1985-10-02,0.024377906409021176,0.023520308586155617
1985-10-03,0.023529858514858972,0.02354896840048804
1985-10-04,0.02354896840048804,0.0230423868375895
1985-10-07,0.0230423868375895,0.021864885774179194
1985-10-08,0.021864885774179194,0.021234405135124704
1985-10-09,0.021234405135124704,0.022108269591931948
1985-10-10,0.022108269591931948,0.022599768189512558
1985-10-11,0.022599768189512558,0.023600327898505694
1985-10-14,0.023600327898505694,0.024961513914845176
1985-10-15,0.024961513914845176,0.02509052803422683
1985-10-16,0.02509052803422683,0.025711266465599313
1985-10-17,0.025711266465599313,0.025998031202974257
1985-10-18,0.025998031202974257,0.025712538984792508
1985-10-21,0.025712538984792508,0.025280698292861753
1985-10-22,0.025360758634764752,0.025788637447032144
1985-10-23,0.025788637447032144,0.02621116186315964
1985-10-24,0.02621116186315964,0.026498181541294925
1985-10-25,0.026498181541294925,0.025414026330464034
1985-10-28,0.025414026330464034,0.025353785005183697
1985-10-29,0.025353785005183697,0.026409637056837996
1985-10-30,0.026409637056837996,0.026663660539381864
1985-10-31,0.026663660539381864,0.02646329042369503
1985-11-01,0.02646329042369503,0.02700983355201688
1985-11-04,0.02700983355201688,0.02684606677617714
1985-11-05,0.02684606677617714,0.027123690033405524
1985-11-06,0.027123690033405524,0.027780580982721126
1985-11-07,0.027780580982721126,0.027950988859578047
1985-11-08,0.027950988859578047,0.02912016766248648
1985-11-11,0.02912016766248648,0.02995524160430414
1985-11-12,0.02994777607929885,0.03101494102198135
1985-11-13,0.03101494102198135,0.030514659904917155
1985-11-14,0.030514659904917155,0.03102086465318114
1985-11-15,0.03102086465318114,0.031280573697297066
1985-11-18,0.031280573697297066,0.031111592378063112
1985-11-19,0.031111592378063112,0.031582263426327695
1985-11-20,0.031582263426327695,0.03129625075829849
1985-11-21,0.03129625075829849,0.03237958535604447
1985-11-22,0.03237958535604447,0.032662491361227286
1985-11-25,0.032662491361227286,0.032002497408303146
1985-11-26,0.032002497408303146,0.03263794311196253
1985-11-27,0.03263794311196253,0.034075644958658
1985-11-29,0.034075644958658,0.034311360196766186
1985-12-02,0.034311360196766186,0.03359688040729413
1985-12-03,0.03359688040729413,0.03363311608538529
1985-12-04,0.03363311608538529,0.0358165955557061
1985-12-05,0.03592577952207569,0.036253983581222435
1985-12-06,0.036253983581222435,0.03497975613004356
1985-12-09,0.03497975613004356,0.035417845873219556
1985-12-10,0.035417845873219556,0.03582623906616245
1985-12-11,0.03582623906616245,0.03683824322768028
1985-12-12,0.03683824322768028,0.037338722113819105
1985-12-13,0.037338722113819105,0.039375929544008245
1985-12-16,0.039375929544008245,0.03980954959763936
1985-12-17,0.03975100835859511,0.03884229884926615
1985-12-18,0.038833431195098224,0.03849241636782963
1985-12-19,0.03849241636782963,0.03918366285142319
1985-12-20,0.03918366285142319,0.039482154993100226
1985-12-23,0.039482154993100226,0.03810748421048414
1985-12-24,0.03810748421048414,0.03749968204416721
1985-12-26,0.03749968204416721,0.03777221510976972
1985-12-27,0.03777221510976972,0.038763284236338603
1985-12-30,0.038763284236338603,0.039170129981119024
1985-12-31,0.039170129981119024,0.039481832268871093
1986-01-02,0.039481832268871093,0.03855071224803527
1986-01-03,0.03855071224803527,0.03792951713061648
1986-01-06,0.03792951713061648,0.03775954700104969
1986-01-07,0.03775954700104969,0.039875562676122224
1986-01-08,0.039875562676122224,0.03840715187635386
1986-01-09,0.03827098853026764,0.036338521907461896
1986-01-10,0.036338521907461896,0.03698601289553502
1986-01-13,0.03698601289553502,0.036583509035334714
1986-01-14,0.036583509035334714,0.036655764791995525
1986-01-15,0.036655764791995525,0.03866051940629719
1986-01-16,0.03866051940629719,0.04000518936839267
1986-01-17,0.04000518936839267,0.039743625339980666
1986-01-20,0.039743625339980666,0.03869741772597245
1986-01-21,0.03869741772597245,0.038243123121128444
1986-01-22,0.038243123121128444,0.03695221783346592
1986-01-23,0.03695221783346592,0.036657146436175285
1986-01-24,0.036657146436175285,0.037448301613106284
1986-01-27,0.03745262014687342,0.03796174595049813
1986-01-28,0.03796174595049813,0.03900225740168634
1986-01-29,0.03900225740168634,0.039950786173945825
1986-01-30,0.039950786173945825,0.03916714744998232
1986-01-31,0.03916714744998232,0.039820476977551415
1986-02-03,0.039820476977551415,0.041002286793039314
1986-02-04,0.041002286793039314,0.04133216270932245
1986-02-05,0.04133216270932245,0.0423593162538264
1986-02-06,0.0423593162538264,0.043225451121655094
1986-02-07,0.0430641166462012,0.04396345230297623
1986-02-10,0.04394425298213697,0.04463988296121441
1986-02-11,0.04463988296121441,0.04477076742786919
1986-02-12,0.04477076742786919,0.04516420241000875
1986-02-13,0.04516420241000875,0.04565276337993733
1986-02-14,0.04565276337993733,0.04663199613486535
1986-02-18,0.04663199613486535,0.04720590997834588
1986-02-19,0.04720590997834588,0.046104040603424615
1986-02-20,0.046104040603424615,0.04640614812837292
1986-02-21,0.04640614812837292,0.04759991496289903
1986-02-24,0.047620138321618904,0.04664355217188426
1986-02-25,0.04664355217188426,0.045845086018648014
1986-02-26,0.045845086018648014,0.045327114898187325
1986-02-27,0.045327114898187325,0.0469427288588121
1986-02-28,0.04731853794801275,0.04683998848133928
1986-03-03,0.04683998848133928,0.04615452769322483
1986-03-04,0.04615452769322483,0.04695216735159037
1986-03-05,0.04695216735159037,0.046651499373171354
1986-03-06,0.046651499373171354,0.04720535768997068
1986-03-07,0.04720535768997068,0.04711483973765175
1986-03-10,0.04711483973765175,0.04884760919228213
1986-03-11,0.04884760919228213,0.05184153745579799
1986-03-12,0.05184153745579799,0.05320582883050045
1986-03-13,0.05320582883050045,0.05363040067869311
1986-03-14,0.05363040067869311,0.053619462454907806
1986-03-17,0.053619462454907806,0.05292460400351266
1986-03-18,0.05292460400351266,0.05429142068410251
1986-03-19,0.05429142068410251,0.05412593282498487
1986-03-20,0.05412593282498487,0.05448377169111518
1986-03-21,0.05448377169111518,0.0547104822336488
1986-03-24,0.0547104822336488,0.05369577549220673
1986-03-25,0.05369577549220673,0.05412836903209239
1986-03-26,0.05412836903209239,0.05387513730890998
1986-03-27,0.05386964400668328,0.05510434722245616
1986-03-31,0.05510434722245616,0.055644714036998694
1986-04-01,0.055644714036998694,0.0551849289414998
1986-04-02,0.0551849289414998,0.055709084909841715
1986-04-03,0.055709084909841715,0.05547341947984319
1986-04-04,0.05547341947984319,0.05359893606799797
1986-04-07,0.05359893606799797,0.05252720053100612
1986-04-08,0.05252720053100612,0.055629094525041764
1986-04-09,0.055629094525041764,0.05576916644791028
1986-04-10,0.05576916644791028,0.058811026625570154
1986-04-11,0.058811026625570154,0.05985730670111837
1986-04-14,0.05985730670111837,0.061339390891422485
1986-04-15,0.061339390891422485,0.06252891292913258
1986-04-16,0.06252891292913258,0.06734209676873816
1986-04-17,0.06734209676873816,0.06754551325601421
1986-04-18,0.06540519752666205,0.06576054089408546
1986-04-21,0.06576054089408546,0.06684291228237699
1986-04-22,0.06535659260405119,0.06599208358442624
1986-04-23,0.06447458332044859,0.06547474752574356
1986-04-24,0.06547474752574356,0.0684623880879985
1986-04-25,0.0684623880879985,0.06923972688973536
1986-04-28,0.06923972688973536,0.06851477737755912
1986-04-29,0.06851477737755912,0.06639378359130901
1986-04-30,0.06639378359130901,0.06218989744811138
1986-05-01,0.06218989744811138,0.0613408110649688
1986-05-02,0.0613408110649688,0.06230145896317149
1986-05-05,0.06230145896317149,0.064869727136203
1986-05-06,0.064869727136203,0.06485115122330717
1986-05-07,0.06485115122330717,0.06377391618925915
1986-05-08,0.06377391618925915,0.06488201476847993
1986-05-09,0.06488201476847993,0.06581708565409637
1986-05-12,0.06581708565409637,0.06561078395303983
1986-05-13,0.06561078395303983,0.0647373636955646
1986-05-14,0.0647373636955646,0.0646817177973403
1986-05-15,0.0646817177973403,0.06314917393794191
1986-05-16,0.06314917393794191,0.062212664441101254
1986-05-19,0.062212664441101254,0.06259197619572632
1986-05-20,0.06259197619572632,0.06464733973039585
1986-05-21,0.06464733973039585,0.06517849449771333
1986-05-22,0.06517849449771333,0.06789840798596988
1986-05-23,0.06789840798596988,0.06858107778046883
1986-05-27,0.06858107778046883,0.06987850657950012
1986-05-28,0.06987850657950012,0.07004758020677973
1986-05-29,0.07004758020677973,0.07045795483462686
1986-05-30,0.07045795483462686,0.07247204694787751
1986-06-02,0.07247204694787751,0.07096627779342016
1986-06-03,0.07096627779342016,0.07107139596059997
1986-06-04,0.07107139596059997,0.07069654663525793
1986-06-05,0.07069654663525793,0.07139772838211339
1986-06-06,0.07139772838211339,0.07077107729875859
1986-06-09,0.07077107729875859,0.06647590132694353
1986-06-10,0.06646960845584998,0.0658409749615113
1986-06-11,0.0658409749615113,0.06825216260635737
1986-06-12,0.06825216260635737,0.06867438283539731
1986-06-13,0.06867438283539731,0.0712309509115914
1986-06-16,0.0712309509115914,0.06918425798797469
1986-06-17,0.06918425798797469,0.06631232900721039
1986-06-18,0.06631232900721039,0.06619314718804739
1986-06-19,0.06619314718804739,0.06719557123871935
1986-06-20,0.06719557123871935,0.06758159300955434
1986-06-23,0.06758159300955434,0.06754346167350471
1986-06-24,0.06754346167350471,0.06912459008326433
1986-06-25,0.06912459008326433,0.07067215156785663
1986-06-26,0.07067215156785663,0.07030570497212915
1986-06-27,0.07030570497212915,0.07016876831764036
1986-06-30,0.07016876831764036,0.07147128539710687
1986-07-01,0.07147128539710687,0.07240743520249852
1986-07-02,0.07240743520249852,0.0732519984227633
1986-07-03,0.0732519984227633,0.07399585645422678
1986-07-07,0.07399585645422678,0.06469886698157784
1986-07-08,0.06469886698157784,0.05932387742200141
1986-07-09,0.05932387742200141,0.06182055400079249
1986-07-10,0.06182055400079249,0.06048396703152544
1986-07-11,0.06048396703152544,0.05879634601653177
1986-07-14,0.05879634601653177,0.054676706594420435
1986-07-15,0.054676706594420435,0.05134743003938124
1986-07-16,0.05134743003938124,0.05254812820937165
1986-07-17,0.05254812820937165,0.05369252412390229
1986-07-18,0.05369252412390229,0.05292763013363508
1986-07-21,0.05292763013363508,0.052191531755761585
1986-07-22,0.052191531755761585,0.052542848459531666
1986-07-23,0.052542848459531666,0.05229690095248983
1986-07-24,0.05229690095248983,0.05240882793158994
1986-07-25,0.05240882793158994,0.053455007206793234
1986-07-28,0.053455007206793234,0.050475080139548746
1986-07-29,0.050475080139548746,0.04912218320781816
1986-07-30,0.04912218320781816,0.04944409175692237
1986-07-31,0.049510808887747844,0.04963408007850742
1986-08-01,0.04963408007850742,0.04910414288305298
1986-08-04,0.04910414288305298,0.047403078673877205
1986-08-05,0.047403078673877205,0.04673955865121264
1986-08-06,0.04673955865121264,0.04543977082930049
1986-08-07,0.04543977082930049,0.0455852697455208
1986-08-08,0.0455852697455208,0.04714046382740779
1986-08-11,0.04714046382740779,0.05026615964351014
1986-08-12,0.05026615964351014,0.051945840580294896
1986-08-13,0.051945840580294896,0.05382679415310439
1986-08-14,0.05382679415310439,0.055085337926859455
1986-08-15,0.05509636612126537,0.05462254443878263
1986-08-18,0.05462254443878263,0.05406930053955884
1986-08-19,0.05406930053955884,0.0535524310183831
1986-08-20,0.0535524310183831,0.05480659870072493
1986-08-21,0.05480659870072493,0.05508655823879118
1986-08-22,0.05508655823879118,0.05611662236594695
1986-08-25,0.05611662236594695,0.05496227660751036
1986-08-26,0.05496227660751036,0.056331653520343195
1986-08-27,0.056331653520343195,0.05729875067480633
1986-08-28,0.05729875067480633,0.05732701246278424
1986-08-29,0.05732701246278424,0.05693677491106391
1986-09-02,0.05693677491106391,0.05427947445797151
1986-09-03,0.05427947445797151,0.054802872302705474
1986-09-04,0.054802872302705474,0.056531233384244026
1986-09-05,0.056531233384244026,0.05459886996652671
1986-09-08,0.05459886996652671,0.0511843939235612
1986-09-09,0.0511843939235612,0.05035663327414013
1986-09-10,0.05035663327414013,0.0492994869793922
1986-09-11,0.0492994869793922,0.042882448711451124
1986-09-12,0.042882448711451124,0.03970017562358932
1986-09-15,0.03970017562358932,0.03961638479060337
1986-09-16,0.03961638479060337,0.039854192548704544
1986-09-17,0.039854192548704544,0.040897628381220276
1986-09-18,0.040897628381220276,0.042467380463098975
1986-09-19,0.042467380463098975,0.04276252376484725
1986-09-22,0.04282275275784815,0.04430663978308487
1986-09-23,0.04430663978308487,0.04378016544483947
1986-09-24,0.04378016544483947,0.0434696104810317
1986-09-25,0.04195230758125898,0.04195230758125898
1986-09-26,0.04195230758125898,0.041924871953619075
1986-09-29,0.041924871953619075,0.04005084256257762
1986-09-30,0.04005084256257762,0.041788385789131056
1986-10-01,0.0418111886314004,0.04249070718302475
1986-10-02,0.04249070718302475,0.04244922154250398
1986-10-03,0.04244922154250398,0.04275786268776234
1986-10-06,0.04285044788789435,0.043276934359226464
1986-10-07,0.043276934359226464,0.042474328130707686
1986-10-08,0.042474328130707686,0.043405191461042596
1986-10-09,0.043386487064101274,0.043311705236462064
1986-10-10,0.043311705236462064,0.043969949039952765
1986-10-13,0.043969949039952765,0.04472914312936755
1986-10-14,0.04472914312936755,0.045005762662062014
1986-10-15,0.045005762662062014,0.0460928831839907
1986-10-16,0.0460928831839907,0.045898249709717356
1986-10-17,0.04588369483104527,0.045214297166382124
1986-10-20,0.045214297166382124,0.044162353938459006
1986-10-21,0.044162353938459006,0.0439968604400577
1986-10-22,0.0439968604400577,0.044350596133576003
1986-10-23,0.044350596133576003,0.046105012277993615
1986-10-24,0.046105012277993615,0.04592500562847012
1986-10-27,0.04592500562847012,0.045726054256908955
1986-10-28,0.045726054256908955,0.04643729887647986
1986-10-29,0.04643729887647986,0.04705812359214572
1986-10-30,0.04705812359214572,0.048685573058886523
1986-10-31,0.048685573058886523,0.04838292447584897
1986-11-03,0.04838292447584897,0.04871445383924098
1986-11-04,0.04871445383924098,0.0498800874764283
1986-11-05,0.0498800874764283,0.05010049722691954
1986-11-06,0.050105643220831816,0.0493087440521602
1986-11-07,0.0493087440521602,0.048800091867196985
1986-11-10,0.048800091867196985,0.04817876158343236
1986-11-11,0.04817876158343236,0.04923553367657408
1986-11-12,0.04923553367657408,0.04946925838066497
1986-11-13,0.04946925838066497,0.047262196302948166
1986-11-14,0.047262196302948166,0.0473511858636839
1986-11-17,0.0473511858636839,0.047044323701777115
1986-11-18,0.047044323701777115,0.04454582459009838
1986-11-19,0.04454582459009838,0.04348648637406656
1986-11-20,0.04348648637406656,0.04513656963570934
1986-11-21,0.04513656963570934,0.04666017691755006
1986-11-24,0.04666017691755006,0.04822259208173043
1986-11-25,0.04822259208173043,0.04949912584012167
1986-11-26,0.04949912584012167,0.0506196976378215
1986-11-28,0.0506196976378215,0.051726052557605984
1986-12-01,0.051726052557605984,0.050587960492295705
1986-12-02,0.050587960492295705,0.05266515835898357
1986-12-03,0.05266515835898357,0.05395467514626236
1986-12-04,0.053960073003864954,0.053846809181997475
1986-12-05,0.053846809181997475,0.05283974217524759
1986-12-08,0.05283974217524759,0.05156346594722562
1986-12-09,0.05156346594722562,0.05053809527033774
1986-12-10,0.05053809527033774,0.05063100188515095
1986-12-11,0.05063100188515095,0.04972660000503451
1986-12-12,0.04972148891927528,0.04860332854551041
1986-12-15,0.04860332854551041,0.04769314877658322
1986-12-16,0.04769314877658322,0.048105289634381515
1986-12-17,0.048105289634381515,0.04666202380534185
1986-12-18,0.04666202380534185,0.04647608444589287
1986-12-19,0.04647608444589287,0.047369144170950256
1986-12-22,0.047369144170950256,0.04768050389031625
1986-12-23,0.04768050389031625,0.04640975999305948
1986-12-24,0.04640975999305948,0.04640001573997391
1986-12-26,0.04640001573997391,0.046536490559818545
1986-12-29,0.046536490559818545,0.04514953007051652
1986-12-30,0.04514953007051652,0.04515909613677542
1986-12-31,0.04515909613677542,0.04504422870133901
1987-01-02,0.04504422870133901,0.046434690901501846
1987-01-05,0.046434690901501846,0.05086655953277445
1987-01-06,0.05086655953277445,0.052579881902387285
1987-01-07,0.052579881902387285,0.05672285836106952
1987-01-08,0.05672285836106952,0.05974300570371677
1987-01-09,0.05974300570371677,0.06123955824758185
1987-01-12,0.06123955824758185,0.06394868852565799
1987-01-13,0.06394868852565799,0.06432803620344185
1987-01-14,0.06432803620344185,0.06800347385007756
1987-01-15,0.06800347385007756,0.06986598211086363
1987-01-16,0.06986598211086363,0.06778461705522963
1987-01-19,0.06778461705522963,0.07271471380366065
1987-01-20,0.07271471380366065,0.07279990140159524
1987-01-21,0.07279990140159524,0.06983578026510513
1987-01-22,0.06983578026510513,0.07453587317868669
1987-01-23,0.07453587317868669,0.07296477100966806
1987-01-26,0.07296477100966806,0.06951921844285766
1987-01-27,0.06951921844285766,0.07271479769111097
1987-01-28,0.07271479769111097,0.07398448854419423
1987-01-29,0.07398448854419423,0.07148855378809808
1987-01-30,0.07144973571262571,0.07269797777126596
1987-02-02,0.07273723111850867,0.0774495078328468
1987-02-03,0.0774495078328468,0.07915489326993787
1987-02-04,0.07915489326993787,0.08184715266891807
1987-02-05,0.08184715266891807,0.08345342474982961
1987-02-06,0.08302335615830105,0.08344481605625359
1987-02-09,0.08143073151030691,0.08199482666590326
1987-02-10,0.08199482666590326,0.08015303789883584
1987-02-11,0.08015303789883584,0.0852531555985072
1987-02-12,0.08526042941479643,0.08566738709997994
1987-02-13,0.08566738709997994,0.08974991532986087
1987-02-17,0.08974991532986087,0.09664410329407877
1987-02-18,0.09664410329407877,0.09279204152740102
1987-02-19,0.09279204152740102,0.09073350600862078
1987-02-20,0.09073350600862078,0.08894022776286083
1987-02-23,0.08894022776286083,0.08747685292325728
1987-02-24,0.08747685292325728,0.08930067271963928
1987-02-25,0.08930067271963928,0.09233990800752218
1987-02-26,0.09233990800752218,0.09419976294447616
1987-02-27,0.09419976294447616,0.09507617587786933
1987-03-02,0.09507617587786933,0.09244630242942108
1987-03-03,0.09244630242942108,0.09168044789224176
1987-03-04,0.09168044789224176,0.09580837789572627
1987-03-05,0.09580837789572627,0.09799612473986331
1987-03-06,0.09799612473986331,0.09738322654161552
1987-03-09,0.09738322654161552,0.0945138112535736
1987-03-10,0.0945138112535736,0.09760598643018072
1987-03-11,0.09760598643018072,0.09894733323286126
1987-03-12,0.09894733323286126,0.09808233572063156
1987-03-13,0.09808233572063156,0.09552634898973013
1987-03-16,0.09552634898973013,0.0948457539505843
1987-03-17,0.0948457539505843,0.09978190357109692
1987-03-18,0.09978190357109692,0.10001539689235248
1987-03-19,0.10001539689235248,0.10310384874364087
1987-03-20,0.10310384874364087,0.10617292191077621
1987-03-23,0.10617292191077621,0.10545978375903278
1987-03-24,0.10545978375903278,0.10676271678830071
1987-03-25,0.10676271678830071,0.10678800343338238
1987-03-26,0.10678800343338238,0.10764703694714069
1987-03-27,0.10764703694714069,0.10484445107316967
1987-03-30,0.10484445107316967,0.09616796200305247
1987-03-31,0.09616796200305247,0.09962838668531544
1987-04-01,0.09962838668531544,0.09968462230953422
1987-04-02,0.09968462230953422,0.10223199511439107
1987-04-03,0.08941077411658,0.10663259447825306
1987-04-06,0.10663259447825306,0.1058886727800102
1987-04-07,0.1058886727800102,0.10009826120688234
1987-04-08,0.10009826120688234,0.1030541885927361
1987-04-09,0.1030541885927361,0.10215583506482023
1987-04-10,0.10215583506482023,0.10143323870382392
1987-04-13,0.10143323870382392,0.09441908660536492
1987-04-14,0.09441908660536492,0.08792069885575864
1987-04-15,0.08792069885575864,0.09193455041008053
1987-04-16,0.09193455041008053,0.09387691849285736
1987-04-20,0.09387691849285736,0.09139390964445779
1987-04-21,0.09139390964445779,0.09517260358267356
1987-04-22,0.09517260358267356,0.09412106933461656
1987-04-23,0.09412106933461656,0.09383710584573363
1987-04-24,0.09383710584573363,0.08863640875934778
1987-04-27,0.08863640875934778,0.0874201964228886
1987-04-28,0.0874201964228886,0.08992521420358529
1987-04-29,0.08992521420358529,0.09134653786526699
1987-04-30,0.09134653786526699,0.0952717027975142
1987-05-01,0.0952717027975142,0.09681807030041449
1987-05-04,0.09681807030041449,0.0977871290678413
1987-05-05,0.0977871290678413,0.10295577077906952
1987-05-06,0.10295577077906952,0.10223949612725633
1987-05-07,0.10223949612725633,0.10340612856965181
1987-05-08,0.10340612856965181,0.1039693773768403
1987-05-11,0.1039693773768403,0.10213424613142538
1987-05-12,0.10213424613142538,0.10170517967452324
1987-05-13,0.10170517967452324,0.10383641437510477
1987-05-14,0.10383641437510477,0.10456488278513376
1987-05-15,0.10456488278513376,0.09991060783666386
1987-05-18,0.09991060783666386,0.09599467914100196
1987-05-19,0.09599467914100196,0.08979879399411267
1987-05-20,0.08979879399411267,0.09014766741581913
1987-05-21,0.09014766741581913,0.09157654524871155
1987-05-22,0.09157654524871155,0.09004240861992298
1987-05-26,0.09004240861992298,0.09529207158371933
1987-05-27,0.09529207158371933,0.09650400590196061
1987-05-28,0.09650400590196061,0.09985910815037864
1987-05-29,0.09985910815037864,0.10091020660650081
1987-06-01,0.10091020660650081,0.09624343120591398
1987-06-02,0.09624343120591398,0.09413069380002997
1987-06-03,0.09413069380002997,0.09605921667991116
1987-06-04,0.09605921667991116,0.09682714804894962
1987-06-05,0.09682714804894962,0.09593817032286102
1987-06-08,0.09593817032286102,0.09880570732893615
1987-06-09,0.09880570732893615,0.10187206789682844
1987-06-10,0.10187206789682844,0.1027511298630296
1987-06-11,0.1027511298630296,0.10217522555076519
1987-06-12,0.10217522555076519,0.10329845649941503
1987-06-15,0.10329845649941503,0.10206122820693017
1987-06-16,0.10206122820693017,0.10454815227581434
1987-06-17,0.10454815227581434,0.10484352996255294
1987-06-18,0.10484352996255294,0.10656971262643732
1987-06-19,0.10656971262643732,0.1060379021052361
1987-06-22,0.1060379021052361,0.10744583615185786
1987-06-23,0.10744583615185786,0.1056745713368395
1987-06-24,0.1056745713368395,0.10578199062263884
1987-06-25,0.10578199062263884,0.10485594403393078
1987-06-26,0.10485594403393078,0.10438740300302396
1987-06-29,0.10438740300302396,0.10379733397851383
1987-06-30,0.10379733397851383,0.10141332942014483
1987-07-01,0.10141332942014483,0.10179113845026101
1987-07-02,0.10188783542236968,0.10325861747779008
1987-07-06,0.10325861747779008,0.10104575742822124
1987-07-07,0.10104575742822124,0.09900909022617486
1987-07-08,0.09900909022617486,0.09842373607187338
1987-07-09,0.09842373607187338,0.09935344465110803
1987-07-10,0.09935344465110803,0.10055852090675375
1987-07-13,0.10055852090675375,0.10325183473316202
1987-07-14,0.10325183473316202,0.11067770725971834
1987-07-15,0.11067770725971834,0.11048186843725773
1987-07-16,0.11048186843725773,0.11247186567149868
1987-07-17,0.11247186567149868,0.11217068421538315
1987-07-20,0.11217068421538315,0.10872592231428725
1987-07-21,0.10872592231428725,0.10760704258448281
1987-07-22,0.10760704258448281,0.10834224356331126
1987-07-23,0.10834224356331126,0.1047669416626242
1987-07-24,0.1047669416626242,0.10726156994276712
1987-07-27,0.10726156994276712,0.10754499293585247
1987-07-28,0.10754499293585247,0.10848018687772265
1987-07-29,0.10848018687772265,0.11010944926127453
1987-07-30,0.11010944926127453,0.11323078925959289
1987-07-31,0.11323078925959289,0.11285924491459381
1987-08-03,0.11285924491459381,0.11094520630733798
1987-08-04,0.11094520630733798,0.11203624598655372
1987-08-05,0.11203624598655372,0.11609431145085804
1987-08-06,0.11609431145085804,0.1224540575588826
1987-08-07,0.1224540575588826,0.12584804287519302
1987-08-10,0.12584804287519302,0.1301103148342686
1987-08-11,0.1301103148342686,0.13458141745390462
1987-08-12,0.13458141745390462,0.1320046114819691
1987-08-13,0.1320046114819691,0.13087621046375217
1987-08-14,0.13087621046375217,0.13086669305067847
1987-08-17,0.13086669305067847,0.13156076317418078
1987-08-18,0.13156076317418078,0.12596959057012103
1987-08-19,0.12596959057012103,0.12873117057315522
1987-08-20,0.12873117057315522,0.13538739747172673
1987-08-21,0.13538739747172673,0.13858530378129094
1987-08-24,0.13858530378129094,0.13642335085699397
1987-08-25,0.13642335085699397,0.13883622452050692
1987-08-26,0.13883622452050692,0.13971584587426333
1987-08-27,0.13971584587426333,0.1386737153057566
1987-08-28,0.1386737153057566,0.13513833382831164
1987-08-31,0.13513833382831164,0.13655541930909593
1987-09-01,0.13655541930909593,0.131306926319044
1987-09-02,0.131306926319044,0.12909826689848572
1987-09-03,0.12909826689848572,0.1277522581980915
1987-09-04,0.1277522581980915,0.1259669696943659
1987-09-08,0.1259669696943659,0.11826301407097752
1987-09-09,0.11826301407097752,0.12128025129508294
1987-09-10,0.12128025129508294,0.12771421748974993
1987-09-11,0.12771421748974993,0.12995522290024028
1987-09-14,0.12995522290024028,0.12767872818386602
1987-09-15,0.12767872818386602,0.1222550606624834
1987-09-16,0.1222550606624834,0.12052327943626323
1987-09-17,0.12052327943626323,0.12187937219406005
1987-09-18,0.12187937219406005,0.12119174409534912
1987-09-21,0.12119174409534912,0.1132324643979396
1987-09-22,0.1132324643979396,0.12041353276993849
1987-09-23,0.12041353276993849,0.1251570315569029
1987-09-24,0.1251570315569029,0.1261965615744887
1987-09-25,0.1261965615744887,0.12707533606387522
1987-09-28,0.12707533606387522,0.12616461362452092
1987-09-29,0.12616461362452092,0.1252859972063999
1987-09-30,0.1252859972063999,0.12778069092753458
1987-10-01,0.12778069092753458,0.1356152229222073
1987-10-02,0.1356152229222073,0.1403490366910647
1987-10-05,0.1403490366910647,0.14365357178403879
1987-10-06,0.14365357178403879,0.13208390560487662
1987-10-07,0.13208390560487662,0.12983668037553456
1987-10-08,0.12983668037553456,0.12368969381121477
1987-10-09,0.12368969381121477,0.12157580065782696
1987-10-12,0.12157580065782696,0.11645973366022912
1987-10-13,0.11645973366022912,0.11926876121121226
1987-10-14,0.11926876121121226,0.11262757095064731
1987-10-15,0.11262757095064731,0.10504855386052288
1987-10-16,0.10504855386052288,0.08908437523366972
1987-10-19,0.08908437523366972,0.048788974131151644
1987-10-20,0.048788974131151644,0.03779618573517819
1987-10-21,0.03779618573517819,0.04946899373550369
1987-10-22,0.04946899373550369,0.04124856837963604
1987-10-23,0.04124856837963604,0.037482195450517515
1987-10-26,0.037482195450517515,0.024340748537769977
1987-10-27,0.024340748537769977,0.02515953155868807
1987-10-28,0.02515953155868807,0.02594125717900236
1987-10-29,0.025938288664128194,0.033313218393435026
1987-10-30,0.033313218393435026,0.03778699156607605
1987-11-02,0.03778699156607605,0.039392189536869106
1987-11-03,0.039392189536869106,0.03546318449000751
1987-11-04,0.03546318449000751,0.03604888405274716
1987-11-05,0.03604888405274716,0.039765973341977554
1987-11-06,0.039765973341977554,0.03793397411023222
1987-11-09,0.03793397411023222,0.03476568246958197
1987-11-10,0.03476568246958197,0.032601212915941834
1987-11-11,0.032601212915941834,0.03398870819630738
1987-11-12,0.03398870819630738,0.037048116410622056
1987-11-13,0.037048116410622056,0.035642537212527484
1987-11-16,0.035642537212527484,0.03528840752974157
1987-11-17,0.03528840752974157,0.03249926196570217
1987-11-18,0.03249926196570217,0.03335489954166155
1987-11-19,0.03335489954166155,0.030746792827686935
1987-11-20,0.030746792827686935,0.030599669326822124
1987-11-23,0.030599669326822124,0.03125474119189792
1987-11-24,0.03125474119189792,0.03311892480766205
1987-11-25,0.03311892480766205,0.033349006859322766
1987-11-27,0.033352460244822926,0.0322173235634474
1987-11-30,0.0322173235634474,0.028016972111423403
1987-12-01,0.028016972111423403,0.02803842764378692
1987-12-02,0.02803842764378692,0.028525971345487927
1987-12-03,0.028525971345487927,0.025421206226946262
1987-12-04,0.025421206226946262,0.023978536359797936
1987-12-07,0.023978536359797936,0.025473119770846868
1987-12-08,0.025473119770846868,0.027507792346924607
1987-12-09,0.027507792346924607,0.029361227917944058
1987-12-10,0.029282446715153655,0.028892394621547357
1987-12-11,0.028892394621547357,0.02939432478062084
1987-12-14,0.02939432478062084,0.03334243596685803
1987-12-15,0.03334243596685803,0.03389707639796832
1987-12-16,0.03389707639796832,0.0367839457648305
1987-12-17,0.0367839457648305,0.03594385612226793
1987-12-18,0.03594385612226793,0.03942170749245602
1987-12-21,0.03942170749245602,0.0403961436207068
1987-12-22,0.0403961436207068,0.04003494618325584
1987-12-23,0.04003494618325584,0.041969073798456574
1987-12-24,0.041969073798456574,0.04206864613122589
1987-12-28,0.04206864613122589,0.03775633489131093
1987-12-29,0.03775633489131093,0.038916606329108455
1987-12-30,0.038916606329108455,0.04114048627430769
1987-12-31,0.04114048627430769,0.0403283194504506
1988-01-04,0.0403283194504506,0.04463344631803514
1988-01-05,0.04463344631803514,0.04667741149731548
1988-01-06,0.04667741149731548,0.04829271271850063
1988-01-07,0.04829271271850063,0.05049410527368969
1988-01-08,0.05049410527368969,0.0410612648189765
1988-01-11,0.0410612648189765,0.04159076369142815
1988-01-12,0.04159076369142815,0.039116919755413246
1988-01-13,0.039116919755413246,0.03898126994345093
1988-01-14,0.03898126994345093,0.039349672077129104
1988-01-15,0.039349672077129104,0.042217009331277464
1988-01-18,0.042217009331277464,0.04158305837968669
1988-01-19,0.04158305837968669,0.040786829223987346
1988-01-20,0.040786829223987346,0.03649286869187094
1988-01-21,0.03649286869187094,0.036841126928466035
1988-01-22,0.036841126928466035,0.03785639478191881
1988-01-25,0.03785639478191881,0.03984296120111756
1988-01-26,0.03984296120111756,0.03845402192522179
1988-01-27,0.03845402192522179,0.03859894525436204
1988-01-28,0.03859894525436204,0.040260366801371635
1988-01-29,0.040260366801371635,0.04139038400136413
1988-02-01,0.04139038400136413,0.04098852347517899
1988-02-02,0.04098852347517899,0.04126761233103968
1988-02-03,0.04126761233103968,0.03940248692039345
1988-02-04,0.03940248692039345,0.04000643588094793
1988-02-05,0.04000643588094793,0.040490688001312315
1988-02-08,0.040490688001312315,0.040383065213060725
1988-02-09,0.040383065213060725,0.04119263933230777
1988-02-10,0.04119263933230777,0.04376637941514884
1988-02-11,0.04376637941514884,0.04434501846738708
1988-02-12,0.04434501846738708,0.04514507851121567
1988-02-16,0.04514507851121567,0.04647104903384345
1988-02-17,0.04647104903384345,0.04669422409962357
1988-02-18,0.04669422409962357,0.046647762766608314
1988-02-19,0.046647762766608314,0.047766462192998925
1988-02-22,0.047766462192998925,0.05044675901322328
1988-02-23,0.05051344561209293,0.05141232815842732
1988-02-24,0.05141232815842732,0.05248388949862962
1988-02-25,0.05248388949862962,0.05094109376159492
1988-02-26,0.05094109376159492,0.05081581832379201
1988-02-29,0.05081581832379201,0.05259806755864193
1988-03-01,0.05259806755864193,0.0525934930597096
1988-03-02,0.0525934930597096,0.054860109529389876
1988-03-03,0.054860109529389876,0.05616178467930596
1988-03-04,0.05616178467930596,0.05701137030116685
1988-03-07,0.05701137030116685,0.05804785007961658
1988-03-08,0.05804785007961658,0.059179764797656464
1988-03-09,0.059179764797656464,0.060776017745170004
1988-03-10,0.060776017745170004,0.057954170357620384
1988-03-11,0.057954170357620384,0.05742313804064552
1988-03-14,0.05742313804064552,0.05870143861493324
1988-03-15,0.05870143861493324,0.057821944673885864
1988-03-16,0.057821944673885864,0.05986969631839245
1988-03-17,0.05986969631839245,0.06068103567923288
1988-03-18,0.06068103567923288,0.0604801469671549
1988-03-21,0.0604801469671549,0.058340355736907816
1988-03-22,0.058340355736907816,0.05943118557490271
1988-03-23,0.05943118557490271,0.058668544678889815
1988-03-24,0.058668544678889815,0.054269512572071035
1988-03-25,0.054269512572071035,0.052513479039425194
1988-03-28,0.052513479039425194,0.052477020435321556
1988-03-29,0.052477020435321556,0.053228467715394655
1988-03-30,0.053228467715394655,0.05181704197339111
1988-03-31,0.05181704197339111,0.05283753900673602
1988-04-04,0.05283753900673602,0.05114043502049573
1988-04-05,0.05114043502049573,0.052474110169633936
1988-04-06,0.052474110169633936,0.05584754496168407
1988-04-07,0.05584754496168407,0.05654010103993829
1988-04-08,0.056511406504411194,0.05807000218386424
1988-04-11,0.058517874401585665,0.05905611526695314
1988-04-12,0.05923333547475447,0.05921361502197745
1988-04-13,0.05921853651558126,0.05949472737640325
1988-04-14,0.05933147271205194,0.052467303061228994
1988-04-15,0.0523719089980574,0.052344690563611025
1988-04-18,0.052376439012853084,0.05272124416581838
1988-04-19,0.053053875780792493,0.05345655241772636
1988-04-20,0.053378378285327946,0.05215165265889983
1988-04-21,0.05241853863789263,0.05136551840285338
1988-04-22,0.05120431307103035,0.05248226829069054
1988-04-25,0.052532224560753044,0.05346393691046063
1988-04-26,0.05353751282212209,0.0556224928227193
1988-04-27,0.0556177820472954,0.05606149186922431
1988-04-28,0.056127919149710756,0.05560551627797583
1988-04-29,0.05561496455838418,0.054840866841003415
1988-05-02,0.05485489445933506,0.055612543554834346
1988-05-03,0.055711668195626084,0.05773882531333073
1988-05-04,0.057854961378416135,0.05738013936999483
1988-05-05,0.05728858695654322,0.056470310214687985
1988-05-06,0.056489383506865824,0.055993468122340344
1988-05-09,0.05592711020418151,0.05386192681110588
1988-05-10,0.053751085300382986,0.05329909444313095
1988-05-11,0.05301015437597443,0.050080968943281075
1988-05-12,0.0500985655474371,0.050877226478396244
1988-05-13,0.05111278922531691,0.0527846473247038
1988-05-16,0.05296682285413841,0.053825030961011315
1988-05-17,0.05406495230852096,0.05297746346558761
1988-05-18,0.05297746346558761,0.049521614356791435
1988-05-19,0.04939947214282209,0.04957367197399993
1988-05-20,0.04966098307327883,0.04917148583047667
1988-05-23,0.04904558903920259,0.047233891504020506
1988-05-24,0.04735645248801793,0.048554517728203406
1988-05-25,0.048571725166537856,0.04838229352147361
1988-05-26,0.04842953469281658,0.0491084275453652
1988-05-27,0.04896966014181192,0.04887443001237124
1988-05-31,0.04881390164136396,0.05212258818840407
1988-06-01,0.052248876177360536,0.05513109726817743
1988-06-02,0.05500003764171857,0.05492058531160545
1988-06-03,0.05512601341054434,0.05637569245239445
1988-06-06,0.05629968068026248,0.058027346332084846
1988-06-07,0.057872398443563115,0.05804640976066041
1988-06-08,0.05814328615956361,0.061198093780790344
1988-06-09,0.061198093780790344,0.06095732861846688
1988-06-10,0.06101236574372251,0.062469015686046424
1988-06-13,0.0626774905322684,0.06292718989831683
1988-06-14,0.06328996170906417,0.06399264910620027
1988-06-15,0.06374980191860166,0.06433219054143018
1988-06-16,0.06399515876775912,0.06267757715451387
1988-06-17,0.06286611185729099,0.06210024066876371
1988-06-20,0.062161008246975465,0.061345152436790805
1988-06-21,0.061536011230088505,0.06295038028836797
1988-06-22,0.06309345645816136,0.06519168470789596
1988-06-23,0.06518646572185073,0.06528582863584582
1988-06-24,0.06537481250318687,0.0655791655903184
1988-06-27,0.06531138325418556,0.06323784426662477
1988-06-28,0.06320710027380294,0.06638819710792462
1988-06-29,0.06647286436856788,0.06595914398201204
1988-06-30,0.06589592187914953,0.06726490136399366
1988-07-01,0.06748375223118983,0.06825941359609616
1988-07-05,0.06824863916263729,0.07036135722978529
1988-07-06,0.07027886505240619,0.0687401424299316
1988-07-07,0.06864268360533395,0.06760947109415111
1988-07-08,0.06742740567255903,0.06628351976829416
1988-07-11,0.0665741609699184,0.06579507091437144
1988-07-12,0.06645237309392328,0.06531431193085852
1988-07-13,0.06531431193085852,0.0662404658084159
1988-07-14,0.0663038444975256,0.06683235852992671
1988-07-15,0.06671548476375116,0.06665178771679425
1988-07-18,0.0667313542837388,0.06695427254902757
1988-07-19,0.06666700954169555,0.06375491902435128
1988-07-20,0.06382184052422434,0.06321400089540351
1988-07-21,0.06287106093450319,0.06030583248799904
1988-07-22,0.06028104241517159,0.05976542010847581
1988-07-25,0.059730909904512096,0.05949931138087659
1988-07-26,0.05921425601695874,0.05765142961254142
1988-07-27,0.057680301471902166,0.05540337884639516
1988-07-28,0.055483037063159955,0.05620059062408299
1988-07-29,0.05647493346741234,0.05899007147655676
1988-08-01,0.05898518234448224,0.05926357918296275
1988-08-02,0.05925867496231347,0.05837683110918458
1988-08-03,0.058527189832605526,0.05889645129056965
1988-08-04,0.05896963382655716,0.05899893107995068
1988-08-05,0.05899404161841663,0.057748520112328984
1988-08-08,0.0578833447162949,0.057671145873232174
1988-08-09,0.05779623327627056,0.055218694126508525
1988-08-10,0.05503646279245981,0.0509384451171914
1988-08-11,0.05119066269912889,0.05267341900447356
1988-08-12,0.05256936891736882,0.0518690181059919
1988-08-15,0.05176603216596894,0.04859531597496647
1988-08-16,0.04859531597496647,0.05078958152473871
1988-08-17,0.05070132061903426,0.051018672728261036
1988-08-18,0.051000964886896295,0.0515894961971895
1988-08-19,0.05171434490683296,0.05093277916630491
1988-08-22,0.05085761853573664,0.04835346319142927
1988-08-23,0.04837053028603198,0.04810578473286051
1988-08-24,0.04819938455271292,0.05010788212502378
1988-08-25,0.04970138074781203,0.04886669083566545
1988-08-26,0.048656075095322715,0.0492518219679005
1988-08-29,0.04938576697563116,0.05079691683794356
1988-08-30,0.05086748401949061,0.05044370245518305
1988-08-31,0.050522716437359214,0.04923953814009624
1988-09-01,0.049187707639338045,0.0468439316774097
1988-09-02,0.047269983532017654,0.04956862817882024
1988-09-06,0.049694385558217834,0.049976720916187954
1988-09-07,0.050159850245501306,0.05011614036965699
1988-09-08,0.050089932350420585,0.050875925424277275
1988-09-09,0.05097299216553755,0.05309790886806774
1988-09-12,0.053243153797565536,0.05320223183608598
1988-09-13,0.052747757920545375,0.053448163817172836
1988-09-14,0.0540635787490389,0.05446320816378168
1988-09-15,0.054472449275128704,0.0530182184729516
1988-09-16,0.05322677714566036,0.054135885446795325
1988-09-19,0.054117493491582354,0.05364410960848311
1988-09-20,0.05330600174602972,0.05427510735957712
1988-09-21,0.05425208968805393,0.05519577213831577
1988-09-22,0.05527027673075308,0.055633804428810815
1988-09-23,0.05558700575496877,0.05488524809658476
1988-09-26,0.05495482791293972,0.05339485249165339
1988-09-27,0.05341763113827603,0.05333107825089536
1988-09-28,0.05337203048344674,0.054473791131349716
1988-09-29,0.05449687452730733,0.05610795616784502
1988-09-30,0.05626327492691888,0.05661690464003266
1988-10-03,0.056545871403187224,0.0541804631182581
1988-10-04,0.05413450415209214,0.05372099526446849
1988-10-05,0.05366158447095914,0.053328145303552635
1988-10-06,0.05335998904924775,0.053669415703091645
1988-10-07,0.05334509170601731,0.05345427666768887
1988-10-10,0.05343150341784207,0.0524841662700333
1988-10-11,0.0526101745247546,0.053106003575958516
1988-10-12,0.052788495953725215,0.05099499658981303
1988-10-13,0.05087581986843637,0.052356662725864096
1988-10-14,0.05293611428225589,0.05283656439014632
1988-10-17,0.052945036810759696,0.05321203815143475
1988-10-18,0.05340728336170729,0.05430853626914581
1988-10-19,0.054469618769956325,0.05430821806326576
1988-10-20,0.05438645526874584,0.05741791491543701
1988-10-21,0.057131403410839394,0.056822056261106216
1988-10-24,0.056874211543542365,0.05555987346900236
1988-10-25,0.055639276771392784,0.05461529720361195
1988-10-26,0.05453217696273977,0.05364643293309916
1988-10-27,0.05334982258498203,0.05176319824511653
1988-10-28,0.05176319824511653,0.0523022706688267
1988-10-31,0.05228881321686855,0.05220808235679713
1988-11-01,0.05220359736991271,0.05204231116472051
1988-11-02,0.05204678664798491,0.05152362997169764
1988-11-03,0.051421474976519964,0.051731960842970395
1988-11-04,0.05132225554639741,0.05111849411088302
1988-11-07,0.051025721175494004,0.04915919073060188
1988-11-08,0.04940019423865577,0.051239536819950686
1988-11-09,0.05111124988312515,0.05101409365799327
1988-11-10,0.05102732482240502,0.05081999176625533
1988-11-11,0.05077600886075999,0.047271738359875796
1988-11-14,0.047418369952233995,0.047032122349787354
1988-11-15,0.047073880503543955,0.04632182721156929
1988-11-16,0.04657808943536058,0.04418025096363112
1988-11-17,0.044288357271701745,0.04472546471619822
1988-11-18,0.04468105710975501,0.04498359211484078
1988-11-21,0.04405974399411381,0.04280497268885922
1988-11-22,0.04287552100363065,0.04322474624419823
1988-11-23,0.0433194239131672,0.045468670919601925
1988-11-25,0.045366686642157907,0.04427097692400149
1988-11-28,0.04420686108058348,0.044491090376695755
1988-11-29,0.04460768542559789,0.04543733262141619
1988-11-30,0.04546587493861996,0.04708105816534399
1988-12-01,0.04703931338970384,0.048870719794706224
1988-12-02,0.04884076612381752,0.04911449395674574
1988-12-05,0.05017911227548117,0.05017911227548117
1988-12-06,0.05017911227548117,0.05118934551327614
1988-12-07,0.05118934551327614,0.05015240667340801
1988-12-08,0.05015240667340801,0.04932107756174907
1988-12-09,0.04932107756174907,0.049243606290203024
1988-12-12,0.049243606290203024,0.04865455974441299
1988-12-13,0.04863323895032603,0.04792542103885233
1988-12-14,0.04792542103885233,0.048444765523394655
1988-12-15,0.0485638426779346,0.04908353113988658
1988-12-16,0.04908353113988658,0.05113845370366875
1988-12-19,0.05113845370366875,0.052350683237143
1988-12-20,0.052350683237143,0.052068615962731025
1988-12-21,0.052068615962731025,0.05169834962397194
1988-12-22,0.05169834962397194,0.05178713975694144
1988-12-23,0.05178713975694144,0.052542794133125834
1988-12-27,0.052542794133125834,0.05219272880248769
1988-12-28,0.05219272880248769,0.05211230725659078
1988-12-29,0.05211230725659078,0.05349596690129647
1988-12-30,0.05349596690129647,0.05415907498112059
1989-01-03,0.05414990774755139,0.05160877468107008
1989-01-04,0.05187476391345609,0.05421902086193115
1989-01-05,0.05421902086193115,0.05415031854456405
1989-01-06,0.05415031854456405,0.05418235718636923
1989-01-09,0.05418235718636923,0.054301382829730814
1989-01-10,0.054301382829730814,0.05376494861561829
1989-01-11,0.05376494861561829,0.054247743466249505
1989-01-12,0.0544493466031779,0.055537933200021185
1989-01-13,0.055537933200021185,0.05563101921616608
1989-01-16,0.05563101921616608,0.055724194968508764
1989-01-17,0.055724194968508764,0.053755811808956666
1989-01-18,0.053755811808956666,0.055171883562654775
1989-01-19,0.055171883562654775,0.05695541025004017
1989-01-20,0.05695541025004017,0.0567188451730347
1989-01-23,0.0567188451730347,0.05472304885147845
1989-01-24,0.05472304885147845,0.05653788802990195
1989-01-25,0.05653788802990195,0.057841698153779535
1989-01-26,0.057841698153779535,0.06016893535938564
1989-01-27,0.06016893535938564,0.0597274694824449
1989-01-30,0.0597274694824449,0.06093800190212189
1989-01-31,0.06093800190212189,0.0626050265371688
1989-02-01,0.0626050265371688,0.06451872580564913
1989-02-02,0.06451872580564913,0.06605489664534513
1989-02-03,0.06605489664534513,0.06616970577926885
1989-02-06,0.06616970577926885,0.0656367852099561
1989-02-07,0.0656367852099561,0.06832855999596762
1989-02-08,0.06832855999596762,0.06618857833903172
1989-02-09,0.06618857833903172,0.06476763902578891
1989-02-10,0.06476763902578891,0.061693844343693155
1989-02-13,0.061693844343693155,0.061394848494438374
1989-02-14,0.061394848494438374,0.061618373465069466
1989-02-15,0.061618373465069466,0.06339591070323382
1989-02-16,0.06339591070323382,0.06381198022513278
1989-02-17,0.06381198022513278,0.06451014689155302
1989-02-21,0.06451014689155302,0.06416109568462956
1989-02-22,0.06416109568462956,0.06169584919895849
1989-02-23,0.06169584919895849,0.062403285704842756
1989-02-24,0.062403285704842756,0.060515821538049644
1989-02-27,0.060515821538049644,0.05975360159228059
1989-02-28,0.05975360159228059,0.05972921206345236
1989-03-01,0.05972921206345236,0.05954398242417249
1989-03-02,0.05954398242417249,0.06135365301191659
1989-03-03,0.06135365301191659,0.06170597077153602
1989-03-06,0.06170597077153602,0.06338963312198787
1989-03-07,0.06338963312198787,0.06257318839298567
1989-03-08,0.06257318839298567,0.06212576622696547
1989-03-09,0.06212576622696547,0.061220173231486055
1989-03-10,0.061220173231486055,0.060868398210718856
1989-03-13,0.060868398210718856,0.06174197525209202
1989-03-14,0.06174197525209202,0.06121881351192878
1989-03-15,0.06121881351192878,0.06122873155011311
1989-03-16,0.06122873155011311,0.06298269015534878
1989-03-17,0.06298269015534878,0.057808036084417584
1989-03-20,0.057808036084417584,0.05577375483806708
1989-03-21,0.05577375483806708,0.05778765012257297
1989-03-22,0.05778765012257297,0.05640676812827219
1989-03-23,0.05640676812827219,0.05682843390211329
1989-03-27,0.05682843390211329,0.05692732271315259
1989-03-28,0.05692732271315259,0.057747546704323346
1989-03-29,0.057747546704323346,0.05900868435904873
1989-03-30,0.05900868435904873,0.05999839379916228
1989-03-31,0.05999839379916228,0.06146771212046094
1989-04-03,0.06146771212046094,0.061428034455479896
1989-04-04,0.061428034455479896,0.06113549034245636
1989-04-05,0.06113549034245636,0.06168411591769526
1989-04-06,0.06168411591769526,0.06179350315828002
1989-04-07,0.06179350315828002,0.06398381766844403
1989-04-10,0.06398381766844403,0.06487531197216441
1989-04-11,0.06487531197216441,0.06655654465544959
1989-04-12,0.06655654465544959,0.06825087091322182
1989-04-13,0.06825087091322182,0.06750643521503913
1989-04-14,0.06750643521503913,0.07046246226207846
1989-04-17,0.07046246226207846,0.07041900903519677
1989-04-18,0.07041900903519677,0.07285087557557292
1989-04-19,0.07285087557557292,0.07422773101003653
1989-04-20,0.07422773101003653,0.07375552457925513
1989-04-21,0.07375552457925513,0.07511011121241895
1989-04-24,0.07511011121241895,0.07449256812249025
1989-04-25,0.07449256812249025,0.07328117288139556
1989-04-26,0.07328117288139556,0.07329231274901235
1989-04-27,0.07329231274901235,0.07587845270926541
1989-04-28,0.07587845270926541,0.07690501193871024
1989-05-01,0.07690501193871024,0.07722725430914269
1989-05-02,0.07722725430914269,0.07722147826892728
1989-05-03,0.07722147826892728,0.07819087136220139
1989-05-04,0.07819087136220139,0.07878432196940911
1989-05-05,0.07878432196940911,0.08035731994433776
1989-05-08,0.08035731994433776,0.07988331783140185
1989-05-09,0.07988331783140185,0.07946431314065856
1989-05-10,0.07946431314065856,0.07985245290170336
1989-05-11,0.07985245290170336,0.08044245206291145
1989-05-12,0.08044245206291145,0.08475875028106206
1989-05-15,0.08475875028106206,0.08689455234162291
1989-05-16,0.08689455234162291,0.0860958861314457
1989-05-17,0.0860958861314457,0.08916548626034328
1989-05-18,0.08916548626034328,0.08958438401096307
1989-05-19,0.08958438401096307,0.091558079692945
1989-05-22,0.091558079692945,0.09124801278160342
1989-05-23,0.09124801278160342,0.08899872135035726
1989-05-24,0.08899872135035726,0.09072270922487823
1989-05-25,0.09072270922487823,0.09182044060051388
1989-05-26,0.09182044060051388,0.09388471964622694
1989-05-30,0.09388471964622694,0.09277483501531791
1989-05-31,0.09277483501531791,0.09401927724811703
1989-06-01,0.09401927724811703,0.09539311453271979
1989-06-02,0.09539311453271979,0.09831344336643406
1989-06-05,0.09831344336643406,0.09236832233684869
1989-06-06,0.09236832233684869,0.09366036697272571
1989-06-07,0.09366036697272571,0.10084888106736788
1989-06-08,0.10084888106736788,0.10017465187955978
1989-06-09,0.10017465187955978,0.09935960962169475
1989-06-12,0.09935960962169475,0.09909395909500225
1989-06-13,0.09909395909500225,0.09629928114638703
1989-06-14,0.09629928114638703,0.09645936949232818
1989-06-15,0.09645936949232818,0.09168459790139058
1989-06-16,0.09168459790139058,0.09132963935911542
1989-06-19,0.09132963935911542,0.09064729182507891
1989-06-20,0.09064729182507891,0.08905240546575748
1989-06-21,0.08905240546575748,0.08888785056043419
1989-06-22,0.08888785056043419,0.090544142796947
1989-06-23,0.090544142796947,0.09315524602485148
1989-06-26,0.09315524602485148,0.09231396750633625
1989-06-27,0.09231396750633625,0.09272882231106541
1989-06-28,0.09272882231106541,0.08900338458374545
1989-06-29,0.08900338458374545,0.08356374637774963
1989-06-30,0.08356374637774963,0.08091462061410547
1989-07-03,0.08091462061410547,0.08195874443895336
1989-07-05,0.08195874443895336,0.08303576906598718
1989-07-06,0.08303576906598718,0.08461105170947635
1989-07-07,0.08461105170947635,0.08694563186132695
1989-07-10,0.08694563186132695,0.08663448946545771
1989-07-11,0.08663448946545771,0.08739186429451937
1989-07-12,0.08739186429451937,0.08855325030154469
1989-07-13,0.08855325030154469,0.08932174564915264
1989-07-14,0.08932174564915264,0.09107668454416945
1989-07-17,0.09107668454416945,0.09219339610499383
1989-07-18,0.09219339610499383,0.08915241017009484
1989-07-19,0.08915241017009484,0.09196762404893769
1989-07-20,0.09196762404893769,0.08871920144199603
1989-07-21,0.08871920144199603,0.08842921299370014
1989-07-24,0.08842921299370014,0.08496945917873308
1989-07-25,0.08496945917873308,0.08484696732125997
1989-07-26,0.08484696732125997,0.08714746555442353
1989-07-27,0.08714746555442353,0.09070984388077055
1989-07-28,0.09070984388077055,0.09120868221035194
1989-07-31,0.09120868221035194,0.09265931247312088
1989-08-01,0.09265931247312088,0.09079122390312366
1989-08-02,0.09079122390312366,0.09079760932926524
1989-08-03,0.09079760932926524,0.09299886851321112
1989-08-04,0.09299886851321112,0.09375305635769429
1989-08-07,0.09375305635769429,0.09848558783300009
1989-08-08,0.09848558783300009,0.0997956693307854
1989-08-09,0.0997956693307854,0.09723414163981431
1989-08-10,0.09723414163981431,0.0966583585150291
1989-08-11,0.0966583585150291,0.09517126530908493
1989-08-14,0.09517126530908493,0.09319793253705452
1989-08-15,0.09319793253705452,0.09457761107266344
1989-08-16,0.09457761107266344,0.09326324205595983
1989-08-17,0.09326324205595983,0.09492997317753578
1989-08-18,0.09492997317753578,0.09568099027020797
1989-08-21,0.09568099027020797,0.09232340916053156
1989-08-22,0.09232340916053156,0.09387516783420308
1989-08-23,0.09387516783420308,0.09662756374860076
1989-08-24,0.09662756374860076,0.10049950656408252
1989-08-25,0.10049950656408252,0.10108090717882265
1989-08-28,0.10108090717882265,0.10195979111262181
1989-08-29,0.10195979111262181,0.10035760027690092
1989-08-30,0.10035760027690092,0.10186090177450534
1989-08-31,0.10186090177450534,0.10269595551908238
1989-09-01,0.10269595551908238,0.10479145325963926
1989-09-05,0.10479145325963926,0.10488287934270735
1989-09-06,0.10488287934270735,0.10219489273393381
1989-09-07,0.10219489273393381,0.1015448490916097
1989-09-08,0.1015448490916097,0.10354866387552722
1989-09-11,0.10354866387552722,0.10397420784628032
1989-09-12,0.10397420784628032,0.10588383882129886
1989-09-13,0.10588383882129886,0.10629450038525809
1989-09-14,0.10629450038525809,0.10316408306341533
1989-09-15,0.10316408306341533,0.10253789464856414
1989-09-18,0.10253789464856414,0.10224684699605036
1989-09-19,0.10224684699605036,0.10250274891805501
1989-09-20,0.10250274891805501,0.10301540600704744
1989-09-21,0.10301540600704744,0.10350198105547012
1989-09-22,0.10350198105547012,0.10522426454980306
1989-09-25,0.10522426454980306,0.10522426454980306
1989-09-26,0.10522426454980306,0.1051960596072425
1989-09-27,0.1051960596072425,0.1051044260585321
1989-09-28,0.1051044260585321,0.10854913596131609
1989-09-29,0.10854913596131609,0.10875064066118063
1989-10-02,0.10878665950824926,0.111229883545238
1989-10-03,0.111229883545238,0.11214416188064326
1989-10-04,0.11214416188064326,0.1153285196339743
1989-10-05,0.1153285196339743,0.11658721122965973
1989-10-06,0.11658721122965973,0.12060944469575614
1989-10-09,0.12060944469575614,0.12428322813191242
1989-10-10,0.12428322813191242,0.12318098923505004
1989-10-11,0.12318098923505004,0.12161569301887383
1989-10-12,0.12161569301887383,0.12077761090111391
1989-10-13,0.12077761090111391,0.1055146541795483
1989-10-16,0.1055146541795483,0.10590918272574366
1989-10-17,0.10590918272574366,0.10492043812154092
1989-10-18,0.10492043812154092,0.10812075664881143
1989-10-19,0.10812075664881143,0.11528744813374271
1989-10-20,0.11528744813374271,0.11457042464432664
1989-10-23,0.11457042464432664,0.1111637951533234
1989-10-24,0.1111637951533234,0.1073953373702453
1989-10-25,0.1073953373702453,0.10730987092223433
1989-10-26,0.10730987092223433,0.10152945687462522
1989-10-27,0.10152945687462522,0.09711951101247739
1989-10-30,0.09711951101247739,0.09743238541496646
1989-10-31,0.09743238541496646,0.10215558269981119
1989-11-01,0.10215558269981119,0.1031123553925383
1989-11-02,0.1031123553925383,0.09776534326901411
1989-11-03,0.09776534326901411,0.09723741806290469
1989-11-06,0.09723741806290469,0.09208380350455049
1989-11-07,0.09208380350455049,0.09524833041385722
1989-11-08,0.09524833041385722,0.09881932396672877
1989-11-09,0.09881932396672877,0.09919599897732055
1989-11-10,0.09919599897732055,0.10173153898536129
1989-11-13,0.10173153898536129,0.10204012952125273
1989-11-14,0.10204012952125273,0.10013678405953898
1989-11-15,0.10013678405953898,0.10145991697454117
1989-11-16,0.10145991697454117,0.1005769367468838
1989-11-17,0.1005769367468838,0.10184266544102377
1989-11-20,0.10184266544102377,0.10291995030264672
1989-11-21,0.10291995030264672,0.1020147410216314
1989-11-22,0.1020147410216314,0.10320314980521184
1989-11-24,0.10321007907972037,0.10487848222185954
1989-11-27,0.10487848222185954,0.10321318572218466
1989-11-28,0.10321318572218466,0.1031301182844188
1989-11-29,0.1031301182844188,0.10300556288490009
1989-11-30,0.10300556288490009,0.10431910293193519
1989-12-01,0.10431910293193519,0.10553218997622477
1989-12-04,0.10553218997622477,0.10750639404368377
1989-12-05,0.10750639404368377,0.10833857014032106
1989-12-06,0.10833857014032106,0.10383450055506617
1989-12-07,0.10383450055506617,0.10468220561262553
1989-12-08,0.10468220561262553,0.10364825360852928
1989-12-11,0.10364825360852928,0.0984294136376024
1989-12-12,0.0984294136376024,0.09513151766146268
1989-12-13,0.09513151766146268,0.09526911580893113
1989-12-14,0.09526911580893113,0.09322959175983656
1989-12-15,0.09322959175983656,0.09036619768423411
1989-12-18,0.09036619768423411,0.08620110683915326
1989-12-19,0.08620110683915326,0.08661196716697156
1989-12-20,0.08661196716697156,0.08913423151903724
1989-12-21,0.08913423151903724,0.09289003972232922
1989-12-22,0.09289003972232922,0.09468787542748726
1989-12-26,0.09468787542748726,0.09467482970270968
1989-12-27,0.09467482970270968,0.09984329015584906
1989-12-28,0.09984329015584906,0.0998500558646212
1989-12-29,0.0998500558646212,0.10289855791800818
1990-01-02,0.10289855791800818,0.10826333977282011
1990-01-03,0.10826333977282011,0.10594570329352812
1990-01-04,0.10594570329352812,0.10399874403134615
1990-01-05,0.10399874403134615,0.10181200473303828
1990-01-08,0.10181200473303828,0.1023595199332728
1990-01-09,0.1023595199332728,0.09911756945318209
1990-01-10,0.09911756945318209,0.09289975445316609
1990-01-11,0.09289975445316609,0.08897451892452377
1990-01-12,0.08897451892452377,0.08308607736230895
1990-01-15,0.08308607736230895,0.08167740909525226
1990-01-16,0.08167740909525226,0.08675235819977348
1990-01-17,0.08675235819977348,0.08514352379384015
1990-01-18,0.08514352379384015,0.08510108839091457
1990-01-19,0.08510108839091457,0.08915062983114233
1990-01-22,0.08915062983114233,0.08183636140447839
1990-01-23,0.08183636140447839,0.08115196401884325
1990-01-24,0.08115196401884325,0.08028951832316175
1990-01-25,0.08028951832316175,0.07915941700091708
1990-01-26,0.07915941700091708,0.0762396274105028
1990-01-29,0.0762396274105028,0.07490047498466189
1990-01-30,0.07490047498466189,0.07000732740520402
1990-01-31,0.07000732740520402,0.07456043746300861
1990-02-01,0.07456043746300861,0.07578439948901644
1990-02-02,0.07578439948901644,0.07866208369948244
1990-02-05,0.07866208369948244,0.07966632932453245
1990-02-06,0.07966632932453245,0.07802854734374058
1990-02-07,0.07802854734374058,0.08000327447585634
1990-02-08,0.08000327447585634,0.08051392417973065
1990-02-09,0.08051392417973065,0.08197078549260947
1990-02-12,0.08197078549260947,0.08006596253030951
1990-02-13,0.08006596253030951,0.0804374890981168
1990-02-14,0.0804374890981168,0.08143907631923256
1990-02-15,0.08143907631923256,0.08363494304304628
1990-02-16,0.08363494304304628,0.08175253293508264
1990-02-20,0.08175253293508264,0.07787983551967015
1990-02-21,0.07787983551967015,0.07752093949109955
1990-02-22,0.07752093949109955,0.07688487301703495
1990-02-23,0.07688487301703495,0.07417945751438923
1990-02-26,0.07417945751438923,0.07730036738575202
1990-02-27,0.07732869291851649,0.07861531140241339
1990-02-28,0.07861531140241339,0.08105644843275976
1990-03-01,0.08105644843275976,0.0824482293236255
1990-03-02,0.0824482293236255,0.08532852259086518
1990-03-05,0.08532852259086518,0.0839369094213952
1990-03-06,0.0839369094213952,0.08461913747331706
1990-03-07,0.08461913747331706,0.08365043618044724
1990-03-08,0.08365043618044724,0.08717907732889792
1990-03-09,0.08717907732889792,0.08805042635102245
1990-03-12,0.08805042635102245,0.08768596946390009
1990-03-13,0.08768596946390009,0.08520353630617598
1990-03-14,0.08520353630617598,0.08612201091267577
1990-03-15,0.08616459731101637,0.08759523250500648
1990-03-16,0.08833381703555358,0.09313672676767175
1990-03-19,0.09313672676767175,0.09558520441361432
1990-03-20,0.09558520441361432,0.09174433014943104
1990-03-21,0.09174433014943104,0.09038038122411103
1990-03-22,0.09038038122411103,0.08622249085812767
1990-03-23,0.08622249085812767,0.08859571352216959
1990-03-26,0.08859571352216959,0.09100586721817282
1990-03-27,0.09100586721817282,0.09231145190050331
1990-03-28,0.09231145190050331,0.08818550887993869
1990-03-29,0.08818550887993869,0.08680240649481087
1990-03-30,0.08680240649481087,0.08684517880158002
1990-04-02,0.08684517880158002,0.08626456012652642
1990-04-03,0.08626456012652642,0.09130243894366545
1990-04-04,0.09130243894366545,0.08962217863728336
1990-04-05,0.08962217863728336,0.08785036688558719
1990-04-06,0.08785036688558719,0.08589892220988098
1990-04-09,0.08589892220988098,0.08546230147517159
1990-04-10,0.08546230147517159,0.08680397751424672
1990-04-11,0.08680397751424672,0.08839165402384247
1990-04-12,0.08839165402384247,0.09027053567757125
1990-04-16,0.09027053567757125,0.09137361854702386
1990-04-17,0.09131675586913963,0.09083675569856209
1990-04-18,0.09083675569856209,0.08661379596730778
1990-04-19,0.08661379596730778,0.08384037165734749
1990-04-20,0.08384037165734749,0.0811566209019468
1990-04-23,0.0811099467570335,0.07766847451657669
1990-04-24,0.07766847451657669,0.07668264009877075
1990-04-25,0.07668264009877075,0.07760391859371604
1990-04-26,0.07760391859371604,0.07783607559245667
1990-04-27,0.07783607559245667,0.07543613792185723
1990-04-30,0.07543613792185723,0.07781956463558626
1990-05-01,0.07781956463558626,0.07920908803895922
1990-05-02,0.07920908803895922,0.08088479037792257
1990-05-03,0.08097789730360185,0.08273659198713058
1990-05-04,0.08273659198713058,0.08582607715496383
1990-05-07,0.08582607715496383,0.08864047313644689
1990-05-08,0.08864047313644689,0.08881360635796527
1990-05-09,0.08881360635796527,0.0891355524933261
1990-05-10,0.0891355524933261,0.0908485103244778
1990-05-11,0.0908485103244778,0.09597736175171355
1990-05-14,0.09601646542821281,0.09984982562802053
1990-05-15,0.09984982562802053,0.10069284194431802
1990-05-16,0.10069284194431802,0.10154730405774542
1990-05-17,0.10155407672657477,0.10359751067155797
1990-05-18,0.10359751067155797,0.10616184405882821
1990-05-21,0.10616184405882821,0.11132568593990186
1990-05-22,0.11132568593990186,0.11223177374857898
1990-05-23,0.11223177374857898,0.11688067846680365
1990-05-24,0.11688067846680365,0.11832894639953409
1990-05-25,0.11826155653087826,0.11109069885939293
1990-05-29,0.11109069885939293,0.11631511851518575
1990-05-30,0.11631511851518575,0.11707710396259542
1990-05-31,0.11707710396259542,0.1167724644865433
1990-06-01,0.1167724644865433,0.11934625617478556
1990-06-04,0.11934625617478556,0.12269509474660656
1990-06-05,0.12269509474660656,0.11922288225223943
1990-06-06,0.11922288225223943,0.11953866504852606
1990-06-07,0.11953866504852606,0.11852935179110878
1990-06-08,0.11852935179110878,0.11455232765396794
1990-06-11,0.11455232765396794,0.11780252547940534
1990-06-12,0.11780252547940534,0.12251562634517955
1990-06-13,0.12251562634517955,0.12549291076307292
1990-06-14,0.12549291076307292,0.12309769175235097
1990-06-15,0.12309769175235097,0.12351226343545878
1990-06-18,0.12351226343545878,0.1172413733603077
1990-06-19,0.1172413733603077,0.11733793691475936
1990-06-20,0.11733793691475936,0.11814076859307214
1990-06-21,0.11814076859307214,0.1193803495708319
1990-06-22,0.1193803495708319,0.11576352465526824
1990-06-25,0.11576352465526824,0.11160173587110389
1990-06-26,0.11160173587110389,0.11163768544783753
1990-06-27,0.11163768544783753,0.11452758583618936
1990-06-28,0.1149809155547934,0.11814061637663224
1990-06-29,0.11825259736298595,0.11970156567079183
1990-07-02,0.11970156567079183,0.11964131549886546
1990-07-03,0.11964131549886546,0.11928753919174241
1990-07-05,0.11928753919174241,0.11795787336894811
1990-07-06,0.11795787336894811,0.11969516956052917
1990-07-09,0.11969516956052917,0.12140429066973606
1990-07-10,0.12140429066973606,0.11997540510980696
1990-07-11,0.11997540510980696,0.123165049033533
1990-07-12,0.123165049033533,0.12723177335070465
1990-07-13,0.12723177335070465,0.12929372373151718
1990-07-16,0.12929372373151718,0.1315759166806152
1990-07-17,0.1315759166806152,0.12411203964240552
1990-07-18,0.12411203964240552,0.11901704667239978
1990-07-19,0.11901704667239978,0.11628916619795587
1990-07-20,0.11628916619795587,0.11044520533054934
1990-07-23,0.11044520533054934,0.10323234441855757
1990-07-24,0.10323234441855757,0.10201332708202808
1990-07-25,0.10201332708202808,0.10509419681634471
1990-07-26,0.10509419681634471,0.10293731956194795
1990-07-27,0.10293731956194795,0.1008101563763389
1990-07-30,0.1008101563763389,0.09851145644215342
1990-07-31,0.09851145644215342,0.09780534724618269
1990-08-01,0.09780534724618269,0.09745071685626151
1990-08-02,0.09742450484931202,0.092020402377659
1990-08-03,0.092020402377659,0.08399587349217087
1990-08-06,0.08399587349217087,0.07078047175295954
1990-08-07,0.07078047175295954,0.07204531525637264
1990-08-08,0.07204531525637264,0.07516489436755819
1990-08-09,0.07516489436755819,0.07905329903525936
1990-08-10,0.07905329903525936,0.07577019603285588
1990-08-13,0.07577019603285588,0.07708183915169761
1990-08-14,0.07708183915169761,0.07805734695981356
1990-08-15,0.07805734695981356,0.07824846445431721
1990-08-16,0.07824846445431721,0.07118240570845089
1990-08-17,0.07118240570845089,0.06553717042267784
1990-08-20,0.06553717042267784,0.06179661747434015
1990-08-21,0.06179661747434015,0.057145068883430225
1990-08-22,0.057145068883430225,0.05419454434563946
1990-08-23,0.05419454434563946,0.04828928144220609
1990-08-24,0.04828928144220609,0.05370877310670024
1990-08-27,0.05370877310670024,0.061557553899371356
1990-08-28,0.061557553899371356,0.062442947467574804
1990-08-29,0.062442947467574804,0.06052068951035486
1990-08-30,0.06052068951035486,0.05846888171842587
1990-08-31,0.05846888171842587,0.061126766532774233
1990-09-04,0.061126766532774233,0.06219702364052579
1990-09-05,0.06219702364052579,0.06130596952527714
1990-09-06,0.06130596952527714,0.0583215637725391
1990-09-07,0.0583215637725391,0.059358491225244614
1990-09-10,0.059358491225244614,0.06014765973351555
1990-09-11,0.06014765973351555,0.05856942983966113
1990-09-12,0.05856942983966113,0.05984837844213389
1990-09-13,0.05984837844213389,0.05738886111312047
1990-09-14,0.05738886111312047,0.05720736843424841
1990-09-17,0.05720736843424841,0.057284333462342636
1990-09-18,0.057284333462342636,0.05712571528139193
1990-09-19,0.05712571528139193,0.05653313846849282
1990-09-20,0.05653313846849282,0.052225211504557105
1990-09-21,0.052225211504557105,0.05156097187794462
1990-09-24,0.05156097187794462,0.04683689373269374
1990-09-25,0.04683689373269374,0.049293396755197644
1990-09-26,0.049293396755197644,0.04826639020348841
1990-09-27,0.04826639020348841,0.04401815227695004
1990-09-28,0.04401815227695004,0.04619011808396209
1990-10-01,0.04619011808396209,0.05220080100268375
1990-10-02,0.05220927348370907,0.0523576420311316
1990-10-03,0.0523576420311316,0.048607501856989886
1990-10-04,0.048607501856989886,0.04779155686549116
1990-10-05,0.04779155686549116,0.046888958494901385
1990-10-08,0.046888958494901385,0.04783533147223342
1990-10-09,0.04783533147223342,0.04308815944203904
1990-10-10,0.04308815944203904,0.03999102076260172
1990-10-11,0.03999102076260172,0.03696807402447963
1990-10-12,0.03696807402447963,0.0379885237454001
1990-10-15,0.0379885237454001,0.0397898037726856
1990-10-16,0.0397898037726856,0.03706901260682428
1990-10-17,0.03706901260682428,0.03826514763008306
1990-10-18,0.03826514763008306,0.04177208114028523
1990-10-19,0.04177208114028523,0.043400501801150786
1990-10-22,0.043400501801150786,0.046342008540377407
1990-10-23,0.046342008540377407,0.04621353721687972
1990-10-24,0.04621353721687972,0.04626794225377308
1990-10-25,0.04626794225377308,0.04538908865977672
1990-10-26,0.04538908865977672,0.04298578349203053
1990-10-29,0.04298578349203053,0.041168491032667086
1990-10-30,0.041168491032667086,0.04206014237428519
1990-10-31,0.04206014237428519,0.041739209991506536
1990-11-01,0.041739209991506536,0.04197868174790805
1990-11-02,0.04197868174790805,0.04487787404088013
1990-11-05,0.04487787404088013,0.04761446986733537
1990-11-06,0.04761446986733537,0.047456149882012154
1990-11-07,0.047456149882012154,0.044944607438136414
1990-11-08,0.044944607438136414,0.045420500469958866
1990-11-09,0.045420500469958866,0.04889787252775722
1990-11-12,0.04889787252775722,0.05407367837835393
1990-11-13,0.05407367837835393,0.05510975537135999
1990-11-14,0.05510975537135999,0.0573518744270486
1990-11-15,0.0573518744270486,0.05475919962692726
1990-11-16,0.05475919962692726,0.05078118029102486
1990-11-19,0.05078118029102486,0.05249437507846665
1990-11-20,0.05249437507846665,0.04935802338493672
1990-11-21,0.04935802338493672,0.049858829097810135
1990-11-23,0.049858829097810135,0.05013938511699989
1990-11-26,0.05013938511699989,0.050825030333431796
1990-11-27,0.050825030333431796,0.05416495967731025
1990-11-28,0.05416495967731025,0.054611625621470476
1990-11-29,0.054611625621470476,0.05583372025678849
1990-11-30,0.05583372025678849,0.057122124369682885
1990-12-03,0.0571888600374174,0.05885416158222706
1990-12-04,0.05885416158222706,0.05983443564882568
1990-12-05,0.05983443564882568,0.06297290856355478
1990-12-06,0.06297290856355478,0.06340955664725294
1990-12-07,0.06340955664725294,0.06327605338834125
1990-12-10,0.06327605338834125,0.06336651919801331
1990-12-11,0.06336651919801331,0.06061662412487761
1990-12-12,0.06061662412487761,0.06197664826232786
1990-12-13,0.06197664826232786,0.06198134745492312
1990-12-14,0.06198134745492312,0.06020199706916362
1990-12-17,0.06020199706916362,0.05920750446628066
1990-12-18,0.05920750446628066,0.06301849379309836
1990-12-19,0.06304221007999418,0.06413369363759247
1990-12-20,0.06413369363759247,0.06518971424691335
1990-12-21,0.06518971424691335,0.06639313241442649
1990-12-24,0.06639313241442649,0.0648851987169975
1990-12-26,0.0648851987169975,0.06425640958745217
1990-12-27,0.06425640958745217,0.06290124526292007
1990-12-28,0.06290124526292007,0.06314758957815586
1990-12-31,0.06314758957815586,0.06420205548354514
1991-01-02,0.06420205548354514,0.06346728462295471
1991-01-03,0.06346728462295471,0.060255243876067156
1991-01-04,0.060255243876067156,0.060651017388332944
1991-01-07,0.060651017388332944,0.05651415339629367
1991-01-08,0.05651415339629367,0.05628497380732359
1991-01-09,0.05628497380732359,0.055928963404085964
1991-01-10,0.055928963404085964,0.059776025556774234
1991-01-11,0.059776025556774234,0.05988120565521898
1991-01-14,0.05988120565521898,0.05766078055209377
1991-01-15,0.05766078055209377,0.05905788939785501
1991-01-16,0.05905788939785501,0.06596941288379513
1991-01-17,0.06596941288379513,0.07211762299892428
1991-01-18,0.07211762299892428,0.07442837902947223
1991-01-21,0.07442837902947223,0.07745838293046299
1991-01-22,0.07745838293046299,0.07486758476122266
1991-01-23,0.07486758476122266,0.078952229805338
1991-01-24,0.078952229805338,0.08329253760495132
1991-01-25,0.08329253760495132,0.08469094236891986
1991-01-28,0.08469094236891986,0.08609917603995017
1991-01-29,0.08609917603995017,0.0886909793602524
1991-01-30,0.0886909793602524,0.09438652224682552
1991-01-31,0.09438652224682552,0.09827685155172335
1991-02-01,0.09827685155172335,0.10084555141548489
1991-02-04,0.10084555141548489,0.1039683416003655
1991-02-05,0.1039683416003655,0.11015062051322358
1991-02-06,0.11015062051322358,0.1176607212084759
1991-02-07,0.1176607212084759,0.112474339109705
1991-02-08,0.112474339109705,0.11392979846468987
1991-02-11,0.11392979846468987,0.12068238318329767
1991-02-12,0.12068238318329767,0.11907767984732959
1991-02-13,0.11907767984732959,0.12215058894242962
1991-02-14,0.12215058894242962,0.11520462697444206
1991-02-15,0.11520462697444206,0.11906762507437603
1991-02-19,0.11906762507437603,0.12263482897422219
1991-02-20,0.1215053589503779,0.11817427623885805
1991-02-21,0.11817427623885805,0.11687930233534304
1991-02-22,0.11687930233534304,0.11940764916748421
1991-02-25,0.11940764916748421,0.12143191290781312
1991-02-26,0.12143191290781312,0.11817562903220276
1991-02-27,0.11817562903220276,0.12090821179964006
1991-02-28,0.12090821179964006,0.12148924688816341
1991-03-01,0.12148924688816341,0.12480436940087417
1991-03-04,0.12480436940087417,0.12627301330407803
1991-03-05,0.12627301330407803,0.139429548400498
1991-03-06,0.13943753331814815,0.14097717185890532
1991-03-07,0.14097717185890532,0.14325135662933414
1991-03-08,0.14325135662933414,0.14048176115439512
1991-03-11,0.14048176115439512,0.12816837429214262
1991-03-12,0.12816837429214262,0.12137271616142763
1991-03-13,0.12137271616142763,0.1306692394826191
1991-03-14,0.1306692394826191,0.12872496976729406
1991-03-15,0.12872496976729406,0.12696617393535795
1991-03-18,0.12696617393535795,0.12845457735236843
1991-03-19,0.12845457735236843,0.1257787112503526
1991-03-20,0.1257787112503526,0.1291083517244777
1991-03-21,0.1291083517244777,0.12438949390813787
1991-03-22,0.12438949390813787,0.12335689400646273
1991-03-25,0.12335689400646273,0.12849858298519806
1991-03-26,0.12849858298519806,0.14190486701608196
1991-03-27,0.14190486701608196,0.14493680545963217
1991-03-28,0.14493680545963217,0.14224529881797776
1991-04-01,0.14224529881797776,0.14174592324305607
1991-04-02,0.14174592324305607,0.15661989144745547
1991-04-03,0.15661989144745547,0.15885035274904283
1991-04-04,0.15885035274904283,0.162548121914029
1991-04-05,0.162548121914029,0.15930342985286186
1991-04-08,0.15930342985286186,0.15967646558182136
1991-04-09,0.15967646558182136,0.154949685550005
1991-04-10,0.154949685550005,0.15176480462985797
1991-04-11,0.15176480462985797,0.16416903853141387
1991-04-12,0.16416903853141387,0.16550439579723694
1991-04-15,0.16550439579723694,0.1638772806717976
1991-04-16,0.1638772806717976,0.17048441075763598
1991-04-17,0.17048441075763598,0.1729416839261728
1991-04-18,0.1729416839261728,0.16267995512969924
1991-04-19,0.16267995512969924,0.15604755711263146
1991-04-22,0.15604755711263146,0.1514687395434312
1991-04-23,0.1514687395434312,0.15284200976661946
1991-04-24,0.15284200976661946,0.15686884829371608
1991-04-25,0.15686884829371608,0.15246335445491074
1991-04-26,0.15246335445491074,0.15134494471617363
1991-04-29,0.15134494471617363,0.14271778245629188
1991-04-30,0.14271778245629188,0.13871207993409
1991-05-01,0.13871207993409,0.13960384376384663
1991-05-02,0.13960384376384663,0.14324163834246825
1991-05-03,0.14324163834246825,0.14420096040986263
1991-05-06,0.14420096040986263,0.14455726742633357
1991-05-07,0.14455726742633357,0.1427971573623103
1991-05-08,0.1427971573623103,0.14427747028414903
1991-05-09,0.14427747028414903,0.15087932341765548
1991-05-10,0.15087932341765548,0.14665732978311108
1991-05-13,0.14665732978311108,0.14711578545599296
1991-05-14,0.14711578545599296,0.14235759858598546
1991-05-15,0.14235759858598546,0.12954973038720244
1991-05-16,0.12954973038720244,0.13344212803094105
1991-05-17,0.13344212803094105,0.13308892039799297
1991-05-20,0.13308892039799297,0.13026071825126975
1991-05-21,0.13026071825126975,0.13424229281414013
1991-05-22,0.13424229281414013,0.14107888039826463
1991-05-23,0.14107888039826463,0.14344441996182947
1991-05-24,0.14344441996182947,0.14719733058472925
1991-05-28,0.14719733058472925,0.15353843305375722
1991-05-29,0.15353843305375722,0.15519805563219138
1991-05-30,0.15519805563219138,0.16008547925686065
1991-05-31,0.16008547925686065,0.16313430356162975
1991-06-03,0.16313430356162975,0.16652854527253985
1991-06-04,0.16652854527253985,0.16687532605423508
1991-06-05,0.16687532605423508,0.1601707263728292
1991-06-06,0.1601707263728292,0.15470494881642216
1991-06-07,0.15470494881642216,0.14854408404629824
1991-06-10,0.14854408404629824,0.14492887899446538
1991-06-11,0.14492887899446538,0.14635454965502245
1991-06-12,0.14635454965502245,0.1398889845636509
1991-06-13,0.1398889845636509,0.13909802572582514
1991-06-14,0.13909802572582514,0.1438415827789757
1991-06-17,0.1438415827789757,0.14347099925237572
1991-06-18,0.14347099925237572,0.14010903204951614
1991-06-19,0.14010903204951614,0.13186014958751596
1991-06-20,0.13186014958751596,0.13230092922092632
1991-06-21,0.13230092922092632,0.13187441595301722
1991-06-24,0.13187441595301722,0.11759409429421636
1991-06-25,0.11759409429421636,0.11774877180498017
1991-06-26,0.11774877180498017,0.1197965179582534
1991-06-27,0.1197965179582534,0.12378974656750973
1991-06-28,0.12378974656750973,0.12224756138057392
1991-07-01,0.12224756138057392,0.12935314249159402
1991-07-02,0.12935314249159402,0.12481540085181254
1991-07-03,0.12481540085181254,0.11945657060460167
1991-07-05,0.11945657060460167,0.11881770648769968
1991-07-08,0.11881770648769968,0.1286564865232465
1991-07-09,0.1286564865232465,0.13126509337974462
1991-07-10,0.13126509337974462,0.13526078248726203
1991-07-11,0.13526078248726203,0.13605437010650953
1991-07-12,0.13605437010650953,0.14162361551575528
1991-07-15,0.14162361551575528,0.14394304342410166
1991-07-16,0.14394304342410166,0.13683691224717476
1991-07-17,0.13683691224717476,0.13513728185689217
1991-07-18,0.13513728185689217,0.1395318557783983
1991-07-19,0.1395318557783983,0.14061673184396012
1991-07-22,0.14061673184396012,0.13653139251402546
1991-07-23,0.13653139251402546,0.12875293182018133
1991-07-24,0.12875293182018133,0.1265708104842049
1991-07-25,0.1265708104842049,0.13149659626539525
1991-07-26,0.13149659626539525,0.13605767885533757
1991-07-29,0.13605767885533757,0.1366833301337699
1991-07-30,0.1366833301337699,0.14395072911754225
1991-07-31,0.14395072911754225,0.1485047220977824
1991-08-01,0.1485047220977824,0.1519178257850351
1991-08-02,0.1519178257850351,0.15396195430081036
1991-08-05,0.15396195430081036,0.14841201756802208
1991-08-06,0.14841201756802208,0.15263270768416118
1991-08-07,0.15263270768416118,0.15563272601114878
1991-08-08,0.15563272601114878,0.1593808799604893
1991-08-09,0.1593808799604893,0.1583431358794662
1991-08-12,0.1583431358794662,0.16192095110205715
1991-08-13,0.16192095110205715,0.16576892301039592
1991-08-14,0.16576892301039592,0.16973900545304382
1991-08-15,0.16973900545304382,0.16452565249110962
1991-08-16,0.16452565249110962,0.16049733203791747
1991-08-19,0.16049733203791747,0.14749145296371596
1991-08-20,0.14749145296371596,0.15113592927370678
1991-08-21,0.15113592927370678,0.17075547243632816
1991-08-22,0.17075547243632816,0.16805144612714432
1991-08-23,0.16805144612714432,0.17198468671486017
1991-08-26,0.17198468671486017,0.17184978266836648
1991-08-27,0.17184978266836648,0.17198461615097532
1991-08-28,0.17198461615097532,0.17756202043439692
1991-08-29,0.17756202043439692,0.1752006455675432
1991-08-30,0.1752006455675432,0.17304243835423588
1991-09-03,0.17304243835423588,0.1674881757714649
1991-09-04,0.1674881757714649,0.16304372611017573
1991-09-05,0.16304372611017573,0.1611691983980387
1991-09-06,0.1611691983980387,0.1598430525460703
1991-09-09,0.1598430525460703,0.16219817765234165
1991-09-10,0.16219817765234165,0.15362822880637586
1991-09-11,0.15362822880637586,0.15908108553850536
1991-09-12,0.15908108553850536,0.16914113726966626
1991-09-13,0.16914113726966626,0.15838139230952633
1991-09-16,0.15838139230952633,0.15681741252358677
1991-09-17,0.15681741252358677,0.1559983268522382
1991-09-18,0.1559983268522382,0.16095445135720782
1991-09-19,0.16095445135720782,0.16520691006490731
1991-09-20,0.16520691006490731,0.17066990864876294
1991-09-23,0.17066990864876294,0.1675081622317571
1991-09-24,0.1675081622317571,0.17188309874774596
1991-09-25,0.17188309874774596,0.17483508129007064
1991-09-26,0.17483508129007064,0.1728840326301314
1991-09-27,0.1728840326301314,0.16932624290561663
1991-09-30,0.16932624290561663,0.17215979779642143
1991-10-01,0.17215979779642143,0.17365963564124517
1991-10-02,0.17365963564124517,0.16767968301373404
1991-10-03,0.16767968301373404,0.15947394201966808
1991-10-04,0.15947394201966808,0.15965310662570656
1991-10-07,0.15965310662570656,0.15688702874861574
1991-10-08,0.15688702874861574,0.15879401649152416
1991-10-09,0.15879401649152416,0.15281428117993842
1991-10-10,0.15281428117993842,0.15713323749718594
1991-10-11,0.15713323749718594,0.1611613010449771
1991-10-14,0.1611613010449771,0.17089110723535567
1991-10-15,0.17089110723535567,0.18186170544803326
1991-10-16,0.18186170544803326,0.18994383021788191
1991-10-17,0.18994383021788191,0.18000807627519258
1991-10-18,0.18000807627519258,0.18119902117140405
1991-10-21,0.18119902117140405,0.17702620736760283
1991-10-22,0.17702620736760283,0.17688929897757602
1991-10-23,0.17688929897757602,0.17426136749027343
1991-10-24,0.17426136749027343,0.16758528503000872
1991-10-25,0.16758528503000872,0.16281558749667635
1991-10-28,0.16281558749667635,0.16874551406124447
1991-10-29,0.16874551406124447,0.175303814351947
1991-10-30,0.175303814351947,0.18370688499062654
1991-10-31,0.18370688499062654,0.17956488503323498
1991-11-01,0.17956488503323498,0.17496073599213116
1991-11-04,0.17496073599213116,0.16940430697984296
1991-11-05,0.16940430697984296,0.1731503309013439
1991-11-06,0.1731503309013439,0.17383323670292
1991-11-07,0.17383323670292,0.18004050742940325
1991-11-08,0.18004050742940325,0.18497373313607213
1991-11-11,0.18497373313607213,0.18928282349837136
1991-11-12,0.18928282349837136,0.19713769068148265
1991-11-13,0.19713769068148265,0.19883181595429317
1991-11-14,0.19883181595429317,0.1953158881978578
1991-11-15,0.1953158881978578,0.16315192921869323
1991-11-18,0.16315192921869323,0.17015350632245793
1991-11-19,0.17015350632245793,0.16272454183977525
1991-11-20,0.16272454183977525,0.1641234932032521
1991-11-21,0.1641234932032521,0.17000179463893977
1991-11-22,0.17000179463893977,0.16595515321184612
1991-11-25,0.16595515321184612,0.16020829076588133
1991-11-26,0.16020829076588133,0.1621018017503614
1991-11-27,0.1621018017503614,0.16397596147736412
1991-11-29,0.16397596147736412,0.16322572070550667
1991-12-02,0.16322572070550667,0.17894130537035027
1991-12-03,0.17894130537035027,0.17896872762249905
1991-12-04,0.17896872762249905,0.1810966219231352
1991-12-05,0.1810966219231352,0.17966987816354493
1991-12-06,0.17966987816354493,0.1829753801254082
1991-12-09,0.1829753801254082,0.18228949934778588
1991-12-10,0.18228949934778588,0.1833157180697863
1991-12-11,0.1833157180697863,0.1805596893258508
1991-12-12,0.1805596893258508,0.18631931891829645
1991-12-13,0.18631931891829645,0.19261277638738894
1991-12-16,0.19261277638738894,0.19585356963910192
1991-12-17,0.19585356963910192,0.18783577732695467
1991-12-18,0.18783577732695467,0.1892026209117275
1991-12-19,0.1892026209117275,0.17957864153192246
1991-12-20,0.17957864153192246,0.18193824479496967
1991-12-23,0.18193824479496967,0.1957303087862477
1991-12-24,0.1957303087862477,0.20306785345473433
1991-12-26,0.20306785345473433,0.21615119629484297
1991-12-27,0.21615119629484297,0.22254932399194904
1991-12-30,0.22254932399194904,0.24354141056445378
1991-12-31,0.24354141056445378,0.25275435285381
1992-01-02,0.25275435285381,0.25850679570143664
1992-01-03,0.25850679570143664,0.26190330354894376
1992-01-06,0.26190330354894376,0.266760770083675
1992-01-07,0.266760770083675,0.2732932992840455
1992-01-08,0.2732932992840455,0.28450606043757204
1992-01-09,0.28450606043757204,0.2994548346212173
1992-01-10,0.2994548346212173,0.2912230187484006
1992-01-13,0.2912230187484006,0.2941302049381447
1992-01-14,0.2941302049381447,0.3050883060723345
1992-01-15,0.3050883060723345,0.3128887983633109
1992-01-16,0.3128887983633109,0.3031746982013995
1992-01-17,0.3031746982013995,0.29752757353226594
1992-01-20,0.29752757353226594,0.2773140748034803
1992-01-21,0.251149307897038,0.24427622003169316
1992-01-22,0.2529328197875109,0.28586441552573216
1992-01-23,0.28586441552573216,0.28525773340081617
1992-01-24,0.28525773340081617,0.283724535963974
1992-01-27,0.283724535963974,0.2714665918518521
1992-01-28,0.2714665918518521,0.2723396180365432
1992-01-29,0.2723396180365432,0.26381816097561306
1992-01-30,0.26381816097561306,0.2663875926308067
1992-01-31,0.2730239547331117,0.26611022235827997
1992-02-03,0.26611022235827997,0.273342787943537
1992-02-04,0.273342787943537,0.2866384113893041
1992-02-05,0.2866384113893041,0.296417018745319
1992-02-06,0.296417018745319,0.29188033768190375
1992-02-07,0.29188033768190375,0.28619855557600354
1992-02-10,0.28619855557600354,0.2823116406994185
1992-02-11,0.2823116406994185,0.28027550692749337
1992-02-12,0.28027550692749337,0.3085223936983932
1992-02-13,0.3085223936983932,0.29249281442312314
1992-02-14,0.29249281442312314,0.2846790389429045
1992-02-18,0.2846790389429045,0.26460261112455996
1992-02-19,0.26460261112455996,0.2634653638429173
1992-02-20,0.2634653638429173,0.2804745538778315
1992-02-21,0.2804745538778315,0.273298990354343
1992-02-24,0.273298990354343,0.26509734305590715
1992-02-25,0.26509734305590715,0.26360745999865537
1992-02-26,0.26360745999865537,0.28576631421831994
1992-02-27,0.28576631421831994,0.28473111998199135
1992-02-28,0.28473111998199135,0.28101817412614755
1992-03-02,0.28101817412614755,0.282858437431014
1992-03-03,0.282858437431014,0.2805817062887145
1992-03-04,0.2805817062887145,0.27061092940332754
1992-03-05,0.27061092940332754,0.26089109311885467
1992-03-06,0.26089109311885467,0.2504097150104816
1992-03-09,0.2504097150104816,0.25112034268237476
1992-03-10,0.25112034268237476,0.2669531064083893
1992-03-11,0.2669531064083893,0.2545397074605257
1992-03-12,0.2545397074605257,0.25404962818138144
1992-03-13,0.25404962818138144,0.2577826729655079
1992-03-16,0.2577826729655079,0.26193129692863654
1992-03-17,0.26193129692863654,0.2727214174994595
1992-03-18,0.2727214174994595,0.2720175523672772
1992-03-19,0.2720175523672772,0.2718388908251746
1992-03-20,0.2718388908251746,0.26782737819612074
1992-03-23,0.26782737819612074,0.2635137597269989
1992-03-24,0.2635137597269989,0.25861709273559974
1992-03-25,0.25861709273559974,0.2602750204410642
1992-03-26,0.2602750204410642,0.250192581733479
1992-03-27,0.250192581733479,0.22975572571823943
1992-03-30,0.22975572571823943,0.22578025766918614
1992-03-31,0.22578025766918614,0.22725110032359278
1992-04-01,0.22725110032359278,0.22907660961112206
1992-04-02,0.22907660961112206,0.21581638295628686
1992-04-03,0.21581638295628686,0.21320755259122717
1992-04-06,0.21320755259122717,0.22971435533255213
1992-04-07,0.22971435533255213,0.20509375760638876
1992-04-08,0.20509375760638876,0.20095528684336444
1992-04-09,0.20095528684336444,0.21779906494874368
1992-04-10,0.21779906494874368,0.20440534112739864
1992-04-13,0.20440534112739864,0.21256563665851175
1992-04-14,0.21256563665851175,0.2194020410206428
1992-04-15,0.2194020410206428,0.2307366558802659
1992-04-16,0.2307366558802659,0.21622667264892834
1992-04-20,0.21622667264892834,0.19314337714605118
1992-04-21,0.19314337714605118,0.18890880858499284
1992-04-22,0.18890880858499284,0.19616848563845304
1992-04-23,0.19616848563845304,0.19232797234647353
1992-04-24,0.19232797234647353,0.18537649686060118
1992-04-27,0.18537649686060118,0.17775250179207924
1992-04-28,0.17775250179207924,0.16881001634455486
1992-04-29,0.16881001634455486,0.18316281736427417
1992-04-30,0.18316281736427417,0.1920224250264248
1992-05-01,0.1920224250264248,0.19130205226953279
1992-05-04,0.19130205226953279,0.19734953680192277
1992-05-05,0.19734953680192277,0.20507607979855091
1992-05-06,0.20507607979855091,0.20573089120240173
1992-05-07,0.20573089120240173,0.20106920216031607
1992-05-08,0.20106920216031607,0.19825306039386967
1992-05-11,0.19825306039386967,0.19946636648309468
1992-05-12,0.19946636648309468,0.19589787151309077
1992-05-13,0.19589787151309077,0.19345260714830853
1992-05-14,0.19345260714830853,0.18554848780811342
1992-05-15,0.18554848780811342,0.18275196564557775
1992-05-18,0.18275196564557775,0.18557452498871208
1992-05-19,0.18557452498871208,0.18892865110529913
1992-05-20,0.18892865110529913,0.19473687824454253
1992-05-21,0.19473687824454253,0.19169836879133836
1992-05-22,0.19169836879133836,0.19252009785816696
1992-05-26,0.19252009785816696,0.1878659488465812
1992-05-27,0.1878659488465812,0.19188254415317882
1992-05-28,0.19188254415317882,0.1991791544363556
1992-05-29,0.1991791544363556,0.20552840143919654
1992-06-01,0.20552840143919654,0.2127347157664484
1992-06-02,0.2127347157664484,0.20924332897450662
1992-06-03,0.20924332897450662,0.20945111988067522
1992-06-04,0.20945111988067522,0.20666913301027728
1992-06-05,0.20666913301027728,0.20139013122202634
1992-06-08,0.20139013122202634,0.19557498915229649
1992-06-09,0.19557498915229649,0.18540947779491923
1992-06-10,0.18540947779491923,0.18129507000092032
1992-06-11,0.18129507000092032,0.18125014663554026
1992-06-12,0.18125014663554026,0.18400861078132585
1992-06-15,0.18400861078132585,0.18356389130482037
1992-06-16,0.18356389130482037,0.17511861034252468
1992-06-17,0.17511861034252468,0.16492597690338426
1992-06-18,0.16492597690338426,0.16245546609343786
1992-06-19,0.16245546609343786,0.1706857666536219
1992-06-22,0.1706857666536219,0.16789146502512098
1992-06-23,0.16789146502512098,0.17164458475910682
1992-06-24,0.17164458475910682,0.16791387291469245
1992-06-25,0.16791387291469245,0.16103047280777671
1992-06-26,0.16103047280777671,0.1589986109471961
1992-06-29,0.1589986109471961,0.17670321788232493
1992-06-30,0.17670321788232493,0.1774698409805459
1992-07-01,0.1774698409805459,0.185953588010307
1992-07-02,0.185953588010307,0.1765565629831267
1992-07-06,0.1765565629831267,0.17924120957324075
1992-07-07,0.17924120957324075,0.16833207144505274
1992-07-08,0.16833207144505274,0.17053942443957915
1992-07-09,0.17053942443957915,0.17850015546201906
1992-07-10,0.17850015546201906,0.17964311821672554
1992-07-13,0.17964311821672554,0.18346042475100058
1992-07-14,0.18346042475100058,0.1911572157407433
1992-07-15,0.1911572157407433,0.19142614358364607
1992-07-16,0.19142614358364607,0.19493426301034258
1992-07-17,0.19493426301034258,0.1841505238968849
1992-07-20,0.1841505238968849,0.17493817411150678
1992-07-21,0.17494691659388645,0.1830697529525328
1992-07-22,0.1830697529525328,0.1759953893943449
1992-07-23,0.1759953893943449,0.178318236868982
1992-07-24,0.178318236868982,0.17996290527926895
1992-07-27,0.17996290527926895,0.17714270577124464
1992-07-28,0.17714270577124464,0.18579621017522968
1992-07-29,0.18579621017522968,0.19188333274721384
1992-07-30,0.19188333274721384,0.193424042351827
1992-07-31,0.193424042351827,0.19334937773174726
1992-08-03,0.19334937773174726,0.19681033946384194
1992-08-04,0.19681033946384194,0.19364818199495012
1992-08-05,0.19364818199495012,0.18526289560148707
1992-08-06,0.18526289560148707,0.18159191127452268
1992-08-07,0.18159191127452268,0.1793649506296268
1992-08-10,0.1793649506296268,0.18098821813533458
1992-08-11,0.18098821813533458,0.17791850168839618
1992-08-12,0.17791850168839618,0.17517478358596816
1992-08-13,0.17517478358596816,0.17573357692318192
1992-08-14,0.17573357692318192,0.17740476012080242
1992-08-17,0.17740476012080242,0.17415579092102068
1992-08-18,0.17415579092102068,0.17425144109630422
1992-08-19,0.17425144109630422,0.17055402088607244
1992-08-20,0.17055402088607244,0.17245783862856903
1992-08-21,0.17245783862856903,0.16600419386978352
1992-08-24,0.16600419386978352,0.15762509544684966
1992-08-25,0.15762509544684966,0.15985352136737643
1992-08-26,0.15985352136737643,0.16661794692944895
1992-08-27,0.16661794692944895,0.17211085476765542
1992-08-28,0.17211085476765542,0.1715505173808429
1992-08-31,0.1715505173808429,0.17176557560511505
1992-09-01,0.17176557560511505,0.1764319181865812
1992-09-02,0.1764319181865812,0.18448607796564293
1992-09-03,0.18448607796564293,0.18738369034410784
1992-09-04,0.18738369034410784,0.18414576377112626
1992-09-08,0.18414576377112626,0.18301887423490262
1992-09-09,0.18301887423490262,0.1905965296664348
1992-09-10,0.1905965296664348,0.19949646783762898
1992-09-11,0.19949646783762898,0.20020937390810484
1992-09-14,0.20020937390810484,0.21819830405035706
1992-09-15,0.21819830405035706,0.20863033554721805
1992-09-16,0.20863033554721805,0.2058128087794631
1992-09-17,0.2058128087794631,0.20734451057671704
1992-09-18,0.20734451057671704,0.20865979255694733
1992-09-21,0.20865979255694733,0.2073781329541033
1992-09-22,0.2073781329541033,0.1976735516823259
1992-09-23,0.1976735516823259,0.20057946813709904
1992-09-24,0.20057946813709904,0.2038566740397015
1992-09-25,0.2038566740397015,0.18977767387581107
1992-09-28,0.18977767387581107,0.1854556962968515
1992-09-29,0.1854556962968515,0.19047956953064282
1992-09-30,0.19047956953064282,0.19514269281219132
1992-10-01,0.19514269281219132,0.18738522367643612
1992-10-02,0.18738522367643612,0.17893567302695854
1992-10-05,0.17893567302695854,0.17769234011790366
1992-10-06,0.17769234011790366,0.1851965007668949
1992-10-07,0.1851965007668949,0.18054195636047776
1992-10-08,0.18054195636047776,0.18580958838161657
1992-10-09,0.18580958838161657,0.18089242641749445
1992-10-12,0.18089242641749445,0.18528705245856048
1992-10-13,0.18528705245856048,0.1889404024880686
1992-10-14,0.1889404024880686,0.18794428742558264
1992-10-15,0.18794428742558264,0.1925885181298427
1992-10-16,0.1925885181298427,0.20045531784577098
1992-10-19,0.20045531784577098,0.21262004851693456
1992-10-20,0.21262004851693456,0.21379583909250258
1992-10-21,0.21379583909250258,0.21913115346356032
1992-10-22,0.21913115346356032,0.21918154394330225
1992-10-23,0.21918154394330225,0.21786079100452813
1992-10-26,0.21786079100452813,0.22133517853310944
1992-10-27,0.22133517853310944,0.21474926021476684
1992-10-28,0.21474926021476684,0.22021867894915656
1992-10-29,0.22021867894915656,0.22914743736938897
1992-10-30,0.22914743736938897,0.22512980104598337
1992-11-02,0.22512980104598337,0.22754074515174078
1992-11-03,0.22754074515174078,0.2185205546978008
1992-11-04,0.2185205546978008,0.2221305803231773
1992-11-05,0.2221305803231773,0.23988011263299258
1992-11-06,0.23988011263299258,0.24341960538261653
1992-11-09,0.24341960538261653,0.24868904113399823
1992-11-10,0.24868904113399823,0.2570241198355561
1992-11-11,0.2570241198355561,0.2647820767689669
1992-11-12,0.2647820767689669,0.2623728727326211
1992-11-13,0.2623728727326211,0.26620860639252203
1992-11-16,0.26620860639252203,0.2573627742315128
1992-11-17,0.2573627742315128,0.24302461306509857
1992-11-18,0.24302461306509857,0.25613036657162797
1992-11-19,0.25613036657162797,0.2615868502055302
1992-11-20,0.2615868502055302,0.26622629167433065
1992-11-23,0.26622629167433065,0.2539417646323602
1992-11-24,0.2539417646323602,0.2684378368723852
1992-11-25,0.2684378368723852,0.26771299733379594
1992-11-27,0.26771299733379594,0.2669205591660537
1992-11-30,0.2669205591660537,0.27069149414693777
1992-12-01,0.27069149414693777,0.27464825629139145
1992-12-02,0.27464825629139145,0.2720783063659292
1992-12-03,0.2720783063659292,0.2795541358767544
1992-12-04,0.2795541358767544,0.2880875188174638
1992-12-07,0.2880875188174638,0.29637083305283013
1992-12-08,0.29637083305283013,0.29327477179680345
1992-12-09,0.29327477179680345,0.2865401850387017
1992-12-10,0.2865401850387017,0.27870828479614723
1992-12-11,0.27870828479614723,0.2700771271696609
1992-12-14,0.2700771271696609,0.2666366766536078
1992-12-15,0.2666366766536078,0.2610048973562032
1992-12-16,0.2610048973562032,0.2655299611206872
1992-12-17,0.2655299611206872,0.2835527957890934
1992-12-18,0.2835527957890934,0.28605578986121644
1992-12-21,0.28605578986121644,0.28950865493412875
1992-12-22,0.28950865493412875,0.2805777593291256
1992-12-23,0.2805777593291256,0.2826013378999664
1992-12-24,0.2826013378999664,0.2851340897107669
1992-12-28,0.2851340897107669,0.2887345612417077
1992-12-29,0.2887345612417077,0.2905317776523222
1992-12-30,0.2905317776523222,0.2908345747323335
1992-12-31,0.2908345747323335,0.2914405895198056
1993-01-04,0.2914405895198056,0.28217996038689397
1993-01-05,0.28217996038689397,0.29136105985801825
1993-01-06,0.29136105985801825,0.3077030708363105
1993-01-07,0.3077030708363105,0.3002698329187019
1993-01-08,0.3002698329187019,0.30404365798694793
1993-01-11,0.30404365798694793,0.317181358350543
1993-01-12,0.317181358350543,0.30973951677777223
1993-01-13,0.30973951677777223,0.3298062411025128
1993-01-14,0.3298062411025128,0.3442585466511526
1993-01-15,0.3442585466511526,0.33855758664330754
1993-01-18,0.33855758664330754,0.33727209583618734
1993-01-19,0.33727209583618734,0.3299657010234057
1993-01-20,0.3299657010234057,0.32920231498647046
1993-01-21,0.32920231498647046,0.3386911673542803
1993-01-22,0.3386911673542803,0.33461983141520635
1993-01-25,0.33461983141520635,0.3432151167255599
1993-01-26,0.3432151167255599,0.33867562326609263
1993-01-27,0.33867562326609263,0.3205578330653903
1993-01-28,0.3205578330653903,0.31553801952031657
1993-01-29,0.31553801952031657,0.31526983969845596
1993-02-01,0.31526983969845596,0.32781480380372785
1993-02-02,0.32781480380372785,0.33296152365332865
1993-02-03,0.33296152365332865,0.33056646930951245
1993-02-04,0.33056646930951245,0.3245351572241472
1993-02-05,0.3245351572241472,0.31089020268470186
1993-02-08,0.31089020268470186,0.30261245051991165
1993-02-09,0.30261245051991165,0.2957240970643491
1993-02-10,0.2957240970643491,0.30635690510241215
1993-02-11,0.30635690510241215,0.30391728751745395
1993-02-12,0.30391728751745395,0.29113668405872206
1993-02-16,0.29113668405872206,0.25655723003188613
1993-02-17,0.25655723003188613,0.25438280390167906
1993-02-18,0.25438280390167906,0.25961149919895954
1993-02-19,0.25961149919895954,0.2587952967560585
1993-02-22,0.2587952967560585,0.24191369920751885
1993-02-23,0.24191369920751885,0.24381144578725616
1993-02-24,0.24381144578725616,0.2628561105872673
1993-02-25,0.2628561105872673,0.2663245917559013
1993-02-26,0.2663245917559013,0.26513181924435064
1993-03-01,0.26513181924435064,0.26049949503301983
1993-03-02,0.26049949503301983,0.27642740597478466
1993-03-03,0.27642740597478466,0.28515767292915356
1993-03-04,0.28515767292915356,0.27462944952233115
1993-03-05,0.27462944952233115,0.27471056534791016
1993-03-08,0.27471056534791016,0.28369207449600387
1993-03-09,0.28369207449600387,0.2835973429105151
1993-03-10,0.2835973429105151,0.2880004778622502
1993-03-11,0.2880004778622502,0.2891364452432924
1993-03-12,0.2891364452432924,0.2913305569169711
1993-03-15,0.2913305569169711,0.29534325131786004
1993-03-16,0.29534325131786004,0.29362861943484336
1993-03-17,0.29362861943484336,0.274356774719864
1993-03-18,0.274356774719864,0.2739980706500264
1993-03-19,0.2739980706500264,0.2648763457931812
1993-03-22,0.26486503312434034,0.26003942053248275
1993-03-23,0.26003942053248275,0.25718164282364814
1993-03-24,0.25718164282364814,0.258001634632048
1993-03-25,0.258001634632048,0.2710384775550852
1993-03-26,0.2710384775550852,0.2670689576068274
1993-03-29,0.2670689576068274,0.26425170873342
1993-03-30,0.26425170873342,0.2784980927483959
1993-03-31,0.2784980927483959,0.282468657623367
1993-04-01,0.282468657623367,0.27047968140941164
1993-04-02,0.27047968140941164,0.24035429189464352
1993-04-05,0.24035429189464352,0.247804149126403
1993-04-06,0.247804149126403,0.23885401135824097
1993-04-07,0.23885401135824097,0.24859600835712967
1993-04-08,0.24859600835712967,0.24076402953416565
1993-04-12,0.24076402953416565,0.2565078810633493
1993-04-13,0.2565078810633493,0.24959547550317637
1993-04-14,0.24959547550317637,0.2509377252929995
1993-04-15,0.2509377252929995,0.24529960827540268
1993-04-16,0.24529960827540268,0.23835566268272604
1993-04-19,0.23835566268272604,0.23164894228039068
1993-04-20,0.23164894228039068,0.23495426398662392
1993-04-21,0.23495426398662392,0.2373138055369713
1993-04-22,0.2373138055369713,0.23372475544513166
1993-04-23,0.23372475544513166,0.22373992623928876
1993-04-26,0.22373992623928876,0.2109053478701145
1993-04-27,0.2109053478701145,0.22505679644825294
1993-04-28,0.22505679644825294,0.23526707875369424
1993-04-29,0.23526707875369424,0.23385407850038115
1993-04-30,0.23385407850038115,0.23585126112507657
1993-05-03,0.23585126112507657,0.2463101687904095
1993-05-04,0.2463101687904095,0.2641102983152572
1993-05-05,0.2641102983152572,0.268741653722068
1993-05-06,0.268741653722068,0.26050571249417676
1993-05-07,0.26050571249417676,0.26387210267832883
1993-05-10,0.26387210267832883,0.2674914231411588
1993-05-11,0.2674914231411588,0.2633303113545727
1993-05-12,0.2633303113545727,0.2587537698166275
1993-05-13,0.2587537698166275,0.2515653457308723
1993-05-14,0.2515653457308723,0.2561016316953695
1993-05-17,0.2561016316953695,0.26240539047513867
1993-05-18,0.26240539047513867,0.2698384558918391
1993-05-19,0.2698384558918391,0.28956468042219224
1993-05-20,0.28956468042219224,0.3033332432964681
1993-05-21,0.3033332432964681,0.2940356911943041
1993-05-24,0.2940356911943041,0.2950460544153635
1993-05-25,0.2950460544153635,0.2929482966781801
1993-05-26,0.2929482966781801,0.3124464527257177
1993-05-27,0.3124464527257177,0.3084026057267859
1993-05-28,0.3084026057267859,0.29693456262087253
1993-06-01,0.29693456262087253,0.30763072523126106
1993-06-02,0.30763072523126106,0.30801471353052273
1993-06-03,0.30801471353052273,0.306465073508378
1993-06-04,0.306465073508378,0.2979768717167053
1993-06-07,0.2979768717167053,0.2876219747192799
1993-06-08,0.2876219747192799,0.2790608787334178
1993-06-09,0.2790608787334178,0.2779237402757161
1993-06-10,0.2779237402757161,0.27630361527238406
1993-06-11,0.27630361527238406,0.28443024875253625
1993-06-14,0.28443024875253625,0.29399541691290865
1993-06-15,0.29399541691290865,0.29358706981815147
1993-06-16,0.29358706981815147,0.28888297712577865
1993-06-17,0.28888297712577865,0.2864968111524218
1993-06-18,0.2864968111524218,0.2722116741488971
1993-06-21,0.2722116741488971,0.27199494231893473
1993-06-22,0.27199494231893473,0.2681985474644417
1993-06-23,0.2681985474644417,0.2653410931162792
1993-06-24,0.2653410931162792,0.2718226149544733
1993-06-25,0.2718226149544733,0.28185001219550887
1993-06-28,0.28185001219550887,0.29638118494694166
1993-06-29,0.29638118494694166,0.29037226696711277
1993-06-30,0.29037226696711277,0.29076504683138765
1993-07-01,0.29076504683138765,0.285058970277853
1993-07-02,0.285058970277853,0.2861992343809554
1993-07-06,0.2861992343809554,0.27813699229599786
1993-07-07,0.27813699229599786,0.2713607248197702
1993-07-08,0.2713607248197702,0.2778099191112498
1993-07-09,0.2778099191112498,0.2818765091527557
1993-07-12,0.2818765091527557,0.2828330594237355
1993-07-13,0.2828330594237355,0.2807520088715544
1993-07-14,0.2807520088715544,0.28484713314193905
1993-07-15,0.28484713314193905,0.27715312659179453
1993-07-16,0.27715312659179453,0.2554823629457682
1993-07-19,0.2554823629457682,0.25109416087422215
1993-07-20,0.25109416087422215,0.2655529985073356
1993-07-21,0.2655529985073356,0.2585551367672081
1993-07-22,0.2585551367672081,0.24912972796867974
1993-07-23,0.24912972796867974,0.25954614773857226
1993-07-26,0.25954614773857226,0.26660055698498386
1993-07-27,0.26660055698498386,0.2567490771927453
1993-07-28,0.2567490771927453,0.2672410225880331
1993-07-29,0.2672410225880331,0.2684093956439933
1993-07-30,0.2684093956439933,0.258347713051087
1993-08-02,0.258347713051087,0.26358621929800424
1993-08-03,0.26358621929800424,0.2657676469469
1993-08-04,0.2657676469469,0.2744628867752247
1993-08-05,0.2744628867752247,0.27971034406785705
1993-08-06,0.27971034406785705,0.2814121431641264
1993-08-09,0.2814121431641264,0.2794361270396121
1993-08-10,0.2794361270396121,0.2709903965045787
1993-08-11,0.2709903965045787,0.27346118418187915
1993-08-12,0.27346118418187915,0.2727086425401951
1993-08-13,0.2727086425401951,0.27509876577173187
1993-08-16,0.27509876577173187,0.29832676196329627
1993-08-17,0.29832676196329627,0.3069239761572637
1993-08-18,0.3069239761572637,0.31099676962186873
1993-08-19,0.31099676962186873,0.2972184883091913
1993-08-20,0.2972184883091913,0.2986753749168756
1993-08-23,0.2986753749168756,0.29775727879959546
1993-08-24,0.29775727879959546,0.29898694052306873
1993-08-25,0.29898694052306873,0.2916250598065461
1993-08-26,0.29161323241233833,0.28381469173066737
1993-08-27,0.28381469173066737,0.2880874072467877
1993-08-30,0.2880874072467877,0.29470200261359847
1993-08-31,0.29470200261359847,0.3027098436504368
1993-09-01,0.3027098436504368,0.30638966246876154
1993-09-02,0.30638966246876154,0.30738459061239937
1993-09-03,0.30738459061239937,0.3052672895501039
1993-09-07,0.3052672895501039,0.2880518314512772
1993-09-08,0.2880518314512772,0.28372730330774093
1993-09-09,0.28372730330774093,0.2917877729852772
1993-09-10,0.2917877729852772,0.29733757654641163
1993-09-13,0.29733757654641163,0.29000909794106056
1993-09-14,0.29000909794106056,0.2819736967235332
1993-09-15,0.2819736967235332,0.28923218010090074
1993-09-16,0.28923218010090074,0.2854998068700942
1993-09-17,0.2854998068700942,0.2865419365948651
1993-09-20,0.2865419365948651,0.2895232584446783
1993-09-21,0.2895232584446783,0.2852448863167395
1993-09-22,0.2852448863167395,0.30479847707207053
1993-09-23,0.30479847707207053,0.3122921247434299
1993-09-24,0.3122921247434299,0.31471467835407985
1993-09-27,0.31471467835407985,0.3258658781311089
1993-09-28,0.3258658781311089,0.33484939501949823
1993-09-29,0.33484939501949823,0.33711348158815324
1993-09-30,0.33711348158815324,0.32619987638972225
1993-10-01,0.32619987638972225,0.3264427938615755
1993-10-04,0.3264427938615755,0.3302418539619599
1993-10-05,0.3302418539619599,0.32245614131292855
1993-10-06,0.32245614131292855,0.3202868904525439
1993-10-07,0.3202868904525439,0.3141618059678149
1993-10-08,0.3141618059678149,0.32243984808696713
1993-10-11,0.32243984808696713,0.3207655514095363
1993-10-12,0.3207655514095363,0.3255940447683689
1993-10-13,0.3255940447683689,0.33513037699953335
1993-10-14,0.33513037699953335,0.349926251464386
1993-10-15,0.349926251464386,0.3511716443527272
1993-10-18,0.3511716443527272,0.34419204142013476
1993-10-19,0.34419204142013476,0.32533366807716674
1993-10-20,0.32533366807716674,0.3283937451559081
1993-10-21,0.3283937451559081,0.33718249267512995
1993-10-22,0.33718249267512995,0.3393630079043156
1993-10-25,0.3393630079043156,0.3373042129664201
1993-10-26,0.3373042129664201,0.32997749402994114
1993-10-27,0.32997749402994114,0.3445201679586402
1993-10-28,0.3445201679586402,0.3418584553306391
1993-10-29,0.3418584553306391,0.346442948757213
1993-11-01,0.346442948757213,0.35719553337429294
1993-11-02,0.35719553337429294,0.3579822312747555
1993-11-03,0.3579822312747555,0.33790613683996684
1993-11-04,0.33790613683996684,0.3105595545853451
1993-11-05,0.3105595545853451,0.32578870145056227
1993-11-08,0.32578870145056227,0.3288840817139309
1993-11-09,0.3288840817139309,0.33161446246806897
1993-11-10,0.33161446246806897,0.34984002902923256
1993-11-11,0.34984002902923256,0.354313394243392
1993-11-12,0.354313394243392,0.3557004041280507
1993-11-15,0.3557004041280507,0.3447506028142035
1993-11-16,0.3447506028142035,0.3507135883613806
1993-11-17,0.3507135883613806,0.33043977108404715
1993-11-18,0.33043977108404715,0.32002018900716395
1993-11-19,0.32002018900716395,0.3170651424424372
1993-11-22,0.3170651424424372,0.29908172824912316
1993-11-23,0.29908172824912316,0.3179460726493908
1993-11-24,0.3179460726493908,0.3274914666962057
1993-11-26,0.3274914666962057,0.33075757502620956
1993-11-29,0.33075757502620956,0.32271797404009755
1993-11-30,0.32271797404009755,0.331750587821737
1993-12-01,0.331750587821737,0.34766647770639375
1993-12-02,0.34766647770639375,0.3562133720179058
1993-12-03,0.3562133720179058,0.37134609517074746
1993-12-06,0.37134609517074746,0.36366549319561847
1993-12-07,0.36366549319561847,0.3581421684996345
1993-12-08,0.3581421684996345,0.3522556372197859
1993-12-09,0.3522556372197859,0.33202019404066097
1993-12-10,0.33202019404066097,0.33127425193588306
1993-12-13,0.33127425193588306,0.33338026278127586
1993-12-14,0.33338026278127586,0.32061346427017096
1993-12-15,0.32061346427017096,0.3259273437002427
1993-12-16,0.3259273437002427,0.3290642761515146
1993-12-17,0.3290642761515146,0.3363625474869441
1993-12-20,0.3363625474869441,0.3381393093849381
1993-12-21,0.3381393093849381,0.33498977376680006
1993-12-22,0.33498977376680006,0.33471813901606884
1993-12-23,0.33471813901606884,0.33966906471247327
1993-12-27,0.33966906471247327,0.34363729516665786
1993-12-28,0.34363729516665786,0.3512670374178423
1993-12-29,0.3512670374178423,0.3529756257673063
1993-12-30,0.3529756257673063,0.3592561275358373
1993-12-31,0.3592561275358373,0.36076006505386227
1994-01-03,0.3607057472028926,0.35328800028970064
1994-01-04,0.35328800028970064,0.3604157583165269
1994-01-05,0.3604157583165269,0.3682361390701616
1994-01-06,0.3682361390701616,0.37688492066918955
1994-01-07,0.37688492066918955,0.3784793431454553
1994-01-10,0.3784793431454553,0.39006431428989186
1994-01-11,0.39006431428989186,0.387030879912115
1994-01-12,0.387030879912115,0.3887959203840186
1994-01-13,0.3887959203840186,0.38745382997366684
1994-01-14,0.38745382997366684,0.3981372995501467
1994-01-17,0.3981372995501467,0.39535253885421945
1994-01-18,0.39535253885421945,0.3958145110496849
1994-01-19,0.3958145110496849,0.38260943626590926
1994-01-20,0.38260943626590926,0.39715569521933625
1994-01-21,0.39715569521933625,0.3973294009430899
1994-01-24,0.3973294009430899,0.39049474819899593
1994-01-25,0.39049474819899593,0.3826224475706108
1994-01-26,0.3826224475706108,0.3846274071820591
1994-01-27,0.3846274071820591,0.39239190532714907
1994-01-28,0.39239190532714907,0.3998294699062724
1994-01-31,0.3998294699062724,0.4041038068437911
1994-02-01,0.4041038068437911,0.39306392461387357
1994-02-02,0.39306392461387357,0.39754819228203403
1994-02-03,0.39754819228203403,0.3925375355555176
1994-02-04,0.3925375355555176,0.35643812427964194
1994-02-07,0.35643812427964194,0.36219518306379767
1994-02-08,0.36219518306379767,0.36719821958786025
1994-02-09,0.36719821958786025,0.3739209825495917
1994-02-10,0.3739209825495917,0.3667000905584531
1994-02-11,0.3667000905584531,0.36812552241584195
1994-02-14,0.36812552241584195,0.37714016520881954
1994-02-15,0.37714016520881954,0.38599360820760714
1994-02-16,0.38599360820760714,0.3872982552294143
1994-02-17,0.3872982552294143,0.3834607800506135
1994-02-18,0.3834607800506135,0.3850138280429074
1994-02-22,0.3850138280429074,0.3922056092407997
1994-02-23,0.3922056092407997,0.38770527551472034
1994-02-24,0.38770527551472034,0.3702973786292831
1994-02-25,0.3702973786292831,0.38039164412570386
1994-02-28,0.38039164412570386,0.3964514837374395
1994-03-01,0.3964514837374395,0.3892951841291422
1994-03-02,0.3892951841291422,0.3849906646663086
1994-03-03,0.3849906646663086,0.38496242773107875
1994-03-04,0.38496242773107875,0.39577077349620304
1994-03-07,0.39577077349620304,0.405309842345594
1994-03-08,0.405309842345594,0.3955601936172818
1994-03-09,0.3955601936172818,0.39875750909614244
1994-03-10,0.39875750909614244,0.38917181316932037
1994-03-11,0.38917181316932037,0.3882030966100161
1994-03-14,0.3882030966100161,0.398158724158858
1994-03-15,0.398158724158858,0.39786943805741115
1994-03-16,0.39786943805741115,0.40503985161457073
1994-03-17,0.40503985161457073,0.4142269485403407
1994-03-18,0.4142269485403407,0.411465036783485
1994-03-21,0.411465036783485,0.39807212509016127
1994-03-22,0.39807212509016127,0.3913635985925441
1994-03-23,0.3913635985925441,0.3908775363183707
1994-03-24,0.3908775363183707,0.37208117378213335
1994-03-25,0.37208117378213335,0.3608611800065039
1994-03-28,0.3608611800065039,0.34477926116368557
1994-03-29,0.34477926116368557,0.3161059719183616
1994-03-30,0.3161059719183616,0.3092969007216867
1994-03-31,0.3092969007216867,0.31590985502573343
1994-04-04,0.31590985502573343,0.2972503076683318
1994-04-05,0.2972503076683318,0.3302437702600721
1994-04-06,0.3302437702600721,0.32884413981015276
1994-04-07,0.32884413981015276,0.33445229950336114
1994-04-08,0.33445229950336114,0.31887467537939773
1994-04-11,0.31887467537939773,0.3162650532286219
1994-04-12,0.3162650532286219,0.29552673054644313
1994-04-13,0.29552673054644313,0.2761403352892768
1994-04-14,0.2761403352892768,0.27253113538275786
1994-04-15,0.27253113538275786,0.27396220817131345
1994-04-18,0.27396220817131345,0.2608807345983246
1994-04-19,0.2608807345983246,0.2541499026997845
1994-04-20,0.2541499026997845,0.24992549148330281
1994-04-21,0.24992549148330281,0.27448339047699133
1994-04-22,0.27448339047699133,0.27910522414695044
1994-04-25,0.27910522414695044,0.2920593020206652
1994-04-26,0.2920593020206652,0.2936255770278274
1994-04-28,0.2936255770278274,0.28656378418440565
1994-04-29,0.28656378418440565,0.2884103208073688
1994-05-02,0.2884103208073688,0.30364025720456655
1994-05-03,0.30364025720456655,0.2970449434411203
1994-05-04,0.2970449434411203,0.29813204769048784
1994-05-05,0.29813204769048784,0.2997904277400099
1994-05-06,0.2997904277400099,0.2910875165627678
1994-05-09,0.2910875165627678,0.2757703762812931
1994-05-10,0.2757703762812931,0.2803115702789918
1994-05-11,0.2803115702789918,0.269311837719393
1994-05-12,0.269311837719393,0.2725420354995533
1994-05-13,0.2725420354995533,0.2684833254765163
1994-05-16,0.2684833254765163,0.2589235094221991
1994-05-17,0.2589235094221991,0.25894507809579065
1994-05-18,0.25894507809579065,0.276378071717231
1994-05-19,0.276378071717231,0.28339642470691706
1994-05-20,0.28339642470691706,0.28033153395868604
1994-05-23,0.28033153395868604,0.27924164819972497
1994-05-24,0.27924164819972497,0.29534430533795497
1994-05-25,0.29534430533795497,0.29825855510769494
1994-05-26,0.29825855510769494,0.2924864134403202
1994-05-27,0.2924864134403202,0.2948446955862748
1994-05-31,0.2948446955862748,0.29963346739953356
1994-06-01,0.29963346739953356,0.3005351079868224
1994-06-02,0.3005351079868224,0.30393486268016967
1994-06-03,0.30393486268016967,0.309012940901886
1994-06-06,0.309012940901886,0.30906135145562585
1994-06-07,0.30906135145562585,0.3022552255093861
1994-06-08,0.3022552255093861,0.2808025167898048
1994-06-09,0.2808025167898048,0.27921304086378357
1994-06-10,0.27921304086378357,0.2890304224654007
1994-06-13,0.2890304224654007,0.282642475977764
1994-06-14,0.282642475977764,0.295183082604632
1994-06-15,0.295183082604632,0.2961216969709969
1994-06-16,0.2961216969709969,0.2961687019527462
1994-06-17,0.2961687019527462,0.2823872489793906
1994-06-20,0.2823872489793906,0.2730259320982001
1994-06-21,0.2730259320982001,0.2577725185310079
1994-06-22,0.2577725185310079,0.26259263168721864
1994-06-23,0.26259263168721864,0.24146835006468695
1994-06-24,0.24146835006468695,0.23792311081344625
1994-06-27,0.23792311081344625,0.2569969884066023
1994-06-28,0.2569969884066023,0.25889689348225825
1994-06-29,0.25889689348225825,0.26035571876765473
1994-06-30,0.26035571876765473,0.2551231456474257
1994-07-01,0.2551231456474257,0.2545496198456613
1994-07-05,0.2545496198456613,0.24793189154224357
1994-07-06,0.24793189154224357,0.2410755577323497
1994-07-07,0.2410755577323497,0.2525492107204299
1994-07-08,0.2525492107204299,0.25271790942384664
1994-07-11,0.25271790942384664,0.2516207186636277
1994-07-12,0.2516207186636277,0.2569225506395188
1994-07-13,0.2569225506395188,0.2736260017690223
1994-07-14,0.2736260017690223,0.2700234570465834
1994-07-15,0.2703100077290444,0.2694056577093494
1994-07-18,0.27184856613364267,0.2714721477343982
1994-07-19,0.2714721477343982,0.2638186250269881
1994-07-20,0.2638186250269881,0.2525561280150683
1994-07-21,0.2525561280150683,0.25820390630006934
1994-07-22,0.25957262295240663,0.2643155189346107
1994-07-25,0.2643155189346107,0.2665961966607069
1994-07-26,0.2665961966607069,0.26200867766348257
1994-07-27,0.26200867766348257,0.2572580751491815
1994-07-28,0.2572580751491815,0.2579620321587092
1994-07-29,0.2579620321587092,0.2751005911152422
1994-08-01,0.2751005911152422,0.28272572060692147
1994-08-02,0.2827030636911612,0.28090952166466404
1994-08-03,0.28090952166466404,0.27571003290824125
1994-08-04,0.27571003290824125,0.26916849139096216
1994-08-05,0.26916849139096216,0.2682897068126076
1994-08-08,0.2682678302261126,0.2721039855142682
1994-08-09,0.27205968455171886,0.2760203414215325
1994-08-10,0.2760203414215325,0.2833255548927531
1994-08-11,0.2833255548927531,0.28459847994932697
1994-08-12,0.28459847994932697,0.2902298074444503
1994-08-15,0.2902298074444503,0.29050696810243826
1994-08-16,0.29050696810243826,0.29848076110554933
1994-08-17,0.29848076110554933,0.31347028358931683
1994-08-18,0.31347028358931683,0.31038340980370327
1994-08-19,0.31038340980370327,0.3067373088212291
1994-08-22,0.3067373088212291,0.3035990306988197
1994-08-23,0.3035990306988197,0.31294942886994925
1994-08-24,0.31294942886994925,0.31707637097081615
1994-08-25,0.31707637097081615,0.32454531640502665
1994-08-26,0.32454531640502665,0.3438693617968365
1994-08-29,0.3438693617968365,0.34175062672432055
1994-08-30,0.34175062672432055,0.3502420399071285
1994-08-31,0.3502420399071285,0.3401987667704357
1994-09-01,0.3401987667704357,0.3240651664981425
1994-09-02,0.3240651664981425,0.3235686998457585
1994-09-06,0.3235686998457585,0.3292231509361594
1994-09-07,0.3292231509361594,0.33765251127816137
1994-09-08,0.33765251127816137,0.34709201601464346
1994-09-09,0.34709201601464346,0.33173594550383523
1994-09-12,0.33173594550383523,0.3237458941841728
1994-09-13,0.3237458941841728,0.3361941346134273
1994-09-14,0.3361941346134273,0.33899089478710126
1994-09-15,0.33899089478710126,0.3627924307864426
1994-09-16,0.3627924307864426,0.3557611422815747
1994-09-19,0.3557611422815747,0.35420430664128166
1994-09-20,0.3544147522292838,0.33570089132698644
1994-09-21,0.33570089132698644,0.32773234628441456
1994-09-22,0.32773234628441456,0.32733277520365484
1994-09-23,0.32733277520365484,0.3189738106038166
1994-09-26,0.3189247149659164,0.3157859847375073
1994-09-27,0.3157859847375073,0.31683344420793075
1994-09-28,0.31683344420793075,0.32327870886263704
1994-09-29,0.32327870886263704,0.32142301303725324
1994-09-30,0.32142301303725324,0.32790538171292366
1994-10-03,0.32790538171292366,0.3250829771678386
1994-10-04,0.3250829771678386,0.30022493251026766
1994-10-05,0.30022493251026766,0.3102975387135154
1994-10-06,0.3102975387135154,0.3003389331795015
1994-10-07,0.3003389331795015,0.31095292561329435
1994-10-10,0.31095292561329435,0.3241742552218353
1994-10-11,0.3241742552218353,0.3425924088134327
1994-10-12,0.3425924088134327,0.34146266667847575
1994-10-13,0.34146266667847575,0.3414882328202603
1994-10-14,0.3414882328202603,0.33877245700118414
1994-10-17,0.33877245700118414,0.3338030479620873
1994-10-18,0.3338030479620873,0.33670493629682613
1994-10-19,0.33670493629682613,0.35124757185560807
1994-10-20,0.35124757185560807,0.3493161041531357
1994-10-21,0.3493161041531357,0.3428930324299321
1994-10-24,0.3428930324299321,0.3384498216146487
1994-10-25,0.3384498216146487,0.3376605444299732
1994-10-26,0.3376605444299732,0.35126079251692205
1994-10-27,0.35126079251692205,0.3559317667462378
1994-10-28,0.3559317667462378,0.37230593012796914
1994-10-31,0.37230593012796914,0.375587449636532
1994-11-01,0.375587449636532,0.3674310314806991
1994-11-02,0.3674310314806991,0.3643397025573892
1994-11-03,0.3643397025573892,0.3623617038329289
1994-11-04,0.3623617038329289,0.34449080507912866
1994-11-07,0.34449080507912866,0.3412214914707481
1994-11-08,0.3412214914707481,0.35976660102923946
1994-11-09,0.35976660102923946,0.3620977150363192
1994-11-10,0.3620977150363192,0.3562448101166824
1994-11-11,0.3562448101166824,0.3527185118795482
1994-11-14,0.3527185118795482,0.37203711688047986
1994-11-15,0.37203711688047986,0.3709809998368904
1994-11-16,0.37111610490369906,0.3735221859109455
1994-11-17,0.3735221859109455,0.3687979785508575
1994-11-18,0.3687979785508575,0.37270145537487176
1994-11-21,0.37270145537487176,0.36416177108548553
1994-11-22,0.36416177108548553,0.3338653602898325
1994-11-23,0.3338653602898325,0.3319524805109863
1994-11-25,0.3319524805109863,0.34198201353578167
1994-11-28,0.34198201353578167,0.34875906729037764
1994-11-29,0.34875906729037764,0.3624392769097351
1994-11-30,0.3624392769097351,0.35106377234166336
1994-12-01,0.35106377234166336,0.33243610189463113
1994-12-02,0.3359472056717587,0.34347333986099987
1994-12-05,0.34347333986099987,0.34519049185764344
1994-12-06,0.34519049185764344,0.3381703285582581
1994-12-07,0.3381703285582581,0.32744131086416756
1994-12-08,0.32744131086416756,0.30398465096711613
1994-12-09,0.30398465096711613,0.30948521623389397
1994-12-12,0.30948521623389397,0.31008247817779716
1994-12-13,0.31008247817779716,0.306853102281296
1994-12-14,0.306853102281296,0.3166399571344045
1994-12-15,0.3166399571344045,0.32161213423200874
1994-12-16,0.32161213423200874,0.3174704633517537
1994-12-19,0.3174704633517537,0.3136074736713153
1994-12-20,0.3136074736713153,0.3140652623070246
1994-12-21,0.3140652623070246,0.33140836735373247
1994-12-22,0.33140836735373247,0.3364069854159263
1994-12-23,0.3364069854159263,0.3398148255668267
1994-12-27,0.3398148255668267,0.3471337963142406
1994-12-28,0.3471337963142406,0.33741651837201203
1994-12-29,0.33741651837201203,0.3527168164344541
1994-12-30,0.3527168164344541,0.3474040356233432
1995-01-03,0.3474040356233432,0.33123994074226143
1995-01-04,0.33123994074226143,0.33535961823344157
1995-01-05,0.33535961823344157,0.33125624410432625
1995-01-06,0.33125624410432625,0.3401697704368317
1995-01-09,0.3401697704368317,0.3450996505968803
1995-01-10,0.3450996505968803,0.3554647204168082
1995-01-11,0.3554647204168082,0.35423497694076367
1995-01-12,0.35423497694076367,0.3548092741122767
1995-01-13,0.3548092741122767,0.36306714447502114
1995-01-16,0.36306714447502114,0.37147863793941344
1995-01-17,0.37147863793941344,0.38020774597947427
1995-01-18,0.38020774597947427,0.38669212173681716
1995-01-19,0.38669212173681716,0.38273530241306064
1995-01-20,0.38273530241306064,0.3615755849547865
1995-01-23,0.3615755849547865,0.36623052280099827
1995-01-24,0.36623052280099827,0.3707918210284853
1995-01-25,0.3707918210284853,0.3634494680537973
1995-01-26,0.3634494680537973,0.3518525705951268
1995-01-27,0.3518525705951268,0.35372219628026347
1995-01-30,0.35372219628026347,0.3393637702453429
1995-01-31,0.3393637702453429,0.3485382634173096
1995-02-01,0.3485382634173096,0.3530011088383958
1995-02-02,0.3530011088383958,0.36364160349087665
1995-02-03,0.36364160349087665,0.37688187473954793
1995-02-06,0.37688187473954793,0.38989616681933026
1995-02-07,0.38989616681933026,0.38889583248017023
1995-02-08,0.3895061296224913,0.4030299270810066
1995-02-09,0.4030299270810066,0.40521708547054386
1995-02-10,0.40521708547054386,0.4175893906357434
1995-02-13,0.4175893906357434,0.4117729772185707
1995-02-14,0.4117729772185707,0.414769320893605
1995-02-15,0.41491403648696285,0.4225297205173038
1995-02-16,0.4225297205173038,0.41775232319162214
1995-02-17,0.41775232319162214,0.4026269610890093
1995-02-21,0.4026269610890093,0.4002433321132463
1995-02-22,0.4002433321132463,0.41265137678745906
1995-02-23,0.41262259402008766,0.41790050957223773
1995-02-24,0.41790050957223773,0.41030905970923737
1995-02-27,0.41030905970923737,0.3997644559690484
1995-02-28,0.3997644559690484,0.42164679523045
1995-03-01,0.42164679523045,0.4137500218604305
1995-03-02,0.4137500218604305,0.41917942216373677
1995-03-03,0.41917942216373677,0.4337450528140748
1995-03-06,0.4337450528140748,0.43541375420664136
1995-03-07,0.43541375420664136,0.4201179234595547
1995-03-08,0.4201179234595547,0.4343805090121944
1995-03-09,0.4343805090121944,0.43441026662013915
1995-03-10,0.43441026662013915,0.4485454119023143
1995-03-13,0.44851492135758825,0.4456822178476313
1995-03-14,0.4456518573299386,0.4622117494360906
1995-03-15,0.4622117494360906,0.4538224562446367
1995-03-16,0.4538224562446367,0.4572293791902189
1995-03-17,0.4572293791902189,0.45494675833223397
1995-03-20,0.45494675833223397,0.4631553004534524
1995-03-21,0.4631553004534524,0.46477315368202377
1995-03-22,0.46477315368202377,0.46477315368202377
1995-03-23,0.46477315368202377,0.47004321667832333
1995-03-24,0.47004321667832333,0.49081086557638565
1995-03-27,0.49081086557638565,0.49627474525777915
1995-03-28,0.49627474525777915,0.5074136123654757
1995-03-29,0.5074136123654757,0.47875627911972735
1995-03-30,0.47875627911972735,0.46779051187789866
1995-03-31,0.46760264851115346,0.4638168833165181
1995-04-03,0.4638168833165181,0.46798671178736345
1995-04-04,0.46798671178736345,0.4472320399877535
1995-04-05,0.4472320399877535,0.4557342212841608
1995-04-06,0.4557342212841608,0.4411601034824691
1995-04-07,0.44239348993463695,0.45348529621535766
1995-04-10,0.45348529621535766,0.469877732489133
1995-04-11,0.469877732489133,0.48233154612879425
1995-04-12,0.48233154612879425,0.49398214483959874
1995-04-13,0.49398214483959874,0.5003057658790065
1995-04-17,0.5003057658790065,0.4941900008109642
1995-04-18,0.4941900008109642,0.4824153183257555
1995-04-19,0.4825749654571386,0.46207921470915236
1995-04-20,0.4624203504405688,0.46812859378757654
1995-04-21,0.46812859378757654,0.4754161819074135
1995-04-24,0.4754161819074135,0.49143756408413214
1995-04-25,0.4915021333449406,0.5001276661770256
1995-04-26,0.5001276661770256,0.5129712604194625
1995-04-27,0.5129712604194625,0.5206487048333558
1995-04-28,0.5206487048333558,0.534813432906884
1995-05-01,0.534813432906884,0.5228200749842491
1995-05-02,0.5228200749842491,0.5205652920779035
1995-05-03,0.5205652920779035,0.5526126005094661
1995-05-04,0.5526126005094661,0.5497153669477141
1995-05-05,0.5497153669477141,0.5364970895815615
1995-05-08,0.5364970895815615,0.5586734054960241
1995-05-09,0.5586734054960241,0.5559314831706651
1995-05-10,0.5559314831706651,0.5449997383409386
1995-05-11,0.5449651292249462,0.5681296758609109
1995-05-12,0.5681296758609109,0.5809951175345104
1995-05-15,0.5809951175345104,0.5923579213893534
1995-05-16,0.5923579213893534,0.6095316443964615
1995-05-17,0.6095316443964615,0.6231239387699103
1995-05-18,0.6231239387699103,0.5979187899804096
1995-05-19,0.5979187899804096,0.6047186348788086
1995-05-22,0.6043482781208913,0.6240420364448159
1995-05-23,0.6240420364448159,0.6544065570043981
1995-05-24,0.6544065570043981,0.644183099376118
1995-05-25,0.644183099376118,0.6486621488527131
1995-05-26,0.6486621488527131,0.6269391972549528
1995-05-30,0.6269391972549528,0.5739338133788903
1995-05-31,0.5739338133788903,0.5954349720813235
1995-06-01,0.5954349720813235,0.6059016916674697
1995-06-02,0.6059016916674697,0.6121586699711522
1995-06-05,0.6121586699711522,0.6425771235425097
1995-06-06,0.6425771235425097,0.6206750124450515
1995-06-07,0.6206750124450515,0.6283093406686893
1995-06-08,0.6283093406686893,0.6423756525281559
1995-06-09,0.6423756525281559,0.6406442867382618
1995-06-12,0.6406442867382618,0.6455603989201967
1995-06-13,0.6455603989201967,0.6595733594465789
1995-06-14,0.6595733594465789,0.6625884641314722
1995-06-15,0.6625884641314722,0.6857618201899466
1995-06-16,0.6857618201899466,0.7081835242225032
1995-06-19,0.708101346920921,0.7613784317752761
1995-06-20,0.7613784317752761,0.8002128132910731
1995-06-21,0.8002128132910731,0.7822821359869652
1995-06-22,0.7822821359869652,0.8284722104404098
1995-06-23,0.8284722104404098,0.8220999363706666
1995-06-26,0.8220999363706666,0.7851050619806226
1995-06-27,0.7851050619806226,0.7471297213870758
1995-06-28,0.7471297213870758,0.759061931448281
1995-06-29,0.759061931448281,0.7829216259258269
1995-06-30,0.7829216259258269,0.7908938179872439
1995-07-03,0.7908938179872439,0.7950389054748968
1995-07-05,0.7950389054748968,0.8145990317794165
1995-07-06,0.8145990317794165,0.8617308250371611
1995-07-07,0.8616841043788847,0.9256267057266
1995-07-10,0.9256267057266,0.9549826870761468
1995-07-11,0.9549826870761468,0.9071302365828935
1995-07-12,0.9071302365828935,0.9830329109599382
1995-07-13,0.9830329109599382,1.0010414744126401
1995-07-14,1.00114455395527,1.035026736900535
1995-07-17,1.035026736900535,1.072191879926971
1995-07-18,1.062923454010641,0.9732914614413859
1995-07-19,0.9732914614413859,0.8150973976454957
1995-07-20,0.8272987428470608,0.8294655397025457
1995-07-21,0.8294655397025457,0.8179354017748643
1995-07-24,0.8179354017748643,0.8845013996508748
1995-07-25,0.8845013996508748,0.9319932346121588
1995-07-26,0.9319932346121588,0.9521559860676252
1995-07-27,0.9521559860676252,0.9888496097294257
1995-07-28,0.9888496097294257,0.9377188122325004
1995-07-31,0.9377188122325004,0.9117518768387289
1995-08-01,0.9117518768387289,0.8652572295054152
1995-08-02,0.8659533377259114,0.8297275137104658
1995-08-03,0.8297275137104658,0.8364969926941195
1995-08-04,0.8364969926941195,0.8706188262238999
1995-08-07,0.8706188262238999,0.8849226156471417
1995-08-08,0.8849226156471417,0.8946251172819415
1995-08-09,0.8946251172819415,0.9410238281761425
1995-08-10,0.9410238281761425,0.9128662528453598
1995-08-11,0.9128662528453598,0.9411775943178833
1995-08-14,0.9413245896053157,0.9857687958529051
1995-08-15,0.9857687958529051,0.9823296927613054
1995-08-16,0.982279185663301,1.0447943590611761
1995-08-17,1.0447943590611761,1.0440062654327316
1995-08-18,1.0440062654327316,1.0400142402862336
1995-08-21,1.0400142402862336,0.9528864797059847
1995-08-22,0.9528864797059847,1.0040458867867126
1995-08-23,1.0040458867867126,1.0146273836360984
1995-08-24,1.0146273836360984,0.9726227464131035
1995-08-25,0.9726227464131035,0.9573119053068029
1995-08-28,0.9573119053068029,0.8877537886905835
1995-08-29,0.8877537886905835,0.8913767253797877
1995-08-30,0.8913767253797877,0.9197306089150897
1995-08-31,0.9198267444485865,0.9387100197247567
1995-09-01,0.9387100197247567,0.9213280203214403
1995-09-05,0.9213280203214403,1.0281338042111727
1995-09-06,1.0281338042111727,1.0217097452810122
1995-09-07,1.0373933203239525,1.0477125744057365
1995-09-08,1.0477125744057365,1.0746250013397274
1995-09-11,1.0746250013397274,1.1038615536833656
1995-09-12,1.1056538940402512,1.0834167087884734
1995-09-13,1.0834167087884734,1.0925884760161202
1995-09-14,1.0925884760161202,1.0732788561161712
1995-09-15,1.0732788561161712,0.9927457107553164
1995-09-18,0.9927457107553164,1.0034651349986206
1995-09-19,1.0034651349986206,1.0538311363977548
1995-09-20,1.0538311363977548,1.0652457090335745
1995-09-21,1.0652457090335745,1.0210597421654852
1995-09-22,1.0210597421654852,1.0096795510030825
1995-09-25,1.0096795510030825,0.9856061873100116
1995-09-26,0.9856061873100116,0.9495972376724562
1995-09-27,0.949253837912865,0.9272836476139412
1995-09-28,0.9272836476139412,1.020073321924161
1995-09-29,1.020073321924161,0.9668289414862143
1995-10-02,0.9668289414862143,0.9112561649704364
1995-10-03,0.9112561649704364,0.9078738036062636
1995-10-04,0.9078738036062636,0.8405389047065702
1995-10-05,0.8405389047065702,0.9026106255202153
1995-10-06,0.9026106255202153,0.8774115156494307
1995-10-09,0.8773650808186552,0.7823627690710308
1995-10-10,0.7823627690710308,0.7987988549474317
1995-10-11,0.7987988549474317,0.8578429365075312
1995-10-12,0.8578429365075312,0.8978368056346834
1995-10-13,0.8978368056346834,0.8832672420531564
1995-10-16,0.883313775200931,0.8761079776949249
1995-10-17,0.8761079776949249,0.9730644455989442
1995-10-18,0.9730644455989442,1.0153592851279634
1995-10-19,1.0153592851279634,1.0321188476856702
1995-10-20,1.0321188476856702,0.9838138897289209
1995-10-23,0.9636683207045676,0.9903730959031856
1995-10-24,0.9900224965059135,0.99517940005685
1995-10-25,0.99517940005685,0.9454398718952134
1995-10-26,0.9454398718952134,0.9364112649463351
1995-10-27,0.9364112649463351,0.9897535691632471
1995-10-30,0.9897535691632471,1.057640123052681
1995-10-31,1.057640123052681,1.0141571250087609
1995-11-01,1.0141571250087609,1.0249796188626676
1995-11-02,1.0249796188626676,1.0954939212100687
1995-11-03,1.0954939212100687,1.133026931472392
1995-11-06,1.133026931472392,1.1002774702955647
1995-11-07,1.1002774702955647,0.99579297326029
1995-11-08,0.9956428188630712,1.0082676688920784
1995-11-09,1.0082676688920784,1.1003679612676442
1995-11-10,1.1003679612676442,1.0824965366685082
1995-11-13,1.0824965366685082,1.0544996834701144
1995-11-14,1.0544996834701144,0.9679651787598491
1995-11-15,0.9679651787598491,0.9767993062984897
1995-11-16,0.9767993062984897,0.9680104415321992
1995-11-17,0.9680104415321992,0.9538264075716439
1995-11-20,0.9538264075716439,0.8705299350305966
1995-11-21,0.8705299350305966,0.8821791772897835
1995-11-22,0.8821791772897835,0.858304972750229
1995-11-24,0.858304972750229,0.9002972523808503
1995-11-27,0.9002972523808503,0.8797013455925915
1995-11-28,0.8797013455925915,0.9904784536675927
1995-11-29,0.9904784536675927,0.9983294882022924
1995-11-30,0.9983294882022924,0.9690577132430981
1995-12-01,0.9690577132430981,0.9362511393606232
1995-12-04,0.9358203819254357,0.9887715274351713
1995-12-05,0.9887715274351713,0.9551895748297531
1995-12-06,0.9551895748297531,0.9491310848614809
1995-12-07,0.9491310848614809,0.9353763787226704
1995-12-08,0.9353763787226704,0.9939240285313684
1995-12-11,0.9939240285313684,0.9776564639176055
1995-12-12,0.9776564639176055,0.9231900173787763
1995-12-13,0.9231900173787763,0.9350249780487925
1995-12-14,0.9350249780487925,0.833571724517445
1995-12-15,0.833571724517445,0.8202799045065772
1995-12-18,0.8202799045065772,0.7536996576496924
1995-12-19,0.7536996576496924,0.8649723996188723
1995-12-20,0.8649723996188723,0.8204760514949977
1995-12-21,0.8204760514949977,0.8884630563177799
1995-12-22,0.8884630563177799,0.9087485001802864
1995-12-26,0.9087485001802864,0.9083293660405359
1995-12-27,0.9083293660405359,0.8863463724511581
1995-12-28,0.8863463724511581,0.847815008398326
1995-12-29,0.847815008398326,0.866803056998684
1996-01-02,0.866803056998684,0.9106224191355312
1996-01-03,0.9106224191355312,0.8469809974810897
1996-01-04,0.8469809974810897,0.8078649856349387
1996-01-05,0.8078649856349387,0.8150049916788685
1996-01-08,0.8150049916788685,0.8063955218181116
1996-01-09,0.803259400852279,0.6832889308798953
1996-01-10,0.6832889308798953,0.6866259582319979
1996-01-11,0.6866259582319979,0.7632428211934864
1996-01-12,0.7632428211934864,0.7529737264738707
1996-01-15,0.7531371163330882,0.6782934866921374
1996-01-16,0.6782934866921374,0.7224985091937193
1996-01-17,0.7224985091937193,0.7203551157582755
1996-01-18,0.7203551157582755,0.7552563643011443
1996-01-19,0.7552563643011443,0.7974391347672939
1996-01-22,0.7974391347672939,0.8254449129418524
1996-01-23,0.8254449129418524,0.8085385393071728
1996-01-24,0.8085385393071728,0.8717710259264224
1996-01-25,0.8717710259264224,0.8273842713169713
1996-01-26,0.8273842713169713,0.8481605919342441
1996-01-29,0.8481605919342441,0.8445447982653463
1996-01-30,0.8445447982653463,0.8786649036270057
1996-01-31,0.8786649036270057,0.9140077759023549
1996-02-01,0.9140077759023549,0.9606178053723934
1996-02-02,0.9606178053723934,0.9584151804593984
1996-02-05,0.9587977230874204,1.0256025914253466
1996-02-06,1.0256025914253466,1.0442495136862002
1996-02-07,1.0440975850135263,1.023356392484594
1996-02-08,1.023356392484594,1.06693134108838
1996-02-09,1.06693134108838,1.0628778672218946
1996-02-12,1.0628778672218946,1.0745469949984816
1996-02-13,1.0745985996808731,1.0397467021767197
1996-02-14,1.0397467021767197,1.0349561859614094
1996-02-15,1.0349561859614094,1.048228273611342
1996-02-16,1.048228273611342,1.0421947332600396
1996-02-20,1.0421947332600396,1.031032887184545
1996-02-21,1.031032887184545,1.0834345503255258
1996-02-22,1.0834345503255258,1.1670131961128796
1996-02-23,1.1670131961128796,1.1625515549538386
1996-02-26,1.1625515549538386,1.1372049111058464
1996-02-27,1.1372049111058464,1.100731312391327
1996-02-28,1.100731312391327,1.1025104831472168
1996-02-29,1.1025104831472168,1.0574107156009447
1996-03-01,1.0574107156009447,0.9653755590510309
1996-03-04,0.9653755590510309,0.9497637442855916
1996-03-05,0.9497637442855916,1.0178814863322003
1996-03-06,1.0178814863322003,0.9780178210743482
1996-03-07,0.9780178210743482,0.9862718296769127
1996-03-08,0.9862718296769127,0.8996748839792484
1996-03-11,0.8996748839792484,0.9624851390991697
1996-03-12,0.9624851390991697,0.9316784240859433
1996-03-13,0.9316784240859433,1.0050747193825305
1996-03-14,1.0050747193825305,0.9845236065984304
1996-03-15,0.9845236065984304,1.038461609220719
1996-03-18,1.038461609220719,1.096338522022811
1996-03-19,1.096338522022811,1.0762386041616634
1996-03-20,1.0762386041616634,1.0037529130419685
1996-03-21,1.0037529130419685,0.98539933879289
1996-03-22,0.98539933879289,0.9920222505738929
1996-03-25,0.9920222505738929,0.9188928326485842
1996-03-26,0.9188928326485842,0.9385366672109301
1996-03-27,0.9385366672109301,0.9665018750561668
1996-03-28,0.9665018750561668,0.966597337253492
1996-03-29,0.966597337253492,0.9742749825144814
1996-04-01,0.9742749825144814,0.9900949674400256
1996-04-02,0.9900949674400256,1.0037595057081896
1996-04-03,1.0037595057081896,1.0172558083782184
1996-04-04,1.0172558083782184,1.0144436290556809
1996-04-08,1.0144436290556809,0.9780516228482266
1996-04-09,0.9780516228482266,0.9802140596570595
1996-04-10,0.9802140596570595,0.9708298941603567
1996-04-11,0.9708298941603567,0.9467309886136062
1996-04-12,0.9467309886136062,0.9513386228286105
1996-04-15,0.9513386228286105,0.9797822219492244
1996-04-16,0.9797822219492244,1.0512600107430257
1996-04-17,1.0512095768374878,1.0249097513387355
1996-04-18,1.0249097513387355,1.0879685742427496
1996-04-19,1.0879685742427496,1.0857529649509392
1996-04-22,1.0857529649509392,1.1437959285491683
1996-04-23,1.1437959285491683,1.198119600334076
1996-04-24,1.198119600334076,1.2504020897509236
1996-04-25,1.2504020897509236,1.2654856825945184
1996-04-26,1.2654856825945184,1.265315026178154
1996-04-29,1.265315026178154,1.2673078080792937
1996-04-30,1.2673078080792937,1.2657686872684075
1996-05-01,1.2657686872684075,1.3035293377098378
1996-05-02,1.3035293377098378,1.2069493520145815
1996-05-03,1.2069493520145815,1.2308778740406128
1996-05-06,1.2308778740406128,1.241267461179249
1996-05-07,1.241267461179249,1.2294152768337132
1996-05-08,1.2294152768337132,1.2445407680876601
1996-05-09,1.243977871243105,1.2389713511582667
1996-05-10,1.2389713511582667,1.2950723288614021
1996-05-13,1.2950723288614021,1.3873879245519427
1996-05-14,1.3873879245519427,1.429159316934524
1996-05-15,1.429159316934524,1.3966684943089422
1996-05-16,1.3966080949278796,1.42756948130167
1996-05-17,1.42756948130167,1.4002192677860001
1996-05-20,1.4002192677860001,1.4151780994942715
1996-05-21,1.4151780994942715,1.3820474505137237
1996-05-22,1.3820474505137237,1.3854832245926942
1996-05-23,1.3854832245926942,1.4075809658794298
1996-05-24,1.4075809658794298,1.3881780721793389
1996-05-28,1.3881780721793389,1.3649650695049342
1996-05-29,1.3649650695049342,1.317266026434638
1996-05-30,1.317266026434638,1.3578290278124954
1996-05-31,1.3578290278124954,1.4075538500668103
1996-06-03,1.4075538500668103,1.3884039217857744
1996-06-04,1.3884039217857744,1.4085880627433487
1996-06-05,1.4085880627433487,1.4498331690137674
1996-06-06,1.4498331690137674,1.373086651353011
1996-06-07,1.373086651353011,1.3997685873058088
1996-06-10,1.3997685873058088,1.383857095329146
1996-06-11,1.383857095329146,1.3965134422369343
1996-06-12,1.3965134422369343,1.434228465248519
1996-06-13,1.434228465248519,1.4013951757800276
1996-06-14,1.4013951757800276,1.336312327683495
1996-06-17,1.3363712423096576,1.320479273302857
1996-06-18,1.320479273302857,1.248250385983461
1996-06-19,1.248250385983461,1.257526741630454
1996-06-20,1.2574705318636719,1.23905220918334
1996-06-21,1.2393318576934114,1.284261298442073
1996-06-24,1.284261298442073,1.3108426223645162
1996-06-25,1.3108426223645162,1.2578219635425436
1996-06-26,1.2578219635425436,1.2106566005441348
1996-06-27,1.2106566005441348,1.2737505591863656
1996-06-28,1.2737505591863656,1.3087659164443637
1996-07-01,1.3093458272185114,1.365419127999564
1996-07-02,1.365419127999564,1.3242817247443275
1996-07-03,1.3242817247443275,1.2873087091793436
1996-07-05,1.2873087091793436,1.194691981568669
1996-07-08,1.194691981568669,1.185536736763285
1996-07-09,1.185536736763285,1.2113439003814275
1996-07-10,1.2113439003814275,1.1931396569634483
1996-07-11,1.1931396569634483,1.0751596638273961
1996-07-12,1.0751596638273961,1.071506753798758
1996-07-15,1.071506753798758,0.9289171068740528
1996-07-16,0.9289171068740528,0.9627130969268927
1996-07-17,0.9627130969268927,1.042880357247941
1996-07-18,1.042880357247941,1.1045314000538229
1996-07-19,1.1045829244298493,1.0495038528566716
1996-07-22,1.0495038528566716,1.0046425557547107
1996-07-23,1.0046425557547107,0.8805654993709354
1996-07-24,0.8805213058327938,0.9101892677083481
1996-07-25,0.9101892677083481,0.979418231059636
1996-07-26,0.979418231059636,1.0409880663397404
1996-07-29,1.0409880663397404,0.9774824959929418
1996-07-30,0.9774824959929418,1.0238432351349942
1996-07-31,1.0238432351349942,1.0515704392845153
1996-08-01,1.0515704392845153,1.1262704345919008
1996-08-02,1.1262704345919008,1.21330060173107
1996-08-05,1.21330060173107,1.1761297884036035
1996-08-06,1.1761297884036035,1.2330839699938578
1996-08-07,1.2330839699938578,1.29190274526351
1996-08-08,1.2916756790517252,1.2643591751293322
1996-08-09,1.2643591751293322,1.26878184577328
1996-08-12,1.26878184577328,1.274842375980637
1996-08-13,1.274842375980637,1.2169160999189
1996-08-14,1.2169160999189,1.2609477343426139
1996-08-15,1.2609477343426139,1.260501079550392
1996-08-16,1.260501079550392,1.233637559746091
1996-08-19,1.233637559746091,1.2224622148947981
1996-08-20,1.2224622148947981,1.182081265480502
1996-08-21,1.182081265480502,1.2064229404749292
1996-08-22,1.2064229404749292,1.2834807013965392
1996-08-23,1.2834807013965392,1.2605462861998311
1996-08-26,1.2605462861998311,1.2345936719642945
1996-08-27,1.2342634427778192,1.268327411019925
1996-08-28,1.268327411019925,1.2718014857535824
1996-08-29,1.2718014857535824,1.2236927786372587
1996-08-30,1.2236927786372587,1.1825020405038473
1996-09-03,1.1825020405038473,1.2130815285160113
1996-09-04,1.2130815285160113,1.2125923420120963
1996-09-05,1.2125923420120963,1.1208324901860949
1996-09-06,1.1208324901860949,1.1821729309391575
1996-09-09,1.1821729309391575,1.223606524748605
1996-09-10,1.223606524748605,1.2218040764921212
1996-09-11,1.2218040764921212,1.2407408331195848
1996-09-12,1.2407408331195848,1.2987973449266914
1996-09-13,1.2987973449266914,1.4250114655542017
1996-09-16,1.4250114655542017,1.4332249318853991
1996-09-17,1.4332249318853991,1.5137356473362629
1996-09-18,1.5137356473362629,1.5459798186668747
1996-09-19,1.5459798186668747,1.604174793579013
1996-09-20,1.604174793579013,1.6476778104478396
1996-09-23,1.6476778104478396,1.5811207981842357
1996-09-24,1.5811207981842357,1.6018170228344977
1996-09-25,1.60168681882113,1.6610494645922629
1996-09-26,1.6613166217783482,1.6538313393575261
1996-09-27,1.6538313393575261,1.6546308922346507
1996-09-30,1.6546308922346507,1.606907100807367
1996-10-01,1.606972524143324,1.5868411374899847
1996-10-02,1.5868411374899847,1.6714221755034293
1996-10-03,1.6714221755034293,1.6427810005904804
1996-10-04,1.6427810005904804,1.747808421780154
1996-10-07,1.747808421780154,1.7871797836351173
1996-10-08,1.7881613139822734,1.7059714998048154
1996-10-09,1.7059714998048154,1.7109313767016092
1996-10-10,1.7109313767016092,1.6937081360584951
1996-10-11,1.6937081360584951,1.7897264853440227
1996-10-14,1.7897264853440227,1.8342567578089173
1996-10-15,1.8342567578089173,1.8562825717954448
1996-10-16,1.8562825717954448,1.8028271353440477
1996-10-17,1.8028271353440477,1.7194070896549871
1996-10-18,1.7192025607750083,1.7264363110034706
1996-10-21,1.7264363110034706,1.6542382681333143
1996-10-22,1.6542382681333143,1.590132782883351
1996-10-23,1.590132782883351,1.6747078664356916
1996-10-24,1.6747078664356916,1.6660626542276058
1996-10-25,1.6660626542276058,1.6336056839110125
1996-10-28,1.6336056839110125,1.621016847775254
1996-10-29,1.621016847775254,1.5526257408405975
1996-10-30,1.5526257408405975,1.58543149623043
1996-10-31,1.58543149623043,1.686388782831013
1996-11-01,1.686388782831013,1.710070433637279
1996-11-04,1.710070433637279,1.7149593190123953
1996-11-05,1.7149593190123953,1.8080287484026858
1996-11-06,1.8079586586857384,1.927722119744395
1996-11-07,1.927722119744395,1.9903378724804066
1996-11-08,1.9903378724804066,2.0146596474238136
1996-11-11,2.0146596474238136,2.0605195864040398
1996-11-12,2.0605195864040398,1.9788643213507835
1996-11-13,1.9788643213507835,2.0133284320648337
1996-11-14,2.0133284320648337,2.09689142539475
1996-11-15,2.09689142539475,2.0167965363186546
1996-11-18,2.0167207795617488,1.9702525638014
1996-11-19,1.9702525638014,2.0633152125833694
1996-11-20,2.0633152125833694,2.0833649368928606
1996-11-21,2.0833649368928606,2.0221308485617824
1996-11-22,2.0221308485617824,2.157786873956053
1996-11-25,2.158894399057276,2.180496112438427
1996-11-26,2.180496112438427,2.2145084392806806
1996-11-27,2.2145084392806806,2.269716111900023
1996-11-29,2.269716111900023,2.2831321445290707
1996-12-02,2.2831321445290707,2.370349990632404
1996-12-03,2.370349990632404,2.313773168559545
1996-12-04,2.313773168559545,2.2867674681435504
1996-12-05,2.2867674681435504,2.296219449575955
1996-12-06,2.296219449575955,2.22542100422106
1996-12-09,2.22542100422106,2.4629451714158836
1996-12-10,2.4629451714158836,2.3967024070555674
1996-12-11,2.3967024070555674,2.4595445566532383
1996-12-12,2.4595445566532383,2.3474493471016307
1996-12-13,2.3474493471016307,2.2228637997950282
1996-12-16,2.2228637997950282,2.0323327573272376
1996-12-17,2.0311203414104746,2.1157102582893907
1996-12-18,2.1167217416549717,2.277203625509665
1996-12-19,2.277203625509665,2.3359208418665087
1996-12-20,2.3358377038222757,2.25552369635116
1996-12-23,2.25552369635116,2.180398086038239
1996-12-24,2.17984287620373,2.2645292176030245
1996-12-26,2.2645292176030245,2.3261704605489757
1996-12-27,2.3261704605489757,2.2639173618154547
1996-12-30,2.2617222768727325,2.191042510495544
1996-12-31,2.191042510495544,2.1502432549324935
1997-01-02,2.1502432549324935,2.105005762111684
1997-01-03,2.105005762111684,2.3571884073119094
1997-01-06,2.3601068161757044,2.3995752749782744
1997-01-07,2.399490824279996,2.4949091204513474
1997-01-08,2.4949091204513474,2.3956960218450756
1997-01-09,2.3956960218450756,2.4282155142550548
1997-01-10,2.4282155142550548,2.5015763104953366
1997-01-13,2.5016630969000593,2.491171753810898
1997-01-14,2.4910852083844204,2.63815203379827
1997-01-15,2.63815203379827,2.4846901143424844
1997-01-16,2.485380221866005,2.5652579776503783
1997-01-17,2.5652579776503783,2.651673878056486
1997-01-20,2.651673878056486,2.7988092429697184
1997-01-21,2.7985290202344375,2.928976525799676
1997-01-22,2.928976525799676,3.0423560199296866
1997-01-23,3.0423560199296866,2.9163250376309424
1997-01-24,2.9163250376309424,2.7785829303519773
1997-01-27,2.7785829303519773,2.699249748259798
1997-01-28,2.699249748259798,2.7080769037115044
1997-01-29,2.7080769037115044,2.723308128404331
1997-01-30,2.723308128404331,2.8995300773356965
1997-01-31,2.8995300773356965,2.9934128125310995
1997-02-03,2.9934128125310995,2.958916749191636
1997-02-04,2.958916749191636,2.942381594010692
1997-02-05,2.942381594010692,2.6638783505411574
1997-02-06,2.6637882048414014,2.64703797265201
1997-02-07,2.64703797265201,2.77545608512764
1997-02-10,2.77545608512764,2.5184028899286894
1997-02-11,2.5184028899286894,2.5153708295331993
1997-02-12,2.5153708295331993,2.7645963830573064
1997-02-13,2.7645963830573064,2.8294360203405855
1997-02-14,2.829249346621102,2.7580749869243277
1997-02-18,2.7580749869243277,2.736192586042931
1997-02-19,2.736192586042931,2.73729003038226
1997-02-20,2.7379299120995415,2.5783612087185652
1997-02-21,2.578097339137486,2.4377776379986154
1997-02-24,2.437946522065641,2.573002685237712
1997-02-25,2.573002685237712,2.588611243162296
1997-02-26,2.588611243162296,2.577165629242237
1997-02-27,2.577165629242237,2.2948521939113955
1997-02-28,2.2941218031787973,2.310101341473045
1997-03-03,2.310101341473045,2.3558980559235603
1997-03-04,2.3558980559235603,2.405102780151681
1997-03-05,2.405102780151681,2.4890545177571206
1997-03-06,2.4890545177571206,2.3130080270677533
1997-03-07,2.3130080270677533,2.2276058168656534
1997-03-10,2.2276058168656534,2.3373399398605588
1997-03-11,2.3373399398605588,2.2853344270504485
1997-03-12,2.2853344270504485,2.2111587524410186
1997-03-13,2.2111587524410186,2.2204846988384648
1997-03-14,2.2204846988384648,2.2084376550154685
1997-03-17,2.2083586092318783,2.155214119582252
1997-03-18,2.155214119582252,2.1189331913970704
1997-03-19,2.1189331913970704,1.9977992056870695
1997-03-20,1.9977992056870695,2.0711108530575792
1997-03-21,2.0711108530575792,2.003059310139971
1997-03-24,2.003059310139971,1.926459459229861
1997-03-25,1.926459459229861,1.9611774151347636
1997-03-26,1.9611774151347636,2.1593627935869057
1997-03-27,2.1593627935869057,2.037934431718143
1997-03-31,2.037934431718143,1.8760427295402975
1997-04-01,1.8760427295402975,1.8741360919722834
1997-04-02,1.8741360919722834,1.7833212360462198
1997-04-03,1.7833212360462198,1.9249323052420413
1997-04-04,1.9249323052420413,2.052173772137776
1997-04-07,2.052173772137776,2.126360249640447
1997-04-08,2.126360249640447,2.188057841054472
1997-04-09,2.188057841054472,2.0972141889806744
1997-04-10,2.0972141889806744,1.9810580745156379
1997-04-11,1.9812043434793642,1.8096433642629475
1997-04-14,1.8096433642629475,1.925235915005229
1997-04-15,1.925235915005229,1.8623095704128243
1997-04-16,1.8622394904040984,1.867070189324838
1997-04-17,1.8668600193621718,1.9339698280456497
1997-04-18,1.9339698280456497,1.9929065112195232
1997-04-21,1.9923205458062399,1.8909170114986433
1997-04-22,1.8909170114986433,2.0010497941327565
1997-04-23,2.0010497941327565,2.147004175434294
1997-04-24,2.147004175434294,2.145313382083956
1997-04-25,2.145313382083956,1.9979647877934423
1997-04-28,1.9979647877934423,2.077193174287063
1997-04-29,2.077193174287063,2.27907951050323
1997-04-30,2.27907951050323,2.4266422053405945
1997-05-01,2.4266422053405945,2.488061478007392
1997-05-02,2.488061478007392,2.719656604117002
1997-05-05,2.719656604117002,2.9295765535970526
1997-05-06,2.9284460830924743,2.760136694572115
1997-05-07,2.760136694572115,2.7093623111082468
1997-05-08,2.7093623111082468,2.798930646613605
1997-05-09,2.7974694842046697,2.7968302740170916
1997-05-12,2.7973780053956063,2.8475953132632026
1997-05-13,2.8475953132632026,2.7176019549422636
1997-05-14,2.7176019549422636,2.71178194899805
1997-05-15,2.71178194899805,2.9076735756454237
1997-05-16,2.9072987631091576,2.75285270534132
1997-05-19,2.75285270534132,2.737333603908318
1997-05-20,2.737333603908318,2.9938769676879726
1997-05-21,2.9938769676879726,3.0741496832734616
1997-05-22,3.070656359175598,3.0311973336429467
1997-05-23,3.0312935441143214,3.15595972695965
1997-05-27,3.15595972695965,3.407987347894833
1997-05-28,3.407987347894833,3.3871158720242645
1997-05-29,3.3871158720242645,3.262399985105191
1997-05-30,3.262399985105191,3.144514690359561
1997-06-02,3.144514690359561,3.142940811496809
1997-06-03,3.142940811496809,2.8589027624363172
1997-06-04,2.8589027624363172,2.786493398329818
1997-06-05,2.786493398329818,2.8649232606123882
1997-06-06,2.8649232606123882,2.997731669478512
1997-06-09,2.997922189537317,3.090714036330256
1997-06-10,3.088771619819135,2.9588862921474104
1997-06-11,2.958414836538895,3.032632139772391
1997-06-12,3.032632139772391,3.0422189642395323
1997-06-13,3.041930472566577,3.1805513388817
1997-06-16,3.1805513388817,3.295221020676195
1997-06-17,3.2920810997292875,3.4306570630500115
1997-06-18,3.4306570630500115,3.2452835396194986
1997-06-19,3.2452835396194986,3.349501629681758
1997-06-20,3.349501629681758,3.3439752942345904
1997-06-23,3.3439752942345904,3.2177344335121774
1997-06-24,3.217634722139494,3.3906607789471956
1997-06-25,3.3906607789471956,3.316414110931716
1997-06-26,3.316414110931716,3.1957094237555954
1997-06-27,3.1957094237555954,3.152795424433089
1997-06-30,3.153384701884911,3.0967062947669057
1997-07-01,3.0967062947669057,3.059247062274541
1997-07-02,3.059247062274541,3.2757340033896107
1997-07-03,3.2757340033896107,3.3823710920976513
1997-07-07,3.3823710920976513,3.428862323857752
1997-07-08,3.428862323857752,3.582169045936169
1997-07-09,3.582169045936169,3.6280050185391404
1997-07-10,3.6284364468824677,3.6273584482385104
1997-07-11,3.62768198104736,3.6874805808441837
1997-07-14,3.6874805808441837,3.9735125904414774
1997-07-15,3.9735125904414774,4.169617891493622
1997-07-16,4.169381426287658,4.694157179011018
1997-07-17,4.694157179011018,4.58465435590549
1997-07-18,4.58591029100831,4.284860280500046
1997-07-21,4.284860280500046,4.134348186685612
1997-07-22,4.134348186685612,4.515069822306272
1997-07-23,4.515069822306272,4.528977299112583
1997-07-24,4.528977299112583,4.480703981460076
1997-07-25,4.477368473927243,4.446254533486181
1997-07-28,4.446254533486181,4.320780507120331
1997-07-29,4.320780507120331,4.474373483317014
1997-07-30,4.4747424886558775,4.635520176067931
1997-07-31,4.635646610166649,4.711940182824995
1997-08-01,4.711940182824995,4.736328116419382
1997-08-04,4.736456372781873,4.930322492632518
1997-08-05,5.019536068845767,5.093440895183665
1997-08-06,5.093440895183665,5.166183303509365
1997-08-07,5.166183303509365,5.08189208943041
1997-08-08,5.08189208943041,4.805469763701664
1997-08-11,4.805469763701664,4.626528930043443
1997-08-12,4.626528930043443,4.495444062507015
1997-08-13,4.495444062507015,4.598311328521187
1997-08-14,4.598311328521187,4.6536621898934065
1997-08-15,4.654042103629266,4.314079571669097
1997-08-18,4.3138389245424715,4.4688994163913875
1997-08-19,4.4688994163913875,4.8581003820008775
1997-08-20,4.8581003820008775,5.168646834933953
1997-08-21,5.168646834933953,4.811829196795203
1997-08-22,4.811829196795203,4.711053091319116
1997-08-25,4.711053091319116,4.670850676183267
1997-08-26,4.671483771925148,4.486908878060188
1997-08-27,4.486908878060188,4.4706563403009865
1997-08-28,4.4706563403009865,4.208776395871292
1997-08-29,4.209366673023711,4.249824596030991
1997-09-02,4.251248993900485,4.590582165891445
1997-09-03,4.590457158451239,4.561733409331711
1997-09-04,4.561733409331711,4.628639781300356
1997-09-05,4.628639781300356,4.695570238820875
1997-09-08,4.695570238820875,4.780128811371939
1997-09-09,4.780128811371939,4.894434638264794
1997-09-10,4.894434638264794,4.584538386881242
1997-09-11,4.584538386881242,4.6108510997992225
1997-09-12,4.6108510997992225,4.623492336140342
1997-09-15,4.623492336140342,4.300203911511353
1997-09-16,4.300203911511353,4.732855231320528
1997-09-17,4.732855231320528,4.632519465411742
1997-09-18,4.632519465411742,4.640793518536154
1997-09-19,4.640793518536154,4.758644894420472
1997-09-22,4.758644894420472,4.822068727624768
1997-09-23,4.822068727624768,4.968707179767531
1997-09-24,4.968707179767531,4.717084515940173
1997-09-25,4.717084515940173,4.5978762424188
1997-09-26,4.5978762424188,4.602114332929359
1997-09-29,4.602114332929359,4.751178153648751
1997-09-30,4.751178153648751,4.475859128709115
1997-10-01,4.475981633082552,4.535829099405654
1997-10-02,4.535705505634572,4.668929634499259
1997-10-03,4.669559575364024,4.814946101552959
1997-10-06,4.814946101552959,4.8340884590096636
1997-10-07,4.8340884590096636,5.024844207088297
1997-10-08,5.024976483101881,5.085632552280871
1997-10-09,5.086032567929327,5.123865299838209
1997-10-10,5.123865299838209,4.984101174834054
1997-10-13,4.984101174834054,5.019714838211947
1997-10-14,5.019714838211947,4.900217646479785
1997-10-15,4.900217646479785,4.739622964636912
1997-10-16,4.739622964636912,4.48944316460506
1997-10-17,4.48944316460506,4.192237645498461
1997-10-20,4.192237645498461,4.345831944754252
1997-10-21,4.345831944754252,4.61299187464218
1997-10-22,4.61299187464218,4.465448152613253
1997-10-23,4.465448152613253,4.172090297709757
1997-10-24,4.172090297709757,3.97048291147865
1997-10-27,3.97048291147865,3.078144194071228
1997-10-28,3.0848474441562406,3.7280436803963237
1997-10-29,3.7280436803963237,3.545250860679223
1997-10-30,3.545250860679223,3.245108166132201
1997-10-31,3.245108166132201,3.429171492691231
1997-11-03,3.429171492691231,3.7429564818442724
1997-11-04,3.7429564818442724,3.709827558715937
1997-11-05,3.709827558715937,3.7023915662016273
1997-11-06,3.7023915662016273,3.5671219453492737
1997-11-07,3.5671219453492737,3.506586411988333
1997-11-10,3.506586411988333,3.3349265830241723
1997-11-11,3.3347291806852852,3.329190663907475
1997-11-12,3.329190663907475,3.024512949901908
1997-11-13,3.024698282305546,3.257165465850228
1997-11-14,3.234516618698137,3.475721730734659
1997-11-17,3.475721730734659,3.6973818078780334
1997-11-18,3.6973818078780334,3.5558912462012495
1997-11-19,3.5558912462012495,3.5848164561899414
1997-11-20,3.5848164561899414,3.826685951929145
1997-11-21,3.826685951929145,3.7629370015893353
1997-11-24,3.7629370015893353,3.481194887141496
1997-11-25,3.481194887141496,3.5606717211839083
1997-11-26,3.5606717211839083,3.6242654631339626
1997-11-28,3.6242654631339626,3.689549924903669
1997-12-01,3.689549924903669,3.9921565581558127
1997-12-02,3.9921565581558127,3.690755252041944
1997-12-03,3.690755252041944,3.7912625224776733
1997-12-04,3.7912625224776733,3.6963400533241826
1997-12-05,3.6963400533241826,3.8807779589163216
1997-12-08,3.8807779589163216,4.018384175188775
1997-12-09,4.018384175188775,3.6593745962976976
1997-12-10,3.6593745962976976,3.4769396313639382
1997-12-11,3.477040685415248,3.1606404821867136
1997-12-12,3.1634796053092367,2.9391401449703203
1997-12-15,2.9391401449703203,2.99221655458246
1997-12-16,2.99221655458246,3.110126318931163
1997-12-17,3.1100326721144476,2.9821450936579907
1997-12-18,2.9821450936579907,2.828798035275105
1997-12-19,2.828798035275105,2.856273499400051
1997-12-22,2.8561850656618195,2.9072485639341603
1997-12-23,2.9065338177723232,2.673972809690559
1997-12-24,2.673972809690559,2.5845933711886304
1997-12-26,2.5845933711886304,2.7091177408193223
1997-12-29,2.7091177408193223,2.917483203389937
1997-12-30,2.917483203389937,3.095746773646612
1997-12-31,3.095746773646612,3.024775790895973
1998-01-02,3.0245007733188753,3.184120354393773
1998-01-05,3.184120354393773,3.2711899944485308
1998-01-06,3.2711899944485308,3.1638350341891113
1998-01-07,3.1638350341891113,3.021409393020027
1998-01-08,3.0193972481461846,3.0521212278901544
1998-01-09,3.0520290725881827,2.698965617099488
1998-01-12,2.698965617099488,2.8258142103500403
1998-01-13,2.8258142103500403,3.034265228179705
1998-01-14,3.034265228179705,3.046340759180022
1998-01-15,3.046340759180022,3.039094829629712
1998-01-16,3.039094829629712,3.133327995672904
1998-01-20,3.133327995672904,3.32966922895621
1998-01-21,3.32966922895621,3.326167460076867
1998-01-22,3.328305731267834,3.26888689264173
1998-01-23,3.26888689264173,3.3057829682366857
1998-01-26,3.3057829682366857,3.2276621103495833
1998-01-27,3.2276621103495833,3.4120998012445165
1998-01-28,3.4120998012445165,3.6832856485517893
1998-01-29,3.6834937119138953,3.7435679265347046
1998-01-30,3.7435679265347046,3.7659453389649924
1998-02-02,3.7659453389649924,4.080896107248014
1998-02-03,4.080896107248014,4.195095736031698
1998-02-04,4.194982373025589,4.344358944545389
1998-02-05,4.344358944545389,4.2333202854530665
1998-02-06,4.2333202854530665,4.454999012306462
1998-02-09,4.454999012306462,4.318323606181773
1998-02-10,4.317863007383812,4.5152796424140424
1998-02-11,4.5152796424140424,4.503633060915181
1998-02-12,4.503633060915181,4.57469860301463
1998-02-13,4.57469860301463,4.47747298584822
1998-02-17,4.476882994590534,4.3822359399978215
1998-02-18,4.382119342473877,4.5232951109260435
1998-02-19,4.523533256994214,4.713751844563046
1998-02-20,4.713874213833447,4.750182700110055
1998-02-23,4.750182700110055,5.067208941569688
1998-02-24,5.067208941569688,4.898847593056649
1998-02-25,4.898847593056649,5.249714259980873
1998-02-26,5.249714259980873,5.336043424774346
1998-02-27,5.335381242563821,5.165760061323055
1998-03-02,5.165760061323055,4.951105359944446
1998-03-03,4.951105359944446,4.927518517877578
1998-03-04,4.927518517877578,4.979697580901509
1998-03-05,4.979697580901509,4.308123538074309
1998-03-06,4.307206468308742,4.7241844068768195
1998-03-09,4.7241844068768195,4.300875892048754
1998-03-10,4.300875892048754,4.532315100192404
1998-03-11,4.532315100192404,4.594581723307136
1998-03-12,4.594581723307136,4.706871272097525
1998-03-13,4.706871272097525,4.7799466282401815
1998-03-16,4.780927186513776,4.913394020638977
1998-03-17,4.913394020638977,4.760017930057577
1998-03-18,4.760017930057577,4.871530160837934
1998-03-19,4.871530160837934,4.985143349007129
1998-03-20,4.985143349007129,4.7742071807172755
1998-03-23,4.7742071807172755,4.893620530487829
1998-03-24,4.893620530487829,5.125565195996822
1998-03-25,5.125565195996822,5.343926916371582
1998-03-26,5.344059013616397,5.385101659545728
1998-03-27,5.385101659545728,5.301536588185949
1998-03-30,5.301536588185949,5.23590401756978
1998-03-31,5.231217826015637,5.418301097032753
1998-04-01,5.418301097032753,5.5215038701051675
1998-04-02,5.523795183911607,5.545377690651579
1998-04-03,5.545377690651579,5.592438621278187
1998-04-06,5.592438621278187,5.207704652436129
1998-04-07,5.207704652436129,4.906485095562163
1998-04-08,4.906485095562163,5.0176788946899356
1998-04-09,5.0176788946899356,5.091486440407377
1998-04-13,5.092634555734166,5.168960645575088
1998-04-14,5.168960645575088,5.299799514438746
1998-04-15,5.299799514438746,5.53885655358557
1998-04-16,5.53885655358557,5.487173266539188
1998-04-17,5.487173266539188,5.537059110406132
1998-04-20,5.537059110406132,5.831978983001171
1998-04-21,5.831978983001171,6.063608288785433
1998-04-22,6.063608288785433,6.367338960860064
1998-04-23,6.367338960860064,5.889084657838298
1998-04-24,5.889084657838298,5.77060939718563
1998-04-27,5.77060939718563,5.3539262157281025
1998-04-28,5.3539262157281025,5.386179460959199
1998-04-29,5.386179460959199,5.611672803782309
1998-04-30,5.611672803782309,5.727929122282533
1998-05-01,5.727929122282533,5.774877574744376
1998-05-04,5.774877574744376,5.83426187601348
1998-05-05,5.832172636552402,5.715126619319706
1998-05-06,5.715126619319706,5.646119796089881
1998-05-07,5.646256281505497,5.379274854920964
1998-05-08,5.379274854920964,5.793054735094807
1998-05-11,5.793054735094807,5.566188689996333
1998-05-12,5.566323742214242,5.81916864158164
1998-05-13,5.81916864158164,5.911845552369306
1998-05-14,5.911845552369306,5.954953915910754
1998-05-15,5.954247747306838,5.71990613976537
1998-05-18,5.71990613976537,5.623909961234155
1998-05-19,5.623909961234155,5.801656735887845
1998-05-20,5.801656735887845,5.554359383996846
1998-05-21,5.554359383996846,5.365212091197549
1998-05-22,5.365212091197549,5.239336156922111
1998-05-26,5.239336156922111,5.057963938719772
1998-05-27,5.057963938719772,5.176055155848612
1998-05-28,5.176055155848612,5.245000119247785
1998-05-29,5.245000119247785,4.95020267865172
1998-06-01,4.95020267865172,4.619822231118313
1998-06-02,4.619822231118313,4.876665892625229
1998-06-03,4.876665892625229,4.591126843520203
1998-06-04,4.591126843520203,4.960434456665755
1998-06-05,4.960434456665755,5.103745524789677
1998-06-08,5.103745524789677,5.107806718598131
1998-06-09,5.107679642127276,5.316766559516931
1998-06-10,5.316766559516931,5.0016674134191685
1998-06-11,5.001542177618343,4.824008120856339
1998-06-12,4.824008120856339,4.846965885791331
1998-06-15,4.846965885791331,4.682567291724233
1998-06-16,4.682567291724233,5.1294105413618984
1998-06-17,5.1294105413618984,5.2969023547126275
1998-06-18,5.2970322990455445,5.339093748937202
1998-06-19,5.339093748937202,5.50065912022687
1998-06-22,5.50065912022687,5.823056644820933
1998-06-23,5.8328692354999845,6.355209532555988
1998-06-24,6.355209532555988,6.776372548980473
1998-06-25,6.776372548980473,6.474602999928734
1998-06-26,6.474602999928734,6.6159035352957805
1998-06-29,6.6159035352957805,6.897931433798493
1998-06-30,6.898086049377153,6.8613228178692385
1998-07-01,6.8613228178692385,7.150687991942267
1998-07-02,7.150687991942267,6.777214080134308
1998-07-06,6.777214080134308,6.930555101266805
1998-07-07,6.930555101266805,6.988473905165168
1998-07-08,6.988473905165168,7.479315999404947
1998-07-09,7.479315999404947,7.566928692304897
1998-07-10,7.566928692304897,7.696416075708461
1998-07-13,7.696416075708461,8.185550274999398
1998-07-14,8.185723307371315,8.143198947635277
1998-07-15,8.143198947635277,8.684975530326978
1998-07-16,8.684975530326978,8.739617562507622
1998-07-17,8.739617562507622,8.944477291063588
1998-07-20,8.944477291063588,8.979670204464217
1998-07-21,8.979670204464217,8.354844090838622
1998-07-22,8.354844090838622,8.331912157822806
1998-07-23,8.331912157822806,7.898946472646887
1998-07-24,7.898946472646887,7.946143380071374
1998-07-27,7.946143380071374,8.246874159943593
1998-07-28,8.246874159943593,7.67292325307276
1998-07-29,7.67292325307276,7.454841144395677
1998-07-30,7.454841144395677,8.134976464966465
1998-07-31,8.13514825049788,7.36628823651209
1998-08-03,7.36628823651209,7.224765578465945
1998-08-04,7.224765578465945,6.413825396906559
1998-08-05,6.413825396906559,6.598755818126775
1998-08-06,6.598755818126775,7.134187916249351
1998-08-07,7.134187916249351,7.105981966977071
1998-08-10,7.106138401507906,7.087385059965395
1998-08-11,7.087385059965395,6.576455572668768
1998-08-12,6.576455572668768,6.940301168080414
1998-08-13,6.940301168080414,6.690233624840748
1998-08-14,6.690233624840748,6.56501611689413
1998-08-17,6.56501611689413,7.124012878948242
1998-08-18,7.124012878948242,7.646676174066168
1998-08-19,7.646676174066168,7.597890214897755
1998-08-20,7.597890214897755,7.596911172519541
1998-08-21,7.596911172519541,7.215002041491072
1998-08-24,7.215002041491072,7.154386270160021
1998-08-25,7.154386270160021,7.427269719862844
1998-08-26,7.427269719862844,7.197768337202324
1998-08-27,7.197768337202324,6.215261293720697
1998-08-28,6.225923907308253,5.553553884107968
1998-08-31,5.553553884107968,3.9112456059859886
1998-09-01,3.9112456059859886,4.6800916781187185
1998-09-02,4.6800916781187185,4.753812568490287
1998-09-03,4.753812568490287,4.608097287708114
1998-09-04,4.608097287708114,4.56750436058201
1998-09-08,4.56750436058201,5.488954165314871
1998-09-09,5.488954165314871,5.172793890402654
1998-09-10,5.172793890402654,4.848102664073762
1998-09-11,4.848102664073762,5.493628920346229
1998-09-14,5.493628920346229,5.723942734007522
1998-09-15,5.723942734007522,5.9334331993089995
1998-09-16,5.933165729548921,6.0310222614991025
1998-09-17,6.0310222614991025,5.492083912497964
1998-09-18,5.492083912497964,5.6057261844104715
1998-09-21,5.6057261844104715,5.954818087218768
1998-09-22,5.954818087218768,6.0690525135212114
1998-09-23,6.0690525135212114,6.865639816099969
1998-09-24,6.865639816099969,6.301629026738894
1998-09-25,6.301629026738894,6.770328039702977
1998-09-28,6.770328039702977,6.67038743113263
1998-09-29,6.671111476115246,6.694114813473986
1998-09-30,6.687588283729802,6.122995691792134
1998-10-01,6.122995691792134,5.1435749850315915
1998-10-02,5.1435749850315915,5.1762835474107325
1998-10-05,5.067400668949407,4.3500437319704135
1998-10-06,4.3500437319704135,4.103234866838537
1998-10-07,4.09554685710288,3.7530233087471547
1998-10-08,3.690423230084988,3.5375118916471258
1998-10-09,3.5375118916471258,4.1860828021152985
1998-10-12,4.191849412721935,4.663844116911258
1998-10-13,4.663844116911258,4.253122771588428
1998-10-14,4.248893706437485,4.557075429112354
1998-10-15,4.557075429112354,5.265048921635854
1998-10-16,5.265048921635854,5.195167497640583
1998-10-19,5.195167497640583,5.391023790615188
1998-10-20,5.391023790615188,5.058468813204422
1998-10-21,5.058468813204422,5.635812228679012
1998-10-22,5.635812228679012,5.929522115203574
1998-10-23,5.929522115203574,5.738010529229501
1998-10-26,5.738010529229501,6.101784114643959
1998-10-27,6.101784114643959,5.89331323540719
1998-10-28,5.89331323540719,6.241075010377394
1998-10-29,6.241075010377394,6.462776473655215
1998-10-30,6.462776473655215,6.521372892245673
1998-11-02,6.521372892245673,6.776590115384911
1998-11-03,6.776590115384911,6.532137403035693
1998-11-04,6.532137403035693,6.983277503869409
1998-11-05,6.983277503869409,7.100737386537585
1998-11-06,7.100589519526104,7.341521043813968
1998-11-09,7.341521043813968,7.481823755541749
1998-11-10,7.481823755541749,7.6324661812591055
1998-11-11,7.6324661812591055,7.682523137061729
1998-11-12,7.643765902847138,7.46257772045559
1998-11-13,7.46257772045559,7.442425977306906
1998-11-16,7.442425977306906,7.600598305412723
1998-11-17,7.600598305412723,7.955235654314282
1998-11-18,7.955235654314282,8.215463757044008
1998-11-19,8.215463757044008,8.582500979041656
1998-11-20,8.582500979041656,8.695877741408712
1998-11-23,8.695877741408712,9.453394020711887
1998-11-24,9.453394020711887,9.306510203995474
1998-11-25,9.306510203995474,9.618232786834538
1998-11-27,9.618232786834538,10.157426089013658
1998-11-30,10.157988045045382,8.84012741844146
1998-12-01,8.84012741844146,10.109496829261403
1998-12-02,10.109496829261403,9.859812700951862
1998-12-03,9.860727051756877,9.031986305601148
1998-12-04,9.050063020113816,10.001371372391391
1998-12-07,10.001371372391391,10.864306573948738
1998-12-08,10.864306573948738,10.69462606413253
1998-12-09,10.69462606413253,11.02581937364459
1998-12-10,11.02581937364459,10.38561566927653
1998-12-11,10.385993065552242,10.805069564971259
1998-12-14,10.7986841736539,9.626591829683592
1998-12-15,9.626412731993831,10.515650125801251
1998-12-16,10.515650125801251,10.373442548078058
1998-12-17,10.373442548078058,11.000064948157457
1998-12-18,11.000064948157457,11.886187161087614
1998-12-21,11.89851815032082,12.961817761691362
1998-12-22,12.961817761691362,12.537998259326422
1998-12-23,12.537998259326422,13.626106948206202
1998-12-24,13.626106948206202,13.33575162261594
1998-12-28,13.33575162261594,13.73337750901179
1998-12-29,13.73337750901179,13.71801927028622
1998-12-30,13.71801927028622,13.439490290506697
1998-12-31,13.463979561084601,13.99761546073561
1999-01-04,13.99761546073561,14.417999182743035
1999-01-05,14.417999182743035,15.551836277748395
1999-01-06,15.551836277748395,17.046135271592476
1999-01-07,17.046135271592476,17.10862842340547
1999-01-08,17.10862842340547,17.299436384022737
1999-01-11,17.299436384022737,17.996792640174398
1999-01-12,17.996792640174398,16.34753243616351
1999-01-13,16.34753243616351,16.5910914756306
1999-01-14,17.009719549233193,15.478144149625008
1999-01-15,15.478144149625008,17.317377597084086
1999-01-19,17.317377597084086,18.683020267251347
1999-01-20,18.683020267251347,18.683020267251347
1999-01-21,18.683020267251347,16.70007910780664
1999-01-22,16.70007910780664,16.762646972647758
1999-01-25,16.762646972647758,17.606238731878108
1999-01-26,17.79083766292041,19.337039372169457
1999-01-27,19.337320953834546,18.441350303013312
1999-01-28,18.441350303013312,20.464001459203857
1999-01-29,20.464001459203857,21.12325112209438
1999-02-01,21.12325112209438,21.23466677620751
1999-02-02,21.23466677620751,19.6729559448731
1999-02-03,19.675229550080726,20.844229952971133
1999-02-04,20.844525214906227,18.122188066198767
1999-02-05,18.122188066198767,17.073552943160454
1999-02-08,17.073552943160454,18.24965146867488
1999-02-09,18.24965146867488,15.588383957969318
1999-02-10,15.588383957969318,15.80223698065345
1999-02-11,15.85661262311849,18.25831052563167
1999-02-12,18.25831052563167,15.95231141302076
1999-02-16,15.95231141302076,15.851886976614653
1999-02-17,15.851643424065177,14.31609894017998
1999-02-18,14.31609894017998,14.650352773422318
1999-02-19,14.650352773422318,15.238337604812205
1999-02-22,15.239759013823166,16.76330085770011
1999-02-23,16.76330085770011,17.574833698843978
1999-02-24,17.574833698843978,16.558677264118497
1999-02-25,16.558677264118497,16.190316332489086
1999-02-26,16.190316332489086,14.982186947676611
1999-03-01,14.998293951812249,15.272332017507168
1999-03-02,15.272332017507168,14.11278113766729
1999-03-03,14.180927361568381,14.363317033100934
1999-03-04,14.363317033100934,15.116785468875765
1999-03-05,15.117489979046477,15.981105950079304
1999-03-08,15.981105950079304,17.54314035962711
1999-03-09,17.54314035962711,17.401347081605298
1999-03-10,17.401347081605298,17.6571487041502
1999-03-11,17.6571487041502,17.793571920498472
1999-03-12,17.793571920498472,16.884633734946377
1999-03-15,16.89471994748592,18.180643666835113
1999-03-16,18.180643666835113,18.523988559906943
1999-03-17,18.51942751514619,18.28788617308038
1999-03-18,18.28788617308038,19.30490399002743
1999-03-19,19.308756926056386,17.95295498027409
1999-03-22,17.95295498027409,17.256672211094923
1999-03-23,17.249009428696773,15.57597257328555
1999-03-24,15.57597257328555,16.820582498504734
1999-03-25,16.820582498504734,18.569847405622053
1999-03-26,18.569847405622053,18.14066324028225
1999-03-29,18.14066324028225,20.177173463694107
1999-03-30,20.177173463694107,19.641759358198446
1999-03-31,19.641759358198446,19.10675153702102
1999-04-01,19.10675153702102,20.188178278813577
1999-04-05,20.188178278813577,22.262656428031097
1999-04-06,22.262656428031097,22.238289474183325
1999-04-07,22.238289474183325,21.440294516642343
1999-04-08,21.440294516642343,22.39265635303008
1999-04-09,22.39265635303008,22.62576656902361
1999-04-12,22.62576656902361,22.22260161326094
1999-04-13,22.22260161326094,20.89988521782176
1999-04-14,20.89988521782176,18.837451964252526
1999-04-15,18.837451964252526,19.701946978941187
1999-04-16,19.701946978941187,18.336245468851125
1999-04-19,18.336245468851125,15.202018608504343
1999-04-20,15.201786594588729,16.65531352156537
1999-04-21,16.6877978867151,18.51675524380379
1999-04-22,18.51675524380379,20.565641026745187
1999-04-23,20.565641026745187,21.32714168482185
1999-04-26,21.32743141857899,22.780777373581977
1999-04-27,22.851823510897585,21.155969809462313
1999-04-28,21.155969809462313,19.528599757804752
1999-04-29,19.528599757804752,18.679963210948205
1999-04-30,18.68472110113607,19.13220659372246
1999-05-03,19.13220659372246,19.174119397304285
1999-05-04,19.174119397304285,18.087144628665907
1999-05-05,18.087144628665907,19.593234599161384
1999-05-06,19.593234599161384,17.489914511144068
1999-05-07,17.509857045086026,18.477632205324806
1999-05-10,18.477632205324806,18.92314178009544
1999-05-11,18.92314178009544,20.01611703498475
1999-05-12,20.01611703498475,21.170522184705927
1999-05-13,21.170522184705927,20.065070883749623
1999-05-14,20.065070883749623,18.57529617007095
1999-05-17,18.57529617007095,19.901874400813952
1999-05-18,19.901874400813952,19.4496386057892
1999-05-19,19.452343509178156,20.177694309023696
1999-05-20,20.180743042830347,18.89696161625541
1999-05-21,18.89696161625541,18.22009771333918
1999-05-24,18.22009771333918,16.82903624546952
1999-05-25,16.82903624546952,15.320980846106778
1999-05-26,15.320980846106778,16.56257623617875
1999-05-27,16.56257623617875,16.491181440781343
1999-05-28,16.491181440781343,17.44706154489093
1999-06-01,17.44706154489093,15.846295603432871
1999-06-02,15.846295603432871,16.990303959340558
1999-06-03,16.990303959340558,15.905795222668107
1999-06-04,15.94269126859623,17.765456017335325
1999-06-07,17.765456017335325,18.858969590712455
1999-06-08,18.858969590712455,17.12593875444422
1999-06-09,17.184780236063013,18.32832868298511
1999-06-10,18.32832868298511,17.357876643461097
1999-06-11,17.357876643461097,16.476656965559133
1999-06-14,16.476656965559133,15.676828689118114
1999-06-15,15.66848420747546,16.354598981217073
1999-06-16,16.354598981217073,18.960631446682378
1999-06-17,18.740453736379944,19.566678835915162
1999-06-18,19.566678835915162,19.95866480679098
1999-06-21,19.95866480679098,21.67447919052908
1999-06-22,21.67476608649209,19.990021152975338
1999-06-23,19.990021152975338,20.78894321756243
1999-06-24,20.78894321756243,19.272197142537635
1999-06-25,19.272197142537635,19.295745707369555
1999-06-28,19.295745707369555,20.83657154533064
1999-06-29,20.830722637324836,21.842584742928274
1999-06-30,21.842872418447733,22.32282464610543
1999-07-01,22.32282464610543,23.067804667839702
1999-07-02,23.067804667839702,23.829468163562037
1999-07-06,23.829468163562037,23.30728678422455
1999-07-07,23.318990879248638,23.605580755202908
1999-07-08,23.605580755202908,24.6315292552029
1999-07-09,24.6315292552029,25.205362027232532
1999-07-12,25.205362027232532,24.927925379944316
1999-07-13,24.926983484738997,24.59608029599661
1999-07-14,24.594532053866452,25.94486127768476
1999-07-15,25.94486127768476,26.33837250621352
1999-07-16,26.33837250621352,27.32099016275987
1999-07-19,27.3216573201517,26.159254955154534
1999-07-20,26.159254955154534,23.074674912868907
1999-07-21,23.074674912868907,24.0943129938446
1999-07-22,24.0943129938446,21.595513937538477
1999-07-23,21.595513937538477,22.16618068388701
1999-07-26,22.16618068388701,20.187129360829097
1999-07-27,20.187129360829097,22.228067992792862
1999-07-28,22.216799722883014,22.94989197592578
1999-07-29,22.94989197592578,20.86355693003072
1999-07-30,20.86355693003072,21.081218247133748
1999-08-02,21.081218247133748,20.91078448224953
1999-08-03,20.91078448224953,20.20086261626011
1999-08-04,20.20086261626011,19.257664046393344
1999-08-05,19.257664046393344,19.988888854685396
1999-08-06,19.988888854685396,19.449457272797396
1999-08-09,19.449457272797396,18.802187810211873
1999-08-10,18.802187810211873,18.187481640573964
1999-08-11,18.207151154969623,20.156520393370293
1999-08-12,20.156520393370293,19.41555463466367
1999-08-13,19.463424051550078,21.85869016574451
1999-08-16,21.85869016574451,22.02980371075409
1999-08-17,22.02980371075409,22.723819621920274
1999-08-18,22.723819621920274,22.141078767114777
1999-08-19,22.141078767114777,21.034693001181694
1999-08-20,21.034693001181694,22.039356790190887
1999-08-23,22.039356790190887,24.061396068671716
1999-08-24,24.060487536224077,24.6347099065631
1999-08-25,24.6347099065631,26.3587519278453
1999-08-26,26.3587519278453,24.957123127314485
1999-08-27,24.957123127314485,24.500889401096156
1999-08-30,24.500889401096156,23.40900704523333
1999-08-31,23.40900704523333,24.298838776286402
1999-09-01,24.298838776286402,24.54426804202542
1999-09-02,24.54426804202542,24.166455156910775
1999-09-03,24.2012989197096,27.626836192123783
1999-09-07,27.626836192123783,27.135182788871333
1999-09-08,27.135182788871333,25.921520500465515
1999-09-09,25.921520500465515,27.53183018049492
1999-09-10,27.53183018049492,28.49146442604474
1999-09-13,28.449310805933777,26.756070313108626
1999-09-14,26.762533895811863,28.028613452745056
1999-09-15,27.907945504848872,26.054868801756214
1999-09-16,25.9501438389801,26.174531850379466
1999-09-17,26.23819412765388,28.40717585207212
1999-09-20,28.549944615907634,28.693190931150603
1999-09-21,28.397287211140913,26.284167808428627
1999-09-22,26.310627233612042,27.56641635094068
1999-09-23,27.920709829813685,23.885071443285042
1999-09-24,23.7613215619338,23.780938121195746
1999-09-27,23.83118240232248,24.582658254120663
1999-09-28,24.55803845841099,24.631240475646905
1999-09-29,24.637630134410212,23.7384942675272
1999-09-30,23.81894815416256,24.009676449712575
1999-10-01,24.003695184123686,23.906492030578203
1999-10-04,23.966147650406583,25.80270991909601
1999-10-05,25.81902071548552,25.915042151815413
1999-10-06,26.152856317861005,27.840983152192976
1999-10-07,27.94949435773877,27.82747786649082
1999-10-08,27.89672007152254,28.59884451605179
1999-10-11,28.64920720268388,29.38939135185737
1999-10-12,29.616750243846546,27.599216240903882
1999-10-13,27.23811743632684,25.246738300155997
1999-10-14,25.51736200064815,25.757590854805287
1999-10-15,25.63906879375111,23.662831137131015
1999-10-18,23.585750340810034,22.433872137040932
1999-10-19,22.645852129451693,22.43655185358549
1999-10-20,23.071111000153284,25.444576328568967
1999-10-21,24.95400261674832,25.769697758039143
1999-10-22,25.850844241865545,26.04349217565313
1999-10-25,26.114523048528334,25.98952237121152
1999-10-26,26.010241977239104,25.430858079927038
1999-10-27,25.432406228680893,25.154309667033008
1999-10-28,25.598034348893776,27.711192422952646
1999-10-29,27.711192422952646,30.90275917853693
1999-11-01,30.888702267936054,30.162005393516623
1999-11-02,30.186559175962685,30.529822788566303
1999-11-03,30.66021678265561,32.12835172563231
1999-11-04,32.482849253565284,33.22973106951165
1999-11-05,33.29499939889539,35.1716677377325
1999-11-08,34.28449771762544,36.30729185285739
1999-11-09,36.51409197360179,35.41614291413912
1999-11-10,35.692182121880094,36.72980924096597
1999-11-11,36.74792571557534,38.786477936791414
1999-11-12,38.84976734917704,40.384615058155575
1999-11-15,40.49659531710763,39.83654104227041
1999-11-16,39.83654104227041,42.51191065854316
1999-11-17,43.06104462933348,41.257764084822234
1999-11-18,41.36658984817249,45.16676561286012
1999-11-19,45.06706481012511,46.30858602909617
1999-11-22,46.29344612325334,47.26104692123182
1999-11-23,47.251274020719556,44.944654069289946
1999-11-24,45.09028498774033,49.8425261002879
1999-11-26,49.88245493170989,50.23234774875893
1999-11-29,50.14820269257393,47.65358023273707
1999-11-30,47.58123955639214,43.15348515921631
1999-12-01,43.29880217251223,44.490158786726425
1999-12-02,44.74041472721861,49.4591021241839
1999-12-03,50.015201224541705,52.527887434524494
1999-12-06,52.524904096261196,53.45774409568479
1999-12-07,53.431609699355626,54.160595268002965
1999-12-08,53.77683005911332,52.090121576042044
1999-12-09,53.09863860479469,52.24926145319165
1999-12-10,52.48975647672085,54.02356505952705
1999-12-13,53.77413402606403,55.99447109782927
1999-12-14,56.058194951046936,52.101661458093886
1999-12-15,52.02220305285999,55.64572028165664
1999-12-16,56.408468317849476,60.482076413261495
1999-12-17,62.136278778632295,61.979408514277644
1999-12-20,62.09617058832561,63.64988379585094
1999-12-21,64.05825573828524,71.48388267681561
1999-12-22,71.9937908468577,73.54301244437885
1999-12-23,73.79755521584606,75.27997028620304
1999-12-27,75.16359332218971,75.79700813642044
1999-12-28,75.9631912914451,74.62223624344908
1999-12-29,74.80858477589196,81.49513732689574
1999-12-30,81.68664344109949,81.09597915120095
1999-12-31,82.1744989723974,82.6962011995622
2000-01-03,85.90182361032845,88.29036556554423
2000-01-04,86.614723866133,71.4120621589608
2000-01-05,71.22659045781815,69.06636147868058
2000-01-06,67.9439107861224,59.32507243234962
2000-01-07,59.135950422861114,69.36069815172706
2000-01-10,71.04734822791897,80.58366100283668
2000-01-11,80.44124450850082,69.34231738282202
2000-01-12,69.60173387697664,65.44594530276706
2000-01-13,66.44454019956841,73.07316140733266
2000-01-14,75.57482818152988,78.7672005693596
2000-01-18,78.7672005693596,82.15028446139137
2000-01-19,81.07928997572171,84.29346260770187
2000-01-20,84.82379942329509,87.69751821178909
2000-01-21,87.69751821178909,88.26044363016992
2000-01-24,90.89935177425802,74.95333187631734
2000-01-25,75.32554702301152,81.0005116063616
2000-01-26,81.23192412893792,72.06877923671817
2000-01-27,72.52671615200477,70.384420262978
2000-01-28,70.54543716687634,61.73130296813114
2000-01-31,61.29924698097939,68.35756659767485
2000-02-01,68.94577752315102,75.9643892109759
2000-02-02,75.86711465490723,77.35936126323033
2000-02-03,77.46341722648222,85.26125597327814
2000-02-04,85.75541324969204,86.80685509981755
2000-02-07,86.74365936884766,90.7686395116664
2000-02-08,90.69247953158087,99.72404325073062
2000-02-09,99.6481944931165,92.78277239023917
2000-02-10,93.22957326936461,101.33349906656795
2000-02-11,101.3528250074058,92.33051037283721
2000-02-14,92.40449258471646,93.53430408740256
2000-02-15,93.37381901215846,94.30055610424562
2000-02-16,94.30055610424562,94.36708324814876
2000-02-17,95.38110518394933,103.44630050403305
2000-02-18,103.83521689989644,91.40683016646369
2000-02-22,91.73735578668449,91.64030647444442
2000-02-23,91.42351582110099,105.53744249205722
2000-02-24,105.50481864831288,111.83483793467424
2000-02-25,111.95397526572043,105.95599140585698
2000-02-28,105.95599140585698,104.70461171186913
2000-02-29,105.65704556694806,112.65663848147545
2000-03-01,113.35209431446117,115.99967655340815
2000-03-02,116.23876476891927,109.95418984602456
2000-03-03,111.76699984367629,126.36344466483921
2000-03-06,126.84210933179081,127.5863305915568
2000-03-07,130.3609470449643,121.7665872850006
2000-03-08,123.35978370600753,126.35569415788044
2000-03-09,126.42389061319248,138.34669540225153
2000-03-10,138.34669540225153,138.428177529675
2000-03-13,138.2471136389699,123.9229499637756
2000-03-14,125.75627051036444,106.95998289892566
2000-03-15,108.76289664108982,99.4955727609582
2000-03-16,100.30648733433645,115.71858653639042
2000-03-17,115.39399997795678,122.6523581872212
2000-03-20,122.89265805232208,107.77496590057196
2000-03-21,107.65585174909424,122.04297265870927
2000-03-22,122.03393216866176,134.17828653499427
2000-03-23,133.9646250047396,139.7598632072706
2000-03-24,139.68246409706953,142.54671054718273
2000-03-27,142.18122050225227,143.73993771016399
2000-03-28,143.833429288529,132.61347152854322
2000-03-29,132.64992094433816,117.90067550207911
2000-03-30,114.89489371397165,104.95382947323766
2000-03-31,106.32065214182789,115.9747316623293
2000-04-03,112.64095785960933,91.02046021590122
2000-04-04,91.87507114912894,88.1273029028691
2000-04-05,87.74916097863186,87.87071509656195
2000-04-06,88.27165983825654,91.57431634526037
2000-04-07,93.2179360100909,105.4858135737169
2000-04-10,105.64067479170498,83.83879138294724
2000-04-11,83.14556099053164,78.26410120189104
2000-04-12,78.25149067120185,61.714175125365
2000-04-13,62.33376548258386,57.61589215180969
2000-04-14,56.76959624960313,40.95188429343396
2000-04-17,40.43640644805691,53.155929721191434
2000-04-18,53.2291299392568,61.58372111540827
2000-04-19,61.803978612762535,54.96760762046314
2000-04-20,55.160901022743516,51.37912025586882
2000-04-24,48.87003064020955,44.84362618783011
2000-04-25,45.55287784676172,55.70131198429788
2000-04-26,55.75852689868693,50.35212517028
2000-04-27,50.28706085956323,58.39668332328397
2000-04-28,58.57933551871778,62.22871826866225
2000-05-01,63.02134303090239,65.04910300396718
2000-05-02,61.9001168977992,54.96452002112058
2000-05-03,54.96452002112058,52.00286540132694
2000-05-04,51.98359769777221,52.37810321204216
2000-05-05,52.40186828689425,57.556118172611995
2000-05-08,57.556118172611995,49.74934886403286
2000-05-09,49.903186013084614,46.507019227737764
2000-05-10,46.15955588052698,38.425063864723114
2000-05-11,40.79755116511457,43.38695492655307
2000-05-12,43.38695492655307,44.33691638827286
2000-05-15,44.270925820202415,48.46648132665666
2000-05-16,48.833689235788874,54.072553603460854
2000-05-17,53.54501388175699,49.809560620864396
2000-05-18,49.68414319981902,44.59307362151919
2000-05-19,44.55519232446292,38.12668903472327
2000-05-22,38.15580736571571,38.26952091607192
2000-05-23,38.20129988347417,29.79419352632537
2000-05-24,29.796264985447714,34.432614694192495
2000-05-25,34.47126450492967,31.798726685321007
2000-05-26,31.85074326760809,31.86522478437538
2000-05-30,31.86491625339844,41.50012596521482
2000-05-31,41.50012596521482,38.21989620259037
2000-06-01,38.4861862485813,44.97262745652676
2000-06-02,44.97262745652676,54.04733258413521
2000-06-05,53.469256241573305,52.95617964731605
2000-06-06,52.95617964731605,49.3791667918984
2000-06-07,49.30359699584623,53.01916536050248
2000-06-08,53.100904425791754,51.79594982637929
2000-06-09,51.79594982637929,54.015289162065706
2000-06-12,54.05363848217053,48.76217004770501
2000-06-13,48.76699948590754,53.88436269512298
2000-06-14,53.95862472128722,50.08954032631993
2000-06-15,50.21947784993332,53.13959460015563
2000-06-16,53.4094032741034,54.64574517643229
2000-06-19,54.64574517643229,60.98011760253228
2000-06-20,60.98011760253228,60.9861692767855
2000-06-21,60.76059607906315,62.66368607973774
2000-06-22,62.609234855940926,54.81283704426218
2000-06-23,55.041496566880575,49.662191293342815
2000-06-26,49.662191293342815,53.144995575283374
2000-06-27,53.144995575283374,50.08223267164543
2000-06-28,50.16794142336036,53.01242182337904
2000-06-29,52.7496842794822,48.58836599793876
2000-06-30,48.602277289761275,52.48430730110202
2000-07-03,52.48430730110202,54.199066536927496
2000-07-05,54.20675591204555,47.57537300442487
2000-07-06,47.51006084750422,53.18879943878099
2000-07-07,53.16903090624677,55.19850455184057
2000-07-10,55.20885042857706,52.22055000892121
2000-07-11,52.2375840356763,51.071148544849414
2000-07-12,53.764691664282395,57.60659936034872
2000-07-13,57.60659936034872,60.06745822681613
2000-07-14,60.34756018705038,63.92608327611714
2000-07-17,63.92608327611714,64.90985261636536
2000-07-18,64.8345940698703,60.075359066096354
2000-07-19,60.075359066096354,54.75269910524553
2000-07-20,54.75269910524553,61.225629115195176
2000-07-21,61.104729720931104,57.24454257430789
2000-07-24,57.24454257430789,52.054424680384145
2000-07-25,52.054424680384145,55.13473675686437
2000-07-26,55.132177231782336,53.120202059279436
2000-07-27,53.04423986852378,47.42110035675881
2000-07-28,47.73255223510208,39.49004350589799
2000-07-31,39.497537792421234,43.989146567581116
2000-08-01,43.989146567581116,40.76431283249104
2000-08-02,40.76431283249104,39.69425820586847
2000-08-03,39.69425820586847,44.23738334626246
2000-08-04,44.26191950533223,44.058938324819124
2000-08-07,44.058938324819124,47.41063391835101
2000-08-08,47.35543605220858,46.490546071167955
2000-08-09,47.33273116904847,46.735818098855596
2000-08-10,46.53269991852543,43.03109744311052
2000-08-11,43.029659751504745,44.805598880799955
2000-08-14,44.806328216608684,47.571702475415584
2000-08-15,47.53678132958521,47.68711779967474
2000-08-16,47.68711779967474,47.634463805179294
2000-08-17,47.634463805179294,51.83334035935957
2000-08-18,51.83334035935957,50.89642135926433
2000-08-21,50.99066528264824,51.70375816887632
2000-08-22,51.88530583008549,51.71429168182291
2000-08-23,51.31589236827095,54.49559425421327
2000-08-24,54.50105344694588,56.70456355508632
2000-08-25,56.52925982888587,55.916758027419675
2000-08-28,56.005516991001564,56.898707047260615
2000-08-29,56.95482738714994,56.79931668173648
2000-08-30,56.78767410232501,57.52316142799373
2000-08-31,57.63578439144425,62.262676075479185
2000-09-01,62.56134797873321,63.25938591943379
2000-09-05,62.63857052727637,58.09186906350871
2000-09-06,57.707213356990685,51.58825837929559
2000-09-07,51.99839425103159,56.27836325656235
2000-09-08,56.0985591575177,50.31518795598505
2000-09-11,50.31518795598505,46.091734973431265
2000-09-12,46.091734973431265,44.60444023999243
2000-09-13,44.60444023999243,47.33699564938575
2000-09-14,47.33699564938575,47.17265579020385
2000-09-15,46.95720530320949,44.86587666870326
2000-09-18,44.86587666870326,41.541142923993206
2000-09-19,41.64020496808223,47.489764349765835
2000-09-20,47.489764349765835,48.78118339751158
2000-09-21,48.78118339751158,45.98978766325839
2000-09-22,45.98978766325839,45.36008307647198
2000-09-25,47.27673690016162,42.318570344441355
2000-09-26,43.07389755875582,40.9084171230377
2000-09-27,42.569490841885425,40.488068870953306
2000-09-28,39.981050002970925,45.65147067297437
2000-09-29,44.17059220178803,40.061682957370614
2000-10-02,41.51341443118632,36.14511560982975
2000-10-03,38.34112383998274,32.64668734332794
2000-10-04,32.19602253345481,35.53676915722218
2000-10-05,34.55196470031619,34.63861396566605
2000-10-06,34.89655850311921,31.210113826658002
2000-10-09,31.0633913634717,31.405797506843783
2000-10-10,30.065594562673553,27.766353777017702
2000-10-11,24.872052335932477,25.43018712224211
2000-10-12,27.281023507217064,22.866405865210442
2000-10-13,22.559080796000977,29.048063246003206
2000-10-16,28.734075998338426,28.298572569352892
2000-10-17,29.97978969182356,26.136110131733396
2000-10-18,23.00960474297163,25.13121712067388
2000-10-19,29.38972894562944,31.68445898903626
2000-10-20,31.035863899458384,33.15382110652439
2000-10-23,33.00390121241984,32.16049433399726
2000-10-24,33.10134716690207,30.16680007030425
2000-10-25,27.263615047703187,23.78402626298116
2000-10-26,24.239327870298496,25.16241526854015
2000-10-27,26.72763187792776,25.299978509110684
2000-10-30,24.193000960403467,23.082609671706876
2000-10-31,23.96228865621093,27.696700304437396
2000-11-01,25.97783550247339,26.241382781687395
2000-11-02,27.87333476195871,28.288626771921003
2000-11-03,28.821655682380594,28.63076462857982
2000-11-06,29.257521048857427,27.79698566982361
2000-11-07,27.09016723546963,27.513385975629465
2000-11-08,27.921106042669635,21.905790565241766
2000-11-09,20.4864301948092,21.80144156930601
2000-11-10,20.03360987797029,18.33288662976161
2000-11-13,16.59535061566592,17.265405054314847
2000-11-14,19.38354590881137,21.094609435655148
2000-11-15,20.847056245820532,21.86110233905369
2000-11-16,20.58426880050476,18.708428330534097
2000-11-17,18.88782942702934,18.893623175627795
2000-11-20,17.029503002752133,16.20367222193493
2000-11-21,16.464970476072526,16.09742503493584
2000-11-22,15.261396406154294,14.090327470591896
2000-11-24,15.312394009490495,16.729638350790072
2000-11-27,18.156873095169917,15.513413294040587
2000-11-28,15.42165506981741,13.032126104181803
2000-11-29,13.240053738099302,12.754678801024314
2000-11-30,10.811374391581293,11.28239853028177
2000-12-01,12.0945007409712,11.855031692223537
2000-12-04,12.177798908785613,11.91539394286775
2000-12-05,13.232787684321615,16.295444659263232
2000-12-06,15.963864426841418,14.445743449172204
2000-12-07,13.575589536247893,14.049715516615136
2000-12-08,15.913792875339084,16.841489493295974
2000-12-11,16.926822235232446,18.1984854224913
2000-12-12,17.63451800373104,16.214202836828996
2000-12-13,17.52183315491781,14.10170824825233
2000-12-14,14.030608631723064,12.420104633098596
2000-12-15,11.73652609920413,11.087602465681146
2000-12-18,11.885332089170927,11.05023531836873
2000-12-19,10.995094983630652,9.186193178016598
2000-12-20,7.907394386505249,7.09919764100626
2000-12-21,6.9209404398361585,7.233734713139444
2000-12-22,7.998158467739709,9.384252735369605
2000-12-26,9.375585939309273,9.018619386682586
2000-12-27,8.78030623336411,9.628969180819453
2000-12-28,9.3428268268318,9.67398998215785
2000-12-29,9.682821557177494,8.225665723502635
2001-01-02,8.221240557538897,5.982704034846642
2001-01-03,5.633147943322296,9.204073970907876
2001-01-04,8.736005044985863,8.467337036474163
2001-01-05,8.475288144739354,6.481565065261793
2001-01-08,6.289418918555926,6.5927652245168975
2001-01-09,6.8614123572789305,6.851352898232048
2001-01-10,6.339592876863294,7.688546542781034
2001-01-11,7.336405873311988,8.701575594087174
2001-01-12,8.682546484556658,8.513195753483902
2001-01-16,8.478646286846608,8.154022716185805
2001-01-17,9.303306655868992,8.999800556781043
2001-01-18,9.168317664044851,10.192073180946025
2001-01-19,10.989435492698634,9.974677049803855
2001-01-22,9.792594373300851,9.831768036777062
2001-01-23,9.822842829340196,10.80113788680996
2001-01-24,10.835200882662626,10.758246451932136
2001-01-25,10.291844500103972,9.243911973182083
2001-01-26,8.628884959852662,9.582444930896969
2001-01-29,9.253547633605834,10.244394420200646
2001-01-30,10.322068365750168,10.147824342320785
2001-01-31,10.248581059478767,9.08459066117197
2001-02-01,9.013539459953812,9.232269208969537
2001-02-02,9.216121488858226,7.799981963129736
2001-02-05,7.5684608852872195,7.75008834740744
2001-02-06,7.714279106261735,7.805779414555095
2001-02-07,7.3172150435301635,7.208619095500322
2001-02-08,7.449319854905958,6.708111252187144
2001-02-09,6.51452910812324,5.917752855854771
2001-02-12,5.803388358714307,6.109879621398745
2001-02-13,6.339925510846694,5.460506983052623
2001-02-14,5.578822718521355,6.191819553751701
2001-02-15,6.632799506901136,6.721140757570523
2001-02-16,5.5112706443312005,5.390648085189802
2001-02-20,5.517829544036754,4.517158161579682
2001-02-21,4.265157933445563,4.280031815806537
2001-02-22,4.280156687165454,4.117105784618735
2001-02-23,3.90519566441359,4.24835558162652
2001-02-26,4.446530439768483,4.507924024634427
2001-02-27,4.311350875961881,3.6692008780417633
2001-02-28,3.7747089267291454,3.346317783190305
2001-03-01,3.1964953197829225,3.646321582832211
2001-03-02,3.1906472972404947,3.1667937061028346
2001-03-05,3.304552261147365,3.346417407041934
2001-03-06,3.695257032900995,3.656297582577229
2001-03-07,3.8929014547203518,3.761534040330614
2001-03-08,3.683579543315843,3.436693730333508
2001-03-09,3.1953991319246007,2.7913970304183793
2001-03-12,2.537541468813749,2.2023027986642956
2001-03-13,2.32554538191091,2.6422260432772884
2001-03-14,2.293925694817656,2.4309528987799234
2001-03-15,2.6999536479276935,2.200488531510785
2001-03-16,2.0405373063464016,2.0062856488850853
2001-03-19,2.0508192256630293,2.3131244483624416
2001-03-20,2.3633715232897297,1.8405792708363127
2001-03-21,1.8742338982806446,1.8075289173536657
2001-03-22,1.8743214230787952,2.1411059133837345
2001-03-23,2.2998486906004176,2.1457924474621084
2001-03-26,2.2609843181330564,2.0318413139077554
2001-03-27,2.0457631867011274,2.2462340241356302
2001-03-28,2.0210450615686986,1.7485050913821911
2001-03-29,1.6724523523107389,1.6220878868295467
2001-03-30,1.6553359405881631,1.6535375406275172
2001-04-02,1.6422180238562674,1.47561686352897
2001-04-03,1.391813364066581,1.1425561265798008
2001-04-04,1.1253571000027502,1.0737469373909547
2001-04-05,1.2647772430274686,1.4398813719631918
2001-04-06,1.3400975025642077,1.2431095910915475
2001-04-09,1.3065887944527692,1.328971104093431
2001-04-10,1.4214558705139595,1.6529942832045916
2001-04-11,1.9531953731892786,1.7898489816787078
2001-04-12,1.6939873845856792,1.9965904905687597
2001-04-16,1.8843624392820073,1.776957637621751
2001-04-17,1.6326549839109705,1.8339072706863453
2001-04-18,2.125333981447724,2.3815984641409873
2001-04-19,2.4729574013251434,2.8693884534911787
2001-04-20,2.7827019628757075,2.7825290995082432
2001-04-23,2.5578197176074022,2.273845594168532
2001-04-24,2.264734434741213,2.087282407514434
2001-04-25,2.0725712551533295,2.2715443608042265
2001-04-26,2.36570767252711,2.072199666690107
2001-04-27,2.232926984808207,2.238666663508069
2001-04-30,2.407190994333439,2.404272636843272
2001-05-01,2.402406474173869,2.652430597234653
2001-05-02,2.8148100621437147,2.83313780053564
2001-05-03,2.6231233981076745,2.474570224498075
2001-05-04,2.248316250689975,2.6319542284802258
2001-05-07,2.6342524976959054,2.5140694752099506
2001-05-08,2.6876021636672527,2.6469349797791284
2001-05-09,2.46484196141562,2.431890132260134
2001-05-10,2.625770049023134,2.2653257688935704
2001-05-11,2.2813333810249934,2.20166317648619
2001-05-14,2.1950990363001566,2.107036560428226
2001-05-15,2.129573123743019,2.114039821506127
2001-05-16,2.0492098159166168,2.466584097530482
2001-05-17,2.4719211782243637,2.5667231706228226
2001-05-18,2.5090058831558766,2.575896523435569
2001-05-21,2.5903285316712883,3.0783263681259165
2001-05-22,3.1248026382751948,3.034053927264731
2001-05-23,2.9415142548265805,2.6596051885277276
2001-05-24,2.6917227888860586,2.84756147081142
2001-05-25,2.833702960197764,2.6663261477843316
2001-05-29,2.6085184442517635,2.3148850646694514
2001-05-30,2.1306978074507232,1.9735451756683615
2001-05-31,1.9943456096446301,2.0434097445376325
2001-06-01,2.13240569345863,2.1842903266355096
2001-06-04,2.2565175346492166,2.1754771768332803
2001-06-05,2.228041203704254,2.4813574594678522
2001-06-06,2.510570100729665,2.4029046595467443
2001-06-07,2.3617843292578984,2.6250271708699535
2001-06-08,2.6105867301600276,2.3568561333253437
2001-06-11,2.31565349641457,2.1731521511018728
2001-06-12,2.0074910716062595,2.1830204556458965
2001-06-13,2.2113804710038196,1.962285550329258
2001-06-14,1.8840227989289253,1.7079725571584263
2001-06-15,1.6119844426018541,1.6759138197239682
2001-06-18,1.7069691704524945,1.5707237662186222
2001-06-19,1.7680905602948416,1.5836023484746171
2001-06-20,1.5250924579197007,1.7083513486636357
2001-06-21,1.685845187063049,1.795670931180594
2001-06-22,1.8090521023213224,1.7221840398729331
2001-06-25,1.7976723130447614,1.7705644983107236
2001-06-26,1.663928545259422,1.7887457663167248
2001-06-27,1.7998665959783064,1.8022353738148784
2001-06-28,1.883211657350056,1.967592273570504
2001-06-29,1.9781324656242427,2.037143060651675
2001-07-02,2.0412506586577304,2.0371375427839924
2001-07-03,1.9954641030427045,2.010119842849703
2001-07-05,1.938867145564636,1.7785466150160625
2001-07-06,1.71019784956395,1.532170398893365
2001-07-09,1.5660261113905003,1.6112215643088483
2001-07-10,1.673200049265417,1.3990916876512896
2001-07-11,1.3798741846680314,1.4414244217316228
2001-07-12,1.6172863989020207,1.7360326078563595
2001-07-13,1.7099344782854538,1.738656617251884
2001-07-16,1.7147676665660747,1.5455132636239315
2001-07-17,1.5161386694976664,1.664099420285747
2001-07-18,1.556174179712746,1.486401158843474
2001-07-19,1.5765286724583896,1.563540378141668
2001-07-20,1.4708558534002367,1.508229232022139
2001-07-23,1.5588075966795716,1.3787523555389523
2001-07-24,1.350355444257119,1.315619278585866
2001-07-25,1.326710817751447,1.3724384070661917
2001-07-26,1.363231787423065,1.4870392176436558
2001-07-27,1.4871459584314952,1.5131398858069829
2001-07-30,1.529402126638755,1.4773058883055206
2001-07-31,1.5003406491741926,1.5134787837801107
2001-08-01,1.594546123573764,1.6388186104243498
2001-08-02,1.7223927138059782,1.7004185470368882
2001-08-03,1.6787782023216737,1.6264517625648318
2001-08-06,1.5698524307508612,1.5614595554638837
2001-08-07,1.5406352292711798,1.5436341517782302
2001-08-08,1.5039961044817567,1.3547008263986349
2001-08-09,1.345329048785432,1.36142397439498
2001-08-10,1.3428193306205458,1.3327573808400401
2001-08-13,1.3572051048820197,1.4220822700819955
2001-08-14,1.452764334396001,1.360607511469239
2001-08-15,1.3595559168660838,1.2156350369541045
2001-08-16,1.1605845700804822,1.2363226203629067
2001-08-17,1.1416747636955986,1.0860650704768169
2001-08-20,1.0895239362899856,1.1278463729030401
2001-08-21,1.134036480415633,1.005672386814537
2001-08-22,1.0543892337307148,1.0770095871703071
2001-08-23,1.072659988885437,1.0378088031462938
2001-08-24,1.0887640250106287,1.2135782003702824
2001-08-27,1.205603624495967,1.210582939325634
2001-08-28,1.2133903817560048,1.0906724510203933
2001-08-29,1.1160973849363414,1.0325075778727024
2001-08-30,0.9765160889759943,0.9392166430151286
2001-08-31,0.9214451503141323,0.9692225039766114
2001-09-04,0.9625354721235574,0.8794316105939992
2001-09-05,0.8817102466113449,0.8630598304640809
2001-09-06,0.8204342341291052,0.7668406787222699
2001-09-07,0.7430700533387524,0.7540704110374339
2001-09-10,0.7337077816272541,0.7719382267730828
2001-09-17,0.6222249544703196,0.5865319245511356
2001-09-18,0.6084163667084885,0.5456117055717187
2001-09-19,0.5529629214672057,0.5234164396882788
2001-09-20,0.48035976302174865,0.4695311807239561
2001-09-21,0.3761579074198428,0.4155263940733653
2001-09-24,0.45951812447149887,0.4882301885720296
2001-09-25,0.49200554187685047,0.48419344558363686
2001-09-26,0.5033569368485797,0.4281194582691512
2001-09-27,0.42139149253827707,0.42892662697301986
2001-09-28,0.4444452264355699,0.45630411513667796
2001-10-01,0.4485361173516095,0.4363742843981573
2001-10-02,0.4358626262148767,0.445611621388273
2001-10-03,0.42876528426969696,0.5463540288553317
2001-10-04,0.5756480023009295,0.5606021093886037
2001-10-05,0.5439529656395619,0.5747419190339572
2001-10-08,0.5443581435913839,0.5839785641503835
2001-10-09,0.5831023229697214,0.5360116343655249
2001-10-10,0.529822660240484,0.6130416599991307
2001-10-11,0.6541888747911404,0.7365835094761015
2001-10-12,0.7149609452483562,0.7423432726154873
2001-10-15,0.7045720658719548,0.7180239721606418
2001-10-16,0.7359104467047768,0.7588394374068241
2001-10-17,0.8168862624355636,0.602836654648227
2001-10-18,0.6035793114962734,0.6242149985888285
2001-10-19,0.6057747585461088,0.6476610951809493
2001-10-22,0.63810181602549,0.6982164926192331
2001-10-23,0.71972240132768,0.6993093716172769
2001-10-24,0.706054510757178,0.7612467753157783
2001-10-25,0.7158185590430269,0.8430035376572915
2001-10-26,0.8136446776259533,0.8019900467273247
2001-10-29,0.7866767560406606,0.6706700825697723
2001-10-30,0.6404880321908516,0.6238841171881926
2001-10-31,0.6605290878159554,0.6550847549872965
2001-11-01,0.6794490832408369,0.7420733816424863
2001-11-02,0.7315218345999317,0.744496625993135
2001-11-05,0.7886092361915648,0.8313553898268503
2001-11-06,0.8160224695986881,0.9025221177300226
2001-11-07,0.8723371484723131,0.9045870414016898
2001-11-08,0.946112044153626,0.8775372116928039
2001-11-09,0.8731628696962859,0.8850957612092801
2001-11-12,0.8795047151949076,0.9091401214271605
2001-11-13,0.9764536240105857,1.0031576735964705
2001-11-14,1.0426808706124655,1.012152796844787
2001-11-15,0.9871279096406892,1.0055045421231532
2001-11-16,1.0135483488874903,1.0046187362017527
2001-11-19,1.0344499084130876,1.0728677127571489
2001-11-20,1.0530298191968088,0.939231708876074
2001-11-21,0.9283405900635671,0.943314786813542
2001-11-23,0.9525776091521816,0.9899811055819174
2001-11-26,1.0136659424697032,1.0702764004326704
2001-11-27,1.0464079668674444,1.0508211496272497
2001-11-28,1.0214676015418207,0.948742649830438
2001-11-29,0.971391414031161,1.0268740370032896
2001-11-30,1.018263603553852,1.020600610191018
2001-12-03,0.9826361504466858,0.9663281332592155
2001-12-04,0.9931995198460697,1.0915107629140752
2001-12-05,1.1303017193567881,1.2682649866561535
2001-12-06,1.255220502802576,1.2617197132475675
2001-12-07,1.2359415111439298,1.1655996187888453
2001-12-10,1.133366036506076,1.1064887115034647
2001-12-11,1.1486539056680096,1.138334198530407
2001-12-12,1.1490852484293943,1.1562216804715246
2001-12-13,1.0828375749205705,1.0178324210319998
2001-12-14,1.0165170494492721,1.0249922909615208
2001-12-17,1.0276923769134731,1.0914995167451094
2001-12-18,1.1173908263931063,1.1262512196931045
2001-12-19,1.0687522343055427,1.0672173952434287
2001-12-20,1.0364924259308894,0.9291200369145982
2001-12-21,0.9694442429727257,0.9664620829639149
2001-12-24,0.9717712307187866,0.9646727167812179
2001-12-26,0.976378403025875,0.9896028276492945
2001-12-27,1.0052975432404154,1.0189319623798443
2001-12-28,1.0405666884477496,1.0468956236549054
2001-12-31,1.039572405684231,0.9618625238882275
2002-01-02,0.9868565769572055,1.0234843549615569
2002-01-03,1.038566036088142,1.1316730683623293
2002-01-04,1.1701320089109537,1.1482432992587677
2002-01-07,1.181826152620846,1.094769685930306
2002-01-08,1.0979350667277017,1.1281719513551183
2002-01-09,1.1722001332824714,1.1003375569654628
2002-01-10,1.1007566526691854,1.1061675282345993
2002-01-11,1.1117560223611176,1.0609072337089633
2002-01-14,1.0428723699915081,1.0021499134454017
2002-01-15,1.008242446989445,1.0185003895139706
2002-01-16,0.9736095733678126,0.9188429296137813
2002-01-17,0.9684045555980163,0.9964312451286066
2002-01-18,0.9145127584406696,0.8965734301748415
2002-01-22,0.9302248943594812,0.8130679032104271
2002-01-23,0.8295859755514041,0.8909181278356375
2002-01-24,0.9187462094666362,0.9183765118552364
2002-01-25,0.8848775720771145,0.9057561860565604
2002-01-28,0.9321396434355405,0.9169790442326903
2002-01-29,0.9272453805050538,0.8362682515503326
2002-01-30,0.8457795100029474,0.8688221353440557
2002-01-31,0.8866565984562157,0.8878584117949532
2002-02-01,0.8779784907738479,0.8502307405767902
2002-02-04,0.8471760888972953,0.7686651516133058
2002-02-05,0.7522022390362776,0.7433670215498122
2002-02-06,0.7701825759404115,0.7163538271160887
2002-02-07,0.7150905488503198,0.6686997968423276
2002-02-08,0.6862939586951966,0.723696465542516
2002-02-11,0.7221415389758328,0.7617189287052085
2002-02-12,0.7317788881901661,0.7415340370113472
2002-02-13,0.7589844427848096,0.7751795384310223
2002-02-14,0.7821243880626841,0.7561932958225148
2002-02-15,0.7604236833941629,0.6974882179724985
2002-02-19,0.6747240821965027,0.6265794614066648
2002-02-20,0.6449530532898837,0.6552156175781431
2002-02-21,0.639736262728567,0.5725377290460416
2002-02-22,0.5763468495029128,0.582642515367875
2002-02-25,0.5958920822035231,0.6502508820927492
2002-02-26,0.6614871660830953,0.640592886528484
2002-02-27,0.6668030351603582,0.6079019278859064
2002-02-28,0.6180492667679834,0.582026975550762
2002-03-01,0.5999217987700879,0.6815249806204654
2002-03-04,0.6804992920678372,0.7658907790726138
2002-03-05,0.7507184933362979,0.772135372926584
2002-03-06,0.7564501955291009,0.8039314198960456
2002-03-07,0.8221475758839419,0.7824958740223612
2002-03-08,0.829576132585954,0.8588508371823883
2002-03-11,0.8372788812824,0.8563528758310053
2002-03-12,0.7840330175823,0.800356839931663
2002-03-13,0.7717121128728036,0.7468564420531393
2002-03-14,0.7500070898144329,0.7331208279524325
2002-03-15,0.7439450339436534,0.7604080969245506
2002-03-18,0.785456427334078,0.7761983124180943
2002-03-19,0.7832649332793259,0.7742576658299514
2002-03-20,0.7394160435436491,0.6928989019512634
2002-03-21,0.6945607392764113,0.7473493006095185
2002-03-22,0.7384201811145352,0.7190912275509407
2002-03-25,0.7242566214855697,0.656402689039941
2002-03-26,0.6508437325130061,0.6727616219913053
2002-03-27,0.6612649159628784,0.66841652030786
2002-03-28,0.6837296951456565,0.6912828207308447
2002-04-01,0.673539243295574,0.7270434502100834
2002-04-02,0.6775204853505483,0.6289343707127323
2002-04-03,0.6387937232319024,0.6069345954130771
2002-04-04,0.5955988189960729,0.6103519072299046
2002-04-05,0.6220830705070943,0.5833222505733571
2002-04-08,0.5452524761226727,0.6013537693467783
2002-04-09,0.6073502178444782,0.5392053215756937
2002-04-10,0.552612137960923,0.5609474184430122
2002-04-11,0.5479491732106039,0.5137904685154092
2002-04-12,0.5324198202690286,0.5457514922226464
2002-04-15,0.5541203827052744,0.5496303046762504
2002-04-16,0.5834212219160221,0.6227461082514216
2002-04-17,0.6339640076736878,0.6089470952826609
2002-04-18,0.6011905764820147,0.5988034803153452
2002-04-19,0.614774190669223,0.584260451368446
2002-04-22,0.5593672837966024,0.5403043567935597
2002-04-23,0.5392237292193177,0.507899967541238
2002-04-24,0.5217913981264763,0.48362063494525415
2002-04-25,0.4761230362866286,0.4835427419484476
2002-04-26,0.49298855911210204,0.4253925254080929
2002-04-29,0.43119749270949626,0.42107799561628945
2002-04-30,0.41996347663103956,0.45174259444298076
2002-05-01,0.44809212550796257,0.44155870837046984
2002-05-02,0.436562945828657,0.39788400883252334
2002-05-03,0.3964423367720521,0.3642284785360981
2002-05-06,0.3649534597950086,0.337047403247238
2002-05-07,0.348019505956282,0.3351128647654768
2002-05-08,0.381717899261686,0.44725563713618843
2002-05-09,0.43313078406951516,0.40394614446511323
2002-05-10,0.41047221058156197,0.3528951090099792
2002-05-13,0.3635016542796447,0.40060301799592773
2002-05-14,0.4453148178885143,0.46380209538436157
2002-05-15,0.44765576746378843,0.46914701595803887
2002-05-16,0.4672146239710623,0.4742803603352447
2002-05-17,0.4930735247492459,0.4848300049446563
2002-05-20,0.46730976085093456,0.44845083416427745
2002-05-21,0.4574149078746732,0.41003910455437736
2002-05-22,0.40041090749635966,0.41817765150603364
2002-05-23,0.42390214525797143,0.44041065221963027
2002-05-24,0.42309912716296166,0.40622726583373475
2002-05-28,0.41702296735964345,0.3979124219959155
2002-05-29,0.38577202457206095,0.37311084612355633
2002-05-30,0.3627870343903076,0.38122932518235886
2002-05-31,0.39022685325061873,0.36258585568733354
2002-06-03,0.3597591886969682,0.31852067651356675
2002-06-04,0.31576732755041786,0.3346099247126659
2002-06-05,0.3379650573289945,0.3489891853431228
2002-06-06,0.33875249277525116,0.3161853651799065
2002-06-07,0.27547743168444194,0.2995706180438766
2002-06-10,0.3013597970582219,0.2959076608009459
2002-06-11,0.30614801360078603,0.26797012511028756
2002-06-12,0.26174894534929993,0.28395251288311607
2002-06-13,0.27931156345044245,0.2713014262823534
2002-06-14,0.2508165700200035,0.27237813777331904
2002-06-17,0.2848531820551235,0.3025809606770448
2002-06-18,0.2943790478656252,0.2935652516121034
2002-06-19,0.2864869905551723,0.2623011165394572
2002-06-20,0.26014302965182295,0.23726907875547584
2002-06-21,0.2301339873138031,0.21951996416657008
2002-06-24,0.2115266628590295,0.23300066720884202
2002-06-25,0.24155244514221957,0.20914449748867653
2002-06-26,0.18284448867390968,0.20935111338292767
2002-06-27,0.22238643252313126,0.22372259345607906
2002-06-28,0.22175506200854705,0.22420003373437927
2002-07-01,0.21976679201536106,0.19053483029660073
2002-07-02,0.18542678018749967,0.171036859687966
2002-07-03,0.1676291339269565,0.18781270493697333
2002-07-05,0.20079972055236883,0.22579151770384032
2002-07-08,0.2196491845651885,0.19649478675107937
2002-07-09,0.1970410751665584,0.1824619500348059
2002-07-10,0.1911738720260254,0.1644130629521378
2002-07-11,0.16182100340810723,0.18422128325110818
2002-07-12,0.19417223953219354,0.18546889354615392
2002-07-15,0.1799983227742099,0.196367442495773
2002-07-16,0.19145738543129828,0.19077096957081863
2002-07-17,0.21142134792858774,0.1998896855214382
2002-07-18,0.19527300032904388,0.18023182874374244
2002-07-19,0.16960395418867508,0.16454745694458114
2002-07-22,0.16095267958755385,0.1512586115518252
2002-07-23,0.15328323289618345,0.1306293273913395
2002-07-24,0.12130426774098577,0.15293694726533552
2002-07-25,0.14490902362240046,0.1260864984324916
2002-07-26,0.13092019869722377,0.13310103205500431
2002-07-29,0.14368295878187354,0.1598545027059085
2002-07-30,0.15340351377103317,0.164597652823329
2002-07-31,0.1573899167511327,0.15545929587140705
2002-08-01,0.15180429211474591,0.13225784951357875
2002-08-02,0.1322621702624656,0.12310256630658731
2002-08-05,0.12185292602067999,0.10853321437713852
2002-08-06,0.11554226518989351,0.12598621924885892
2002-08-07,0.1388180047574665,0.1328114297414809
2002-08-08,0.13142851820849988,0.14492450824409595
2002-08-09,0.13808098216354306,0.1403025289275507
2002-08-12,0.13507109114931082,0.1408931156427083
2002-08-13,0.1385343479413248,0.12690846751539847
2002-08-14,0.12889258391619235,0.15283454325809476
2002-08-15,0.15579235631975183,0.15861551026478687
2002-08-16,0.15234352482118282,0.16556746058414773
2002-08-19,0.16623069639114335,0.18056563448135635
2002-08-20,0.17446791570512993,0.17111961438260384
2002-08-21,0.17770452931815778,0.18528647464187542
2002-08-22,0.18565691347391006,0.1925749671270014
2002-08-23,0.18547062776178602,0.17170169068750948
2002-08-26,0.17533626570998492,0.17490722904293737
2002-08-27,0.1773378693219661,0.15284387463868426
2002-08-28,0.14865604455298267,0.13907685851078072
2002-08-29,0.13405594520284445,0.1462442756774869
2002-08-30,0.14159578222431732,0.1374977277230486
2002-09-03,0.1314222514111052,0.11916750423632695
2002-09-04,0.1212259502450114,0.1277211915676683
2002-09-05,0.11936714706620437,0.112220206672294
2002-09-06,0.12315599281735697,0.12746023616115054
2002-09-09,0.12391929912631372,0.13146691373273986
2002-09-10,0.13239767809698177,0.13804677619926428
2002-09-11,0.1426657210794543,0.13735535935784307
2002-09-12,0.13262252319863968,0.12389565175326736
2002-09-13,0.12171023562357099,0.12741020205705958
2002-09-16,0.12545316818956498,0.12110441810035018
2002-09-17,0.1286267868628202,0.11624254890131733
2002-09-18,0.11099723890963778,0.11520468850051187
2002-09-19,0.10770326013838982,0.1040728447945857
2002-09-20,0.10797409184384221,0.10607137427641015
2002-09-23,0.10219775417952023,0.0958201224292776
2002-09-24,0.09143191081426423,0.09585916737880223
2002-09-25,0.10092138393892107,0.10867334672488538
2002-09-26,0.11259104422512928,0.10604042863806475
2002-09-27,0.10325514215181686,0.10120215761874451
2002-09-30,0.09709807804418913,0.0915379963535381
2002-10-01,0.0944308436485069,0.10431068375475044
2002-10-02,0.102333809224467,0.09680505925306133
2002-10-03,0.09584447311662701,0.09125000718510708
2002-10-04,0.09445006775362517,0.0851893826264802
2002-10-07,0.08445595570529506,0.08183209877283695
2002-10-08,0.08506005162051282,0.08389562639269965
2002-10-09,0.08061423208217133,0.08257694690905146
2002-10-10,0.0832028672513346,0.09557135622942932
2002-10-11,0.10166964745497721,0.10974447843560275
2002-10-14,0.10536017578437884,0.11327342938525396
2002-10-15,0.12863184337090533,0.13230444634402047
2002-10-16,0.11597973817776124,0.11552158218935418
2002-10-17,0.13113761898072182,0.1286227874556737
2002-10-18,0.12509915312562814,0.13299441981808682
2002-10-21,0.128708845841419,0.1423803978376841
2002-10-22,0.1314461995978654,0.13540907586893952
2002-10-23,0.13385390819152615,0.14604070090290716
2002-10-24,0.14744896624414874,0.13515237902454016
2002-10-25,0.13477421257871802,0.14800263031398242
2002-10-28,0.15343035218731316,0.14056329430018955
2002-10-29,0.13888866835764113,0.1325511025622138
2002-10-30,0.13572132553269137,0.14312486165062183
2002-10-31,0.14499721146009278,0.14462386478492067
2002-11-01,0.14098466978843424,0.15728661823244605
2002-11-04,0.17137675223518872,0.17015203770363146
2002-11-05,0.16371645013231134,0.17160302953196563
2002-11-06,0.17513181431574756,0.17924024075248404
2002-11-07,0.16807577039738214,0.1594089613687141
2002-11-08,0.15952551223826222,0.15127432418461326
2002-11-11,0.14950106721717066,0.13524323990890227
2002-11-12,0.13940285066087826,0.1476993344440715
2002-11-13,0.14436485413492728,0.15200410284956611
2002-11-14,0.15985410048042784,0.17311780303992988
2002-11-15,0.16647514426195667,0.17459563999861522
2002-11-18,0.18081920513331734,0.16632184220005852
2002-11-19,0.1625361546802913,0.15722408306778027
2002-11-20,0.158423991161693,0.17781251357640135
2002-11-21,0.1839863702294485,0.20193781901503235
2002-11-22,0.19353984697111853,0.20058011426037556
2002-11-25,0.20165849229913077,0.20655563772530394
2002-11-26,0.20063419218485865,0.18510523197922565
2002-11-27,0.19556312557725578,0.20493562231737555
2002-11-29,0.20901002692309362,0.19958627095554504
2002-12-02,0.21466655213731275,0.201316158849006
2002-12-03,0.19537093002217532,0.184456576052409
2002-12-04,0.17436291169498652,0.1746075880864388
2002-12-05,0.18223887178441073,0.1661349830486801
2002-12-06,0.15934793351855076,0.17188903596440397
2002-12-09,0.1665193797213579,0.14756226031499955
2002-12-10,0.15085566588020924,0.1555832008994815
2002-12-11,0.1514446487701738,0.15696014112118092
2002-12-12,0.16201726675958916,0.15852779294790362
2002-12-13,0.1529074453126478,0.14317196792488063
2002-12-16,0.14575117247797767,0.1589522741183013
2002-12-17,0.15736038151876539,0.15783750120697157
2002-12-18,0.15319800502565067,0.1459905057541481
2002-12-19,0.1454893217330572,0.14270456640387297
2002-12-20,0.14424501620214492,0.14605797216476954
2002-12-23,0.14543565093553693,0.15398546176564268
2002-12-24,0.15142122914807088,0.1499698224683269
2002-12-26,0.1513547655212052,0.1469399674267663
2002-12-27,0.1451532017835596,0.13892028414723856
2002-12-30,0.13956349505888305,0.13558350771572616
2002-12-31,0.13472881878369417,0.13332125822035965
2003-01-02,0.13790043025382476,0.15128824439555183
2003-01-03,0.14979134003519223,0.15293202100723796
2003-01-06,0.15399493048648666,0.16626363330420074
2003-01-07,0.16706250005439005,0.17114953729326085
2003-01-08,0.16714005604845214,0.15725764422066302
2003-01-09,0.16363379467496786,0.17266565524649294
2003-01-10,0.16487196222531592,0.17770567334903262
2003-01-13,0.1845108408566191,0.17534260514449754
2003-01-14,0.1750366032126247,0.18110095519030744
2003-01-15,0.1821380503926465,0.17050204997154236
2003-01-16,0.1717313028200974,0.16468443171084868
2003-01-17,0.15536157260107855,0.14468765595297617
2003-01-21,0.14697403256248673,0.14093523959345822
2003-01-22,0.13952719242272116,0.13991848064899465
2003-01-23,0.14740851181363887,0.15094817806436583
2003-01-24,0.1487687022869093,0.13508031984730495
2003-01-27,0.13056490617667413,0.13109373302673757
2003-01-28,0.13526812982780864,0.13711216421090588
2003-01-29,0.13431490775679522,0.1432116252251127
2003-01-30,0.1440230791686919,0.1300404919175008
2003-01-31,0.12453019483691187,0.12893284701946284
2003-02-03,0.13063263090748345,0.13051356248886803
2003-02-04,0.12490464821211343,0.1244424758964345
2003-02-05,0.12790786315111655,0.12329886480733626
2003-02-06,0.12218418451084213,0.12389163910609013
2003-02-07,0.12770202498098332,0.11853951388052439
2003-02-10,0.12026364037707038,0.12336624928106027
2003-02-11,0.12548772654592916,0.12397880425801454
2003-02-12,0.12255478373557802,0.11833072343088748
2003-02-13,0.11936589419792387,0.11650727291445413
2003-02-14,0.1188205233976809,0.1277078872309396
2003-02-18,0.1308755828363879,0.14066932487267705
2003-02-19,0.13933043437922277,0.13692996739340424
2003-02-20,0.1388167206174964,0.13509523901213638
2003-02-21,0.13536639965475777,0.14095048370592725
2003-02-24,0.138128490373551,0.1321948488280853
2003-02-25,0.12694395489448776,0.13383487662940008
2003-02-26,0.13127542686273816,0.12396935324658628
2003-02-27,0.12703014395026993,0.1317971111947
2003-02-28,0.1331723250254058,0.13776676637930307
2003-03-03,0.1402758606771284,0.1300023818388062
2003-03-04,0.13021093563161568,0.12681515812964758
2003-03-05,0.12630814613293337,0.12961230366454052
2003-03-06,0.12639630807446647,0.12713768257486838
2003-03-07,0.12092395214608707,0.12800376756043905
2003-03-10,0.12455209617716013,0.11933285428433968
2003-03-11,0.12024243632820147,0.11728719070761626
2003-03-12,0.1157605682389899,0.12153732155614404
2003-03-13,0.1289832918137675,0.14438925994431046
2003-03-14,0.14634102172818417,0.144651824077575
2003-03-17,0.14108063275027596,0.16387508980911195
2003-03-18,0.16309453995443457,0.16622958266625082
2003-03-19,0.1643863249203851,0.1629135255649738
2003-03-20,0.1580714376780542,0.16516471139647199
2003-03-21,0.17253128262127446,0.17102989051751852
2003-03-24,0.15766662940947224,0.14986954027806967
2003-03-25,0.15184899706759167,0.15828558307290758
2003-03-26,0.15793389735705943,0.15816507651884096
2003-03-27,0.15344811549436047,0.15616478937379347
2003-03-28,0.15189421559086033,0.149499406004992
2003-03-31,0.14166254857584823,0.13762516798442834
2003-04-01,0.14020297355872294,0.13922224980452813
2003-04-02,0.14933483475204518,0.15620849997700026
2003-04-03,0.15931518267119923,0.1564355034347784
2003-04-04,0.1579571135470241,0.1504950711032027
2003-04-07,0.16735222541567027,0.15047005084029516
2003-04-08,0.14981431756988953,0.1474853970594916
2003-04-09,0.14859333264809768,0.13779858914362889
2003-04-10,0.13829133058047202,0.141692146097187
2003-04-11,0.14716840326567426,0.1386037094530027
2003-04-14,0.13935334685252868,0.14761290319438677
2003-04-15,0.14593158433461023,0.14959968182293212
2003-04-16,0.15708338473640948,0.15015090525941877
2003-04-17,0.14864353362685662,0.16230108024204912
2003-04-21,0.16238643138204156,0.16116826976037968
2003-04-22,0.15796588054684188,0.1705692314820677
2003-04-23,0.17196635535211163,0.1754572215915258
2003-04-24,0.16973909072693139,0.17310662531420315
2003-04-25,0.16960582731765447,0.16153423755372898
2003-04-28,0.1630508785709648,0.17230202524663574
2003-04-29,0.17506602465996862,0.17683075722510835
2003-04-30,0.1743369272938946,0.17175844269690732
2003-05-01,0.17097576347403218,0.17507682055008605
2003-05-02,0.17352458451085545,0.18592072853476432
2003-05-05,0.18751594756249318,0.1858672194060182
2003-05-06,0.18503299521069275,0.19394736442274374
2003-05-07,0.18895053000325948,0.18546373937981386
2003-05-08,0.17795932967711067,0.17711600157060478
2003-05-09,0.1821171725166628,0.18901617782640123
2003-05-12,0.18779134076205878,0.19733992940257936
2003-05-13,0.19342684825947049,0.1950477429493685
2003-05-14,0.19783180122097488,0.1910203744522772
2003-05-15,0.1944992352096214,0.19844950142099638
2003-05-16,0.19618671137337368,0.19413932761019273
2003-05-19,0.1902346176319368,0.1731892480380095
2003-05-20,0.17590272776656776,0.17333092402525618
2003-05-21,0.17236371628610805,0.17371373781731436
2003-05-22,0.17489759571041247,0.1820614029077707
2003-05-23,0.18059394546058727,0.1813813632617498
2003-05-27,0.17830442989212228,0.20159253798966684
2003-05-28,0.20180401993727876,0.20196921592901193
2003-05-29,0.20304849268528435,0.20637558669447287
2003-05-30,0.20994321095599083,0.21484989220001044
2003-06-02,0.22178024714103572,0.20769058016786826
2003-06-03,0.20688618063946407,0.21473616406360452
2003-06-04,0.21536504037419485,0.22883905364466553
2003-06-05,0.22092434473601288,0.23246470873050257
2003-06-06,0.24544193115094246,0.22106869945331536
2003-06-09,0.21770101450849932,0.21153231554184573
2003-06-10,0.21456315793931827,0.22084861229095176
2003-06-11,0.21954863262125981,0.22914043389160096
2003-06-12,0.23207315138681128,0.2297250818828619
2003-06-13,0.2310874065309163,0.2154183206790989
2003-06-16,0.2195355096130166,0.235843303222867
2003-06-17,0.23925677428349074,0.23468865020874055
2003-06-18,0.2313944278393503,0.23931059668020596
2003-06-19,0.23908045785655885,0.22665594837649847
2003-06-20,0.2318199169222,0.22517615522655976
2003-06-23,0.2234036340513942,0.21240735135554967
2003-06-24,0.2105224772764914,0.207925713448619
2003-06-25,0.20868997160134048,0.20615555332249283
2003-06-26,0.209559318492623,0.21992966672747086
2003-06-27,0.22116823339627897,0.2148323184436661
2003-06-30,0.2187199304471281,0.21286456122146755
2003-07-01,0.20946888909417194,0.22107175099333357
2003-07-02,0.22424241986632404,0.23664995027547506
2003-07-03,0.2296117296654439,0.22846121821524068
2003-07-07,0.23886440853367816,0.25712848950421274
2003-07-08,0.25345779040249256,0.26691548859837755
2003-07-09,0.2645780498128729,0.264933707889457
2003-07-10,0.2559004255397273,0.2488316564132378
2003-07-11,0.2519443323651319,0.2558779373165565
2003-07-14,0.26823853151920796,0.2648680315191498
2003-07-15,0.27342274805455846,0.2638903707718331
2003-07-16,0.2707951256019817,0.26222803638048864
2003-07-17,0.2517185312690902,0.24058723026941792
2003-07-18,0.24579385121828676,0.24282685761778702
2003-07-21,0.24063545525374103,0.2318194034280474
2003-07-22,0.23866309641208502,0.24131451487198755
2003-07-23,0.24416967234144143,0.24761007495217977
2003-07-24,0.25557992038097416,0.2386140875894965
2003-07-25,0.23796318896522214,0.2526043956841758
2003-07-28,0.25449547026919506,0.2539175854071448
2003-07-29,0.25612454104657356,0.250697901520625
2003-07-30,0.25152946592764763,0.24396340931042865
2003-07-31,0.2523665602611181,0.25156693069870445
2003-08-01,0.25018987323264597,0.24414224710194798
2003-08-04,0.24372517114913383,0.2459008466540891
2003-08-05,0.24381123904325483,0.22409277634556743
2003-08-06,0.21986685623625485,0.21616400246872391
2003-08-07,0.21603592419872616,0.217252252171822
2003-08-08,0.2207274403807453,0.21186341822536517
2003-08-11,0.2129531717681264,0.22023799241504358
2003-08-12,0.22259316290072947,0.2297741459104635
2003-08-13,0.23358556378525225,0.22954689241406934
2003-08-14,0.22999107130342944,0.23595592611549446
2003-08-15,0.23513600431313855,0.2369299468593162
2003-08-18,0.23950975786301593,0.25471778632260256
2003-08-19,0.25861937278316227,0.26361801600470863
2003-08-20,0.25737493182170046,0.26354264042930853
2003-08-21,0.26952830809795164,0.2726649672720186
2003-08-22,0.28731185559301087,0.26563776677252543
2003-08-25,0.2643915541509167,0.2669126710194955
2003-08-26,0.2617588153413432,0.2683036840894206
2003-08-27,0.26641595492590076,0.27434128191584306
2003-08-28,0.2770119813173294,0.28273975240037025
2003-08-29,0.28029506297416523,0.2883399996938177
2003-09-02,0.29249358149026283,0.3012511673730711
2003-09-03,0.3073997442236087,0.30056238450430717
2003-09-04,0.3005822913058479,0.3092270801735586
2003-09-05,0.3045186411144679,0.30158330251798926
2003-09-08,0.30467244935940796,0.3181698017749898
2003-09-09,0.31362692835303996,0.3071027758851054
2003-09-10,0.29852533107754575,0.28169286973042684
2003-09-11,0.2865136106083347,0.2935188824402257
2003-09-12,0.286987053534697,0.2978070047717595
2003-09-15,0.2993468754501681,0.2912907771334003
2003-09-16,0.2919261806551756,0.31404868511180517
2003-09-17,0.31169815647182963,0.3099559534587845
2003-09-18,0.30844310129969643,0.3256563328732964
2003-09-19,0.33017787016451466,0.3200726289991178
2003-09-22,0.30553414429162656,0.3022852738935578
2003-09-23,0.30334064929411003,0.31680559572916617
2003-09-24,0.3170726248417295,0.2835737152108775
2003-09-25,0.28674254427127044,0.27466405290273194
2003-09-26,0.27349557522460965,0.26447185334240436
2003-09-29,0.2699377297773905,0.2804909558682153
2003-09-30,0.273207239847047,0.26067101081058136
2003-10-01,0.26590768659159647,0.2798328212190661
2003-10-02,0.2778336690966329,0.280924473528848
2003-10-03,0.29731226003347927,0.30530832893310766
2003-10-06,0.30722633240669184,0.30956697716402715
2003-10-07,0.30310768595535925,0.3166737988336908
2003-10-08,0.32069878391727097,0.3096500540500199
2003-10-09,0.3247562325314813,0.31925682825926127
2003-10-10,0.32078582103967573,0.3246993685223544
2003-10-13,0.32989966165776546,0.33154637495538214
2003-10-14,0.3293036409907871,0.3356936088719625
2003-10-15,0.34938208209430693,0.3330917992502423
2003-10-16,0.32860857275661104,0.33942223394267773
2003-10-17,0.3374809454728615,0.31617259193516595
2003-10-20,0.31711838438018153,0.3265950683162202
2003-10-21,0.32916736061991153,0.33554099852943137
2003-10-22,0.32253820732868643,0.31126123624280067
2003-10-23,0.3008290269083639,0.304914171174102
2003-10-24,0.29325848284481115,0.29976356156261236
2003-10-27,0.3052356168175565,0.30421301803674056
2003-10-28,0.3096195812853942,0.3327142304174677
2003-10-29,0.32860927476857976,0.3326106337676983
2003-10-30,0.34507016639887567,0.3304743074058479
2003-10-31,0.3346781634104939,0.32974048550121315
2003-11-03,0.33444776449041413,0.3485482794121534
2003-11-04,0.3421865571260259,0.33862956505393804
2003-11-05,0.33767722479165047,0.3387555054341427
2003-11-06,0.34562268472344043,0.34624225043003204
2003-11-07,0.3537365469211765,0.3436839361155579
2003-11-10,0.3430667780803432,0.32783524097949523
2003-11-11,0.32636132760519515,0.32437890930515834
2003-11-12,0.3275337449598463,0.34789854266606407
2003-11-13,0.3415576323091736,0.34521424163413134
2003-11-14,0.34458128820232575,0.3219666509300974
2003-11-17,0.31638745697907106,0.31256877387347254
2003-11-18,0.3177559875850709,0.2927519627846066
2003-11-19,0.2951781677900995,0.30192743714256837
2003-11-20,0.29327619873863936,0.2918331554638837
2003-11-21,0.2964177721897177,0.29816298374087524
2003-11-24,0.3059008259945039,0.32849895710103216
2003-11-25,0.32776985648727486,0.32298592407068705
2003-11-26,0.33029761211438874,0.328973626651669
2003-11-28,0.3270972662191193,0.33183266543368306
2003-12-01,0.33871743352876116,0.3479145866139193
2003-12-02,0.3440413390642632,0.337011213250404
2003-12-03,0.34299878592053284,0.32828222009385927
2003-12-04,0.3316673151760773,0.33706607660765403
2003-12-05,0.3253472129887935,0.31923222026912423
2003-12-08,0.31862637907375935,0.3268049639198537
2003-12-09,0.33074581002456405,0.30280637918537945
2003-12-10,0.30516331193893526,0.30629176897906574
2003-12-11,0.30623887354193385,0.32481320843277284
2003-12-12,0.326697492485188,0.32501998469930554
2003-12-15,0.34206826335882834,0.3098812058298918
2003-12-16,0.310273934644178,0.31418396771279206
2003-12-17,0.31250477346171546,0.31198271530779725
2003-12-18,0.3147103062398214,0.33302036160110515
2003-12-19,0.33554713504690437,0.3294017563807387
2003-12-22,0.3270597224492997,0.3332110457491787
2003-12-23,0.333162208603191,0.34470250018307125
2003-12-24,0.340710737033023,0.341142938848606
2003-12-26,0.34200815975083776,0.3416174372073178
2003-12-29,0.34428629342545297,0.3605181357635971
2003-12-30,0.3585835931779567,0.36024735876078945
2003-12-31,0.3613869448708961,0.3587051913833602
2004-01-02,0.36327965761634917,0.3554504598077664
2004-01-05,0.3634505198789822,0.379740467936174
2004-01-06,0.37656625446833314,0.38326535608693973
2004-01-07,0.38105959674526063,0.3931751380042963
2004-01-08,0.40080883801406525,0.4060080751335572
2004-01-09,0.39481969653323273,0.39784216865593325
2004-01-12,0.4010449372349915,0.4130641162752534
2004-01-13,0.41353085942293644,0.4009908781742548
2004-01-14,0.4066318778863595,0.40834387281431395
2004-01-15,0.40087749814509516,0.40661962947655306
2004-01-16,0.4172176309707038,0.42394036832485626
2004-01-20,0.4282545005351373,0.4232930848483186
2004-01-21,0.41729073413409773,0.41815738569825406
2004-01-22,0.4217100782238993,0.4049393928209385
2004-01-23,0.40890035169040256,0.4055447436359584
2004-01-26,0.4018579855836879,0.42325176745816145
2004-01-27,0.4191490704217447,0.39526904335757346
2004-01-28,0.40160695679392217,0.37338256374136825
2004-01-29,0.37959323009821944,0.37698139450341406
2004-01-30,0.37583259924837376,0.3744749310188734
2004-02-02,0.3780113650779092,0.3704853127399694
2004-02-03,0.3690585577097181,0.37346952811203027
2004-02-04,0.3597108892255832,0.35171364728306537
2004-02-05,0.3562945808795599,0.35343497942543683
2004-02-06,0.35849393454294254,0.37816938125438276
2004-02-09,0.3807200247244347,0.3720454770068561
2004-02-10,0.37188070947762475,0.37906548552319097
2004-02-11,0.3773902770636457,0.3895578925984912
2004-02-12,0.38493460717059885,0.3796896590598009
2004-02-13,0.38223888519436994,0.3668218211294913
2004-02-17,0.37737077284936654,0.38331573762508075
2004-02-18,0.3855904150254355,0.3840117879727768
2004-02-19,0.3953985004282125,0.3661096533387925
2004-02-20,0.3705553480845443,0.36406042039969283
2004-02-23,0.36861459283574677,0.3503879286659902
2004-02-24,0.3465315704093389,0.34914773235804014
2004-02-25,0.3518557368570705,0.35501705546546514
2004-02-26,0.35152540828379963,0.3599668975114671
2004-02-27,0.361743461982206,0.35501005959420145
2004-03-01,0.35910975300290543,0.3689265774427782
2004-03-02,0.36759647185802075,0.35686287656141663
2004-03-03,0.35435579780126897,0.3516940581725616
2004-03-04,0.3521330385122096,0.36269201284692953
2004-03-05,0.3505946289194934,0.35641037188943275
2004-03-08,0.3592123029760504,0.33314063263382043
2004-03-09,0.3332516169128079,0.33060874080041397
2004-03-10,0.3313401605392546,0.3168084653890789
2004-03-11,0.3112031444792298,0.30660508561849154
2004-03-12,0.31559206096225045,0.32595651507744655
2004-03-15,0.32032047790365287,0.3046009754294364
2004-03-16,0.31258442530676384,0.30924406234899077
2004-03-17,0.3168264289393496,0.3237411469902941
2004-03-18,0.32032221179457343,0.3162120787589136
2004-03-19,0.3151816317612742,0.3033976060616997
2004-03-22,0.29570521051644444,0.29227000429744926
2004-03-23,0.29877598923786736,0.28486386971283506
2004-03-24,0.2877955642037447,0.29226717998513235
2004-03-25,0.3000969899144605,0.32054114704542397
2004-03-26,0.31686561027900656,0.3135060066840474
2004-03-29,0.3229086114840459,0.3315621975945076
2004-03-30,0.32692769744374456,0.3335273522340074
2004-03-31,0.3334719966943811,0.32879239384004366
2004-04-01,0.3291352644951704,0.33895499880240065
2004-04-02,0.3593241966848164,0.36512016776053
2004-04-05,0.3637603584379284,0.37836505976485163
2004-04-06,0.36674602523382915,0.36722498089709277
2004-04-07,0.3639205162072978,0.3586856806841196
2004-04-08,0.37379594728076987,0.3609162884842171
2004-04-12,0.3638900602934065,0.3685364965967979
2004-04-13,0.37300786637734423,0.3513274446418512
2004-04-14,0.34520192830292995,0.3532219383087126
2004-04-15,0.3560225308932077,0.34150540879474733
2004-04-16,0.34084558128796627,0.33422038006462
2004-04-19,0.3341027200303937,0.3511134821647734
2004-04-20,0.35147091506527306,0.3249457391650348
2004-04-21,0.33113302464944644,0.33456109038220605
2004-04-22,0.33412530747418756,0.3583971792474826
2004-04-23,0.3632755235520715,0.3667592085234741
2004-04-26,0.36650933926200724,0.35465208429440376
2004-04-27,0.3583458632903715,0.3538594621392751
2004-04-28,0.35128351926899753,0.33496751834924227
2004-04-29,0.33384022157047494,0.3200118400732233
2004-04-30,0.3225605922326411,0.29977031761272965
2004-05-03,0.3047117746806779,0.308753508160981
2004-05-04,0.30995115387896993,0.313225371806143
2004-05-05,0.31494333664989077,0.3174037656925001
2004-05-06,0.30951761617808904,0.30886869286624163
2004-05-07,0.3058904575853156,0.30272970403636995
2004-05-10,0.29563827319956765,0.2968397282119957
2004-05-11,0.3027421092085648,0.31277139162781276
2004-05-12,0.306574861828586,0.30809197182263726
2004-05-13,0.30400899036825596,0.30951904920251183
2004-05-14,0.3084378602869458,0.29824625365165514
2004-05-17,0.28555239431247637,0.28549654617826165
2004-05-18,0.29501169096247076,0.2964325821045039
2004-05-19,0.3071934969014883,0.2954389839741623
2004-05-20,0.297997016666771,0.2957626295505723
2004-05-21,0.3038550354838487,0.3029238556859524
2004-05-24,0.3097646178974668,0.30662058763745764
2004-05-25,0.30572282194891176,0.3285320825717187
2004-05-26,0.3254072703281991,0.3326724596604726
2004-05-27,0.33692166416111957,0.3390330562085154
2004-05-28,0.3402287153111961,0.3411972705270698
2004-06-01,0.33525629544377955,0.34272867054345807
2004-06-02,0.3455292370497327,0.33967236362798164
2004-06-03,0.3361717380910268,0.3265095120861056
2004-06-04,0.3388789229467379,0.33302976929896505
2004-06-07,0.34025323995982076,0.3582854996006261
2004-06-08,0.3526209740635966,0.36144844556434036
2004-06-09,0.3552148021056404,0.3424116257607786
2004-06-10,0.3467526182490813,0.3506720162189433
2004-06-14,0.34310823888297426,0.3347231427722192
2004-06-15,0.3427983962022501,0.34897417804791137
2004-06-16,0.3486344657809625,0.34953275468538214
2004-06-17,0.3452461914380036,0.33828248962668794
2004-06-18,0.3340193689356736,0.3386726688861564
2004-06-21,0.3409826373131172,0.3307042398541223
2004-06-22,0.33254073251350635,0.34552557464820377
2004-06-23,0.34318519553040006,0.3585633783076652
2004-06-24,0.3564458323515164,0.35481741486234397
2004-06-25,0.35518209095831516,0.3620242110067651
2004-06-28,0.36850415979845524,0.35805279353731856
2004-06-29,0.35631183065147515,0.3670682336412506
2004-06-30,0.3684943920195072,0.3751232134949265
2004-07-01,0.3737726954712264,0.35508183933924453
2004-07-02,0.35420223567588555,0.3490974450552784
2004-07-06,0.3415177668271599,0.32426617364216287
2004-07-07,0.32385572281604974,0.32882416495020844
2004-07-08,0.3200493933028971,0.3144202160610156
2004-07-09,0.3218681008413995,0.32024135276262133
2004-07-12,0.31350963546340155,0.3149566619338343
2004-07-13,0.31757594830168484,0.31266668612394555
2004-07-14,0.30330427502441637,0.30435287607765515
2004-07-15,0.3083570130922095,0.3042333516448618
2004-07-16,0.31104672405238987,0.28859628920332464
2004-07-19,0.2927941060445818,0.29144410506558216
2004-07-20,0.29261466080300125,0.30669260817355276
2004-07-21,0.3145915978587384,0.28384069162087955
2004-07-22,0.28342313114876677,0.297300920385114
2004-07-23,0.28846747235711756,0.27662721805933166
2004-07-26,0.2774236676836532,0.2723458811519815
2004-07-27,0.2761014342542484,0.286230150151197
2004-07-28,0.2819166482733518,0.28145238422845054
2004-07-29,0.2885245219265604,0.2905158380671309
2004-07-30,0.2895810690380228,0.2916579972202476
2004-08-02,0.28529742471001307,0.2952218099953196
2004-08-03,0.2927090309697763,0.27818152253762524
2004-08-04,0.27413929152655114,0.2781840875944966
2004-08-05,0.27922490614781825,0.2625493533036129
2004-08-06,0.2553563348438729,0.24063000344446084
2004-08-09,0.2436650408022733,0.24255816838609903
2004-08-10,0.24649220305907377,0.2580643018346495
2004-08-11,0.24253686196661564,0.24526606241009283
2004-08-12,0.239244828836529,0.23412053180136327
2004-08-13,0.23811034917496549,0.23592134377975885
2004-08-16,0.2368305527199448,0.24623864822823704
2004-08-17,0.24963479949259365,0.2511967424606543
2004-08-18,0.2473998032645953,0.2668010030009815
2004-08-19,0.26278647717661435,0.26066579595626804
2004-08-20,0.2601110629074383,0.2684494072078372
2004-08-23,0.2706767966083968,0.2709078812008125
2004-08-24,0.27451825330873786,0.2702060958558361
2004-08-25,0.2698628130467093,0.28167084460856645
2004-08-26,0.2784043523599149,0.2785129527720619
2004-08-27,0.27889330044178795,0.2812802158370732
2004-08-30,0.27797423950702255,0.26882174969947825
2004-08-31,0.2693936652394066,0.26925788871677964
2004-09-01,0.26606497074338176,0.2746659348395917
2004-09-02,0.27271051596613594,0.28678556700049435
2004-09-03,0.2782148972603402,0.2706244798496537
2004-09-07,0.2769333242709527,0.2765487081028824
2004-09-08,0.2744833936481438,0.2735096358188352
2004-09-09,0.27854564699336676,0.28235220347696266
2004-09-10,0.2821512772649131,0.29541517570620845
2004-09-13,0.29845084312281067,0.30445000327772914
2004-09-14,0.3031382620883557,0.30893178205163363
2004-09-15,0.30320704351221806,0.2966920445665208
2004-09-16,0.29799382491441245,0.29837224908098436
2004-09-17,0.29822075131840675,0.3036289156237236
2004-09-20,0.297938645855371,0.3025609667943004
2004-09-21,0.30582927060610954,0.3097178113576608
2004-09-22,0.302476907917159,0.28942007554347876
2004-09-23,0.29037231571476496,0.29037851853488517
2004-09-24,0.29158067245145375,0.2861994581396496
2004-09-27,0.2806085763625783,0.2779498107496857
2004-09-28,0.28069406418490167,0.2804456791760232
2004-09-29,0.28043961917253096,0.29325597241435164
2004-09-30,0.2922395526308601,0.29442322108353175
2004-10-01,0.30295119596110276,0.3198745218074029
2004-10-04,0.3266641750376418,0.32384455096718506
2004-10-05,0.32196670825447066,0.32566137031075815
2004-10-06,0.3246119970689544,0.33406234212313185
2004-10-07,0.3308947128848715,0.32148597460385997
2004-10-08,0.3173254108225766,0.30515551134317187
2004-10-11,0.3080856480074648,0.30949561812090765
2004-10-12,0.3007708459869879,0.307600518224595
2004-10-13,0.3183590213508838,0.30699726691173357
2004-10-14,0.3072926621750325,0.3010543272866149
2004-10-15,0.304286285758169,0.3047138462815683
2004-10-18,0.3028612467925873,0.3214582418585623
2004-10-19,0.3252301837420047,0.3124189403116592
2004-10-20,0.31073755960781474,0.317885023126937
2004-10-21,0.3227575407724636,0.33278068598318267
2004-10-22,0.3315148144189596,0.30810492214746665
2004-10-25,0.3064533043453152,0.3044616989862265
2004-10-26,0.30425770603424956,0.3105606137031175
2004-10-27,0.31033451506155874,0.335027130152158
2004-10-28,0.3305315227891379,0.3397582298718836
2004-10-29,0.33877129147098844,0.3394826707916962
2004-11-01,0.33916072668796166,0.340899629620012
2004-11-02,0.3419505732585452,0.3450550081725324
2004-11-03,0.36246438893488214,0.35096071802466167
2004-11-04,0.34687913185198466,0.359480129028216
2004-11-05,0.3669556727328201,0.36589571877549176
2004-11-08,0.3658165643417192,0.36725571994092915
2004-11-09,0.3673422919282738,0.36716189793976745
2004-11-10,0.3650699952522648,0.36001114903991016
2004-11-11,0.36539325916611254,0.3776735011199573
2004-11-12,0.3788567953921077,0.3899771694137738
2004-11-15,0.38689923067120574,0.3918651165057798
2004-11-16,0.38721840445380706,0.3825412629766745
2004-11-17,0.3923757445853673,0.3994001793727982
2004-11-18,0.3970360108644933,0.40675165101880856
2004-11-19,0.4052463553511438,0.38464856940517345
2004-11-22,0.38394231012706487,0.3966549064997528
2004-11-23,0.39546358484803484,0.392351299393816
2004-11-24,0.3999367425030874,0.4074743254511939
2004-11-26,0.4067791117207694,0.40416351321390753
2004-11-29,0.4104630856290376,0.4057904260223928
2004-11-30,0.4050741241622566,0.3989114895408595
2004-12-01,0.4040517744044945,0.426248079447742
2004-12-02,0.42223792431953827,0.43096676919431814
2004-12-03,0.4373384607046102,0.4319159456658728
2004-12-06,0.43025446984913973,0.4360665276870751
2004-12-07,0.4386916666016617,0.4115160442207651
2004-12-08,0.41504262265431885,0.42132348415927084
2004-12-09,0.40876193905394437,0.42716411214797245
2004-12-10,0.42053285526345136,0.4234476999736058
2004-12-13,0.4332374639900044,0.4361542335359483
2004-12-14,0.4337651059206814,0.4412116562321631
2004-12-15,0.4408294227690671,0.43809828045362775
2004-12-16,0.43631746557108325,0.4251688444796784
2004-12-17,0.42597814119177246,0.41642125561445087
2004-12-20,0.42207833700405883,0.41270695100655447
2004-12-21,0.41786329657342897,0.4262226805818209
2004-12-22,0.42340987544885256,0.4296197200900628
2004-12-23,0.4258655753536507,0.42975666361312764
2004-12-27,0.4357964333289821,0.4247169389008035
2004-12-28,0.42734043988689435,0.4379171092408492
2004-12-29,0.434010324068794,0.4385048828435324
2004-12-30,0.4395249519864472,0.4375384655602416
2004-12-31,0.4380315656239181,0.43540235689827606
2005-01-03,0.4415501845466825,0.4210226836792478
2005-01-04,0.4270957392109239,0.39577169706329224
2005-01-05,0.3933923515277891,0.3896908172614079
2005-01-06,0.3926064891517829,0.3849880601602818
2005-01-07,0.3910019427863928,0.3903876202625448
2005-01-10,0.3877081547800145,0.3904572712831891
2005-01-11,0.38427450005534897,0.38186021833290223
2005-01-12,0.3880843933376436,0.3910214621362585
2005-01-13,0.3923475404081148,0.37555034933329434
2005-01-14,0.38060323279935176,0.38722408272787967
2005-01-18,0.3820746550239307,0.3963085513479772
2005-01-19,0.3957947964619898,0.37529047655130426
2005-01-20,0.36155991101145896,0.35286429343536874
2005-01-21,0.3561772818417109,0.34516349609483693
2005-01-24,0.3480214346739157,0.3292353511130427
2005-01-25,0.3372335314249266,0.33582367898746285
2005-01-26,0.34358304032321124,0.3483591618804844
2005-01-27,0.34575513571338357,0.3473400957427125
2005-01-28,0.3496417651083562,0.3417134233940906
2005-01-31,0.35244713936161454,0.3555664700299414
2005-02-01,0.35652813371033343,0.35839869982806444
2005-02-02,0.36096027327854213,0.3594074721259543
2005-02-03,0.3531294441438774,0.3475538031650123
2005-02-04,0.34720814815777,0.36568842597100865
2005-02-07,0.3656812696087143,0.36179925552934045
2005-02-08,0.36215418104908387,0.36438449425671793
2005-02-09,0.36561130820986876,0.34588216875739564
2005-02-10,0.34994506508558504,0.3458642854029865
2005-02-11,0.34466613996540313,0.3621297374047893
2005-02-14,0.36261236763569604,0.36759975522407895
2005-02-15,0.36772166597929745,0.37411818714396644
2005-02-16,0.3697369648993488,0.37056461214975706
2005-02-17,0.3710114743557414,0.35388709839905336
2005-02-18,0.3538311407848265,0.3511690844113143
2005-02-22,0.34250682519714865,0.33644264302312343
2005-02-23,0.3423605202532535,0.3384376292402578
2005-02-24,0.33606396086484014,0.3523452588394232
2005-02-25,0.35098020959757986,0.3587257571599069
2005-02-28,0.35179043238510943,0.34758856587089354
2005-03-01,0.3514600567929884,0.3588432103802399
2005-03-02,0.35209753629374396,0.35738705566212114
2005-03-03,0.3607962365234685,0.3478935684956796
2005-03-04,0.3563982150704645,0.3538518586745208
2005-03-07,0.35626743070400996,0.37110678005424164
2005-03-08,0.36793663966541273,0.3592325138611017
2005-03-09,0.3579987646918021,0.35453808692674565
2005-03-10,0.35709585023402646,0.35621108530736184
2005-03-11,0.35920448909113917,0.3429837086577403
2005-03-14,0.34540972091766725,0.3494607533232433
2005-03-15,0.353038219003702,0.34035891749001496
2005-03-16,0.33719109970578504,0.329645141364114
2005-03-17,0.33063657885608294,0.3305765958116367
2005-03-18,0.3311899438775674,0.32841990664462534
2005-03-21,0.32759687214519967,0.3284516135666835
2005-03-22,0.3282392381851875,0.3156062049003749
2005-03-23,0.3145334819136714,0.3199109821539844
2005-03-24,0.32362136092141935,0.31867982811673773
2005-03-28,0.3228814245586577,0.3204604283537222
2005-03-29,0.3195073695984604,0.31500546949055064
2005-03-30,0.31874208943364507,0.3327980134554187
2005-03-31,0.3312586332299207,0.3266482397978848
2005-04-01,0.3327954435219055,0.31775103104024494
2005-04-04,0.3177964884747663,0.3225328287050119
2005-04-05,0.32533069459433955,0.32714957770643094
2005-04-06,0.32939857494569375,0.3250926953161187
2005-04-07,0.325395659386048,0.3376413846738639
2005-04-08,0.33779003827499166,0.3281084715385599
2005-04-11,0.3313087735923759,0.3233863289834602
2005-04-12,0.32237582363200235,0.3303315059260997
2005-04-13,0.3271571908110905,0.3121414733438013
2005-04-14,0.31223750818737134,0.2989733775405684
2005-04-15,0.28938882105153635,0.2789517915300979
2005-04-18,0.2775913322134921,0.2797704911933135
2005-04-19,0.2854552992513891,0.2862214693172545
2005-04-20,0.29193257323709454,0.2776038278967525
2005-04-21,0.2875311585216957,0.3019216525544691
2005-04-22,0.2960391119849108,0.28568781430353857
2005-04-25,0.2915856800737848,0.2954491063239839
2005-04-26,0.29202037986483775,0.2850939157152692
2005-04-27,0.28075251757610886,0.28703422013514174
2005-04-28,0.28362308933698527,0.27832513269672227
2005-04-29,0.28504976007682215,0.2851400667473225
2005-05-02,0.2858083596446502,0.2868997760169885
2005-05-03,0.28543076857328237,0.289244438331138
2005-05-04,0.29134147009900985,0.30425272566329054
2005-05-05,0.3033287979506294,0.30297129284957286
2005-05-06,0.30930163416824985,0.30659466149228376
2005-05-09,0.30639254509628616,0.31125461825031536
2005-05-10,0.30479079314920743,0.3029724208314849
2005-05-11,0.3041945003502626,0.3087438702293481
2005-05-12,0.3084391967798777,0.3057249516870825
2005-05-13,0.30852412030001997,0.31575502129059085
2005-05-16,0.3155489368635507,0.3222255713231661
2005-05-17,0.3178971066304351,0.328307106448541
2005-05-18,0.33021728737951805,0.3409861668115087
2005-05-19,0.341907948722409,0.3492480706021106
2005-05-20,0.3477536535715538,0.3537965608657317
2005-05-23,0.3530393864119355,0.35876165009841265
2005-05-24,0.3559784530306143,0.36240871113586043
2005-05-25,0.35918335450559136,0.3569452836369462
2005-05-26,0.3620734745291813,0.3682449809121221
2005-05-27,0.36677557321529136,0.36895245120101855
2005-05-31,0.3687238604111952,0.36383367246374226
2005-06-01,0.3631968525130628,0.3757555013905077
2005-06-02,0.3713679110514372,0.3825057975467586
2005-06-03,0.3799605840210082,0.36466973578789574
2005-06-06,0.36500972274713606,0.36522948456142557
2005-06-07,0.36625048875672384,0.35517569242335856
2005-06-08,0.3592120247131623,0.3527332577529122
2005-06-09,0.351673430696128,0.3608745268491921
2005-06-10,0.3595453760574218,0.34793527079836295
2005-06-13,0.3469676294435258,0.3534886551820801
2005-06-14,0.35341237931170405,0.350222712147437
2005-06-15,0.3567565500172363,0.3536794748082355
2005-06-16,0.3547408873606845,0.3591895888358024
2005-06-17,0.3684483736221021,0.3595379217623284
2005-06-20,0.35359133491081235,0.35890337688347657
2005-06-21,0.35762161615729504,0.3583203324298084
2005-06-22,0.36227323513993487,0.3567972958148966
2005-06-23,0.35908549205533186,0.3438896327345657
2005-06-24,0.3444953258387668,0.33314423677224053
2005-06-27,0.3312188844348341,0.3288695845158862
2005-06-28,0.3334269900299324,0.33873282238184815
2005-06-29,0.34098262065965096,0.33567829410594413
2005-06-30,0.3376266263131781,0.328553171290373
2005-07-01,0.3308630220144574,0.3265598775933253
2005-07-05,0.32355611195017087,0.33687540863854154
2005-07-06,0.33494989837818434,0.3313208077188046
2005-07-07,0.3226089949996067,0.3349013758818982
2005-07-08,0.3360705842695121,0.3546472872464381
2005-07-11,0.3568538538308188,0.36466477143353687
2005-07-12,0.3638589293777451,0.3702607494083429
2005-07-13,0.37001084636402326,0.3717095442368331
2005-07-14,0.3807945926940879,0.38307154897589396
2005-07-15,0.3858689750258476,0.38627258316855384
2005-07-18,0.3831879612657361,0.3806091975228851
2005-07-19,0.38799795079203075,0.3955406090304132
2005-07-20,0.3877591174046712,0.40446398556293905
2005-07-21,0.40756037091904523,0.40379384037732324
2005-07-22,0.4036350636838416,0.40293949031586895
2005-07-25,0.40283375785616116,0.39751082485926004
2005-07-26,0.39993553119462794,0.40152844708733404
2005-07-27,0.4033817069460203,0.41136168405547113
2005-07-28,0.4123876355331874,0.4164903022489512
2005-07-29,0.41477664832820127,0.4060932134209316
2005-08-01,0.40958453290142,0.40986695915317806
2005-08-02,0.41120339054925076,0.4227982091983552
2005-08-03,0.41731769504142224,0.42288969775019447
2005-08-04,0.41664463889082803,0.40858538111917886
2005-08-05,0.40697770833005686,0.40314761015938344
2005-08-08,0.40514122079447185,0.3943373126853023
2005-08-09,0.39893556136457303,0.4026770979211098
2005-08-10,0.4054385277678784,0.390969702567531
2005-08-11,0.392493475228694,0.40204520718338227
2005-08-12,0.39227941357731805,0.39528883757638017
2005-08-15,0.392189578757156,0.4019128551744021
2005-08-16,0.39825959958874557,0.38190109206097705
2005-08-17,0.38449232776634135,0.3879435334551943
2005-08-18,0.38493512834122756,0.3831497668140094
2005-08-19,0.38374058074791934,0.3816595098337376
2005-08-22,0.3841550858746928,0.38301510977773096
2005-08-23,0.3829275998088062,0.3798870248603583
2005-08-24,0.37750802556234264,0.3729504987490918
2005-08-25,0.3748920759331326,0.3759416555305539
2005-08-26,0.37447952706809906,0.37088043613816213
2005-08-29,0.365541507551426,0.37979222180713995
2005-08-30,0.37518838990000913,0.37559105863907827
2005-08-31,0.3764042634741978,0.3871064209904238
2005-09-01,0.38675401089124295,0.3838336132984117
2005-09-02,0.3863596224444164,0.38079416818430145
2005-09-06,0.385942823681748,0.3984428218122653
2005-09-07,0.3960106610221883,0.4003632200173927
2005-09-08,0.3965794271482326,0.39871307195043526
2005-09-09,0.4004349640039885,0.4063289215463812
2005-09-12,0.40615456035446784,0.4096410640060995
2005-09-13,0.407643934084252,0.40597244815317485
2005-09-14,0.4073665965679641,0.39248926870404893
2005-09-15,0.39610397692264804,0.3916623035273314
2005-09-16,0.39428804231159664,0.39974133192588723
2005-09-19,0.3964723132403617,0.3897389049377781
2005-09-20,0.39215681246545503,0.3839180438807298
2005-09-21,0.3831152929841351,0.371994229254248
2005-09-22,0.37063660337783083,0.37592553754473035
2005-09-23,0.3734862898462269,0.3790600559633828
2005-09-26,0.38586832970176943,0.3797916659071144
2005-09-27,0.38195035471057637,0.3768603978476364
2005-09-28,0.3814149417046824,0.37680212361246007
2005-09-29,0.37581488542574665,0.39199180950887685
2005-09-30,0.3914814111484791,0.40065979143109454
2005-10-03,0.4020180736654803,0.40361263365493544
2005-10-04,0.4040349956443038,0.39602801251045505
2005-10-05,0.3959163001076172,0.3781453725031851
2005-10-06,0.37932202719914676,0.36470270379562997
2005-10-07,0.36892297676687064,0.36678600770878816
2005-10-10,0.3659514651025643,0.3604789284616614
2005-10-11,0.3632891580213247,0.3550678079655052
2005-10-12,0.35016838993201643,0.34259927938220286
2005-10-13,0.34136286253134435,0.3510958450720549
2005-10-14,0.3535886334239405,0.3583217518638574
2005-10-17,0.3585235602584751,0.3622142575926361
2005-10-18,0.36109951008820773,0.3542007331340875
2005-10-19,0.3500840706329586,0.37553734755203677
2005-10-20,0.3747621922535198,0.3654870496694468
2005-10-21,0.37646870340720984,0.37211973930879466
2005-10-24,0.3758358683824501,0.39042581587977176
2005-10-25,0.38622855869811995,0.3868645730276652
2005-10-26,0.3826052035297014,0.37907459147036104
2005-10-27,0.3765476521675542,0.35623529012224464
2005-10-28,0.3600090819247613,0.36578289666890124
2005-10-31,0.36770680732345284,0.38138413729469145
2005-11-01,0.3768847887658823,0.3794365718786236
2005-11-02,0.37532812133076326,0.39429493541646154
2005-11-03,0.40483305139919784,0.4109752014423898
2005-11-04,0.4131751390594736,0.41735382426858747
2005-11-07,0.41945335763401953,0.41830362118676573
2005-11-08,0.4159698050384465,0.41762732607223596
2005-11-09,0.41702717584263416,0.41901797123986595
2005-11-10,0.4185168319361429,0.43498207838306596
2005-11-11,0.4369423317376308,0.43690265292013913
2005-11-14,0.43713258258514764,0.43574477620248503
2005-11-15,0.43580012833570725,0.4297379285266786
2005-11-16,0.43335236647011555,0.4353470197965876
2005-11-17,0.44144450096600535,0.4551973879202319
2005-11-18,0.46225187685797525,0.457972341746828
2005-11-21,0.45703175887044856,0.4631819869648039
2005-11-22,0.45917709255924216,0.4696394544260164
2005-11-23,0.46782642971748334,0.4718163690610819
2005-11-25,0.473785073788525,0.47539122780798126
2005-11-28,0.47652305791213107,0.4613993769849703
2005-11-29,0.46856527505149753,0.4550571753248804
2005-11-30,0.4543082361443565,0.45157576267573124
2005-12-01,0.46034772689910036,0.47748577097910894
2005-12-02,0.47587196283529193,0.48152418517942847
2005-12-05,0.47731498547488416,0.46945834954470356
2005-12-06,0.479305827225937,0.47486555743275005
2005-12-07,0.4765067998405012,0.4712446217772072
2005-12-08,0.47455184016816665,0.46164607796622004
2005-12-09,0.46316608103499546,0.4674315220465072
2005-12-12,0.47201301704005016,0.4721797506405104
2005-12-13,0.4704532748198747,0.47834925350262963
2005-12-14,0.47474850639893945,0.47264748307094495
2005-12-15,0.47632802947981623,0.47491022510401754
2005-12-16,0.4742572558488819,0.4640188483455394
2005-12-19,0.46692871303382655,0.4438749190746639
2005-12-20,0.44486701315848143,0.4444423147549449
2005-12-21,0.4478615897867486,0.448883777557913
2005-12-22,0.45047980736755716,0.45917380988857776
2005-12-23,0.46263529373167606,0.4588028712148944
2005-12-27,0.46207434835629896,0.44683088423066086
2005-12-28,0.4491609797316921,0.4457988281904478
2005-12-29,0.44714661654135895,0.4363589864068268
2005-12-30,0.4306176905001984,0.42834452412544527
2006-01-03,0.4355227033438682,0.45569315908438796
2006-01-04,0.4590458943715795,0.46867895376704327
2006-01-05,0.4703123858512838,0.47653685588748723
2006-01-06,0.48733466193233793,0.5016468824265532
2006-01-09,0.5012218619799619,0.5076370606231102
2006-01-10,0.49920022160852245,0.5093758827861873
2006-01-11,0.51363425018058,0.5218811436969935
2006-01-12,0.5189159490410875,0.5122095625536187
2006-01-13,0.5131065730527132,0.5117067173317675
2006-01-17,0.5003961982457276,0.5025433214075239
2006-01-18,0.4780064160161939,0.4851339820545139
2006-01-19,0.492527034895513,0.49644941369015866
2006-01-20,0.49145595023470895,0.4506314676036683
2006-01-23,0.45472813073306306,0.4505418451667958
2006-01-24,0.45578289135473465,0.4585617275239164
2006-01-25,0.4653495695367254,0.45089918871496415
2006-01-26,0.45936867258170333,0.46181046430614264
2006-01-27,0.46891594918283985,0.47880940698033375
2006-01-30,0.48026167643598705,0.48077477618854175
2006-01-31,0.4812209369586376,0.47850036686113007
2006-02-01,0.46706334391199417,0.48019085155873836
2006-02-02,0.47707094178270104,0.45736076360521893
2006-02-03,0.44699957520986594,0.44017851176586537
2006-02-06,0.43952792007279434,0.4346379098082607
2006-02-07,0.433465800129143,0.43015987287009133
2006-02-08,0.44049563208575804,0.44478137486704905
2006-02-09,0.4491506981098864,0.4315753170856337
2006-02-10,0.4323346541928266,0.43915249704425635
2006-02-13,0.4312418208785942,0.4250381925738057
2006-02-14,0.4272152988197822,0.43756238816362286
2006-02-15,0.4345768375483494,0.44635479583872373
2006-02-16,0.45006030614092823,0.4587756322009983
2006-02-17,0.45435794408626723,0.44789562970848423
2006-02-21,0.44843307234877894,0.4322177237458234
2006-02-22,0.4336116659779945,0.44935553122623634
2006-02-23,0.4473465140789247,0.445159231720579
2006-02-24,0.44509528195868964,0.4485209453456009
2006-02-27,0.4524937877774959,0.46396598345068213
2006-02-28,0.4596810228539018,0.4434712904833348
2006-03-01,0.4477320184769747,0.4626873383507061
2006-03-02,0.4564374591905915,0.46198149475006256
2006-03-03,0.454903566437095,0.4542475365600194
2006-03-06,0.4579288712303546,0.44253049571315894
2006-03-07,0.4399785974628023,0.4354567001531815
2006-03-08,0.43173663357513,0.4360923016102923
2006-03-09,0.439587681818957,0.4228013451196048
2006-03-10,0.42294017087277314,0.4252228716510436
2006-03-13,0.4307334826805993,0.4295157639478647
2006-03-14,0.4272874119246797,0.4507516641644761
2006-03-15,0.45611670299148593,0.46149989850813933
2006-03-16,0.4668435963820857,0.4487709435681716
2006-03-17,0.451681590664523,0.4540813379877989
2006-03-20,0.4583159672637299,0.45675469199266877
2006-03-21,0.4564382743512289,0.4433662149950105
2006-03-22,0.43631995723425315,0.44632039542865437
2006-03-23,0.4429656828537155,0.4418609856016287
2006-03-24,0.4469070961557677,0.44908162844817817
2006-03-27,0.44837584503452255,0.4497378142985587
2006-03-28,0.4501151078066962,0.4436329149627586
2006-03-29,0.4468785281898356,0.46824573922802065
2006-03-30,0.47052949216686274,0.47224170800219917
2006-03-31,0.47576552848804815,0.46804129760338664
2006-04-03,0.47748637739641175,0.4705125220302068
2006-04-04,0.4722906410466719,0.47861670628897535
2006-04-05,0.4833594506113693,0.49221711852989275
2006-04-06,0.49346983633157127,0.49772954487849136
2006-04-07,0.5016273915431938,0.48375428475739973
2006-04-10,0.48511876401643844,0.48023280474265273
2006-04-11,0.4845074558497113,0.4680158865042162
2006-04-12,0.4686502118416628,0.46830387626418923
2006-04-13,0.46807309966024,0.4743343025989773
2006-04-17,0.4733702308284243,0.4595999210330042
2006-04-18,0.4634084443063474,0.486025188606825
2006-04-19,0.48861763036335115,0.49228718056628623
2006-04-20,0.4926789238962987,0.48790696088876007
2006-04-21,0.4945359562186026,0.4708646218434545
2006-04-24,0.4687899683245825,0.4687322235522975
2006-04-25,0.4727783511356674,0.46458998671399054
2006-04-26,0.4670147575573518,0.46518160964786603
2006-04-27,0.45930336520913406,0.47727683559226924
2006-04-28,0.46758754796548646,0.4636313525335969
2006-05-01,0.4686120178156814,0.4519821148717343
2006-05-02,0.45707911628504344,0.45463309229875615
2006-05-03,0.45680407513370913,0.4516871961630043
2006-05-04,0.45338271891659937,0.46354912562430034
2006-05-05,0.4722231337509583,0.4740439625950921
2006-05-08,0.47396100358398413,0.47519724234395755
2006-05-09,0.4724545499124371,0.4718253126296947
2006-05-10,0.4677057832251181,0.458355454151263
2006-05-11,0.45745488443405374,0.4280987693187958
2006-05-12,0.4221711573859035,0.411408600343353
2006-05-15,0.4064590076139651,0.4105978387695594
2006-05-16,0.4112307462144998,0.402232314602193
2006-05-17,0.39295741925033556,0.3839579450795593
2006-05-18,0.39049204242966523,0.3752874370531133
2006-05-19,0.37720982612028914,0.3850680956523465
2006-05-22,0.3757736932731246,0.3733528797484279
2006-05-23,0.38249253205519895,0.36202829073506004
2006-05-24,0.36116995673664404,0.36974672141246967
2006-05-25,0.37663300982932557,0.38351908671351465
2006-05-26,0.38748202997563413,0.38833660100601414
2006-05-30,0.38307132428105717,0.3630782835946729
2006-05-31,0.36618385337242426,0.3688399590603692
2006-06-01,0.3698907319632599,0.3947991847234589
2006-06-02,0.40184737878031557,0.39199517485590757
2006-06-05,0.387044472687216,0.36636095139357194
2006-06-06,0.3694543672244287,0.3648652567613801
2006-06-07,0.3672137158818932,0.3577587027026446
2006-06-08,0.3513336684706525,0.3551951480621695
2006-06-09,0.35954196620066475,0.3478814302869714
2006-06-12,0.34968483254971955,0.3271730438291816
2006-06-13,0.3293228786975452,0.32492003710300893
2006-06-14,0.3264880738794188,0.33356025466114825
2006-06-15,0.33871321510970226,0.3617955478819118
2006-06-16,0.35865620985049873,0.3547529821872818
2006-06-19,0.35852562447025094,0.3451938537081071
2006-06-20,0.34586912036104595,0.34477792056860823
2006-06-21,0.3463411839731995,0.3616854013911276
2006-06-22,0.3599959411397721,0.34857128435622137
2006-06-23,0.3465397008270859,0.34625831684219194
2006-06-26,0.3478856996089055,0.34969293489928993
2006-06-27,0.34967269090410824,0.33002895594609494
2006-06-28,0.33281705147706425,0.3373486171725721
2006-06-29,0.34245408487355544,0.3687360798656705
2006-06-30,0.37202210966252564,0.3614668699999796
2006-07-03,0.3651842889427562,0.369079572306463
2006-07-05,0.3600750607348599,0.346755459099725
2006-07-06,0.34828848829260467,0.34513964374520734
2006-07-07,0.339740765272908,0.33330236218132636
2006-07-10,0.3366078093720733,0.32487406739353547
2006-07-11,0.32185575494706403,0.33259928546750583
2006-07-12,0.3289414112368235,0.3121566764509283
2006-07-13,0.3053458524363963,0.2977375030226762
2006-07-14,0.29800334782853816,0.288069272255001
2006-07-17,0.28819928476749024,0.29181164547281857
2006-07-18,0.2939339469155598,0.29410161854429556
2006-07-19,0.2912491661035775,0.3049545076037201
2006-07-20,0.30896849074744687,0.2902401886107125
2006-07-21,0.2846783214163018,0.28137355054242336
2006-07-24,0.2857398578927323,0.2992202484408541
2006-07-25,0.2996260070125831,0.30357183654611825
2006-07-26,0.30003783750091934,0.3025493847743936
2006-07-27,0.3081128352599075,0.2967083562208148
2006-07-28,0.30244575608023466,0.3160064802381208
2006-07-31,0.31381580389360364,0.31545276377957265
2006-08-01,0.30839314311278104,0.3002230300026938
2006-08-02,0.30368032792893757,0.30969426291878854
2006-08-03,0.30135998441648054,0.3156961502296791
2006-08-04,0.3232510703010431,0.3112712230439004
2006-08-07,0.309774781321185,0.30525634699829957
2006-08-08,0.30821054614854543,0.29948213771988597
2006-08-09,0.31101522705272144,0.29971093999078136
2006-08-10,0.2975745104621009,0.3061095934153123
2006-08-11,0.30293038075937045,0.30027306996006925
2006-08-14,0.3087011919460646,0.30480085688330116
2006-08-15,0.31735123478193966,0.32966330481280254
2006-08-16,0.33742987325583895,0.35286484080841557
2006-08-17,0.3494329089340993,0.3552070324480026
2006-08-18,0.3539271313763062,0.35714281500678813
2006-08-21,0.3501425518961514,0.3467621844359557
2006-08-22,0.34615576319790836,0.34829903948660906
2006-08-23,0.3500099380908867,0.33956324400950805
2006-08-24,0.344313669189889,0.34268891565274007
2006-08-25,0.3398133406950351,0.3443227315879898
2006-08-28,0.34399780102130806,0.35266622382566387
2006-08-29,0.35243708619661707,0.3549289676057358
2006-08-30,0.35748666825399555,0.3605596471420783
2006-08-31,0.36194770618862493,0.359034264534811
2006-09-01,0.365497972619389,0.36567736938482537
2006-09-05,0.3659880042548145,0.37549719431071776
2006-09-06,0.3665271424115092,0.35358854979768284
2006-09-07,0.350572653904712,0.34863387595618417
2006-09-08,0.35128739106649826,0.3552507031778589
2006-09-11,0.3473796014859866,0.36118078260742803
2006-09-12,0.36254223347232845,0.3831045009097155
2006-09-13,0.3827985955797578,0.38896247782520094
2006-09-14,0.38636139848549417,0.3903743371213198
2006-09-15,0.3985060636518519,0.3949791889193462
2006-09-18,0.3942823830224725,0.3947826892632472
2006-09-19,0.3990710861821286,0.3866390866670024
2006-09-20,0.39733624876761947,0.40413408075441587
2006-09-21,0.4067057354469845,0.39636816359022653
2006-09-22,0.3951171620468693,0.38729294286512295
2006-09-25,0.3937168899822716,0.4074953373470482
2006-09-26,0.40708789719707467,0.4140313575523055
2006-09-27,0.4112765230458467,0.41138833356820775
2006-09-28,0.41344569244040225,0.41580898544848793
2006-09-29,0.41914233181099725,0.41016085387757195
2006-10-02,0.40732660829556266,0.3943614074884
2006-10-03,0.391789150699908,0.39974634436669304
2006-10-04,0.39760414103950326,0.4294977767072835
2006-10-05,0.4286700549463566,0.4358423634025684
2006-10-06,0.4304169966340288,0.4323050073047876
2006-10-09,0.4310118072614473,0.43706523272062486
2006-10-10,0.4387245144068564,0.438778979935507
2006-10-11,0.4334305727728986,0.4371855399462359
2006-10-12,0.4432110474766026,0.458463415692084
2006-10-13,0.4575430226101376,0.46539164383532855
2006-10-16,0.4662161676230473,0.4657144084519645
2006-10-17,0.45802352577024186,0.45123355664825776
2006-10-18,0.4578848506710464,0.44408441246197183
2006-10-19,0.44276062595045096,0.4484753481365295
2006-10-20,0.4484753481365295,0.45100631449154516
2006-10-23,0.44831551769039774,0.46388403542414014
2006-10-24,0.4621584985829752,0.45418767891189527
2006-10-25,0.4568827967969243,0.46445728403051656
2006-10-26,0.46766076650641275,0.4784745480513658
2006-10-27,0.47512485605868626,0.4567833862535297
2006-10-30,0.45533138975407866,0.46489293454634845
2006-10-31,0.46975219091374143,0.46871187662078806
2006-11-01,0.47358962182536013,0.4483376639311695
2006-11-02,0.44409227428782433,0.4502830766007486
2006-11-03,0.45352161354161014,0.44535471731313747
2006-11-06,0.45166663516657435,0.4676778155514623
2006-11-07,0.4673133803396909,0.4751819205589949
2006-11-08,0.4675528910707058,0.48175595448351505
2006-11-09,0.49026364390386684,0.47362576605428525
2006-11-10,0.4760426642717498,0.48260529368442445
2006-11-13,0.48320884076276677,0.49658107487376957
2006-11-14,0.497735453235531,0.5128078483732441
2006-11-15,0.5128939060138522,0.5184810273453516
2006-11-16,0.5228426268963258,0.525563142445338
2006-11-17,0.5165509025715284,0.5243351898718396
2006-11-20,0.5199761000666908,0.527038730556602
2006-11-21,0.5301328442879345,0.5314880269939404
2006-11-22,0.5374290912468869,0.5411054623756067
2006-11-24,0.5282867124132602,0.537188115919951
2006-11-27,0.5330871540534224,0.5015242448193854
2006-11-28,0.49665074368486495,0.5058459384698862
2006-11-29,0.5120769339886352,0.5164768411838461
2006-11-30,0.5152408941042401,0.5151632638320733
2006-12-01,0.5146283322901944,0.5012555688978867
2006-12-04,0.5075921239626514,0.5223962493150305
2006-12-05,0.5281166637709112,0.5266695471553088
2006-12-06,0.5236493777573352,0.5216697602949295
2006-12-07,0.5246534612375973,0.5027365441562986
2006-12-08,0.49963103696139255,0.5101176370602646
2006-12-11,0.5101176370602646,0.5148555439236581
2006-12-12,0.515234899949345,0.5064289916041783
2006-12-13,0.5165662804938297,0.5075645021153058
2006-12-14,0.5101942598386174,0.5246646073768731
2006-12-15,0.5375817991653611,0.5290223720774438
2006-12-18,0.5328571772947926,0.5135112787536009
2006-12-19,0.5011422067831489,0.5083436608594877
2006-12-20,0.5105136204576479,0.5021690847248435
2006-12-21,0.5043806362953478,0.49227060622180785
2006-12-22,0.4914428613261865,0.4775120740764081
2006-12-26,0.4760783990946213,0.48154820446506547
2006-12-27,0.4844645295611455,0.4896922338974275
2006-12-28,0.4848436016092532,0.4859608025000737
2006-12-29,0.48613492801396685,0.484269589231854
2007-01-03,0.4944571501275046,0.48619861087682126
2007-01-04,0.4893324229771441,0.5141105827788481
2007-01-05,0.5097061615474284,0.507576442726555
2007-01-08,0.5085061032182985,0.5091465785472351
2007-01-09,0.5130866586467162,0.51641990057364
2007-01-10,0.5120023969194927,0.5339979438063309
2007-01-11,0.5380555009543023,0.5505645580518603
2007-01-12,0.548125121052083,0.559487644876218
2007-01-16,0.5594147874218363,0.5573314228174232
2007-01-17,0.5506251754345791,0.5439908525337762
2007-01-18,0.5389100795473308,0.5137894528277575
2007-01-19,0.5087536694734721,0.5164285239242495
2007-01-22,0.5194635282778081,0.5010173516034506
2007-01-23,0.499167018626602,0.49627629391998107
2007-01-24,0.5063675040198323,0.5210103859462787
2007-01-25,0.5245827667015444,0.4993226583838278
2007-01-26,0.5040666139537334,0.495239526066019
2007-01-29,0.4936306642998804,0.49700033606488436
2007-01-30,0.5013513881282948,0.4992392610286936
2007-01-31,0.4964421875229436,0.5114157665965829
2007-02-01,0.519393929715317,0.5106152977128187
2007-02-02,0.5142324041788848,0.5163371960853782
2007-02-05,0.5149157710875484,0.5139785372798905
2007-02-06,0.5173622789256008,0.5119539182831764
2007-02-07,0.520665056531312,0.5273522551018203
2007-02-08,0.5242597623344272,0.5269834424926715
2007-02-09,0.5310699245920409,0.5050112068637673
2007-02-12,0.50635180965545,0.498965301394199
2007-02-13,0.5021132506554429,0.5035162624765855
2007-02-14,0.5110698059793605,0.5300901673635771
2007-02-15,0.5305370337173548,0.5374804098487453
2007-02-16,0.5331915771394439,0.5357686955551815
2007-02-20,0.5325478672834623,0.546495517592124
2007-02-21,0.5405231128326108,0.5512623722274219
2007-02-22,0.5569634122659191,0.5577511066583759
2007-02-23,0.5569083522177903,0.5518022166606456
2007-02-26,0.5596393523373614,0.5433903970060434
2007-02-27,0.5178147794612705,0.4785017190871187
2007-02-28,0.4773655764813061,0.48284951158748257
2007-03-01,0.4560675244007374,0.475391306741498
2007-03-02,0.465159360725146,0.45326367230466474
2007-03-05,0.45326367230466474,0.4429511148044122
2007-03-06,0.45648841849358884,0.4665473357059379
2007-03-07,0.4646925458274101,0.4609366002714664
2007-03-08,0.47487541246808823,0.46905056132445677
2007-03-09,0.4796136743017662,0.4675111265210099
2007-03-12,0.4660963183212424,0.4768784802071376
2007-03-13,0.4694662884224756,0.449444437387747
2007-03-14,0.4511431175312032,0.46566110243743847
2007-03-15,0.46592553355013056,0.46703993117551934
2007-03-16,0.4660040378024031,0.46492161986372993
2007-03-19,0.47289519607023517,0.47778559988303265
2007-03-20,0.47881279404150184,0.4851480252362641
2007-03-21,0.4911271103702105,0.5175639357274512
2007-03-22,0.5179163905230725,0.5118880321317193
2007-03-23,0.5122549820099849,0.5070134178340137
2007-03-26,0.5086836173125262,0.5145804126743667
2007-03-27,0.5104619969864117,0.5034699835371875
2007-03-28,0.49649143162905285,0.48719507510279375
2007-03-29,0.4978439767133606,0.48802915196988117
2007-03-30,0.4889712202278058,0.4885575063212356
2007-04-02,0.4915015358016377,0.4893510467966114
2007-04-03,0.4969424776893592,0.5084927801880071
2007-04-04,0.5093165073009962,0.5131081230042124
2007-04-05,0.5125613237156332,0.5226696607916462
2007-04-09,0.5276947715827174,0.5185030392816385
2007-04-10,0.5175310490185067,0.5260111693706448
2007-04-11,0.5246649265777563,0.5096738882537906
2007-04-12,0.5071738831435154,0.5227183527788765
2007-04-13,0.5211359592398191,0.5256147218809057
2007-04-16,0.5315511284867825,0.5405313400032332
2007-04-17,0.5420434015739621,0.5413701461379742
2007-04-18,0.5359266537261815,0.5391180233309413
2007-04-19,0.5310064387618874,0.539106109983431
2007-04-20,0.5534216820521811,0.5509071335474933
2007-04-23,0.5532350270069771,0.5547524855564515
2007-04-24,0.5602753869550471,0.5625843578791404
2007-04-25,0.5688492055788704,0.5830812772236471
2007-04-26,0.5907520537213268,0.5907426654608597
2007-04-27,0.5876944898696068,0.5921249226097817
2007-04-30,0.5928294380850136,0.5702106065300723
2007-05-01,0.5744144569292469,0.5754177398615069
2007-05-02,0.5764589714587248,0.5904539952848461
2007-05-03,0.5931442210328193,0.5960024820888742
2007-05-04,0.602378665174466,0.596014102846241
2007-05-07,0.5963914096960672,0.596259290818421
2007-05-08,0.5907116933791253,0.5998532733297458
2007-05-09,0.5916787469812556,0.6052412492821261
2007-05-10,0.5964468250622745,0.5764249048089226
2007-05-11,0.5822716166060563,0.5982864531409074
2007-05-14,0.6014152195795179,0.5881164657288455
2007-05-15,0.5876585857689027,0.572901732667525
2007-05-16,0.5790812999120916,0.5911497928833148
2007-05-17,0.5888997543221219,0.5847008403793461
2007-05-18,0.5904712362404925,0.5961390413920092
2007-05-21,0.5986562317291654,0.609585639823364
2007-05-22,0.6118342919699715,0.6146543822117985
2007-05-23,0.6175409117747142,0.603024621761472
2007-05-24,0.6028155469943695,0.5747133744479529
2007-05-25,0.5828163167867562,0.5882378033050187
2007-05-29,0.5899377814030119,0.5980987363076441
2007-05-30,0.588172339026653,0.6150703954644428
2007-05-31,0.6203423063020179,0.6248216759515114
2007-06-01,0.6311892215938796,0.6248471386545824
2007-06-04,0.6187128693593436,0.6300895273045143
2007-06-05,0.6251237454090763,0.6287214857535371
2007-06-06,0.6209908596590709,0.6117167253163242
2007-06-07,0.6057844213731302,0.5805616633351212
2007-06-08,0.5828658008546942,0.6029063707824465
2007-06-11,0.6016254717282888,0.5988303173523054
2007-06-12,0.5895454599031199,0.5881807862177211
2007-06-13,0.5948258023684314,0.6099456616237844
2007-06-14,0.6103376922784096,0.620151414284493
2007-06-15,0.6388764025249961,0.6373974535197373
2007-06-18,0.6426937627725,0.639308324607227
2007-06-19,0.6340803607755168,0.6367095120763987
2007-06-20,0.6399656662551099,0.6173223762314687
2007-06-21,0.6175150296550828,0.635825382600381
2007-06-22,0.6313646117768245,0.6168515960681692
2007-06-25,0.6190085055856029,0.6081221531397065
2007-06-26,0.6184222335880675,0.603898035710672
2007-06-27,0.5972155826626259,0.6268565987206997
2007-06-28,0.6256015893452684,0.6255044583956846
2007-06-29,0.6379680694638099,0.6277316845353205
2007-07-02,0.6366701220300199,0.647324503679972
2007-07-03,0.650663603922803,0.6583619262709133
2007-07-05,0.6609147428568191,0.6743363782328265
2007-07-06,0.6740504192973041,0.681737723283322
2007-07-09,0.683229170363993,0.6826522439510311
2007-07-10,0.6722848526387925,0.6649068596482138
2007-07-11,0.6619631330607603,0.6771927858462019
2007-07-12,0.6858860244242319,0.7152757678940157
2007-07-13,0.7129504694389307,0.7270623591635572
2007-07-16,0.7251088173563931,0.7226232038064778
2007-07-17,0.7261613891970472,0.7373684897670052
2007-07-18,0.7251908587217484,0.7331622023940392
2007-07-19,0.7486279160997064,0.7493719788280645
2007-07-20,0.7429659937013235,0.7307062494463012
2007-07-23,0.7392555226724286,0.7311280699744875
2007-07-24,0.7151759003254132,0.6929195523310719
2007-07-25,0.7105945438048143,0.7038110309486381
2007-07-26,0.6888924367418942,0.6782015574924567
2007-07-27,0.6805059270531802,0.646981004947647
2007-07-30,0.6525275226011766,0.6646515505942032
2007-07-31,0.6834402142415801,0.6212163945878665
2007-08-01,0.6183514676161098,0.633727786145228
2007-08-02,0.6394653071125058,0.6548541913771875
2007-08-03,0.6517474279765845,0.6070062260378176
2007-08-06,0.6191743943160134,0.6412852371994116
2007-08-07,0.6304766911253223,0.6482387453598945
2007-08-08,0.660819206047559,0.6738827737115544
2007-08-09,0.6460402778981688,0.6230890544026033
2007-08-10,0.6059382903266004,0.6117640663304693
2007-08-13,0.6272747511097234,0.6204895951965522
2007-08-14,0.6247044422176199,0.5884843261644269
2007-08-15,0.5845195525317797,0.5548198362456223
2007-08-16,0.5416553159577011,0.5380718680257213
2007-08-17,0.5704770736103055,0.575593695230972
2007-08-20,0.5777421155502759,0.5795018416104359
2007-08-21,0.5747079059549203,0.5958595801868556
2007-08-22,0.611125702664104,0.6201246054343043
2007-08-23,0.6252635503774665,0.6153732871611771
2007-08-24,0.6124300567169032,0.643464291208751
2007-08-27,0.6370669823510419,0.6298420872375041
2007-08-28,0.6176559758708309,0.5834777156129518
2007-08-29,0.597311680126769,0.635317436371265
2007-08-30,0.6235591612342066,0.6437411295358294
2007-08-31,0.6675304003762087,0.668326262083173
2007-09-04,0.668880805054126,0.7003833600038362
2007-09-05,0.6932599967535155,0.6733468940139
2007-09-06,0.6808218536807885,0.677669053773708
2007-09-07,0.6506628755580902,0.6370334201595178
2007-09-10,0.6539356018766566,0.6385740624436596
2007-09-11,0.6512400757005595,0.6669041619992937
2007-09-12,0.6641178028015888,0.6668763086901237
2007-09-13,0.6827388488410285,0.6765065526962966
2007-09-14,0.6618941344208571,0.6784861430219794
2007-09-17,0.6710394727696078,0.6605168831604301
2007-09-18,0.6712785970953201,0.7132148021311835
2007-09-19,0.7259241511944882,0.7194359369915089
2007-09-20,0.7136314297561108,0.7102032460769344
2007-09-21,0.7207168607146023,0.7279570185369182
2007-09-24,0.73359394268438,0.7362501503853258
2007-09-25,0.7282300744778526,0.7570604740200298
2007-09-26,0.7694070435555754,0.7696941901137215
2007-09-27,0.7811491670897001,0.7785250542858732
2007-09-28,0.7785030226440764,0.7726429884810678
2007-10-01,0.7742945952091053,0.8013462918145794
2007-10-02,0.8004150191731428,0.8001199799777047
2007-10-03,0.7912147557600634,0.7855509638094663
2007-10-04,0.7901455719910112,0.7884018127822272
2007-10-05,0.8085427589654073,0.8384476715229189
2007-10-08,0.8401328421708179,0.8543685597469668
2007-10-09,0.8606126621337716,0.8638033716085064
2007-10-10,0.8655458827468828,0.8706969921252447
2007-10-11,0.884783443461075,0.826814366969984
2007-10-12,0.8395820240592983,0.87007240016292
2007-10-15,0.8749501831125386,0.8471143770636884
2007-10-16,0.834118745704097,0.8379167726958935
2007-10-17,0.874796804349169,0.8705163334405089
2007-10-18,0.8574535515758048,0.8803270291468518
2007-10-19,0.8818119779138972,0.8121091413066095
2007-10-22,0.8005966768260261,0.8418605499703155
2007-10-23,0.8703538549020897,0.8983457553232652
2007-10-24,0.8761640446663362,0.8780390082870082
2007-10-25,0.8803497648445391,0.8453971771294869
2007-10-26,0.8913566978588235,0.8839447332951526
2007-10-29,0.8940584742242097,0.8946184916298039
2007-10-30,0.8869691594060389,0.8996494047879537
2007-10-31,0.9076324956101923,0.9381802550886043
2007-11-01,0.9187460972722841,0.8859591794140061
2007-11-02,0.9032824044174811,0.9063094169008686
2007-11-05,0.8807640627995919,0.8897039007816916
2007-11-06,0.9039198496803443,0.9183477782404905
2007-11-07,0.8952071685031721,0.8515364159145419
2007-11-08,0.8469912391888524,0.7772822753490728
2007-11-09,0.7278589664992063,0.6990273768618375
2007-11-12,0.6934710168699357,0.6455342880463083
2007-11-13,0.6724803574692234,0.7290363338074112
2007-11-14,0.7550666262334425,0.6980540252504478
2007-11-15,0.69539262650976,0.6836778932254848
2007-11-16,0.6981078666676837,0.7087425978741043
2007-11-19,0.6999724113300274,0.6803850800669108
2007-11-20,0.6902820548981036,0.68926240575808
2007-11-21,0.6678098166191111,0.665316599696015
2007-11-23,0.6782689344004462,0.6878414135510401
2007-11-26,0.6922554431069848,0.6474360823287426
2007-11-27,0.6650005787762034,0.6912481512901072
2007-11-28,0.7136908856648263,0.7549547556737874
2007-11-29,0.7432598279969397,0.7623530874490947
2007-11-30,0.7843488223638072,0.7471683772850931
2007-12-03,0.7375118049603252,0.7240562519647515
2007-12-04,0.7090529221601559,0.7151553181789011
2007-12-05,0.7402977815301334,0.7574834736574528
2007-12-06,0.7579055225823684,0.788171878978551
2007-12-07,0.7880497849036967,0.7907833245580517
2007-12-10,0.7926432490257486,0.796224038678925
2007-12-11,0.7995137503335884,0.738815790841016
2007-12-12,0.7828740512122383,0.7565935553155961
2007-12-13,0.736848411718151,0.7491580685511878
2007-12-14,0.7316905092552177,0.725047634737699
2007-12-17,0.7170065878586401,0.6715262880982764
2007-12-18,0.692322054420198,0.67994155568062
2007-12-19,0.6783434933518413,0.6814543690009669
2007-12-20,0.7067397657620277,0.7207223050265431
2007-12-21,0.7531389611935045,0.7650345981851798
2007-12-24,0.7665019048640423,0.7833690665016005
2007-12-26,0.7754086254970326,0.7924380340082497
2007-12-27,0.7836161022580554,0.7583079734638787
2007-12-28,0.7718530158096933,0.7591968224992078
2007-12-31,0.7493169013868318,0.735408603386858
2008-01-02,0.7360436131863448,0.698117811827294
2008-01-03,0.69906799773819,0.7002135495471619
2008-01-04,0.6731845772768416,0.6115218927901596
2008-01-07,0.618772263266766,0.6057393165814375
2008-01-08,0.6131477612892564,0.5615887612219329
2008-01-09,0.5659102115011304,0.5960224489368472
2008-01-10,0.5792444866093066,0.599700461720836
2008-01-11,0.5880418732101071,0.5624386823566545
2008-01-14,0.5867143622083684,0.5947153634287388
2008-01-15,0.5734792761850973,0.5450189706705675
2008-01-16,0.5297913793737496,0.5262678871967432
2008-01-17,0.534759342976292,0.5004469640402347
2008-01-18,0.5168450813080525,0.5017495437316276
2008-01-22,0.4172181729266295,0.4568274153583142
2008-01-23,0.40328607631169866,0.448210734772569
2008-01-24,0.4567088905057691,0.47655130366436455
2008-01-25,0.503157959568579,0.4449583871852749
2008-01-28,0.444189896493892,0.45681399319473254
2008-01-29,0.46239429026045614,0.45875111297032706
2008-01-30,0.4531856655696908,0.4593402251053633
2008-01-31,0.43939194995081604,0.4830938058044302
2008-02-01,0.48675349066652424,0.4940308440095398
2008-02-04,0.4935115684757489,0.4728996228082436
2008-02-05,0.4495106221645607,0.43064697031854265
2008-02-06,0.4404594904435877,0.40643710734658806
2008-02-07,0.3940125279202305,0.4146528535866576
2008-02-08,0.4154119757042451,0.42917166373483334
2008-02-11,0.43397695819851234,0.44328606126846865
2008-02-12,0.45037634809227634,0.4338043884925523
2008-02-13,0.45043257368641376,0.4652022583849757
2008-02-14,0.46527879519522497,0.43809094793115394
2008-02-15,0.4296432712104125,0.43274932235606234
2008-02-19,0.44863855602395514,0.42073697713990993
2008-02-20,0.4148936747812583,0.4367242963270356
2008-02-21,0.4474039288071167,0.42079836107272994
2008-02-22,0.42550113180341104,0.4259042955095916
2008-02-25,0.4256233890295914,0.43456044444950337
2008-02-26,0.4258276931344814,0.43865658994682966
2008-02-27,0.4293339493283634,0.4447729583885567
2008-02-28,0.4404511361842678,0.4407088915265626
2008-02-29,0.42711529059924813,0.40493717258789896
2008-03-03,0.40399750945718343,0.39659593731422166
2008-03-04,0.390459110136374,0.4036175970551556
2008-03-05,0.40549257056734533,0.4104868731518914
2008-03-06,0.40757256607122444,0.38176813373549245
2008-03-07,0.37430440453046426,0.37837013149598037
2008-03-10,0.3770738446181243,0.35550464680983296
2008-03-11,0.3752791174906595,0.39965826550320266
2008-03-12,0.4032669943013758,0.3956390881729472
2008-03-13,0.38240986497757806,0.4055171027218651
2008-03-14,0.41043080946698385,0.37985639254512316
2008-03-17,0.35772107906415934,0.36196758944793667
2008-03-18,0.38117959568668763,0.4104900089798819
2008-03-19,0.413322048544496,0.378541731945727
2008-03-20,0.3812623137938054,0.4027386911067289
2008-03-24,0.40835915158304975,0.44612473506227807
2008-03-25,0.44754833001974653,0.4536172861483753
2008-03-26,0.44712078160771124,0.4481919577042507
2008-03-27,0.44068952614197016,0.41929079355595034
2008-03-28,0.4268399408421929,0.411812067020419
2008-03-31,0.4155793969837454,0.4218871295233492
2008-04-01,0.43908998307386005,0.47506754187512396
2008-04-02,0.4753978680896019,0.46993412499425014
2008-04-03,0.4652748629176296,0.47474352444735823
2008-04-04,0.47838251187109004,0.4829658521176002
2008-04-07,0.4926181186175393,0.4788725763552783
2008-04-08,0.473113257989793,0.4675764256943777
2008-04-09,0.4692631980273708,0.45237754944489633
2008-04-10,0.4529795443084731,0.472296236418171
2008-04-11,0.456299646310493,0.43139557307897825
2008-04-14,0.42999257486307774,0.4257998146663493
2008-04-15,0.43189813864278365,0.42847795695559615
2008-04-16,0.4448508931511247,0.4663642484221201
2008-04-17,0.4662960957300146,0.46181186359020987
2008-04-18,0.49817717428695685,0.5069425387065893
2008-04-21,0.5010921699117639,0.5170940393767092
2008-04-22,0.507485308469259,0.4917744533483235
2008-04-23,0.5043036900143985,0.5115030024466974
2008-04-24,0.5126860572357185,0.5259456264261522
2008-04-25,0.5245519479543803,0.5210328531850277
2008-04-28,0.5226216098413613,0.5248502864550811
2008-04-29,0.5204047639081854,0.5332423879088093
2008-04-30,0.5378092710800634,0.5199869110666462
2008-05-01,0.5233790500748525,0.5712297625521585
2008-05-02,0.5849622920015295,0.5722685334470375
2008-05-05,0.5713762649986797,0.5670321684646648
2008-05-06,0.5608247003308178,0.5796270179545515
2008-05-07,0.5768578520220068,0.545493340954567
2008-05-08,0.5532839566238825,0.5584903001049738
2008-05-09,0.5446647811607722,0.5527567520460472
2008-05-12,0.5605477441842076,0.5840455124525206
2008-05-13,0.584571916362027,0.5871968365052246
2008-05-14,0.5941794605346064,0.584204198099222
2008-05-15,0.5825457274662282,0.6140141892964369
2008-05-16,0.6163809541905666,0.6139445242958257
2008-05-19,0.614443164828807,0.6006351396868498
2008-05-20,0.5933975169162167,0.5864575968558513
2008-05-21,0.5905203825842295,0.5476821990393259
2008-05-22,0.5525186484509272,0.554511865286916
2008-05-23,0.5500671236776172,0.5494691761013609
2008-05-27,0.5545516923653027,0.5803234801856638
2008-05-28,0.5867187863423629,0.584345797411668
2008-05-29,0.5858622115995842,0.6009813991413951
2008-05-30,0.6092235857306768,0.6131163206031824
2008-06-02,0.6076957532377334,0.5899378924656312
2008-06-03,0.597160633992828,0.5809441945740323
2008-06-04,0.5766673692479848,0.6023408512747274
2008-06-05,0.6074541792824658,0.6325714234607938
2008-06-06,0.6150634466562331,0.5735950248975259
2008-06-09,0.5779004504672975,0.5642940403845752
2008-06-10,0.5477903597482435,0.557958691305398
2008-06-11,0.5548443318355648,0.5171890448818544
2008-06-12,0.531178247316514,0.5168816358948282
2008-06-13,0.5282278219849718,0.5508493754356462
2008-06-16,0.5407879044567896,0.5662935055438902
2008-06-17,0.5707958776514216,0.5559954271952662
2008-06-18,0.5475068452328172,0.5377325823037471
2008-06-19,0.5348718364380209,0.5637486594920288
2008-06-20,0.5463814743217447,0.518031264664001
2008-06-23,0.5247363278493318,0.5057162694892013
2008-06-24,0.5005858446018153,0.49814441701783246
2008-06-25,0.5038984223510592,0.521925807614292
2008-06-26,0.4935228189797428,0.45968957550582834
2008-06-27,0.45894629850442714,0.4599337581062111
2008-06-30,0.4577849177867298,0.44611812109252535
2008-07-01,0.43507384188139436,0.46428836228379333
2008-07-02,0.46884230303495494,0.42921597910059717
2008-07-03,0.4381493449322661,0.4292365970320628
2008-07-07,0.4419481922801133,0.4366355218509098
2008-07-08,0.43851405507594987,0.46852009338899786
2008-07-09,0.4651625984254123,0.42955796355806997
2008-07-10,0.43483537276361234,0.4440765615591839
2008-07-11,0.43007042027684483,0.4234429919194894
2008-07-14,0.4402649038879451,0.41375344711402545
2008-07-15,0.4060699082215291,0.41387585241199193
2008-07-16,0.41473888489599947,0.4453465178985561
2008-07-17,0.4505128086710653,0.45231629884740243
2008-07-18,0.4331861905355186,0.43026327154249877
2008-07-21,0.4363730451433343,0.4277259270751122
2008-07-22,0.40497824192365434,0.42816904858715465
2008-07-23,0.42940305321551175,0.44508031186306823
2008-07-24,0.45188827229233086,0.42412410685157126
2008-07-25,0.4331926243474353,0.44499579565475766
2008-07-28,0.4412146249647949,0.4136609064168543
2008-07-29,0.4207572323080709,0.4432070536998005
2008-07-30,0.4466219658681436,0.44843956009208447
2008-07-31,0.4357690565913145,0.44559873649771975
2008-08-01,0.44438418418834846,0.4292953853745227
2008-08-04,0.4286749042134664,0.4139949672845037
2008-08-05,0.4284665987681208,0.4593648642743
2008-08-06,0.45722741992678984,0.47805766905182745
2008-08-07,0.46879523166293574,0.4666441630151586
2008-08-08,0.4668824888948509,0.5010120619809647
2008-08-11,0.4975241463192708,0.5126458792677802
2008-08-12,0.5108712490980332,0.5125152850441889
2008-08-13,0.5101311152417612,0.5132581070195492
2008-08-14,0.5043700369594891,0.5306776610189071
2008-08-15,0.533198150559731,0.5251249895084744
2008-08-18,0.5288349423634269,0.5050070154290983
2008-08-19,0.4986653851754799,0.48628307568235907
2008-08-20,0.49627274419923517,0.48950945340069385
2008-08-21,0.47959907550057407,0.4846194336433256
2008-08-22,0.49150468444738993,0.5035884932572697
2008-08-25,0.49340443844299453,0.4712373239905125
2008-08-26,0.4713495582440191,0.4686933216491135
2008-08-27,0.4692598398088306,0.4791221542230399
2008-08-28,0.48350158499311247,0.49037329654272077
2008-08-29,0.4755170951268666,0.4580292867162166
2008-09-02,0.48126897947177505,0.4402721539045682
2008-09-03,0.43841602921845224,0.428129144606246
2008-09-04,0.4186141043007114,0.3877410660506069
2008-09-05,0.3770839591137864,0.38333035461537773
2008-09-08,0.4001422180340652,0.3793129971971982
2008-09-09,0.38065563429385585,0.35252427232885325
2008-09-10,0.36367401692255624,0.3626517881935105
2008-09-11,0.3480607928524704,0.38392115536307664
2008-09-12,0.3725505978904575,0.3795449048337676
2008-09-15,0.350324045948878,0.3403622988954755
2008-09-16,0.32914835188418345,0.35101376552367314
2008-09-17,0.3374055437524334,0.29615667772066157
2008-09-18,0.31568457142741824,0.3321980169156024
2008-09-19,0.36911630299374193,0.3595293086798154
2008-09-22,0.3579593595820813,0.31076468391388745
2008-09-23,0.31803974970191995,0.3006843208686931
2008-09-24,0.3057188046635906,0.3077826171402801
2008-09-25,0.3156303460673439,0.3224687920764644
2008-09-26,0.2967293658940037,0.3126564598226519
2008-09-29,0.2937740882078586,0.2172653123985179
2008-09-30,0.23659068602709252,0.26152584391257677
2008-10-01,0.25484926380767114,0.24650290006612846
2008-10-02,0.23861976785911385,0.2126992233402534
2008-10-03,0.22337194134959074,0.20338843747152824
2008-10-06,0.18686532269063946,0.1791361332192601
2008-10-07,0.18104010829331232,0.14794544510021815
2008-10-08,0.1374834392954966,0.14764041477022388
2008-10-09,0.15394500933565977,0.12846714603538115
2008-10-10,0.1163166329069357,0.1261784514702799
2008-10-13,0.14668814091527804,0.17658466509589854
2008-10-14,0.1918931582618009,0.15030379998058122
2008-10-15,0.14593873638734048,0.11122457950246714
2008-10-16,0.11443733352142071,0.12994938414243412
2008-10-17,0.12359824293040728,0.1293801623806209
2008-10-20,0.13469458582728375,0.14170848013897622
2008-10-21,0.1344552523589413,0.12042506049982608
2008-10-22,0.11745248940094064,0.10754781682351142
2008-10-23,0.1083537376917058,0.10808638233052553
2008-10-24,0.08452501377749423,0.09625357101684845
2008-10-27,0.09153403632906042,0.088552620736445
2008-10-28,0.09769342386705826,0.11889638745212144
2008-10-29,0.11744499310428846,0.12012507053155651
2008-10-30,0.12874616281298382,0.12894023423781276
2008-10-31,0.12443101053973647,0.12907173004490502
2008-11-03,0.1286104509042337,0.12906193909720848
2008-11-04,0.13734377014364674,0.1419074483548352
2008-11-05,0.13616894408121616,0.11819227375399058
2008-11-06,0.11221076206269413,0.10270744159711451
2008-11-07,0.10679105002748132,0.11014896655630399
2008-11-10,0.11699634845668225,0.10429501826395192
2008-11-11,0.10065593527049704,0.09800369209264082
2008-11-12,0.09286279061503665,0.08389083928359932
2008-11-13,0.08441992454115814,0.10027267269879216
2008-11-14,0.09267784333658662,0.08578907273716384
2008-11-17,0.08096956744310721,0.07979859323012209
2008-11-18,0.08107042649903884,0.08058110657749983
2008-11-19,0.08024854017848312,0.06636481336895345
2008-11-20,0.0643328682842807,0.05716332594957271
2008-11-21,0.06099843214838734,0.06546758768198405
2008-11-24,0.06916744221737134,0.0782328308194104
2008-11-25,0.08027008461640182,0.07576558905677472
2008-11-26,0.07265626654337538,0.08544872426117173
2008-11-28,0.08294348665976807,0.0838533451984237
2008-12-01,0.0838533451984237,0.06378583082464062
2008-12-02,0.0670880532861955,0.07071628222489994
2008-12-03,0.06582370578690068,0.07696068274929306
2008-12-04,0.0726249817363813,0.06947384931676012
2008-12-05,0.06683103103919648,0.07843081049562671
2008-12-08,0.08340686263623398,0.08804189306033085
2008-12-09,0.083656524774894,0.08526684912823565
2008-12-10,0.08759394521090932,0.08735768993232838
2008-12-11,0.08488355467929269,0.07849436317978595
2008-12-12,0.07473009764191973,0.08342682198754597
2008-12-15,0.08347452398706237,0.07828503045419027
2008-12-16,0.0808583777581888,0.09073948363793356
2008-12-17,0.08684062367978507,0.08687886867490664
2008-12-18,0.0871871764529949,0.08236642850555193
2008-12-19,0.08543495734060239,0.08491798013578222
2008-12-22,0.08389663635621221,0.07908833929112496
2008-12-23,0.08018372894284319,0.0778781568257964
2008-12-24,0.07855546040522964,0.07809471193578882
2008-12-26,0.07913722930598639,0.07831297224283791
2008-12-29,0.0784160334111706,0.07587504271122457
2008-12-30,0.07762130372692563,0.08140140330726803
2008-12-31,0.08158842664050492,0.08350011757692721
2009-01-02,0.08372546055299393,0.09428002187762757
2009-01-05,0.09226565083303322,0.09399082113226527
2009-01-06,0.09663517074830298,0.09666474569775156
2009-01-07,0.09108779990955941,0.08859996900682755
2009-01-08,0.08712998441961373,0.0915375950828641
2009-01-09,0.09155512530556144,0.08506674973171059
2009-01-12,0.08550703131830205,0.08048390006306469
2009-01-13,0.08044169361985985,0.08078933348032472
2009-01-14,0.07698851292138338,0.0730141874568861
2009-01-15,0.07235897218752918,0.07677186501840653
2009-01-16,0.07982321415204098,0.07961155418654005
2009-01-20,0.07878230188931694,0.06742598013691248
2009-01-21,0.07099242586548786,0.07635253073747748
2009-01-22,0.07175305474992136,0.07288868002069175
2009-01-23,0.06924387696443793,0.07417760124763985
2009-01-26,0.07447091911131376,0.07582192221343402
2009-01-27,0.07606195411915094,0.07771685055986538
2009-01-28,0.0815096010822769,0.08595562984674142
2009-01-29,0.08216662304337134,0.07935294683809786
2009-01-30,0.08102591073919711,0.07459761602821234
2009-02-02,0.07229948577949614,0.07742796831788926
2009-02-03,0.07801851997555115,0.0813122711950734
2009-02-04,0.08130825403523817,0.08126612423438095
2009-02-05,0.07822322430245124,0.08699209855888006
2009-02-06,0.08684958420836383,0.09377140773501358
2009-02-09,0.09360184284766243,0.09468617329585205
2009-02-10,0.09198886544720404,0.08325215316525353
2009-02-11,0.08372553337375442,0.08279353845959724
2009-02-12,0.07975114591050407,0.08582911704537007
2009-02-13,0.08541475388608333,0.084596942538235
2009-02-17,0.07654113094648624,0.07451831007667596
2009-02-18,0.0758083641302874,0.07483305204267435
2009-02-19,0.07587928813040638,0.07084357538767476
2009-02-20,0.06888730786453795,0.07166805609691544
2009-02-23,0.07302293838330237,0.06353137849853477
2009-02-24,0.06517569594419734,0.07079745667853257
2009-02-25,0.06852387880407364,0.06886444146207732
2009-02-26,0.0701618523334732,0.0627703842520309
2009-02-27,0.06104617076239434,0.06108060183451549
2009-03-02,0.05812770831899549,0.05458607280152481
2009-03-03,0.056981599596735856,0.05514292829358875
2009-03-04,0.057520243826849955,0.059739841777852035
2009-03-05,0.05712166903185433,0.05405800933991123
2009-03-06,0.055266935674048306,0.052536072545648044
2009-03-09,0.05167009690217738,0.04947710338961281
2009-03-10,0.05183040930165894,0.059458176975304776
2009-03-11,0.060405823257427,0.06163732357135433
2009-03-12,0.06097385801343222,0.0679521626304088
2009-03-13,0.06763186965892636,0.06861592149740302
2009-03-16,0.07016788954960239,0.06446782394788914
2009-03-17,0.06554505573217889,0.0724317319168009
2009-03-18,0.07115767600171904,0.0750806434282867
2009-03-19,0.07760373897019876,0.07450017061443213
2009-03-20,0.07510708391251096,0.07131902532666601
2009-03-23,0.07599399775146812,0.08476847495026588
2009-03-24,0.08191012858018942,0.07967898419250483
2009-03-25,0.08144124620526132,0.08010906101006118
2009-03-26,0.0834963188301772,0.08893119629862854
2009-03-27,0.0852498376771822,0.08279074171540159
2009-03-30,0.07870635327750562,0.076772736367415
2009-03-31,0.07899513543491424,0.07984496055057434
2009-04-01,0.07575721849276011,0.08260022516339062
2009-04-02,0.08693299759693905,0.09100334830650958
2009-04-03,0.09357671544843726,0.09565238541320144
2009-04-06,0.09244086614730011,0.09492761758565886
2009-04-07,0.09126236950570847,0.0868731773061014
2009-04-08,0.08979113578957579,0.09209910618355635
2009-04-09,0.09666175158508344,0.10062040332123066
2009-04-13,0.0991429305683307,0.0998008173355225
2009-04-14,0.09735033836741278,0.09659694840876454
2009-04-15,0.0941511712503231,0.09530584208738394
2009-04-16,0.09910863784273477,0.10333442727892488
2009-04-17,0.10204903215472053,0.10353732300110721
2009-04-20,0.09809097102205584,0.09348720588035478
2009-04-21,0.09230912871135122,0.09765921611365269
2009-04-22,0.09612493725341494,0.09909571374583086
2009-04-23,0.10021968779140325,0.10103593769177782
2009-04-24,0.1028711679978314,0.10760116073689538
2009-04-27,0.10445134828037675,0.1067694364860606
2009-04-28,0.1051327529363382,0.10489673822023007
2009-04-29,0.10752624367125331,0.10965906286417566
2009-04-30,0.11348098791213151,0.11248043325649713
2009-05-01,0.11293783503344579,0.11303490689654622
2009-05-04,0.11571304054563626,0.12072165305795601
2009-05-05,0.11968687816342256,0.11966923976773972
2009-05-06,0.12213267833112626,0.11964586501512176
2009-05-07,0.12118865138076301,0.1109831624376848
2009-05-08,0.11323024871116806,0.11200426159260045
2009-05-11,0.10739847801136351,0.11225817759911466
2009-05-12,0.11379029202992477,0.10776699046764919
2009-05-13,0.10472270118852575,0.09905838295750163
2009-05-14,0.10094368844272486,0.10349063986319289
2009-05-15,0.10254986544631947,0.10244999060138472
2009-05-18,0.1051580941594212,0.1110842546649285
2009-05-19,0.1097610279275135,0.11233654244694061
2009-05-20,0.11313683844679154,0.11128400961658222
2009-05-21,0.10771725179974802,0.1050361110754254
2009-05-22,0.10604315505178352,0.10405102726509752
2009-05-26,0.10129397188892623,0.11512140090943732
2009-05-27,0.11413856002995929,0.11250742826447596
2009-05-28,0.11480432655118965,0.11697365696942118
2009-05-29,0.11717129766963913,0.12074799279829944
2009-06-01,0.12473489191187362,0.13137397803919448
2009-06-02,0.1295542948510253,0.13220036649675038
2009-06-03,0.13004093504407632,0.1308862187184616
2009-06-04,0.13110979120889504,0.13549526415236504
2009-06-05,0.13850156066511068,0.135580978660584
2009-06-08,0.13258463359669884,0.13426989156671557
2009-06-09,0.13604244163761775,0.13781959328665794
2009-06-10,0.1399893892296443,0.1360496481371466
2009-06-11,0.13572207611295206,0.1365233067111594
2009-06-12,0.13425795717060762,0.13459343484210506
2009-06-15,0.12993226605442806,0.12574783118890906
2009-06-16,0.12743084429422868,0.12215149442304556
2009-06-17,0.12361147244403813,0.1253747951269664
2009-06-18,0.1254393818027449,0.1248346517706324
2009-06-19,0.12794649051772902,0.12934737721710993
2009-06-22,0.12527239773311846,0.11774199903248235
2009-06-23,0.11800694598160208,0.11720846179815408
2009-06-24,0.12020273173814493,0.12283090076938345
2009-06-25,0.12071475090444568,0.1300455366538643
2009-06-26,0.12781441751444056,0.13116441675536755
2009-06-29,0.13208423796456079,0.13212962033152326
2009-06-30,0.13239408533965874,0.13036916080079686
2009-07-01,0.13281813302095055,0.13143499254452193
2009-07-02,0.12699510688407942,0.12221412570724959
2009-07-06,0.11945596631036573,0.1208565784249533
2009-07-07,0.12081127545976397,0.11174309025121652
2009-07-08,0.11359489790830124,0.11335122632440325
2009-07-09,0.1146690046379117,0.1141786017536543
2009-07-10,0.11286413368152137,0.11533590664469544
2009-07-13,0.1161547178477132,0.1221534334567021
2009-07-14,0.12136619424656211,0.12344554782001484
2009-07-15,0.12873483331090307,0.1359133206484989
2009-07-16,0.13439753023223677,0.14072554824539457
2009-07-17,0.1401418507270098,0.14304951627938123
2009-07-20,0.14505299389884532,0.14777842315723544
2009-07-21,0.14918538795258926,0.15037297220493812
2009-07-22,0.15026258824735592,0.15385407007574428
2009-07-23,0.15285130791383933,0.16457357550684978
2009-07-24,0.1577081163876976,0.16364297222372778
2009-07-27,0.1630166579326931,0.16371792875573568
2009-07-28,0.16109525249738407,0.1655611884591962
2009-07-29,0.16288207511492286,0.16373889188789073
2009-07-30,0.16819162840638519,0.16686619667914504
2009-07-31,0.16636556221833912,0.16484492131777745
2009-08-03,0.16974289466003817,0.17253553393987525
2009-08-04,0.16966473646014116,0.1726198273419306
2009-08-05,0.17365650977703884,0.16812991987155088
2009-08-06,0.16924529485417455,0.163684720478818
2009-08-07,0.1699598539727467,0.16956660801334664
2009-08-10,0.1674432137355069,0.16672683753053463
2009-08-11,0.1646303674278975,0.16186165027291274
2009-08-12,0.1620352367545622,0.16944903168219017
2009-08-13,0.17220485413212092,0.17229369586532464
2009-08-14,0.17065606713057616,0.16690023320849062
2009-08-17,0.15811085780262393,0.15259845595851343
2009-08-18,0.1550645613208462,0.15896159304352717
2009-08-19,0.15352394453757098,0.16180500812169457
2009-08-20,0.161187821250984,0.1671437430443666
2009-08-21,0.16908520408372962,0.17450377062851213
2009-08-24,0.1756768497850112,0.17353529646660099
2009-08-25,0.17533139428383485,0.17516465208300874
2009-08-26,0.1741776635987317,0.17423514335042545
2009-08-27,0.17395734788807235,0.17550113893546676
2009-08-28,0.1820849647147453,0.1760848371926252
2009-08-31,0.17125311399187143,0.170300188211811
2009-09-01,0.16869694151424172,0.16112161992464905
2009-09-02,0.1587742180902035,0.16063083045393495
2009-09-03,0.16271040407502715,0.1641798176094121
2009-09-04,0.16529924689842931,0.17406107579456281
2009-09-08,0.17838693630361419,0.17941408705499481
2009-09-09,0.1797751200462934,0.18411010369189604
2009-09-10,0.18391489032473274,0.1897079777053968
2009-09-11,0.1892624194657038,0.1894713564181437
2009-09-14,0.18545479016118735,0.19217350299703176
2009-09-15,0.19132936947522922,0.19412926175355324
2009-09-16,0.19633607372400494,0.20246794705102303
2009-09-17,0.2017103265985904,0.20153809627633615
2009-09-18,0.2042852653166508,0.20298432561544594
2009-09-21,0.2002064761675402,0.20517615575993545
2009-09-22,0.20821546008541075,0.206047295335415
2009-09-23,0.20812908060279325,0.20250935725401517
2009-09-24,0.20556763819199078,0.1973150603005119
2009-09-25,0.1928938833643534,0.19192544152523605
2009-09-28,0.19491619760476392,0.202346814168361
2009-09-29,0.20220953245533746,0.19991210258991643
2009-09-30,0.2020908380908789,0.20036053467949708
2009-10-01,0.1973918280684403,0.1821278719981453
2009-10-02,0.17896709766660726,0.1808207403751455
2009-10-05,0.18284701976512457,0.18512838243211407
2009-10-06,0.1881478558942626,0.19501599249464674
2009-10-07,0.19369511847035983,0.19678597296139508
2009-10-08,0.20039624687301535,0.19930629684774653
2009-10-09,0.19780259125988656,0.20275150802661746
2009-10-12,0.20450822430550883,0.2034035098436571
2009-10-13,0.20323770497740917,0.20362909305766358
2009-10-14,0.21068673759124928,0.21213123203035464
2009-10-15,0.20979138033047756,0.2117898700225291
2009-10-16,0.2096554901223743,0.2067220536828021
2009-10-19,0.20747442659844417,0.21292509342060664
2009-10-20,0.2163322712071304,0.21270883012571382
2009-10-21,0.212171066686758,0.21175394474816364
2009-10-22,0.21021067190481396,0.21520366211664566
2009-10-23,0.21919491380581485,0.21162584362857767
2009-10-26,0.21266488573471218,0.2091234977997618
2009-10-27,0.20920969375897225,0.20039695880493394
2009-10-28,0.19702535588885559,0.1864171867915494
2009-10-29,0.1904767562887998,0.19621038461176124
2009-10-30,0.19505808253671494,0.18108243976408922
2009-11-02,0.18105964722006662,0.18296574744190752
2009-11-03,0.17933684000633995,0.18495375460419133
2009-11-04,0.18757078993097323,0.18541951004603402
2009-11-05,0.19184037843803842,0.1989562418361041
2009-11-06,0.19504783360198552,0.20221405135278916
2009-11-09,0.20669703963746552,0.21553489845108925
2009-11-10,0.2144818422114616,0.21726990121584444
2009-11-11,0.22158179173036927,0.22085553135090988
2009-11-12,0.22150213357466678,0.21720166654092968
2009-11-13,0.21973733229128156,0.22291108753405112
2009-11-16,0.22525534964376295,0.23002934555054577
2009-11-17,0.22792191934222242,0.23178079272416413
2009-11-18,0.22982393936335768,0.22777510983632596
2009-11-19,0.22284854473518276,0.21703297003730207
2009-11-20,0.21238804315343665,0.21378140330897366
2009-11-23,0.2205169475484342,0.22423482128652655
2009-11-24,0.22370958308202235,0.22172788174012198
2009-11-25,0.22338127651082826,0.2244965434712036
2009-11-27,0.20561733072934754,0.21342619175384786
2009-11-30,0.21253040858247826,0.21413617238720725
2009-12-01,0.2197408576338275,0.22153787482068737
2009-12-02,0.22298777968107167,0.2226927896031274
2009-12-03,0.2243454532687706,0.2197192197771469
2009-12-04,0.22921701906094347,0.22287130635097332
2009-12-07,0.22266233214795875,0.219791052204807
2009-12-08,0.21562849336139914,0.21575257381269228
2009-12-09,0.2147740793626452,0.2219269104731082
2009-12-10,0.22570278959401535,0.22552221965949248
2009-12-11,0.22908294727895032,0.22270760616227223
2009-12-14,0.22651785548861614,0.22908555672076783
2009-12-15,0.2262325729543859,0.22496301620175418
2009-12-16,0.22771032273330546,0.2259282401795847
2009-12-17,0.22240536990661336,0.21749287306917062
2009-12-18,0.2233085085301516,0.22825232914455643
2009-12-21,0.2324312916610715,0.23641936532248775
2009-12-22,0.23833133654607982,0.24058895674512887
2009-12-23,0.24182100143815272,0.24549820523400268
2009-12-24,0.2471167795502922,0.25262077110578623
2009-12-28,0.2545946222549871,0.25600838808103715
2009-12-29,0.2566380907543824,0.2534842686982501
2009-12-30,0.25373205721943715,0.25617910538621186
2009-12-31,0.25743089543373393,0.24864793290990053
2010-01-04,0.257621778276786,0.25926793225680245
2010-01-05,0.25950707307395693,0.25998146923937615
2010-01-06,0.2597666948957325,0.2558493735936385
2010-01-07,0.25574313004729565,0.2551548633379727
2010-01-08,0.2527810607091281,0.2615727753766841
2010-01-11,0.26300741816524226,0.25892506044838776
2010-01-12,0.2541933511780039,0.24892171084968417
2010-01-13,0.2514927305487666,0.2587338368829485
2010-01-14,0.256400436393903,0.25887930066161463
2010-01-15,0.2592045419914885,0.2498145401575053
2010-01-19,0.2517117318718445,0.26231215785358264
2010-01-20,0.25674067933384553,0.25096620064743347
2010-01-21,0.2536224109792016,0.24389305989481272
2010-01-22,0.2405481567252108,0.222022338258769
2010-01-25,0.22639396838465978,0.22481125537193114
2010-01-26,0.22330326441871973,0.22535207772246352
2010-01-27,0.22453132469839876,0.23097313187420823
2010-01-28,0.2259216623984701,0.21295671426760904
2010-01-29,0.21874266773589474,0.20181500975794164
2010-02-01,0.2035085459605189,0.20868741873514343
2010-02-02,0.2086625478117301,0.21444724723738756
2010-02-03,0.21090634448079673,0.21719362560867583
2010-02-04,0.2124766567880578,0.19852123735608296
2010-02-05,0.2006519282171793,0.20305050805019728
2010-02-08,0.20231791044383,0.1991370031531071
2010-02-09,0.20650616421996879,0.20564544473231414
2010-02-10,0.20516000981797294,0.20421176217532735
2010-02-11,0.20343799889087677,0.21627600491046906
2010-02-12,0.21039099991321564,0.21716099977493286
2010-02-16,0.22226600348949432,0.22557300329208374
2010-02-17,0.22859400510787964,0.22940100729465485
2010-02-18,0.22916699945926666,0.23375000059604645
2010-02-19,0.2321610003709793,0.23375000059604645
2010-02-22,0.2365099936723709,0.23210899531841278
2010-02-23,0.2308329939842224,0.22304700314998627
2010-02-24,0.22697900235652924,0.22979199886322021
2010-02-25,0.22244800627231598,0.2296610027551651
2010-02-26,0.22898399829864502,0.2325260043144226
2010-03-01,0.2354689985513687,0.24250000715255737
2010-03-02,0.24463500082492828,0.2439579963684082
2010-03-03,0.24669300019741058,0.24531300365924835
2010-03-04,0.2461719959974289,0.24802100658416748
2010-03-05,0.2533070147037506,0.2589839994907379
2010-03-08,0.2592189908027649,0.26036500930786133
2010-03-09,0.2589319944381714,0.2649739980697632
2010-03-10,0.2653389871120453,0.2714579999446869
2010-03-11,0.2698180079460144,0.2739579975605011
2010-03-12,0.276978999376297,0.27458301186561584
2010-03-15,0.2727600038051605,0.27273398637771606
2010-03-16,0.2754170000553131,0.27789101004600525
2010-03-17,0.2786720097064972,0.27981799840927124
2010-03-18,0.28078100085258484,0.2826560139656067
2010-03-19,0.2776559889316559,0.2776559889316559
2010-03-22,0.2744010090827942,0.2851560115814209
2010-03-23,0.28710898756980896,0.2911199927330017
2010-03-24,0.2890630066394806,0.28697898983955383
2010-03-25,0.29398399591445923,0.28518199920654297
2010-03-26,0.28924500942230225,0.28666698932647705
2010-03-29,0.2909899950027466,0.29059898853302
2010-03-30,0.29299500584602356,0.2936460077762604
2010-03-31,0.2903650104999542,0.28968799114227295
2010-04-01,0.29291701316833496,0.2891150116920471
2010-04-05,0.29122400283813477,0.2974739968776703
2010-04-06,0.29520800709724426,0.2997399866580963
2010-04-07,0.2987239956855774,0.2980470061302185
2010-04-08,0.2950260043144226,0.29911500215530396
2010-04-09,0.3001039922237396,0.30450499057769775
2010-04-12,0.30554699897766113,0.3057290017604828
2010-04-13,0.3047400116920471,0.3103390038013458
2010-04-14,0.314765989780426,0.3212760090827942
2010-04-15,0.32093799114227295,0.32557299733161926
2010-04-16,0.32213500142097473,0.3139840066432953
2010-04-19,0.31104201078414917,0.31349000334739685
2010-04-20,0.31835898756980896,0.31812500953674316
2010-04-21,0.3245829939842224,0.32372400164604187
2010-04-22,0.3142710030078888,0.32851600646972656
2010-04-23,0.32882800698280334,0.33286499977111816
2010-04-26,0.33309900760650635,0.330390989780426
2010-04-27,0.32718798518180847,0.3100000023841858
2010-04-28,0.314765989780426,0.3107289969921112
2010-04-29,0.31505200266838074,0.3265889883041382
2010-04-30,0.32609400153160095,0.307343989610672
2010-05-03,0.3109380006790161,0.31989601254463196
2010-05-04,0.3077859878540039,0.29161500930786133
2010-05-05,0.28247401118278503,0.28682300448417664
2010-05-06,0.28091099858283997,0.25872400403022766
2010-05-07,0.25187501311302185,0.2398959994316101
2010-05-10,0.2701820135116577,0.27567699551582336
2010-05-11,0.267890989780426,0.2754949927330017
2010-05-12,0.2792710065841675,0.29033899307250977
2010-05-13,0.28755199909210205,0.277213990688324
2010-05-14,0.2704170048236847,0.2601560056209564
2010-05-17,0.2626819908618927,0.26367199420928955
2010-05-18,0.27010399103164673,0.2535940110683441
2010-05-19,0.24921900033950806,0.2469010055065155
2010-05-20,0.2319529950618744,0.2219270020723343
2010-05-21,0.20841099321842194,0.22364600002765656
2010-05-24,0.2248699963092804,0.22549499571323395
2010-05-25,0.20874999463558197,0.2239059954881668
2010-05-26,0.2273699939250946,0.2169789969921112
2010-05-27,0.2314320057630539,0.24046899378299713
2010-05-28,0.24205699563026428,0.2371090054512024
2010-06-01,0.234608992934227,0.2305469959974289
2010-06-02,0.234375,0.24677099287509918
2010-06-03,0.2485940009355545,0.2531769871711731
2010-06-04,0.23729200661182404,0.2281769961118698
2010-06-07,0.2303909957408905,0.21494799852371216
2010-06-08,0.21648399531841278,0.21375000476837158
2010-06-09,0.21807299554347992,0.2090359926223755
2010-06-10,0.2163279950618744,0.22638000547885895
2010-06-11,0.2193489968776703,0.23229199647903442
2010-06-14,0.23919300734996796,0.23242199420928955
2010-06-15,0.23627600073814392,0.2494010031223297
2010-06-16,0.2491929978132248,0.2544269859790802
2010-06-17,0.2584109902381897,0.25697898864746094
2010-06-18,0.25830700993537903,0.2576819956302643
2010-06-21,0.26708298921585083,0.25091099739074707
2010-06-22,0.25380200147628784,0.24497400224208832
2010-06-23,0.2458849996328354,0.24169300496578217
2010-06-24,0.2388020008802414,0.22997400164604187
2010-06-25,0.2329690009355545,0.22981800138950348
2010-06-28,0.23000000417232513,0.22776000201702118
2010-06-29,0.217057004570961,0.20234400033950806
2010-06-30,0.19932299852371216,0.19234399497509003
2010-07-01,0.1934109926223755,0.19046899676322937
2010-07-02,0.1909639984369278,0.18942700326442719
2010-07-06,0.19666700065135956,0.19041700661182404
2010-07-07,0.19205699861049652,0.20841099321842194
2010-07-08,0.21341100335121155,0.21192699670791626
2010-07-09,0.2113800048828125,0.2178650051355362
2010-07-12,0.217057004570961,0.22033900022506714
2010-07-13,0.22549499571323395,0.22786499559879303
2010-07-14,0.22981800138950348,0.2315099984407425
2010-07-15,0.2305469959974289,0.2323179990053177
2010-07-16,0.23028600215911865,0.21362000703811646
2010-07-19,0.2148440033197403,0.21843799948692322
2010-07-20,0.20760400593280792,0.22533899545669556
2010-07-21,0.2338539958000183,0.21744799613952637
2010-07-22,0.22593800723552704,0.23210899531841278
2010-07-23,0.2288540005683899,0.23815099895000458
2010-07-26,0.23919300734996796,0.24338500201702118
2010-07-27,0.2469789981842041,0.24333299696445465
2010-07-28,0.2428389936685562,0.2383590042591095
2010-07-29,0.2416670024394989,0.232682004570961
2010-07-30,0.22677099704742432,0.23427100479602814
2010-08-02,0.24294300377368927,0.24687500298023224
2010-08-03,0.24640600383281708,0.2443230003118515
2010-08-04,0.24752600491046906,0.25137999653816223
2010-08-05,0.24760399758815765,0.24989600479602814
2010-08-06,0.24091100692749023,0.24872399866580963
2010-08-09,0.2521350085735321,0.2530730068683624
2010-08-10,0.24739600718021393,0.24770799279212952
2010-08-11,0.23455700278282166,0.22731800377368927
2010-08-12,0.21369799971580505,0.22091099619865417
2010-08-13,0.21908900141716003,0.21650999784469604
2010-08-16,0.21328100562095642,0.21773399412631989
2010-08-17,0.22260400652885437,0.22601599991321564
2010-08-18,0.2248699963092804,0.22804699838161469
2010-08-19,0.22481800615787506,0.21966099739074707
2010-08-20,0.21744799613952637,0.2189060002565384
2010-08-23,0.22380200028419495,0.21286499500274658
2010-08-24,0.20591099560260773,0.20065100491046906
2010-08-25,0.19674499332904816,0.2066670060157776
2010-08-26,0.2093230038881302,0.19992199540138245
2010-08-27,0.20341099798679352,0.20653599500656128
2010-08-30,0.203358992934227,0.19984400272369385
2010-08-31,0.19687500596046448,0.198853999376297
2010-09-01,0.2065100073814392,0.21552099287509918
2010-09-02,0.21684899926185608,0.22291700541973114
2010-09-03,0.22968800365924835,0.23427100479602814
2010-09-07,0.2311200052499771,0.22856800258159637
2010-09-08,0.2311200052499771,0.23664100468158722
2010-09-09,0.24401000142097473,0.23963500559329987
2010-09-10,0.2413800060749054,0.24221399426460266
2010-09-13,0.24854199588298798,0.25289100408554077
2010-09-14,0.2518230080604553,0.2560940086841583
2010-09-15,0.2540630102157593,0.2604430019855499
2010-09-16,0.26028600335121155,0.26411500573158264
2010-09-17,0.26950499415397644,0.26692700386047363
2010-09-20,0.2699219882488251,0.28083300590515137
2010-09-21,0.28106799721717834,0.27994799613952637
2010-09-22,0.2768230140209198,0.27862000465393066
2010-09-23,0.2729170024394989,0.277785986661911
2010-09-24,0.28770801424980164,0.29351601004600525
2010-09-27,0.294869989156723,0.2901560068130493
2010-09-28,0.2928909957408905,0.29088500142097473
2010-09-29,0.28859400749206543,0.2885420024394989
2010-09-30,0.29291701316833496,0.2846350073814392
2010-10-01,0.29130199551582336,0.2837499976158142
2010-10-04,0.28091099858283997,0.27390599250793457
2010-10-05,0.2836199998855591,0.2942970097064972
2010-10-06,0.29307299852371216,0.2867969870567322
2010-10-07,0.29166701436042786,0.28960898518562317
2010-10-08,0.29012998938560486,0.29544299840927124
2010-10-11,0.2962760031223297,0.29604199528694153
2010-10-12,0.2940889894962311,0.3021880090236664
2010-10-13,0.30776000022888184,0.30953100323677063
2010-10-14,0.30989599227905273,0.30781298875808716
2010-10-15,0.3188279867172241,0.3274480104446411
2010-10-18,0.3279690146446228,0.3274480104446411
2010-10-19,0.3144789934158325,0.314426988363266
2010-10-20,0.3174999952316284,0.3209640085697174
2010-10-21,0.3274480104446411,0.3232029974460602
2010-10-22,0.32359400391578674,0.32950499653816223
2010-10-25,0.33346399664878845,0.33450499176979065
2010-10-26,0.329245001077652,0.3365100026130676
2010-10-27,0.33221399784088135,0.33997398614883423
2010-10-28,0.3446879982948303,0.3419269919395447
2010-10-29,0.3418489992618561,0.340285986661911
2010-11-01,0.34375,0.34106799960136414
2010-11-02,0.3492709994316101,0.3514060080051422
2010-11-03,0.353177011013031,0.35648399591445923
2010-11-04,0.3689059913158417,0.3691149950027466
2010-11-05,0.3700000047683716,0.3695569932460785
2010-11-08,0.36768200993537903,0.3704949915409088
2010-11-09,0.3757550120353699,0.36450499296188354
2010-11-10,0.3664320111274719,0.3700779974460602
2010-11-11,0.3528650104999542,0.36385399103164673
2010-11-12,0.3578389883041382,0.34533900022506714
2010-11-15,0.3512499928474426,0.34164100885391235
2010-11-16,0.334322988986969,0.32468798756599426
2010-11-17,0.3252600133419037,0.3277600109577179
2010-11-18,0.3383069932460785,0.3429949879646301
2010-11-19,0.34187498688697815,0.34380200505256653
2010-11-22,0.339713990688324,0.3528650104999542
2010-11-23,0.3424220085144043,0.33619800209999084
2010-11-24,0.345755010843277,0.3558329939842224
2010-11-26,0.3496350049972534,0.35359400510787964
2010-11-29,0.3476560115814209,0.3486720025539398
2010-11-30,0.33760398626327515,0.3354170024394989
2010-12-01,0.3508070111274719,0.35674500465393066
2010-12-02,0.3583329916000366,0.36757799983024597
2010-12-03,0.36315101385116577,0.3706510066986084
2010-12-06,0.370728999376297,0.3700000047683716
2010-12-07,0.38367199897766113,0.3703390061855316
2010-12-08,0.37400999665260315,0.37546899914741516
2010-12-09,0.38174501061439514,0.37585899233818054
2010-12-10,0.37843799591064453,0.38374999165534973
2010-12-13,0.3885680139064789,0.37924501299858093
2010-12-14,0.3822399973869324,0.3808329999446869
2010-12-15,0.3805209994316101,0.37695300579071045
2010-12-16,0.377344012260437,0.3848179876804352
2010-12-17,0.3860419988632202,0.3859899938106537
2010-12-20,0.38802099227905273,0.3870309889316559
2010-12-21,0.391510009765625,0.3934110105037689
2010-12-22,0.39346399903297424,0.39382800459861755
2010-12-23,0.39177098870277405,0.3908329904079437
2010-12-27,0.3876819908618927,0.3909899890422821
2010-12-28,0.39390599727630615,0.3892970085144043
2010-12-29,0.39273399114608765,0.39161500334739685
2010-12-30,0.39177098870277405,0.38867199420928955
2010-12-31,0.387813001871109,0.3851040005683899
2011-01-03,0.3953390121459961,0.4025000035762787
2011-01-04,0.40755200386047363,0.40187498927116394
2011-01-05,0.39789101481437683,0.4118489921092987
2011-01-06,0.4133070111274719,0.41557300090789795
2011-01-07,0.4176819920539856,0.41460898518562317
2011-01-10,0.41145798563957214,0.41927099227905273
2011-01-11,0.4243749976158142,0.4211980104446411
2011-01-12,0.427031010389328,0.4297400116920471
2011-01-13,0.43127599358558655,0.4310939908027649
2011-01-14,0.43088498711586,0.4404430091381073
2011-01-18,0.42919299006462097,0.44395801424980164
2011-01-19,0.44622400403022766,0.4290890097618103
2011-01-20,0.4239580035209656,0.4194529950618744
2011-01-21,0.4255729913711548,0.4098699986934662
2011-01-24,0.4121609926223755,0.4267970025539398
2011-01-25,0.42104199528694153,0.4282810091972351
2011-01-26,0.43104198575019836,0.4349220097064972
2011-01-27,0.4400259852409363,0.4433070123195648
2011-01-28,0.4434640109539032,0.4098699986934662
2011-01-31,0.4114840030670166,0.41593798995018005
2011-02-01,0.42552098631858826,0.4390360116958618
2011-02-02,0.43671900033950806,0.4370569884777069
2011-02-03,0.4346350133419037,0.4387499988079071
2011-02-04,0.4398699998855591,0.44666698575019836
2011-02-07,0.4494529962539673,0.45315098762512207
2011-02-08,0.45330700278282166,0.46281298995018005
2011-02-09,0.45974001288414,0.46000000834465027
2011-02-10,0.45234400033950806,0.4622400104999542
2011-02-11,0.4579690098762512,0.47171899676322937
2011-02-14,0.4716149866580963,0.47468799352645874
2011-02-15,0.4720570147037506,0.4734640121459961
2011-02-16,0.47718799114227295,0.4822140038013458
2011-02-17,0.4751040041446686,0.4817970097064972
2011-02-18,0.4820829927921295,0.4790630042552948
2011-02-22,0.45994800329208374,0.43687498569488525
2011-02-23,0.4367449879646301,0.4260939955711365
2011-02-24,0.4290890097618103,0.43216100335121155
2011-02-25,0.44020798802375793,0.4506770074367523
2011-02-28,0.45583298802375793,0.45395800471305847
2011-03-01,0.4600520133972168,0.4321349859237671
2011-03-02,0.431302011013031,0.4382289946079254
2011-03-03,0.4509899914264679,0.46437498927116394
2011-03-04,0.46458300948143005,0.45750001072883606
2011-03-07,0.4632290005683899,0.4392710030078888
2011-03-08,0.4367710053920746,0.4438540041446686
2011-03-09,0.44020798802375793,0.43489599227905273
2011-03-10,0.41947901248931885,0.41499999165534973
2011-03-11,0.4080730080604553,0.42192700505256653
2011-03-14,0.41505199670791626,0.4178130030632019
2011-03-15,0.38062500953674316,0.4007290005683899
2011-03-16,0.39072901010513306,0.3713020086288452
2011-03-17,0.388280987739563,0.38098999857902527
2011-03-18,0.3943229913711548,0.3789060115814209
2011-03-21,0.39552098512649536,0.400052011013031
2011-03-22,0.40192699432373047,0.3989579975605011
2011-03-23,0.39406299591064453,0.4050000011920929
2011-03-24,0.41447898745536804,0.427031010389328
2011-03-25,0.431302011013031,0.43015599250793457
2011-03-28,0.43599000573158264,0.42286500334739685
2011-03-29,0.4203130006790161,0.4350000023841858
2011-03-30,0.44166699051856995,0.4414060115814209
2011-03-31,0.4395830035209656,0.44328099489212036
2011-04-01,0.44963499903678894,0.44395801424980164
2011-04-04,0.4477599859237671,0.4399479925632477
2011-04-05,0.43666699528694153,0.43494799733161926
2011-04-06,0.4453650116920471,0.4382289946079254
2011-04-07,0.4385420083999634,0.43812501430511475
2011-04-08,0.44416698813438416,0.43156298995018005
2011-04-11,0.43656298518180847,0.42765599489212036
2011-04-12,0.42161500453948975,0.4192189872264862
2011-04-13,0.4282810091972351,0.42921900749206543
2011-04-14,0.4202600121498108,0.4268749952316284
2011-04-15,0.421875,0.42411500215530396
2011-04-18,0.41182300448417664,0.41593798995018005
2011-04-19,0.4185419976711273,0.42343801259994507
2011-04-20,0.44578099250793457,0.45161500573158264
2011-04-21,0.4657289981842041,0.4630729854106903
2011-04-25,0.46474000811576843,0.46650999784469604
2011-04-26,0.47031301259994507,0.47453099489212036
2011-04-27,0.4765630066394806,0.484375
2011-04-28,0.47963500022888184,0.4836460053920746
2011-04-29,0.47989600896835327,0.4813019931316376
2011-05-02,0.48338499665260315,0.4786979854106903
2011-05-03,0.47718799114227295,0.47150999307632446
2011-05-04,0.47145798802375793,0.46875
2011-05-05,0.46187499165534973,0.46171900629997253
2011-05-06,0.47578099370002747,0.4657289981842041
2011-05-09,0.46791699528694153,0.47078099846839905
2011-05-10,0.47541698813438416,0.48286500573158264
2011-05-11,0.48140600323677063,0.4724479913711548
2011-05-12,0.4675000011920929,0.4807809889316559
2011-05-13,0.47755199670791626,0.4637500047683716
2011-05-16,0.45765599608421326,0.4396350085735321
2011-05-17,0.43302100896835327,0.44322898983955383
2011-05-18,0.4416149854660034,0.454010009765625
2011-05-19,0.45927101373672485,0.4579170048236847
2011-05-20,0.4563539922237396,0.4478130042552948
2011-05-23,0.42942699790000916,0.4283849895000458
2011-05-24,0.4316670000553131,0.4203130006790161
2011-05-25,0.4182809889316559,0.42500001192092896
2011-05-26,0.4208329916000366,0.43296900391578674
2011-05-27,0.43510401248931885,0.439426988363266
2011-05-31,0.4520829916000366,0.4605729877948761
2011-06-01,0.4575519859790802,0.4311459958553314
2011-06-02,0.4330730140209198,0.43364599347114563
2011-06-03,0.41843798756599426,0.41395801305770874
2011-06-06,0.41203099489212036,0.4039579927921295
2011-06-07,0.40708300471305847,0.4016149938106537
2011-06-08,0.39885398745536804,0.392969012260437
2011-06-09,0.3931249976158142,0.3946880102157593
2011-06-10,0.38932299613952637,0.37656301259994507
2011-06-13,0.3781769871711731,0.3768230080604553
2011-06-14,0.3853130042552948,0.3908329904079437
2011-06-15,0.38025999069213867,0.3694790005683899
2011-06-16,0.3696880042552948,0.3643229901790619
2011-06-17,0.3746350109577179,0.36161500215530396
2011-06-20,0.35807299613952637,0.36640599370002747
2011-06-21,0.37114599347114563,0.3908329904079437
2011-06-22,0.3856250047683716,0.38203099370002747
2011-06-23,0.3694790005683899,0.3926039934158325
2011-06-24,0.38677099347114563,0.3719269931316376
2011-06-27,0.37369799613952637,0.38999998569488525
2011-06-28,0.3928129971027374,0.4074999988079071
2011-06-29,0.4110940098762512,0.4126040041446686
2011-06-30,0.4169270098209381,0.4282810091972351
2011-07-01,0.4296880066394806,0.4481250047683716
2011-07-05,0.44963499903678894,0.45458298921585083
2011-07-06,0.45343801379203796,0.45942699909210205
2011-07-07,0.46953099966049194,0.4780209958553314
2011-07-08,0.4658850133419037,0.4740630090236664
2011-07-11,0.45958301424980164,0.44864600896835327
2011-07-12,0.4480209946632385,0.4377079904079437
2011-07-13,0.4474479854106903,0.4435420036315918
2011-07-14,0.4474479854106903,0.4282810091972351
2011-07-15,0.4430209994316101,0.4453130066394806
2011-07-18,0.43864598870277405,0.43796899914741516
2011-07-19,0.4511460065841675,0.46885401010513306
2011-07-20,0.47630199790000916,0.46229198575019836
2011-07-21,0.46369799971580505,0.47166699171066284
2011-07-22,0.4712499976158142,0.486301988363266
2011-07-25,0.4742709994316101,0.48343798518180847
2011-07-26,0.48182299733161926,0.48609399795532227
2011-07-27,0.4772399961948395,0.4492189884185791
2011-07-28,0.4500519931316376,0.45161500573158264
2011-07-29,0.4405210018157959,0.4472399950027466
2011-08-01,0.4634380042552948,0.4411979913711548
2011-08-02,0.4344789981842041,0.40770798921585083
2011-08-03,0.4087499976158142,0.4182809889316559
2011-08-04,0.40104201436042786,0.3613539934158325
2011-08-05,0.37333300709724426,0.35338500142097473
2011-08-08,0.3222399950027466,0.29130199551582336
2011-08-09,0.30281299352645874,0.3311980068683624
2011-08-10,0.30900999903678894,0.29213500022888184
2011-08-11,0.30349001288414,0.32963499426841736
2011-08-12,0.33713498711586,0.33802101016044617
2011-08-15,0.34224000573158264,0.3526040017604828
2011-08-16,0.3430210053920746,0.3435420095920563
2011-08-17,0.34562501311302185,0.33796900510787964
2011-08-18,0.3104169964790344,0.28895801305770874
2011-08-19,0.2791149914264679,0.2727600038051605
2011-08-22,0.2919270098209381,0.2752079963684082
2011-08-23,0.2810940146446228,0.3092710077762604
2011-08-24,0.3076559901237488,0.3165630102157593
2011-08-25,0.3158850073814392,0.30135399103164673
2011-08-26,0.2986460030078888,0.3231250047683716
2011-08-29,0.33333298563957214,0.35062500834465027
2011-08-30,0.34687501192092896,0.3577600121498108
2011-08-31,0.3643749952316284,0.35984399914741516
2011-09-01,0.3621880114078522,0.34968799352645874
2011-09-02,0.33000001311302185,0.32520800828933716
2011-09-06,0.3022400140762329,0.32515600323677063
2011-09-07,0.33927100896835327,0.34973999857902527
2011-09-08,0.34416699409484863,0.34489598870277405
2011-09-09,0.33854201436042786,0.32218798995018005
2011-09-12,0.31156298518180847,0.33427101373672485
2011-09-13,0.33812499046325684,0.34724000096321106
2011-09-14,0.3532809913158417,0.3622399866580963
2011-09-15,0.3747920095920563,0.3786979913711548
2011-09-16,0.38166698813438416,0.38859400153160095
2011-09-19,0.3748440146446228,0.3895829916000366
2011-09-20,0.3952080011367798,0.3840630054473877
2011-09-21,0.3900519907474518,0.364531010389328
2011-09-22,0.3368229866027832,0.3290629982948303
2011-09-23,0.3206770122051239,0.3393230140209198
2011-09-26,0.34458300471305847,0.350832998752594
2011-09-27,0.36927101016044617,0.3615629971027374
2011-09-28,0.3666670024394989,0.34453099966049194
2011-09-29,0.36192700266838074,0.334322988986969
2011-09-30,0.32109400629997253,0.30833300948143005
2011-10-03,0.29958298802375793,0.28416699171066284
2011-10-04,0.27531298995018005,0.3014580011367798
2011-10-05,0.2993749976158142,0.3243750035762787
2011-10-06,0.32395800948143005,0.34104201197624207
2011-10-07,0.3400520086288452,0.3340100049972534
2011-10-10,0.3510420024394989,0.3682810068130493
2011-10-11,0.3657290041446686,0.37614598870277405
2011-10-12,0.38734400272369385,0.38218799233436584
2011-10-13,0.37989598512649536,0.3924480080604553
2011-10-14,0.4073440134525299,0.4140630066394806
2011-10-17,0.408176988363266,0.394896000623703
2011-10-18,0.3934899866580963,0.40921899676322937
2011-10-19,0.4039579927921295,0.3856250047683716
2011-10-20,0.3847399950027466,0.38072898983955383
2011-10-21,0.3922399878501892,0.39427098631858826
2011-10-24,0.39890599250793457,0.41890600323677063
2011-10-25,0.4144270122051239,0.39515599608421326
2011-10-26,0.40104201436042786,0.39359399676322937
2011-10-27,0.42104199528694153,0.42531299591064453
2011-10-28,0.41749998927116394,0.4267190098762512
2011-10-31,0.4153130054473877,0.4055730104446411
2011-11-01,0.37630200386047363,0.37416699528694153
2011-11-02,0.3849479854106903,0.3833850026130676
2011-11-03,0.3927600085735321,0.40671899914741516
2011-11-04,0.4007290005683899,0.4004170000553131
2011-11-07,0.40046900510787964,0.4093230068683624
2011-11-08,0.41802099347114563,0.4229690134525299
2011-11-09,0.3983849883079529,0.3792189955711365
2011-11-10,0.3903129994869232,0.3776560127735138
2011-11-11,0.38838499784469604,0.39885398745536804
2011-11-14,0.3965100049972534,0.39208298921585083
2011-11-15,0.38911500573158264,0.4046880006790161
2011-11-16,0.39604198932647705,0.3847399950027466
2011-11-17,0.38197898864746094,0.3582809865474701
2011-11-18,0.35822901129722595,0.34968799352645874
2011-11-21,0.3361459970474243,0.3293749988079071
2011-11-22,0.3265100121498108,0.3322399854660034
2011-11-23,0.32541701197624207,0.310155987739563
2011-11-25,0.30677101016044617,0.3031249940395355
2011-11-28,0.325313001871109,0.33442699909210205
2011-11-29,0.33338499069213867,0.32838499546051025
2011-11-30,0.3552600145339966,0.36442700028419495
2011-12-01,0.3648439943790436,0.37224000692367554
2011-12-02,0.38322898745536804,0.36869800090789795
2011-12-05,0.3864060044288635,0.38078099489212036
2011-12-06,0.3826040029525757,0.3778649866580963
2011-12-07,0.375,0.37843799591064453
2011-12-08,0.37083300948143005,0.3591670095920563
2011-12-09,0.36234399676322937,0.3761979937553406
2011-12-12,0.36458298563957214,0.36385399103164673
2011-12-13,0.3707810044288635,0.3515630066394806
2011-12-14,0.3473440110683441,0.335207998752594
2011-12-15,0.3446879982948303,0.33260399103164673
2011-12-16,0.3380729854106903,0.33677101135253906
2011-12-19,0.34135401248931885,0.3274480104446411
2011-12-20,0.34296900033950806,0.3565100133419037
2011-12-21,0.35041698813438416,0.3416669964790344
2011-12-22,0.3430210053920746,0.3499999940395355
2011-12-23,0.35197898745536804,0.3590629994869232
2011-12-27,0.35770800709724426,0.3618229925632477
2011-12-28,0.36093801259994507,0.35020801424980164
2011-12-29,0.3511979877948761,0.357030987739563
2011-12-30,0.3549480140209198,0.35411500930786133
2012-01-03,0.37406298518180847,0.3742710053920746
2012-01-04,0.3725000023841858,0.3787499964237213
2012-01-05,0.3768230080604553,0.38807299733161926
2012-01-06,0.38911500573158264,0.39208298921585083
2012-01-09,0.39531299471855164,0.3888019919395447
2012-01-10,0.40135401487350464,0.39677101373672485
2012-01-11,0.39677101373672485,0.3995310068130493
2012-01-12,0.4027079939842224,0.4042710065841675
2012-01-13,0.39802101254463196,0.39963498711586
2012-01-17,0.4108330011367798,0.4103649854660034
2012-01-18,0.413332998752594,0.4266670048236847
2012-01-19,0.4327079951763153,0.4352079927921295
2012-01-20,0.4293749928474426,0.4332810044288635
2012-01-23,0.43317699432373047,0.433228999376297
2012-01-24,0.4277079999446869,0.43083301186561584
2012-01-25,0.4444270133972168,0.4472920000553131
2012-01-26,0.45302098989486694,0.44255200028419495
2012-01-27,0.4399999976158142,0.446927011013031
2012-01-30,0.4355210065841675,0.4476560056209564
2012-01-31,0.4540629982948303,0.4492189884185791
2012-02-01,0.45692700147628784,0.4602600038051605
2012-02-02,0.46479201316833496,0.4650000035762787
2012-02-03,0.4778650104999542,0.483489990234375
2012-02-06,0.4780209958553314,0.48302099108695984
2012-02-07,0.48177099227905273,0.4851039946079254
2012-02-08,0.48583298921585083,0.49317699670791626
2012-02-09,0.49854201078414917,0.5041149854660034
2012-02-10,0.4934380054473877,0.49333301186561584
2012-02-13,0.5043749809265137,0.5066149830818176
2012-02-14,0.5037500262260437,0.5110419988632202
2012-02-15,0.5183849930763245,0.4996350109577179
2012-02-16,0.5011460185050964,0.5205209851264954
2012-02-17,0.5209900140762329,0.5160940289497375
2012-02-21,0.5180730223655701,0.5204690098762512
2012-02-22,0.5172920227050781,0.5135939717292786
2012-02-23,0.5153650045394897,0.5233330130577087
2012-02-24,0.5277079939842224,0.5284379720687866
2012-02-27,0.5193750262260437,0.5309900045394897
2012-02-28,0.5320829749107361,0.546875
2012-02-29,0.5485420227050781,0.539687991142273
2012-03-01,0.545989990234375,0.5528129935264587
2012-03-02,0.5509380102157593,0.5511459708213806
2012-03-05,0.5505729913711548,0.5339580178260803
2012-03-06,0.5189579725265503,0.5186460018157959
2012-03-07,0.525833010673523,0.5304170250892639
2012-03-08,0.5394269824028015,0.5472400188446045
2012-03-09,0.5504689812660217,0.5538539886474609
2012-03-12,0.553176999092102,0.5547400116920471
2012-03-13,0.5644789934158325,0.5859900116920471
2012-03-14,0.5877079963684082,0.5925520062446594
2012-03-15,0.5974479913711548,0.5970829725265503
2012-03-16,0.6000000238418579,0.5957810282707214
2012-03-19,0.5987499952316284,0.6087499856948853
2012-03-20,0.5994269847869873,0.6120830178260803
2012-03-21,0.6126559972763062,0.6118749976158142
2012-03-22,0.6009899973869324,0.6081770062446594
2012-03-23,0.6105729937553406,0.6073439717292786
2012-03-26,0.6186460256576538,0.6390630006790161
2012-03-27,0.639739990234375,0.641510009765625
2012-03-28,0.6427080035209656,0.6340100169181824
2012-03-29,0.6250519752502441,0.6274999976158142
2012-03-30,0.6354169845581055,0.6231250166893005
2012-04-02,0.6214060187339783,0.6421350240707397
2012-04-03,0.6449480056762695,0.6421880125999451
2012-04-04,0.6271349787712097,0.6159899830818176
2012-04-05,0.612604022026062,0.627240002155304
2012-04-09,0.6033849716186523,0.6128129959106445
2012-04-10,0.6116669774055481,0.5832290053367615
2012-04-11,0.5993750095367432,0.5916669964790344
2012-04-12,0.5951560139656067,0.6115099787712097
2012-04-13,0.605364978313446,0.5838540196418762
2012-04-16,0.5935940146446228,0.5654690265655518
2012-04-17,0.5724999904632568,0.5988019704818726
2012-04-18,0.5934380292892456,0.5944269895553589
2012-04-19,0.5881770253181458,0.5752080082893372
2012-04-20,0.583541989326477,0.5690100193023682
2012-04-23,0.5543749928474426,0.5546879768371582
2012-04-24,0.5511980056762695,0.5448960065841675
2012-04-25,0.5787500143051147,0.5881770253181458
2012-04-26,0.5873439908027649,0.5986980199813843
2012-04-27,0.6060420274734497,0.6089580059051514
2012-04-30,0.6035419702529907,0.5963019728660583
2012-05-01,0.5930209755897522,0.5996879935264587
2012-05-02,0.5899999737739563,0.6036459803581238
2012-05-03,0.6057289838790894,0.5848960280418396
2012-05-04,0.5689060091972351,0.5419790148735046
2012-05-07,0.5316669940948486,0.5427600145339966
2012-05-08,0.5323439836502075,0.5367709994316101
2012-05-09,0.5184900164604187,0.5338019728660583
2012-05-10,0.5391150116920471,0.5283330082893372
2012-05-11,0.5219789743423462,0.5278130173683167
2012-05-14,0.5151039958000183,0.5132290124893188
2012-05-15,0.5190629959106445,0.5087500214576721
2012-05-16,0.5141670107841492,0.4977079927921295
2012-05-17,0.49854201078414917,0.46708300709724426
2012-05-18,0.47145798802375793,0.4483329951763153
2012-05-21,0.45093798637390137,0.48604199290275574
2012-05-22,0.4896880090236664,0.48427098989486694
2012-05-23,0.4722920060157776,0.48697900772094727
2012-05-24,0.48958298563957214,0.47822898626327515
2012-05-25,0.4790630042552948,0.4755209982395172
2012-05-29,0.48906299471855164,0.4932290017604828
2012-05-30,0.48020800948143005,0.48124998807907104
2012-05-31,0.4795829951763153,0.47437500953674316
2012-06-01,0.4497919976711273,0.43708300590515137
2012-06-04,0.44093799591064453,0.44645801186561584
2012-06-05,0.44239598512649536,0.4526039958000183
2012-06-06,0.46312499046325684,0.48354199528694153
2012-06-07,0.4980210065841675,0.4781250059604645
2012-06-08,0.4751040041446686,0.4921880066394806
2012-06-11,0.5023959875106812,0.46864598989486694
2012-06-12,0.4724999964237213,0.48343798518180847
2012-06-13,0.47968798875808716,0.47395798563957214
2012-06-14,0.47343799471855164,0.4792709946632385
2012-06-15,0.4826039969921112,0.4969789981842041
2012-06-18,0.491457998752594,0.5097919702529907
2012-06-19,0.5183330178260803,0.5265629887580872
2012-06-20,0.5294790267944336,0.5284379720687866
2012-06-21,0.5263540148735046,0.48885399103164673
2012-06-22,0.49281299114227295,0.5040630102157593
2012-06-25,0.4911459982395172,0.47416698932647705
2012-06-26,0.47895801067352295,0.4833329916000366
2012-06-27,0.48885399103164673,0.4921880066394806
2012-06-28,0.4808329939842224,0.47447898983955383
2012-06-29,0.503125011920929,0.5208330154418945
2012-07-02,0.5223960280418396,0.5249999761581421
2012-07-03,0.5259379744529724,0.5375000238418579
2012-07-05,0.5370830297470093,0.5393750071525574
2012-07-06,0.5321879982948303,0.5181249976158142
2012-07-09,0.5174999833106995,0.5163540244102478
2012-07-10,0.5248960256576538,0.5005210041999817
2012-07-11,0.49958300590515137,0.4936459958553314
2012-07-12,0.481563001871109,0.4793750047683716
2012-07-13,0.48302099108695984,0.5002080202102661
2012-07-16,0.4975000023841858,0.4964579939842224
2012-07-17,0.5055209994316101,0.5040630102157593
2012-07-18,0.5009379982948303,0.5245829820632935
2012-07-19,0.5358330011367798,0.5416669845581055
2012-07-20,0.5420830249786377,0.5208330154418945
2012-07-23,0.4902079999446869,0.5015630125999451
2012-07-24,0.5043749809265137,0.49010398983955383
2012-07-25,0.4788540005683899,0.47916701436042786
2012-07-26,0.5007290244102478,0.4979169964790344
2012-07-27,0.5095829963684082,0.5356249809265137
2012-07-30,0.5384380221366882,0.5323960185050964
2012-07-31,0.5356249809265137,0.5327079892158508
2012-08-01,0.543749988079071,0.5274999737739563
2012-08-02,0.5151039958000183,0.5219789743423462
2012-08-03,0.5475000143051147,0.5516669750213623
2012-08-06,0.5607290267944336,0.5640630125999451
2012-08-07,0.5724999904632568,0.5780209898948669
2012-08-08,0.5737500190734863,0.5770829916000366
2012-08-09,0.5772920250892639,0.581978976726532
2012-08-10,0.5771880149841309,0.5843750238418579
2012-08-13,0.5839580297470093,0.5879169702529907
2012-08-14,0.5945829749107361,0.5887500047683716
2012-08-15,0.5872920155525208,0.5929170250892639
2012-08-16,0.6001039743423462,0.6141669750213623
2012-08-17,0.6182289719581604,0.6226040124893188
2012-08-20,0.6214579939842224,0.625
2012-08-21,0.6310420036315918,0.617812991142273
2012-08-22,0.6131250262260437,0.6244789958000183
2012-08-23,0.6175000071525574,0.6106250286102295
2012-08-24,0.605417013168335,0.6214579939842224
2012-08-27,0.6295830011367798,0.6244789958000183
2012-08-28,0.6225000023841858,0.6243749856948853
2012-08-29,0.6251040101051331,0.6245830059051514
2012-08-30,0.6162499785423279,0.605521023273468
2012-08-31,0.6187499761581421,0.6184380054473877
2012-09-04,0.614687979221344,0.6158329844474792
2012-09-05,0.6144790053367615,0.6130210161209106
2012-09-06,0.6248959898948669,0.6535419821739197
2012-09-07,0.6502079963684082,0.6507290005683899
2012-09-10,0.6467710137367249,0.6267709732055664
2012-09-11,0.6264579892158508,0.6240630149841309
2012-09-12,0.6301040053367615,0.6294789910316467
2012-09-13,0.6311460137367249,0.6545829772949219
2012-09-14,0.6625000238418579,0.6713539958000183
2012-09-17,0.6735420227050781,0.6726040244102478
2012-09-18,0.6675000190734863,0.6738539934158325
2012-09-19,0.6745830178260803,0.6783329844474792
2012-09-20,0.6684380173683167,0.6767709851264954
2012-09-21,0.6866670250892639,0.6767709851264954
2012-09-24,0.6597920060157776,0.6642709970474243
2012-09-25,0.6703130006790161,0.6376039981842041
2012-09-26,0.6339579820632935,0.6208329796791077
2012-09-27,0.6255210041999817,0.6471880078315735
2012-09-28,0.6402080059051514,0.6316670179367065
2012-10-01,0.640625,0.628957986831665
2012-10-02,0.636667013168335,0.6330209970474243
2012-10-03,0.6387500166893005,0.6449999809265137
2012-10-04,0.6494789719581604,0.6524999737739563
2012-10-05,0.6620830297470093,0.6412500143051147
2012-10-08,0.6307290196418762,0.6242709755897522
2012-10-09,0.6186460256576538,0.5921880006790161
2012-10-10,0.5941669940948486,0.5849999785423279
2012-10-11,0.599166989326477,0.5797920227050781
2012-10-12,0.5804169774055481,0.5796880125999451
2012-10-15,0.5857290029525757,0.5912500023841858
2012-10-16,0.5944790244102478,0.6169790029525757
2012-10-17,0.6072919964790344,0.6151040196418762
2012-10-18,0.6096879839897156,0.5940629839897156
2012-10-19,0.5920829772949219,0.5511459708213806
2012-10-22,0.550000011920929,0.5597919821739197
2012-10-23,0.5466669797897339,0.5432289838790894
2012-10-24,0.5532289743423462,0.5378130078315735
2012-10-25,0.5495830178260803,0.5378130078315735
2012-10-26,0.5385419726371765,0.5434380173683167
2012-10-31,0.5411459803581238,0.5329170227050781
2012-11-01,0.5426040291786194,0.5555210113525391
2012-11-02,0.5630210041999817,0.535207986831665
2012-11-05,0.5382289886474609,0.5483329892158508
2012-11-06,0.550728976726532,0.5516669750213623
2012-11-07,0.5339580178260803,0.5120829939842224
2012-11-08,0.515625,0.4881249964237213
2012-11-09,0.48885399103164673,0.4934380054473877
2012-11-12,0.5028129816055298,0.4941670000553131
2012-11-13,0.4826039969921112,0.48343798518180847
2012-11-14,0.49031299352645874,0.46614599227905273
2012-11-15,0.4671880006790161,0.4619790017604828
2012-11-16,0.4625000059604645,0.4671880006790161
2012-11-19,0.4828130006790161,0.5008329749107361
2012-11-20,0.5007290244102478,0.5009379982948303
2012-11-21,0.5022919774055481,0.5044789910316467
2012-11-23,0.5136460065841675,0.5276039838790894
2012-11-26,0.5239580273628235,0.534375011920929
2012-11-27,0.5333330035209656,0.5283330082893372
2012-11-28,0.521041989326477,0.5425000190734863
2012-11-29,0.5510420203208923,0.5518749952316284
2012-11-30,0.5520830154418945,0.5498960018157959
2012-12-03,0.5623959898948669,0.5471879839897156
2012-12-04,0.5473960041999817,0.543645977973938
2012-12-05,0.542917013168335,0.5268750190734863
2012-12-06,0.5220829844474792,0.536562979221344
2012-12-07,0.5454170107841492,0.527396023273468
2012-12-10,0.5234379768371582,0.5320829749107361
2012-12-11,0.5440629720687866,0.5526040196418762
2012-12-12,0.5612499713897705,0.5488539934158325
2012-12-13,0.5462499856948853,0.5364580154418945
2012-12-14,0.5262500047683716,0.5212500095367432
2012-12-17,0.5220829844474792,0.5415629744529724
2012-12-18,0.5498960018157959,0.5666670203208923
2012-12-19,0.5712500214576721,0.558542013168335
2012-12-20,0.5620830059051514,0.5589579939842224
2012-12-21,0.5332289934158325,0.5415629744529724
2012-12-24,0.5387499928474426,0.5369790196418762
2012-12-26,0.5386459827423096,0.5242710113525391
2012-12-27,0.5251039862632751,0.5213540196418762
2012-12-28,0.5106250047683716,0.5062500238418579
2012-12-31,0.503853976726532,0.5392709970474243
2013-01-02,0.578125,0.5895829796791077
2013-01-03,0.5894790291786194,0.5810419917106628
2013-01-04,0.5814579725265503,0.5753129720687866
2013-01-07,0.5703129768371582,0.5759379863739014
2013-01-08,0.5752080082893372,0.5726040005683899
2013-01-09,0.5744789838790894,0.5784379839897156
2013-01-10,0.589896023273468,0.5886459946632385
2013-01-11,0.5880209803581238,0.5908330082893372
2013-01-14,0.5814579725265503,0.5832290053367615
2013-01-15,0.5752080082893372,0.5745829939842224
2013-01-16,0.5779169797897339,0.5810419917106628
2013-01-17,0.5888540148735046,0.5899999737739563
2013-01-18,0.5842710137367249,0.586667001247406
2013-01-22,0.5882290005683899,0.5890629887580872
2013-01-23,0.5985419750213623,0.5986459851264954
2013-01-24,0.5752080082893372,0.5747920274734497
2013-01-25,0.5807290077209473,0.5833330154418945
2013-01-28,0.5840629935264587,0.5874999761581421
2013-01-29,0.5851039886474609,0.5874999761581421
2013-01-30,0.5913540124893188,0.5842710137367249
2013-01-31,0.5833330154418945,0.5805209875106812
2013-02-01,0.5922920107841492,0.5995830297470093
2013-02-04,0.5894790291786194,0.5690630078315735
2013-02-05,0.5761460065841675,0.5940629839897156
2013-02-06,0.5880209803581238,0.5885419845581055
2013-02-07,0.5903130173683167,0.5899999737739563
2013-02-08,0.5994790196418762,0.6079170107841492
2013-02-11,0.6092709898948669,0.6077079772949219
2013-02-12,0.6066669821739197,0.6006249785423279
2013-02-13,0.6060420274734497,0.6076040267944336
2013-02-14,0.5992709994316101,0.6063539981842041
2013-02-15,0.6071879863739014,0.6011459827423096
2013-02-19,0.605417013168335,0.6142709851264954
2013-02-20,0.6141669750213623,0.5862500071525574
2013-02-21,0.5798959732055664,0.567188024520874
2013-02-22,0.5769789814949036,0.5838540196418762
2013-02-25,0.5957289934158325,0.5620830059051514
2013-02-26,0.5655210018157959,0.5688539743423462
2013-02-27,0.569582998752594,0.5861459970474243
2013-02-28,0.5861459970474243,0.5839580297470093
2013-03-01,0.5767710208892822,0.5899999737739563
2013-03-04,0.5841670036315918,0.597603976726532
2013-03-05,0.6091669797897339,0.6238539814949036
2013-03-06,0.6302080154418945,0.6198959946632385
2013-03-07,0.6216670274734497,0.6253129839897156
2013-03-08,0.6310420036315918,0.6260420083999634
2013-03-11,0.6248959898948669,0.6324999928474426
2013-03-12,0.6268749833106995,0.6247919797897339
2013-03-13,0.6270830035209656,0.6228129863739014
2013-03-14,0.6294789910316467,0.6291670203208923
2013-03-15,0.6302080154418945,0.6232290267944336
2013-03-18,0.6069790124893188,0.6189579963684082
2013-03-19,0.6248959898948669,0.616457998752594
2013-03-20,0.6290630102157593,0.628229022026062
2013-03-21,0.612500011920929,0.6081249713897705
2013-03-22,0.6150000095367432,0.6248959898948669
2013-03-25,0.6310420036315918,0.6185420155525208
2013-03-26,0.6258329749107361,0.6280210018157959
2013-03-27,0.6161460280418396,0.6313539743423462
2013-03-28,0.6309379935264587,0.6349999904632568
2013-04-01,0.6369789838790894,0.6227080225944519
2013-04-02,0.6309379935264587,0.636771023273468
2013-04-03,0.6381250023841858,0.6198959946632385
2013-04-04,0.6192709803581238,0.6202080249786377
2013-04-05,0.5909379720687866,0.6050000190734863
2013-04-08,0.605521023273468,0.6142709851264954
2013-04-09,0.6193749904632568,0.6263539791107178
2013-04-10,0.6329169869422913,0.6630210280418396
2013-04-11,0.6585419774055481,0.6618750095367432
2013-04-12,0.6576039791107178,0.6611459851264954
2013-04-15,0.6529170274734497,0.6209380030632019
2013-04-16,0.6332290172576904,0.6468750238418579
2013-04-17,0.6294789910316467,0.6090630292892456
2013-04-18,0.6141669750213623,0.5827080011367798
2013-04-19,0.5873960256576538,0.6068750023841858
2013-04-22,0.6135420203208923,0.6255210041999817
2013-04-23,0.6369789838790894,0.6439579725265503
2013-04-24,0.6389579772949219,0.6423959732055664
2013-04-25,0.6486459970474243,0.6528130173683167
2013-04-26,0.6487500071525574,0.6472920179367065
2013-04-29,0.6528130173683167,0.6644790172576904
2013-04-30,0.6675000190734863,0.6790630221366882
2013-05-01,0.6790630221366882,0.6704170107841492
2013-05-02,0.6730210185050964,0.6946880221366882
2013-05-03,0.7152079939842224,0.7189580202102661
2013-05-06,0.7231249809265137,0.7282289862632751
2013-05-07,0.7316669821739197,0.7264580130577087
2013-05-08,0.7246879935264587,0.7378129959106445
2013-05-09,0.7323960065841675,0.7352079749107361
2013-05-10,0.7384380102157593,0.7477080225944519
2013-05-13,0.7440630197525024,0.7506250143051147
2013-05-14,0.7505210041999817,0.761667013168335
2013-05-15,0.7582290172576904,0.7672920227050781
2013-05-16,0.768854022026062,0.7644789814949036
2013-05-17,0.7754169702529907,0.7860419750213623
2013-05-20,0.7798960208892822,0.7825000286102295
2013-05-21,0.7819790244102478,0.7854170203208923
2013-05-22,0.7879170179367065,0.7662500143051147
2013-05-23,0.7442709803581238,0.7579169869422913
2013-05-24,0.7437499761581421,0.7574999928474426
2013-05-28,0.7839580178260803,0.7731249928474426
2013-05-29,0.7635419964790344,0.7614579796791077
2013-05-30,0.761667013168335,0.7738540172576904
2013-05-31,0.7642710208892822,0.7517709732055664
2013-06-03,0.7534379959106445,0.7561460137367249
2013-06-04,0.7604169845581055,0.7447919845581055
2013-06-05,0.7369790077209473,0.7162500023841858
2013-06-06,0.7182289958000183,0.7250000238418579
2013-06-07,0.7355210185050964,0.755312979221344
2013-06-10,0.7601040005683899,0.7556250095367432
2013-06-11,0.7332289814949036,0.7337499856948853
2013-06-12,0.7471879720687866,0.7083330154418945
2013-06-13,0.7052080035209656,0.7337499856948853
2013-06-14,0.7347919940948486,0.7208330035209656
2013-06-17,0.737500011920929,0.7408329844474792
2013-06-18,0.7441669702529907,0.7583330273628235
2013-06-19,0.7594789862632751,0.7344790101051331
2013-06-20,0.7086459994316101,0.680312991142273
2013-06-21,0.6808329820632935,0.6707289814949036
2013-06-24,0.6544790267944336,0.6499999761581421
2013-06-25,0.6691669821739197,0.6638540029525757
2013-06-26,0.6816669702529907,0.6819790005683899
2013-06-27,0.6926040053367615,0.6895830035209656
2013-06-28,0.6841670274734497,0.691457986831665
2013-07-01,0.7082290053367615,0.706250011920929
2013-07-02,0.7058330178260803,0.7065629959106445
2013-07-03,0.6997920274734497,0.7161459922790527
2013-07-05,0.7279170155525208,0.7319790124893188
2013-07-08,0.7435420155525208,0.734375
2013-07-09,0.7444790005683899,0.7478129863739014
2013-07-10,0.7451040148735046,0.7604169845581055
2013-07-11,0.7846879959106445,0.8078129887580872
2013-07-12,0.8080210089683533,0.8162500262260437
2013-07-15,0.8188539743423462,0.8226040005683899
2013-07-16,0.8240630030632019,0.8193749785423279
2013-07-17,0.8263540267944336,0.8252080082893372
2013-07-18,0.8247920274734497,0.8191670179367065
2013-07-19,0.7979170083999634,0.7942709922790527
2013-07-22,0.8027080297470093,0.800000011920929
2013-07-23,0.8046879768371582,0.7821879982948303
2013-07-24,0.805417001247406,0.7895830273628235
2013-07-25,0.8012499809265137,0.8038539886474609
2013-07-26,0.7952079772949219,0.817188024520874
2013-07-29,0.8130210041999817,0.8134379982948303
2013-07-30,0.8223959803581238,0.8255209922790527
2013-07-31,0.8307290077209473,0.8307290077209473
2013-08-01,0.847603976726532,0.8560420274734497
2013-08-02,0.8566669821739197,0.8703129887580872
2013-08-05,0.8672919869422913,0.8721879720687866
2013-08-06,0.8683329820632935,0.8566669821739197
2013-08-07,0.8486459851264954,0.8517709970474243
2013-08-08,0.8659380078315735,0.8631250262260437
2013-08-09,0.8605210185050964,0.8538540005683899
2013-08-12,0.8436459898948669,0.8591669797897339
2013-08-13,0.8627079725265503,0.8734380006790161
2013-08-14,0.8729169964790344,0.8637499809265137
2013-08-15,0.8353130221366882,0.8204169869422913
2013-08-16,0.8206250071525574,0.8174999952316284
2013-08-19,0.8204169869422913,0.8142709732055664
2013-08-20,0.8198959827423096,0.8254169821739197
2013-08-21,0.8182290196418762,0.817188024520874
2013-08-22,0.8267710208892822,0.840520977973938
2013-08-23,0.8590630292892456,0.8582289814949036
2013-08-26,0.859375,0.8589580059051514
2013-08-27,0.8286460041999817,0.8048959970474243
2013-08-28,0.8043749928474426,0.8153129816055298
2013-08-29,0.8149999976158142,0.8321880102157593
2013-08-30,0.8345829844474792,0.8166670203208923
2013-09-03,0.8364580273628235,0.8301039934158325
2013-09-04,0.8380209803581238,0.8571879863739014
2013-09-05,0.8584380149841309,0.8609380125999451
2013-09-06,0.8693749904632568,0.864063024520874
2013-09-09,0.8742709755897522,0.894478976726532
2013-09-10,0.910207986831665,0.9080209732055664
2013-09-11,0.8901039958000183,0.9034379720687866
2013-09-12,0.903020977973938,0.8993750214576721
2013-09-13,0.9037500023841858,0.902292013168335
2013-09-16,0.9244790077209473,0.8946880102157593
2013-09-17,0.8997920155525208,0.9126039743423462
2013-09-18,0.916458010673523,0.9461460113525391
2013-09-19,0.9536460041999817,0.9519789814949036
2013-09-20,0.9592710137367249,0.9415630102157593
2013-09-23,0.9547920227050781,0.9362499713897705
2013-09-24,0.9427080154418945,0.9364579916000366
2013-09-25,0.9378129839897156,0.9276040196418762
2013-09-26,0.9385420083999634,0.9488540291786194
2013-09-27,0.9331250190734863,0.9443749785423279
2013-09-30,0.9154170155525208,0.9384379982948303
2013-10-01,0.9380210041999817,0.9665629863739014
2013-10-02,0.945937991142273,0.964792013168335
2013-10-03,0.9613540172576904,0.9312499761581421
2013-10-04,0.9307289719581604,0.9552080035209656
2013-10-07,0.9309380054473877,0.9315630197525024
2013-10-08,0.9312499761581421,0.878853976726532
2013-10-09,0.8836460113525391,0.8691669702529907
2013-10-10,0.8969789743423462,0.9243749976158142
2013-10-11,0.9173960089683533,0.9452080130577087
2013-10-14,0.9284380078315735,0.964792013168335
2013-10-15,0.9629169702529907,0.9544789791107178
2013-10-16,0.9672920107841492,0.9870830178260803
2013-10-17,0.9730209708213806,1.003021001815796
2013-10-18,1.0309380292892456,1.0526039600372314
2013-10-21,1.0586459636688232,1.0586459636688232
2013-10-22,1.0703129768371582,1.0622919797897339
2013-10-23,1.0485420227050781,1.0452079772949219
2013-10-24,1.0459380149841309,1.0582289695739746
2013-10-25,1.0885419845581055,1.0793750286102295
2013-10-28,1.0809379816055298,1.0815629959106445
2013-10-29,1.0919790267944336,1.086771011352539
2013-10-30,1.0985419750213623,1.0833330154418945
2013-10-31,1.0760420560836792,1.0763540267944336
2013-11-01,1.0857290029525757,1.0758329629898071
2013-11-04,1.087499976158142,1.0810420513153076
2013-11-05,1.0688539743423462,1.0856250524520874
2013-11-06,1.0982290506362915,1.0837500095367432
2013-11-07,1.084375023841858,1.0236459970474243
2013-11-08,1.0343749523162842,1.0640629529953003
2013-11-11,1.0573960542678833,1.0589580535888672
2013-11-12,1.0496879816055298,1.0641670227050781
2013-11-13,1.0439579486846924,1.1022919416427612
2013-11-14,1.0934380292892456,1.1108330488204956
2013-11-15,1.1145830154418945,1.118541955947876
2013-11-18,1.1179169416427612,1.08760404586792
2013-11-19,1.0846879482269287,1.0768749713897705
2013-11-20,1.0862499475479126,1.0693750381469727
2013-11-21,1.0819790363311768,1.1020829677581787
2013-11-22,1.1079169511795044,1.1194789409637451
2013-11-25,1.1306250095367432,1.1268750429153442
2013-11-26,1.128957986831665,1.1455210447311401
2013-11-27,1.1521879434585571,1.1684379577636719
2013-11-29,1.1825000047683716,1.1876039505004883
2013-12-02,1.1943750381469727,1.1802079677581787
2013-12-03,1.1769789457321167,1.1767710447311401
2013-12-04,1.1619789600372314,1.179792046546936
2013-12-05,1.1836459636688232,1.1761460304260254
2013-12-06,1.2044789791107178,1.2004170417785645
2013-12-09,1.2145830392837524,1.214792013168335
2013-12-10,1.2086460590362549,1.21260404586792
2013-12-11,1.2118749618530273,1.1672919988632202
2013-12-12,1.1677080392837524,1.1578129529953003
2013-12-13,1.1731250286102295,1.152292013168335
2013-12-16,1.1689579486846924,1.1720830202102661
2013-12-17,1.1720830202102661,1.164687991142273
2013-12-18,1.1677080392837524,1.2048959732055664
2013-12-19,1.1982289552688599,1.1940629482269287
2013-12-20,1.2000000476837158,1.2300000190734863
2013-12-23,1.2605210542678833,1.2697919607162476
2013-12-24,1.2698960304260254,1.2715630531311035
2013-12-26,1.2776039838790894,1.2839579582214355
2013-12-27,1.2883330583572388,1.2745829820632935
2013-12-30,1.2679170370101929,1.2679170370101929
2013-12-31,1.2753130197525024,1.2928129434585571
2014-01-02,1.27510404586792,1.262603998184204
2014-01-03,1.262395977973938,1.235103964805603
2014-01-06,1.2361459732055664,1.221979022026062
2014-01-07,1.2378129959106445,1.2536460161209106
2014-01-08,1.2555210590362549,1.2630209922790527
2014-01-09,1.2763539552688599,1.25
2014-01-10,1.260208010673523,1.2625000476837158
2014-01-13,1.2573959827423096,1.206354022026062
2014-01-14,1.2190630435943604,1.2754169702529907
2014-01-15,1.2905210256576538,1.3052079677581787
2014-01-16,1.3034379482269287,1.3079169988632202
2014-01-17,1.2955210208892822,1.2846879959106445
2014-01-21,1.3091670274734497,1.313438057899475
2014-01-22,1.3236459493637085,1.325624942779541
2014-01-23,1.3118749856948853,1.3096879720687866
2014-01-24,1.2902079820632935,1.2320829629898071
2014-01-27,1.2335419654846191,1.1962499618530273
2014-01-28,1.1777080297470093,1.1958329677581787
2014-01-29,1.164167046546936,1.1581250429153442
2014-01-30,1.1997920274734497,1.2191669940948486
2014-01-31,1.179582953453064,1.2106250524520874
2014-02-03,1.2039580345153809,1.130416989326477
2014-02-04,1.144374966621399,1.152500033378601
2014-02-05,1.140625,1.1418750286102295
2014-02-06,1.1535420417785645,1.1856249570846558
2014-02-07,1.2064579725265503,1.2485419511795044
2014-02-10,1.2491669654846191,1.2714580297470093
2014-02-11,1.278749942779541,1.315000057220459
2014-02-12,1.3229169845581055,1.3212499618530273
2014-02-13,1.292917013168335,1.3552080392837524
2014-02-14,1.3533329963684082,1.3591669797897339
2014-02-18,1.3660420179367065,1.380416989326477
2014-02-19,1.3722920417785645,1.350208044052124
2014-02-20,1.3533329963684082,1.3697919845581055
2014-02-21,1.382707953453064,1.3627079725265503
2014-02-24,1.371042013168335,1.386667013168335
2014-02-25,1.3922920227050781,1.3816670179367065
2014-02-26,1.3937499523162842,1.3770829439163208
2014-02-27,1.3785419464111328,1.4041670560836792
2014-02-28,1.4043749570846558,1.397083044052124
2014-03-03,1.3591669797897339,1.3664580583572388
2014-03-04,1.412708044052124,1.4214580059051514
2014-03-05,1.428125023841858,1.4331250190734863
2014-03-06,1.4416669607162476,1.4277080297470093
2014-03-07,1.4431250095367432,1.4072920083999634
2014-03-10,1.4049999713897705,1.410207986831665
2014-03-11,1.4214580059051514,1.3927079439163208
2014-03-12,1.3743749856948853,1.4083329439163208
2014-03-13,1.4239579439163208,1.3485419750213623
2014-03-14,1.3339580297470093,1.3208329677581787
2014-03-17,1.3454170227050781,1.3560420274734497
2014-03-18,1.3602080345153809,1.4047919511795044
2014-03-19,1.4060419797897339,1.3816670179367065
2014-03-20,1.368749976158142,1.3925000429153442
2014-03-21,1.415416955947876,1.3414579629898071
2014-03-24,1.3581249713897705,1.3077080249786377
2014-03-25,1.3287500143051147,1.3197920322418213
2014-03-26,1.3402080535888672,1.269582986831665
2014-03-27,1.2645829916000366,1.2470829486846924
2014-03-28,1.259374976158142,1.2552080154418945
2014-03-31,1.283750057220459,1.2802079916000366
2014-04-01,1.300832986831665,1.3495830297470093
2014-04-02,1.3668750524520874,1.3602080345153809
2014-04-03,1.3643749952316284,1.328125
2014-04-04,1.351667046546936,1.222707986831665
2014-04-07,1.1983330249786377,1.1860419511795044
2014-04-08,1.1904170513153076,1.2191669940948486
2014-04-09,1.2320829629898071,1.2816669940948486
2014-04-10,1.2841670513153076,1.1633330583572388
2014-04-11,1.131458044052124,1.1227079629898071
2014-04-14,1.1504169702529907,1.1479170322418213
2014-04-15,1.1591670513153076,1.1593749523162842
2014-04-16,1.1891670227050781,1.2043750286102295
2014-04-17,1.1924999952316284,1.2050000429153442
2014-04-21,1.2145830392837524,1.2322920560836792
2014-04-22,1.2439579963684082,1.2625000476837158
2014-04-23,1.261667013168335,1.228124976158142
2014-04-24,1.2897919416427612,1.2643749713897705
2014-04-25,1.2410420179367065,1.2033330202102661
2014-04-28,1.2193750143051147,1.216249942779541
2014-04-29,1.2258330583572388,1.2431249618530273
2014-04-30,1.2277079820632935,1.2541669607162476
2014-05-01,1.2597919702529907,1.2654169797897339
2014-05-02,1.2764580249786377,1.259166955947876
2014-05-05,1.2354170083999634,1.2770830392837524
2014-05-06,1.2714580297470093,1.2277079820632935
2014-05-07,1.2370829582214355,1.2166670560836792
2014-05-08,1.2045830488204956,1.212499976158142
2014-05-09,1.2112499475479126,1.226667046546936
2014-05-12,1.2489579916000366,1.2864580154418945
2014-05-13,1.2910419702529907,1.289167046546936
2014-05-14,1.2785420417785645,1.2699999809265137
2014-05-15,1.2685420513153076,1.240625023841858
2014-05-16,1.2433329820632935,1.2637499570846558
2014-05-19,1.252500057220459,1.2908329963684082
2014-05-20,1.289167046546936,1.2766669988632202
2014-05-21,1.2825000286102295,1.3127080202102661
2014-05-22,1.316249966621399,1.3289580345153809
2014-05-23,1.334583044052124,1.3587499856948853
2014-05-27,1.3777079582214355,1.4097919464111328
2014-05-28,1.4085420370101929,1.3964580297470093
2014-05-29,1.4120830297470093,1.4247920513153076
2014-05-30,1.4247920513153076,1.4235420227050781
2014-06-02,1.4291670322418213,1.4199999570846558
2014-06-03,1.4054169654846191,1.417917013168335
2014-06-04,1.4066669940948486,1.4329169988632202
2014-06-05,1.4375,1.4702080488204956
2014-06-06,1.4874999523162842,1.4939579963684082
2014-06-09,1.4970829486846924,1.4912500381469727
2014-06-10,1.486875057220459,1.4997919797897339
2014-06-11,1.4829169511795044,1.497499942779541
2014-06-12,1.4885419607162476,1.4583330154418945
2014-06-13,1.4770829677581787,1.4683330059051514
2014-06-16,1.4637500047683716,1.4737499952316284
2014-06-17,1.4714579582214355,1.4758330583572388
2014-06-18,1.481874942779541,1.5027079582214355
2014-06-19,1.5081249475479126,1.4968750476837158
2014-06-20,1.5002080202102661,1.5022920370101929
2014-06-23,1.5018750429153442,1.503957986831665
2014-06-24,1.503957986831665,1.4997919797897339
2014-06-25,1.4887499809265137,1.5270830392837524
2014-06-26,1.53125,1.53125
2014-06-27,1.5252079963684082,1.5464580059051514
2014-06-30,1.5491670370101929,1.5579169988632202
2014-07-01,1.5735419988632202,1.6102080345153809
2014-07-02,1.6122920513153076,1.6164580583572388
2014-07-03,1.632707953453064,1.6475000381469727
2014-07-07,1.6414580345153809,1.6316670179367065
2014-07-08,1.6239579916000366,1.5747920274734497
2014-07-09,1.5864579677581787,1.6104170083999634
2014-07-10,1.5483330488204956,1.5952080488204956
2014-07-11,1.6045830249786377,1.6229170560836792
2014-07-14,1.6447919607162476,1.6539579629898071
2014-07-15,1.6608330011367798,1.636667013168335
2014-07-16,1.6716669797897339,1.6552079916000366
2014-07-17,1.6412500143051147,1.5891669988632202
2014-07-18,1.6162500381469727,1.6643749475479126
2014-07-21,1.6527080535888672,1.6583329439163208
2014-07-22,1.6825000047683716,1.691249966621399
2014-07-23,1.7066669464111328,1.7229169607162476
2014-07-24,1.7314579486846924,1.7168749570846558
2014-07-25,1.6920830011367798,1.6958329677581787
2014-07-28,1.7004170417785645,1.6979169845581055
2014-07-29,1.708541989326477,1.6893750429153442
2014-07-30,1.7166670560836792,1.709583044052124
2014-07-31,1.6666669845581055,1.605417013168335
2014-08-01,1.5954170227050781,1.5868749618530273
2014-08-04,1.597499966621399,1.6193749904632568
2014-08-05,1.6010420322418213,1.5814579725265503
2014-08-06,1.5520830154418945,1.5787500143051147
2014-08-07,1.599166989326477,1.5635420083999634
2014-08-08,1.571666955947876,1.5968749523162842
2014-08-11,1.6145830154418945,1.6258330345153809
2014-08-12,1.6202080249786377,1.6220829486846924
2014-08-13,1.6439579725265503,1.6747920513153076
2014-08-14,1.6804169416427612,1.700624942779541
2014-08-15,1.7274999618530273,1.7237499952316284
2014-08-18,1.7504169940948486,1.7654169797897339
2014-08-19,1.7777080535888672,1.7958329916000366
2014-08-20,1.7897919416427612,1.7958329916000366
2014-08-21,1.7985420227050781,1.806041955947876
2014-08-22,1.8066669702529907,1.8131250143051147
2014-08-25,1.840000033378601,1.8333330154418945
2014-08-26,1.8408329486846924,1.8395830392837524
2014-08-27,1.8408329486846924,1.839792013168335
2014-08-28,1.8214579820632935,1.8322919607162476
2014-08-29,1.8460420370101929,1.8537499904632568
2014-09-02,1.8679169416427612,1.8691669702529907
2014-09-03,1.882707953453064,1.8370829820632935
2014-09-04,1.8493750095367432,1.8312499523162842
2014-09-05,1.840000033378601,1.8595830202102661
2014-09-08,1.8591669797897339,1.8689579963684082
2014-09-09,1.868749976158142,1.8235419988632202
2014-09-10,1.8300000429153442,1.865833044052124
2014-09-11,1.8429169654846191,1.8643749952316284
2014-09-12,1.8583329916000366,1.8350000381469727
2014-09-15,1.840000033378601,1.7797919511795044
2014-09-16,1.7610419988632202,1.8279169797897339
2014-09-17,1.8260420560836792,1.8368749618530273
2014-09-18,1.8524999618530273,1.8764580488204956
2014-09-19,1.9018750190734863,1.8722920417785645
2014-09-22,1.8595830202102661,1.8214579820632935
2014-09-23,1.7987500429153442,1.8056249618530273
2014-09-24,1.8097920417785645,1.8641669750213623
2014-09-25,1.8447920083999634,1.7458330392837524
2014-09-26,1.7637499570846558,1.8016669750213623
2014-09-29,1.747499942779541,1.7956249713897705
2014-09-30,1.8104170560836792,1.802291989326477
2014-10-01,1.7881250381469727,1.7160420417785645
2014-10-02,1.7141669988632202,1.7152080535888672
2014-10-03,1.7450000047683716,1.7668750286102295
2014-10-06,1.7804169654846191,1.7547919750213623
2014-10-07,1.7293750047683716,1.6806249618530273
2014-10-08,1.6839580535888672,1.7777080535888672
2014-10-09,1.7708330154418945,1.6891670227050781
2014-10-10,1.6595829725265503,1.5627080202102661
2014-10-13,1.556249976158142,1.4895830154418945
2014-10-14,1.5202080011367798,1.492292046546936
2014-10-15,1.4229170083999634,1.4604170322418213
2014-10-16,1.3691669702529907,1.4377080202102661
2014-10-17,1.4914580583572388,1.4939579963684082
2014-10-20,1.4885419607162476,1.5583330392837524
2014-10-21,1.6143749952316284,1.6802079677581787
2014-10-22,1.6960419416427612,1.6541670560836792
2014-10-23,1.7041670083999634,1.7297919988632202
2014-10-24,1.7370829582214355,1.769582986831665
2014-10-27,1.760208010673523,1.7762500047683716
2014-10-28,1.7979170083999634,1.855625033378601
2014-10-29,1.8364579677581787,1.8333330154418945
2014-10-30,1.8089580535888672,1.8447920083999634
2014-10-31,1.9377080202102661,1.9208329916000366
2014-11-03,1.9306249618530273,1.9406249523162842
2014-11-04,1.9189579486846924,1.9199999570846558
2014-11-05,1.9554170370101929,1.9197920560836792
2014-11-06,1.9168750047683716,1.9362499713897705
2014-11-07,1.9479169845581055,1.9314579963684082
2014-11-10,1.9341670274734497,1.9512499570846558
2014-11-11,1.9541670083999634,1.9697920083999634
2014-11-12,1.946666955947876,1.980625033378601
2014-11-13,1.9914580583572388,2.006042003631592
2014-11-14,2.005000114440918,2.024583101272583
2014-11-17,2.0102078914642334,2.005625009536743
2014-11-18,2.0118749141693115,2.0506250858306885
2014-11-19,2.0447919368743896,2.024583101272583
2014-11-20,1.9977079629898071,2.0514578819274902
2014-11-21,2.105833053588867,2.0662500858306885
2014-11-24,2.0799999237060547,2.112916946411133
2014-11-25,2.1204171180725098,2.1197919845581055
2014-11-26,2.126667022705078,2.1631250381469727
2014-11-28,2.1806249618530273,2.1954169273376465
2014-12-01,2.17520809173584,2.114375114440918
2014-12-02,2.1247920989990234,2.137083053588867
2014-12-03,2.152292013168335,2.1564579010009766
2014-12-04,2.1468749046325684,2.1500000953674316
2014-12-05,2.162708044052124,2.1514580249786377
2014-12-08,2.1337499618530273,2.1050000190734863
2014-12-09,2.030208110809326,2.1254169940948486
2014-12-10,2.112916946411133,2.0225000381469727
2014-12-11,2.0416669845581055,2.0541670322418213
2014-12-12,1.9939579963684082,1.9862500429153442
2014-12-15,2.0158329010009766,1.9266669750213623
2014-12-16,1.8883329629898071,1.8310420513153076
2014-12-17,1.834583044052124,1.9293750524520874
2014-12-18,2.014167070388794,2.0708329677581787
2014-12-19,2.077083110809326,2.0939579010009766
2014-12-22,2.087291955947876,2.112916946411133
2014-12-23,2.1362500190734863,2.092708110809326
2014-12-24,2.099375009536743,2.09708309173584
2014-12-26,2.112499952316284,2.139583110809326
2014-12-29,2.1337499618530273,2.140000104904175
2014-12-30,2.118957996368408,2.0958330631256104
2014-12-31,2.104374885559082,2.030208110809326
2015-01-02,2.059375047683716,2.0135419368743896
2015-01-05,1.984375,1.9229170083999634
2015-01-06,1.929792046546936,1.8466670513153076
2015-01-07,1.8818750381469727,1.9177080392837524
2015-01-08,1.9670829772949219,2.027082920074463
2015-01-09,2.046041965484619,1.9860420227050781
2015-01-12,1.9993749856948853,1.9249999523162842
2015-01-13,1.9793750047683716,1.9233330488204956
2015-01-14,1.8622920513153076,1.8937499523162842
2015-01-15,1.915416955947876,1.8185420036315918
2015-01-16,1.8095829486846924,1.8833329677581787
2015-01-20,1.9149999618530273,1.9249999523162842
2015-01-21,1.9075000286102295,1.9545830488204956
2015-01-22,1.9791669845581055,2.063333034515381
2015-01-23,2.063333034515381,2.077083110809326
2015-01-26,2.0708329677581787,2.072499990463257
2015-01-27,1.9739580154418945,1.9120830297470093
2015-01-28,1.9997919797897339,1.8791669607162476
2015-01-29,1.8727079629898071,1.933542013168335
2015-01-30,1.9268749952316284,1.8891669511795044
2015-02-02,1.8993749618530273,1.9387500286102295
2015-02-03,1.9550000429153442,1.9916670322418213
2015-02-04,1.9666670560836792,1.9864579439163208
2015-02-05,2.000624895095825,2.0391669273376465
2015-02-06,2.047916889190674,2.0020830631256104
2015-02-09,1.978124976158142,1.9800000190734863
2015-02-10,2.016458034515381,2.07479190826416
2015-02-11,2.082292079925537,2.0981249809265137
2015-02-12,2.1358330249786377,2.1714580059051514
2015-02-13,2.1887500286102295,2.226249933242798
2015-02-17,2.225832939147949,2.2322919368743896
2015-02-18,2.224792003631592,2.241874933242798
2015-02-19,2.2364580631256104,2.275624990463257
2015-02-20,2.2702078819274902,2.3193750381469727
2015-02-23,2.3179171085357666,2.3285419940948486
2015-02-24,2.3183329105377197,2.3333330154418945
2015-02-25,2.321042060852051,2.3145830631256104
2015-02-26,2.3212499618530273,2.349792003631592
2015-02-27,2.34708309173584,2.3187499046325684
2015-03-02,2.331249952316284,2.3812499046325684
2015-03-03,2.360416889190674,2.34708309173584
2015-03-04,2.32479190826416,2.321042060852051
2015-03-05,2.338749885559082,2.331249952316284
2015-03-06,2.324583053588867,2.251041889190674
2015-03-09,2.267082929611206,2.272707939147949
2015-03-10,2.222707986831665,2.1468749046325684
2015-03-11,2.152708053588867,2.1091670989990234
2015-03-12,2.1031250953674316,2.149583101272583
2015-03-13,2.14395809173584,2.121875047683716
2015-03-16,2.1454169750213623,2.203125
2015-03-17,2.18416690826416,2.21541690826416
2015-03-18,2.196458101272583,2.2791669368743896
2015-03-19,2.2870829105377197,2.290208101272583
2015-03-20,2.344791889190674,2.337707996368408
2015-03-23,2.3304169178009033,2.318125009536743
2015-03-24,2.3177080154418945,2.2945830821990967
2015-03-25,2.306457996368408,2.1343750953674316
2015-03-26,2.084167003631592,2.116874933242798
2015-03-27,2.11270809173584,2.13729190826416
2015-03-30,2.180417060852051,2.2141671180725098
2015-03-31,2.193958044052124,2.145625114440918
2015-04-01,2.1427080631256104,2.109375
2015-04-02,2.113542079925537,2.112916946411133
2015-04-06,2.07479190826416,2.163749933242798
2015-04-07,2.1610419750213623,2.153749942779541
2015-04-08,2.155416965484619,2.2049999237060547
2015-04-09,2.2029170989990234,2.246042013168335
2015-04-10,2.2456250190734863,2.2729170322418213
2015-04-13,2.2789580821990967,2.256042003631592
2015-04-14,2.251041889190674,2.2366669178009033
2015-04-15,2.2558329105377197,2.276249885559082
2015-04-16,2.2608330249786377,2.2683329582214355
2015-04-17,2.203749895095825,2.162292003631592
2015-04-20,2.195625066757202,2.258958101272583
2015-04-21,2.2991669178009033,2.287916898727417
2015-04-22,2.3056249618530273,2.325000047683716
2015-04-23,2.302917003631592,2.352916955947876
2015-04-24,2.425416946411133,2.444999933242798
2015-04-27,2.4749999046325684,2.429374933242798
2015-04-28,2.43416690826416,2.4135420322418213
2015-04-29,2.3731250762939453,2.367500066757202
2015-04-30,2.328125,2.2562499046325684
2015-05-01,2.282083034515381,2.3475000858306885
2015-05-04,2.366874933242798,2.355833053588867
2015-05-05,2.3293750286102295,2.2441670894622803
2015-05-06,2.253541946411133,2.1962499618530273
2015-05-07,2.193958044052124,2.2339580059051514
2015-05-08,2.303333044052124,2.31583309173584
2015-05-11,2.3222920894622803,2.290416955947876
2015-05-12,2.249375104904175,2.2608330249786377
2015-05-13,2.290208101272583,2.2725000381469727
2015-05-14,2.3293750286102295,2.3731250762939453
2015-05-15,2.3918750286102295,2.3729169368743896
2015-05-18,2.3612499237060547,2.402082920074463
2015-05-19,2.4114580154418945,2.3952078819274902
2015-05-20,2.400624990463257,2.399167060852051
2015-05-21,2.387500047683716,2.436875104904175
2015-05-22,2.428541898727417,2.4302079677581787
2015-05-26,2.412916898727417,2.3460419178009033
2015-05-27,2.366457939147949,2.4589579105377197
2015-05-28,2.443958044052124,2.44083309173584
2015-05-29,2.436666965484619,2.399583101272583
2015-06-01,2.4372920989990234,2.4206249713897705
2015-06-02,2.3952078819274902,2.3985419273376465
2015-06-03,2.4327080249786377,2.4195830821990967
2015-06-04,2.380000114440918,2.366874933242798
2015-06-05,2.3564579486846924,2.3489580154418945
2015-06-08,2.344374895095825,2.277082920074463
2015-06-09,2.2604169845581055,2.2658329010009766
2015-06-10,2.287916898727417,2.3556249141693115
2015-06-11,2.3808329105377197,2.368541955947876
2015-06-12,2.329792022705078,2.308332920074463
2015-06-15,2.2579169273376465,2.2764580249786377
2015-06-16,2.266249895095825,2.3112499713897705
2015-06-17,2.323957920074463,2.330625057220459
2015-06-18,2.350208044052124,2.4291670322418213
2015-06-19,2.436042070388794,2.392082929611206
2015-06-22,2.44979190826416,2.44979190826416
2015-06-23,2.4583330154418945,2.4558329582214355
2015-06-24,2.446458101272583,2.4181249141693115
2015-06-25,2.4452080726623535,2.402292013168335
2015-06-26,2.400207996368408,2.357707977294922
2015-06-29,2.274583101272583,2.191041946411133
2015-06-30,2.2366669178009033,2.2160420417785645
2015-07-01,2.2760419845581055,2.261457920074463
2015-07-02,2.281874895095825,2.2699999809265137
2015-07-06,2.2231249809265137,2.250833034515381
2015-07-07,2.2572920322418213,2.26229190826416
2015-07-08,2.217292070388794,2.1489579677581787
2015-07-09,2.2356250286102295,2.1427080631256104
2015-07-10,2.2249999046325684,2.2422919273376465
2015-07-13,2.2989580631256104,2.356874942779541
2015-07-14,2.3702080249786377,2.4041669368743896
2015-07-15,2.417917013168335,2.4156250953674316
2015-07-16,2.4739580154418945,2.509999990463257
2015-07-17,2.5760419368743896,2.6247920989990234
2015-07-20,2.646667003631592,2.6541669368743896
2015-07-21,2.6583330631256104,2.6468749046325684
2015-07-22,2.52791690826416,2.559999942779541
2015-07-23,2.567500114440918,2.5293750762939453
2015-07-24,2.568958044052124,2.4574999809265137
2015-07-27,2.413749933242798,2.3943750858306885
2015-07-28,2.428541898727417,2.4574999809265137
2015-07-29,2.471874952316284,2.484999895095825
2015-07-30,2.467292070388794,2.519582986831665
2015-07-31,2.542707920074463,2.5118749141693115
2015-08-03,2.5133330821990967,2.4887499809265137
2015-08-04,2.4816670417785645,2.472707986831665
2015-08-05,2.5137500762939453,2.530625104904175
2015-08-06,2.5356249809265137,2.4091670513153076
2015-08-07,2.390625,2.399583101272583
2015-08-10,2.4447920322418213,2.4806249141693115
2015-08-11,2.440624952316284,2.3860421180725098
2015-08-12,2.3379170894622803,2.407083034515381
2015-08-13,2.4166669845581055,2.396250009536743
2015-08-14,2.3802080154418945,2.4091670513153076
2015-08-17,2.390625,2.4683330059051514
2015-08-18,2.4543750286102295,2.428957939147949
2015-08-19,2.40625,2.3833329677581787
2015-08-20,2.316667079925537,2.1870830059051514
2015-08-21,2.09375,1.9149999618530273
2015-08-24,1.5635420083999634,1.6881250143051147
2015-08-25,1.8645830154418945,1.6658329963684082
2015-08-26,1.8081250190734863,1.90625
2015-08-27,1.9958330392837524,2.0552079677581787
2015-08-28,2.0225000381469727,2.053541898727417
2015-08-31,2.019792079925537,1.9772919416427612
2015-09-01,1.8287500143051147,1.7979170083999634
2015-09-02,1.8891669511795044,1.9441670179367065
2015-09-03,1.9679169654846191,1.9120830297470093
2015-09-04,1.8354170322418213,1.8481249809265137
2015-09-08,1.9529169797897339,2.005000114440918
2015-09-09,2.0737500190734863,1.9352079629898071
2015-09-10,1.927291989326477,1.9970829486846924
2015-09-11,1.9704170227050781,2.0293750762939453
2015-09-14,2.0520830154418945,2.0112500190734863
2015-09-15,2.026249885559082,2.08145809173584
2015-09-16,2.085624933242798,2.1162500381469727
2015-09-17,2.1139578819274902,2.1220829486846924
2015-09-18,2.024791955947876,2.032291889190674
2015-09-21,2.063333034515381,2.0495829582214355
2015-09-22,1.9547920227050781,1.9591670036315918
2015-09-23,1.9729169607162476,1.962291955947876
2015-09-24,1.9043749570846558,1.9395829439163208
2015-09-25,2.0054171085357666,1.8925000429153442
2015-09-28,1.8662500381469727,1.7293750047683716
2015-09-29,1.7418750524520874,1.7037500143051147
2015-09-30,1.7745829820632935,1.816457986831665
2015-10-01,1.8279169797897339,1.8418749570846558
2015-10-02,1.7679170370101929,1.9375
2015-10-05,1.9827079772949219,2.0258328914642334
2015-10-06,2.0110421180725098,1.9968750476837158
2015-10-07,2.0325000286102295,2.0289580821990967
2015-10-08,2.0072920322418213,2.0537500381469727
2015-10-09,2.056457996368408,2.078749895095825
2015-10-12,2.094583034515381,2.096250057220459
2015-10-13,2.0604169368743896,2.0552079677581787
2015-10-14,2.055833101272583,2.0464580059051514
2015-10-15,2.068542003631592,2.1464579105377197
2015-10-16,2.1606249809265137,2.1731250286102295
2015-10-19,2.1631250381469727,2.212083101272583
2015-10-20,2.1987500190734863,2.175416946411133
2015-10-21,2.209583044052124,2.1404170989990234
2015-10-22,2.193958044052124,2.267292022705078
2015-10-23,2.4502079486846924,2.4558329582214355
2015-10-26,2.4527080059051514,2.463124990463257
2015-10-27,2.443125009536743,2.4791669845581055
2015-10-28,2.490417003631592,2.5366671085357666
2015-10-29,2.5037500858306885,2.527292013168335
2015-10-30,2.530625104904175,2.4927079677581787
2015-11-02,2.5112500190734863,2.5777080059051514
2015-11-03,2.561875104904175,2.602292060852051
2015-11-04,2.628124952316284,2.603332996368408
2015-11-05,2.6112499237060547,2.5804169178009033
2015-11-06,2.569582939147949,2.5889580249786377
2015-11-09,2.558958053588867,2.505625009536743
2015-11-10,2.465625047683716,2.487916946411133
2015-11-11,2.5068750381469727,2.476875066757202
2015-11-12,2.444999933242798,2.4049999713897705
2015-11-13,2.3747920989990234,2.2635419368743896
2015-11-16,2.256042003631592,2.357917070388794
2015-11-17,2.3722920417785645,2.366041898727417
2015-11-18,2.3927080631256104,2.501667022705078
2015-11-19,2.5058329105377197,2.5054171085357666
2015-11-20,2.540416955947876,2.5552079677581787
2015-11-23,2.558332920074463,2.53458309173584
2015-11-24,2.485416889190674,2.5266671180725098
2015-11-25,2.5364580154418945,2.532291889190674
2015-11-27,2.550416946411133,2.5414578914642334
2015-11-30,2.5668749809265137,2.5254170894622803
2015-12-01,2.5537500381469727,2.600416898727417
2015-12-02,2.605417013168335,2.5531249046325684
2015-12-03,2.5733330249786377,2.422916889190674
2015-12-04,2.443542003631592,2.5893750190734863
2015-12-07,2.59708309173584,2.5577080249786377
2015-12-08,2.4766669273376465,2.5579171180725098
2015-12-09,2.521667003631592,2.4387500286102295
2015-12-10,2.45645809173584,2.4733328819274902
2015-12-11,2.3877079486846924,2.3037500381469727
2015-12-14,2.3137500286102295,2.355417013168335
2015-12-15,2.415832996368408,2.3954169750213623
2015-12-16,2.446042060852051,2.5012500286102295
2015-12-17,2.53458309173584,2.397083044052124
2015-12-18,2.3712499141693115,2.2654170989990234
2015-12-21,2.321458101272583,2.3327078819274902
2015-12-22,2.3691670894622803,2.3768749237060547
2015-12-23,2.4141669273376465,2.4312500953674316
2015-12-24,2.4291670322418213,2.4262499809265137
2015-12-28,2.4091670513153076,2.4256250858306885
2015-12-29,2.467708110809326,2.536250114440918
2015-12-30,2.5316669940948486,2.4714579582214355
2015-12-31,2.444582939147949,2.3797919750213623
2016-01-04,2.221250057220459,2.234375
2016-01-05,2.2604169845581055,2.2143750190734863
2016-01-06,2.103749990463257,2.1549999713897705
2016-01-07,2.014583110809326,1.9500000476837158
2016-01-08,1.992292046546936,1.9039579629898071
2016-01-11,1.9435420036315918,1.9206249713897705
2016-01-12,1.9722919464111328,1.9854170083999634
2016-01-13,2.0093750953674316,1.7777080535888672
2016-01-14,1.8002079725265503,1.8927079439163208
2016-01-15,1.7037500143051147,1.71875
2016-01-19,1.7860419750213623,1.7260420322418213
2016-01-20,1.6449999809265137,1.7104170322418213
2016-01-21,1.731874942779541,1.7166670560836792
2016-01-22,1.8177080154418945,1.8645830154418945
2016-01-25,1.8479169607162476,1.7806249856948853
2016-01-26,1.8041670322418213,1.8314579725265503
2016-01-27,1.7981250286102295,1.695207953453064
2016-01-28,1.774791955947876,1.7620830535888672
2016-01-29,1.7660419940948486,1.8768750429153442
2016-02-01,1.846250057220459,1.8875000476837158
2016-02-02,1.8652080297470093,1.7677079439163208
2016-02-03,1.8010419607162476,1.7427079677581787
2016-02-04,1.7254170179367065,1.7395830154418945
2016-02-05,1.7229169607162476,1.5606249570846558
2016-02-08,1.4735419750213623,1.4893749952316284
2016-02-09,1.4279170036315918,1.4720829725265503
2016-02-10,1.5260419845581055,1.4895830154418945
2016-02-11,1.4333330392837524,1.4860420227050781
2016-02-12,1.5325000286102295,1.549375057220459
2016-02-16,1.621250033378601,1.652500033378601
2016-02-17,1.6943750381469727,1.7666670083999634
2016-02-18,1.7854169607162476,1.7066669464111328
2016-02-19,1.6872919797897339,1.7243750095367432
2016-02-22,1.7712500095367432,1.8058329820632935
2016-02-23,1.7739579677581787,1.7158329486846924
2016-02-24,1.6577080488204956,1.7668750286102295
2016-02-25,1.7785420417785645,1.8156249523162842
2016-02-26,1.8570829629898071,1.8114579916000366
2016-02-29,1.8072919845581055,1.7635420560836792
2016-03-01,1.8118749856948853,1.9322919845581055
2016-03-02,1.9249999523162842,1.9343750476837158
2016-03-03,1.9293750524520874,1.9235420227050781
2016-03-04,1.9308329820632935,1.9268749952316284
2016-03-07,1.896875023841858,1.8910419940948486
2016-03-08,1.8508330583572388,1.8410420417785645
2016-03-09,1.865833044052124,1.8762500286102295
2016-03-10,1.90625,1.8691669702529907
2016-03-11,1.929582953453064,1.9660420417785645
2016-03-14,1.9462499618530273,1.9774999618530273
2016-03-15,1.9574999809265137,1.9762500524520874
2016-03-16,1.9587500095367432,2.0266671180725098
2016-03-17,2.0112500190734863,2.0208330154418945
2016-03-18,2.0374999046325684,2.0325000286102295
2016-03-21,2.023750066757202,2.0566670894622803
2016-03-22,2.0233330726623535,2.075000047683716
2016-03-23,2.063957929611206,2.025624990463257
2016-03-24,1.9927079677581787,2.0250000953674316
2016-03-28,2.045417070388794,2.0177080631256104
2016-03-29,2.006666898727417,2.1141669750213623
2016-03-30,2.152708053588867,2.1458330154418945
2016-03-31,2.1410419940948486,2.1333329677581787
2016-04-01,2.100832939147949,2.2043750286102295
2016-04-04,2.2010419368743896,2.1770830154418945
2016-04-05,2.1272919178009033,2.118541955947876
2016-04-06,2.125,2.2200000286102295
2016-04-07,2.1822919845581055,2.124166965484619
2016-04-08,2.162708044052124,2.1191670894622803
2016-04-11,2.146667003631592,2.0964579582214355
2016-04-12,2.100416898727417,2.1454169750213623
2016-04-13,2.1977078914642334,2.2291669845581055
2016-04-14,2.2297921180725098,2.2306249141693115
2016-04-15,2.2233328819274902,2.2135419845581055
2016-04-18,2.1952080726623535,2.2462499141693115
2016-04-19,2.268749952316284,2.2074999809265137
2016-04-20,2.204582929611206,2.2129170894622803
2016-04-21,2.211667060852051,2.2135419845581055
2016-04-22,2.128541946411133,2.113332986831665
2016-04-25,2.090208053588867,2.1116669178009033
2016-04-26,2.123958110809326,2.0827078819274902
2016-04-27,2.019582986831665,2.032707929611206
2016-04-28,2.039375066757202,1.9606250524520874
2016-04-29,1.9539580345153809,1.9293750524520874
2016-05-02,1.941457986831665,1.980417013168335
2016-05-03,1.9389580488204956,1.9277080297470093
2016-05-04,1.8922920227050781,1.8895829916000366
2016-05-05,1.9075000286102295,1.8885420560836792
2016-05-06,1.8583329916000366,1.9158329963684082
2016-05-09,1.9177080392837524,1.9327080249786377
2016-05-10,1.9533330202102661,2.0137500762939453
2016-05-11,2.003957986831665,1.9587500095367432
2016-05-12,1.974166989326477,1.931249976158142
2016-05-13,1.9299999475479126,1.9079170227050781
2016-05-16,1.915624976158142,1.9814579486846924
2016-05-17,1.9791669845581055,1.9054169654846191
2016-05-18,1.8947919607162476,1.9270830154418945
2016-05-19,1.9035420417785645,1.8966670036315918
2016-05-20,1.9197920560836792,1.9600000381469727
2016-05-23,1.965000033378601,1.9504170417785645
2016-05-24,1.9839580059051514,2.0697920322418213
2016-05-25,2.0935420989990234,2.114375114440918
2016-05-26,2.121458053588867,2.132082939147949
2016-05-27,2.135624885559082,2.1641669273376465
2016-05-31,2.176042079925537,2.1770830154418945
2016-06-01,2.157291889190674,2.177917003631592
2016-06-02,2.1631250381469727,2.1902079582214355
2016-06-03,2.1777079105377197,2.160207986831665
2016-06-06,2.1700000762939453,2.183332920074463
2016-06-07,2.1904170513153076,2.167917013168335
2016-06-08,2.1797919273376465,2.177500009536743
2016-06-09,2.1514580249786377,2.167917013168335
2016-06-10,2.1095829010009766,2.0950000286102295
2016-06-13,2.0597920417785645,2.041249990463257
2016-06-14,2.024583101272583,2.0422921180725098
2016-06-15,2.0556249618530273,2.0239579677581787
2016-06-16,1.9941669702529907,2.0385420322418213
2016-06-17,2.030208110809326,1.96875
2016-06-20,2.039375066757202,2.004167079925537
2016-06-21,2.016458034515381,2.024167060852051
2016-06-22,2.0299999713897705,2.0110421180725098
2016-06-23,2.0577080249786377,2.0958330631256104
2016-06-24,1.875,1.8391669988632202
2016-06-27,1.7972919940948486,1.7320829629898071
2016-06-28,1.7847919464111328,1.8406250476837158
2016-06-29,1.8856250047683716,1.9362499713897705
2016-06-30,1.9479169845581055,2.006666898727417
2016-07-01,2.003124952316284,2.0341670513153076
2016-07-05,2.0079169273376465,1.9981249570846558
2016-07-06,1.9708329439163208,2.045207977294922
2016-07-07,2.054374933242798,2.0645830631256104
2016-07-08,2.095207929611206,2.1600000858306885
2016-07-11,2.1845829486846924,2.1968750953674316
2016-07-12,2.23770809173584,2.2314579486846924
2016-07-13,2.2495830059051514,2.2158329486846924
2016-07-14,2.2597920894622803,2.2608330249786377
2016-07-15,2.2754170894622803,2.2481250762939453
2016-07-18,2.254167079925537,2.292917013168335
2016-07-19,2.2708330154418945,2.269166946411133
2016-07-20,2.303957939147949,2.346874952316284
2016-07-21,2.3539578914642334,2.3329169750213623
2016-07-22,2.3383328914642334,2.359999895095825
2016-07-25,2.3547921180725098,2.3620829582214355
2016-07-26,2.3597919940948486,2.369999885559082
2016-07-27,2.4281249046325684,2.416249990463257
2016-07-28,2.4295830726623535,2.442500114440918
2016-07-29,2.4600000381469727,2.4585421085357666
2016-08-01,2.464582920074463,2.4970829486846924
2016-08-02,2.4864580631256104,2.44083309173584
2016-08-03,2.4354169368743896,2.4639580249786377
2016-08-04,2.4633328914642334,2.486042022705078
2016-08-05,2.526249885559082,2.5579171180725098
2016-08-08,2.5622920989990234,2.5497920513153076
2016-08-09,2.5541670322418213,2.566667079925537
2016-08-10,2.568542003631592,2.546875
2016-08-11,2.5708329677581787,2.579792022705078
2016-08-12,2.5645830631256104,2.584583044052124
2016-08-15,2.59375,2.6170830726623535
2016-08-16,2.601875066757202,2.5758330821990967
2016-08-17,2.5758330821990967,2.5879170894622803
2016-08-18,2.579792022705078,2.59041690826416
2016-08-19,2.5762500762939453,2.5868749618530273
2016-08-22,2.574583053588867,2.5893750190734863
2016-08-23,2.620832920074463,2.6047921180725098
2016-08-24,2.6010420322418213,2.5545830726623535
2016-08-25,2.534374952316284,2.5425000190734863
2016-08-26,2.545833110809326,2.5547919273376465
2016-08-29,2.5562500953674316,2.561875104904175
2016-08-30,2.552500009536743,2.538749933242798
2016-08-31,2.527708053588867,2.532083034515381
2016-09-01,2.533750057220459,2.543333053588867
2016-09-02,2.5885419845581055,2.573124885559082
2016-09-06,2.5885419845581055,2.620832920074463
2016-09-07,2.628957986831665,2.625624895095825
2016-09-08,2.6041669845581055,2.580625057220459
2016-09-09,2.5177080631256104,2.384999990463257
2016-09-12,2.3491671085357666,2.5072920322418213
2016-09-13,2.473750114440918,2.448124885559082
2016-09-14,2.4543750286102295,2.4795830249786377
2016-09-15,2.483333110809326,2.594583034515381
2016-09-16,2.588124990463257,2.5916669368743896
2016-09-19,2.6114580631256104,2.5577080249786377
2016-09-20,2.5833330154418945,2.5718750953674316
2016-09-21,2.6041669845581055,2.646667003631592
2016-09-22,2.6962499618530273,2.7085421085357666
2016-09-23,2.700000047683716,2.659791946411133
2016-09-26,2.6139578819274902,2.59375
2016-09-27,2.5908329486846924,2.6672921180725098
2016-09-28,2.676875114440918,2.681874990463257
2016-09-29,2.670417070388794,2.625
2016-09-30,2.649167060852051,2.678957939147949
2016-10-03,2.6697919368743896,2.672916889190674
2016-10-04,2.6918749809265137,2.657707929611206
2016-10-05,2.681874990463257,2.6854169368743896
2016-10-06,2.675416946411133,2.6812500953674316
2016-10-07,2.6897919178009033,2.663749933242798
2016-10-10,2.703125,2.7114579677581787
2016-10-11,2.7058329582214355,2.599375009536743
2016-10-12,2.6020829677581787,2.5939579010009766
2016-10-13,2.539792060852051,2.563541889190674
2016-10-14,2.5981249809265137,2.5693750381469727
2016-10-17,2.5687499046325684,2.5516669750213623
2016-10-18,2.640625,2.6170830726623535
2016-10-19,2.6122920513153076,2.6181249618530273
2016-10-20,2.60604190826416,2.6070830821990967
2016-10-21,2.61270809173584,2.6354169845581055
2016-10-24,2.6887500286102295,2.7314579486846924
2016-10-25,2.7339580059051514,2.704166889190674
2016-10-26,2.652082920074463,2.652292013168335
2016-10-27,2.6847920417785645,2.6152079105377197
2016-10-28,2.59041690826416,2.569999933242798
2016-10-31,2.5950000286102295,2.555417060852051
2016-11-01,2.5718750953674316,2.5029170513153076
2016-11-02,2.4945828914642334,2.4377079010009766
2016-11-03,2.4277079105377197,2.367500066757202
2016-11-04,2.3456249237060547,2.340625047683716
2016-11-07,2.453958034515381,2.5083329677581787
2016-11-08,2.5,2.557499885559082
2016-11-09,2.4668750762939453,2.5933330059051514
2016-11-10,2.6247920989990234,2.4700000286102295
2016-11-11,2.431874990463257,2.467916965484619
2016-11-14,2.4725000858306885,2.384582996368408
2016-11-15,2.444999933242798,2.494999885559082
2016-11-16,2.457292079925537,2.5356249809265137
2016-11-17,2.5339579582214355,2.594374895095825
2016-11-18,2.5991671085357666,2.5652079582214355
2016-11-21,2.58145809173584,2.642292022705078
2016-11-22,2.674375057220459,2.6660420894622803
2016-11-23,2.6404170989990234,2.633958101272583
2016-11-25,2.6464579105377197,2.659374952316284
2016-11-28,2.647291898727417,2.644582986831665
2016-11-29,2.6468749046325684,2.6700000762939453
2016-11-30,2.675416946411133,2.5835421085357666
2016-12-01,2.5704169273376465,2.441667079925537
2016-12-02,2.443958044052124,2.451457977294922
2016-12-05,2.491041898727417,2.508125066757202
2016-12-06,2.5274999141693115,2.526249885559082
2016-12-07,2.511457920074463,2.619999885559082
2016-12-08,2.626667022705078,2.6360421180725098
2016-12-09,2.665832996368408,2.6977078914642334
2016-12-12,2.6608328819274902,2.660207986831665
2016-12-13,2.689167022705078,2.764167070388794
2016-12-14,2.769582986831665,2.743957996368408
2016-12-15,2.751457929611206,2.760624885559082
2016-12-16,2.7735419273376465,2.7270829677581787
2016-12-19,2.738542079925537,2.7604169845581055
2016-12-20,2.782083034515381,2.793750047683716
2016-12-21,2.7947919368743896,2.7839579582214355
2016-12-22,2.785207986831665,2.7597920894622803
2016-12-23,2.748542070388794,2.7683329582214355
2016-12-27,2.7833330631256104,2.8087499141693115
2016-12-28,2.8258330821990967,2.7437500953674316
2016-12-29,2.7422919273376465,2.730417013168335
2016-12-30,2.746042013168335,2.650624990463257
2017-01-03,2.7002079486846924,2.714792013168335
2017-01-04,2.727292060852051,2.7610421180725098
2017-01-05,2.7587499618530273,2.809999942779541
2017-01-06,2.8152079582214355,2.8812499046325684
2017-01-09,2.8883330821990967,2.910417079925537
2017-01-10,2.9091670513153076,2.9270830154418945
2017-01-11,2.9291670322418213,2.949583053588867
2017-01-12,2.920417070388794,2.9345829486846924
2017-01-13,2.944166898727417,2.9683330059051514
2017-01-17,2.941667079925537,2.9404170513153076
2017-01-18,2.954166889190674,2.9604170322418213
2017-01-19,2.96875,2.952500104904175
2017-01-20,2.9916670322418213,2.9716670513153076
2017-01-23,2.9625000953674316,2.978332996368408
2017-01-24,2.9945828914642334,3.040416955947876
2017-01-25,3.095417022705078,3.129167079925537
2017-01-26,3.1433329582214355,3.142082929611206
2017-01-27,3.1583330631256104,3.157083034515381
2017-01-30,3.1237499713897705,3.0854170322418213
2017-01-31,3.0537500381469727,3.0683329105377197
2017-02-01,3.12833309173584,3.126667022705078
2017-02-02,3.110832929611206,3.1187500953674316
2017-02-03,3.1312499046325684,3.1458330154418945
2017-02-06,3.1304171085357666,3.1575000286102295
2017-02-07,3.1741669178009033,3.190000057220459
2017-02-08,3.1787500381469727,3.2079169750213623
2017-02-09,3.2166669368743896,3.2412500381469727
2017-02-10,3.2637500762939453,3.2733330726623535
2017-02-13,3.3041670322418213,3.3308329582214355
2017-02-14,3.3329169750213623,3.3620829582214355
2017-02-15,3.357917070388794,3.4200000762939453
2017-02-16,3.428333044052124,3.4170830249786377
2017-02-17,3.40291690826416,3.4600000381469727
2017-02-21,3.4841670989990234,3.515000104904175
2017-02-22,3.504167079925537,3.5154170989990234
2017-02-23,3.5308330059051514,3.4774999618530273
2017-02-24,3.427500009536743,3.4962499141693115
2017-02-27,3.477916955947876,3.506666898727417
2017-02-28,3.507082939147949,3.4791669845581055
2017-03-01,3.5399999618530273,3.5916669368743896
2017-03-02,3.5899999141693115,3.5350000858306885
2017-03-03,3.5266671180725098,3.553333044052124
2017-03-06,3.515000104904175,3.528749942779541
2017-03-07,3.5062499046325684,3.5112500190734863
2017-03-08,3.5199999809265137,3.5291669368743896
2017-03-09,3.5283329486846924,3.5399999618530273
2017-03-10,3.5854170322418213,3.578749895095825
2017-03-13,3.5754170417785645,3.5995829105377197
2017-03-14,3.575000047683716,3.5729169845581055
2017-03-15,3.5975000858306885,3.6354169845581055
2017-03-16,3.660417079925537,3.6333329677581787
2017-03-17,3.641666889190674,3.6245830059051514
2017-03-20,3.6245830059051514,3.6354169845581055
2017-03-21,3.675832986831665,3.4733328819274902
2017-03-22,3.475416898727417,3.5416669845581055
2017-03-23,3.528749942779541,3.5133330821990967
2017-03-24,3.5466670989990234,3.5325000286102295
2017-03-27,3.4604170322418213,3.5512499809265137
2017-03-28,3.550832986831665,3.617917060852051
2017-03-29,3.6212499141693115,3.665832996368408
2017-03-30,3.6645829677581787,3.68416690826416
2017-03-31,3.667917013168335,3.675416946411133
2017-04-03,3.6862499713897705,3.6675000190734863
2017-04-04,3.6354169845581055,3.68416690826416
2017-04-05,3.702083110809326,3.642082929611206
2017-04-06,3.654582977294922,3.6449999809265137
2017-04-07,3.6424999237060547,3.6408329010009766
2017-04-10,3.6533329486846924,3.6449999809265137
2017-04-11,3.6308329105377197,3.5991671085357666
2017-04-12,3.5950000286102295,3.5516669750213623
2017-04-13,3.5374999046325684,3.509582996368408
2017-04-17,3.5391669273376465,3.592916965484619
2017-04-18,3.5595829486846924,3.5824999809265137
2017-04-19,3.6237499713897705,3.5950000286102295
2017-04-20,3.6387500762939453,3.6820828914642334
2017-04-21,3.694166898727417,3.680417060852051
2017-04-24,3.8020830154418945,3.814167022705078
2017-04-25,3.8520829677581787,3.898750066757202
2017-04-26,3.9024999141693115,3.881666898727417
2017-04-27,3.9108328819274902,3.949583053588867
2017-04-28,3.997499942779541,3.97208309173584
2017-05-01,4.008749961853027,4.072082996368408
2017-05-02,4.092082977294922,4.096250057220459
2017-05-03,4.071249961853027,4.055832862854004
2017-05-04,4.05791711807251,4.059999942779541
2017-05-05,4.08916711807251,4.1041669845581055
2017-05-08,4.110416889190674,4.128749847412109
2017-05-09,4.1483330726623535,4.174167156219482
2017-05-10,4.178750038146973,4.180832862854004
2017-05-11,4.147082805633545,4.170833110809326
2017-05-12,4.176249980926514,4.1979169845581055
2017-05-15,4.202083110809326,4.2370829582214355
2017-05-16,4.267083168029785,4.290417194366455
2017-05-17,4.189582824707031,3.9658329486846924
2017-05-18,3.9600000381469727,4.066249847412109
2017-05-19,4.105833053588867,4.115417003631592
2017-05-22,4.144166946411133,4.22208309173584
2017-05-23,4.256667137145996,4.232500076293945
2017-05-24,4.267917156219482,4.290832996368408
2017-05-25,4.337916851043701,4.403749942779541
2017-05-26,4.400416851043701,4.422500133514404
2017-05-30,4.4116668701171875,4.431666851043701
2017-05-31,4.47208309173584,4.426249980926514
2017-06-01,4.452499866485596,4.4791669845581055
2017-06-02,4.5233330726623535,4.632082939147949
2017-06-05,4.62833309173584,4.62833309173584
2017-06-06,4.611667156219482,4.575832843780518
2017-06-07,4.608333110809326,4.625833034515381
2017-06-08,4.654582977294922,4.638332843780518
2017-06-09,4.65500020980835,4.302917003631592
2017-06-12,4.183332920074463,4.224999904632568
2017-06-13,4.290832996368408,4.323750019073486
2017-06-14,4.374582767486572,4.265832901000977
2017-06-15,4.1354169845581055,4.2083330154418945
2017-06-16,4.199999809265137,4.157917022705078
2017-06-19,4.273749828338623,4.359167098999023
2017-06-20,4.348750114440918,4.2604169845581055
2017-06-21,4.2866668701171875,4.384167194366455
2017-06-22,4.403749942779541,4.379167079925537
2017-06-23,4.363749980926514,4.428332805633545
2017-06-26,4.50124979019165,4.3695831298828125
2017-06-27,4.318749904632568,4.129167079925537
2017-06-28,4.172500133514404,4.302499771118164
2017-06-29,4.249582767486572,4.0833330154418945
2017-06-30,4.118750095367432,4.069167137145996
2017-07-03,4.141666889190674,3.9583330154418945
2017-07-05,3.9887499809265137,4.071249961853027
2017-07-06,3.9770829677581787,3.963749885559082
2017-07-07,4.0029168128967285,4.082499980926514
2017-07-10,4.097917079925537,4.167916774749756
2017-07-11,4.149582862854004,4.202083110809326
2017-07-12,4.307499885559082,4.3516669273376465
2017-07-13,4.368750095367432,4.3804168701171875
2017-07-14,4.4320831298828125,4.483333110809326
2017-07-17,4.497917175292969,4.485833168029785
2017-07-18,4.4766669273376465,4.574999809265137
2017-07-19,4.6145830154418945,4.658750057220459
2017-07-20,4.6929168701171875,4.676249980926514
2017-07-21,4.618332862854004,4.6691670417785645
2017-07-24,4.667916774749756,4.730000019073486
2017-07-25,4.68625020980835,4.698332786560059
2017-07-26,4.728332996368408,4.740417003631592
2017-07-27,4.8358330726623535,4.655832767486572
2017-07-28,4.573750019073486,4.640832901000977
2017-07-31,4.678750038146973,4.580417156219482
2017-08-01,4.62624979019165,4.610416889190674
2017-08-02,4.697500228881836,4.644166946411133
2017-08-03,4.6616668701171875,4.595832824707031
2017-08-04,4.622917175292969,4.613749980926514
2017-08-07,4.640832901000977,4.6954169273376465
2017-08-08,4.6745829582214355,4.677917003631592
2017-08-09,4.563333034515381,4.65958309173584
2017-08-10,4.581250190734863,4.357082843780518
2017-08-11,4.37833309173584,4.456666946411133
2017-08-14,4.560417175292969,4.630000114440918
2017-08-15,4.655832767486572,4.638332843780518
2017-08-16,4.670833110809326,4.662499904632568
2017-08-17,4.605833053588867,4.375833034515381
2017-08-18,4.382500171661377,4.360416889190674
2017-08-21,4.367917060852051,4.352499961853027
2017-08-22,4.4166669845581055,4.546249866485596
2017-08-23,4.4716668128967285,4.49541711807251
2017-08-24,4.5283331871032715,4.457917213439941
2017-08-25,4.50333309173584,4.427917003631592
2017-08-28,4.466667175292969,4.466667175292969
2017-08-29,4.350417137145996,4.521667003631592
2017-08-30,4.529582977294922,4.678332805633545
2017-08-31,4.716249942779541,4.81125020980835
2017-09-01,4.847917079925537,4.80791711807251
2017-09-05,4.762083053588867,4.679166793823242
2017-09-06,4.717082977294922,4.719583034515381
2017-09-07,4.7470831871032715,4.74875020980835
2017-09-08,4.730833053588867,4.631667137145996
2017-09-11,4.736249923706055,4.779167175292969
2017-09-12,4.824999809265137,4.819582939147949
2017-09-13,4.7916669845581055,4.839582920074463
2017-09-14,4.786250114440918,4.7579169273376465
2017-09-15,4.7529168128967285,4.796249866485596
2017-09-18,4.81708288192749,4.78458309173584
2017-09-19,4.8070831298828125,4.804999828338623
2017-09-20,4.802499771118164,4.764999866485596
2017-09-21,4.750833034515381,4.673333168029785
2017-09-22,4.627082824707031,4.6616668701171875
2017-09-25,4.604582786560059,4.515417098999023
2017-09-26,4.5808329582214355,4.546249866485596
2017-09-27,4.618750095367432,4.669582843780518
2017-09-28,4.635832786560059,4.6616668701171875
2017-09-29,4.690000057220459,4.7604169845581055
2017-10-02,4.784999847412109,4.773749828338623
2017-10-03,4.7916669845581055,4.803750038146973
2017-10-04,4.7758331298828125,4.816249847412109
2017-10-05,4.872499942779541,4.954999923706055
2017-10-06,4.908332824707031,4.972917079925537
2017-10-09,4.995832920074463,4.960416793823242
2017-10-10,5.007500171661377,4.970832824707031
2017-10-11,4.964582920074463,5.014166831970215
2017-10-12,4.992917060852051,4.9870829582214355
2017-10-13,5.044582843780518,5.042916774749756
2017-10-16,5.0808329582214355,5.09499979019165
2017-10-17,5.088749885559082,5.112916946411133
2017-10-18,5.127082824707031,5.093332767486572
2017-10-19,5.005833148956299,5.037083148956299
2017-10-20,5.097499847412109,5.073750019073486
2017-10-23,5.105833053588867,4.9791669845581055
2017-10-24,5.0029168128967285,5.00458288192749
2017-10-25,4.970832824707031,4.943749904632568
2017-10-26,4.936666965484619,4.897916793823242
2017-10-27,5.130833148956299,5.320000171661377
2017-10-30,5.306666851043701,5.357916831970215
2017-10-31,5.405832767486572,5.414583206176758
2017-11-01,5.482500076293945,5.40749979019165
2017-11-02,5.391250133514404,5.380000114440918
2017-11-03,5.437082767486572,5.53000020980835
2017-11-06,5.520417213439941,5.586249828338623
2017-11-07,5.573750019073486,5.595417022705078
2017-11-08,5.590000152587891,5.665417194366455
2017-11-09,5.527500152587891,5.574583053588867
2017-11-10,5.537083148956299,5.5729169845581055
2017-11-13,5.514166831970215,5.589582920074463
2017-11-14,5.533332824707031,5.533332824707031
2017-11-15,5.462500095367432,5.452083110809326
2017-11-16,5.537917137145996,5.65625
2017-11-17,5.662083148956299,5.592916965484619
2017-11-20,5.6016669273376465,5.579166889190674
2017-11-21,5.657083034515381,5.755000114440918
2017-11-22,5.775416851043701,5.77791690826416
2017-11-24,5.800000190734863,5.842916965484619
2017-11-27,5.835416793823242,5.8333330154418945
2017-11-28,5.872917175292969,5.87624979019165
2017-11-29,5.861667156219482,5.574166774749756
2017-11-30,5.644166946411133,5.712500095367432
2017-12-01,5.602083206176758,5.636250019073486
2017-12-04,5.74666690826416,5.441667079925537
2017-12-05,5.4320831298828125,5.449583053588867
2017-12-06,5.389166831970215,5.521667003631592
2017-12-07,5.525000095367432,5.576250076293945
2017-12-08,5.699999809265137,5.650000095367432
2017-12-11,5.658750057220459,5.779582977294922
2017-12-12,5.771249771118164,5.7579169273376465
2017-12-13,5.823332786560059,5.7866668701171875
2017-12-14,5.8204169273376465,5.7783331871032715
2017-12-15,5.845832824707031,5.966249942779541
2017-12-18,6.083749771118164,6.1195831298828125
2017-12-19,6.086667060852051,6.019999980926514
2017-12-20,6.077499866485596,5.994999885559082
2017-12-21,6.016250133514404,5.9920830726623535
2017-12-22,5.966667175292969,5.97208309173584
2017-12-26,5.876667022705078,5.875417232513428
2017-12-27,5.875833034515381,5.875417232513428
2017-12-28,5.927499771118164,5.891250133514404
2017-12-29,5.913332939147949,5.78000020980835
2018-01-02,5.870832920074463,6.076666831970215
2018-01-03,6.101250171661377,6.25458288192749
2018-01-04,6.327917098999023,6.291250228881836
2018-01-05,6.379167079925537,6.481249809265137
2018-01-08,6.480416774749756,6.553332805633545
2018-01-09,6.593332767486572,6.558332920074463
2018-01-10,6.467082977294922,6.511666774749756
2018-01-11,6.544582843780518,6.642083168029785
2018-01-12,6.6195831298828125,6.782917022705078
2018-01-16,6.920000076293945,6.730416774749756
2018-01-17,6.820000171661377,6.942500114440918
2018-01-18,6.912083148956299,6.949166774749756
2018-01-19,7.008749961853027,7.015832901000977
2018-01-22,6.999166965484619,7.235000133514404
2018-01-23,7.3045830726623535,7.418333053588867
2018-01-24,7.458749771118164,7.267917156219482
2018-01-25,7.419582843780518,7.258749961853027
2018-01-26,7.375,7.582917213439941
2018-01-29,7.537917137145996,7.482500076293945
2018-01-30,7.274167060852051,7.291250228881836
2018-01-31,7.418749809265137,7.381249904632568
2018-02-01,7.217916965484619,7.196667194366455
2018-02-02,7.116250038146973,6.757082939147949
2018-02-05,6.5729169845581055,5.977083206176758
2018-02-06,5.700832843780518,6.437917232513428
2018-02-07,6.377500057220459,6.183332920074463
2018-02-08,6.2470831871032715,5.417082786560059
2018-02-09,5.633333206176758,5.672082901000977
2018-02-12,5.865832805633545,5.9895830154418945
2018-02-13,5.884582996368408,6.0625
2018-02-14,5.9716668128967285,6.417500019073486
2018-02-15,6.5833330154418945,6.7529168128967285
2018-02-16,6.703750133514404,6.677499771118164
2018-02-20,6.600832939147949,6.7108330726623535
2018-02-21,6.8070831298828125,6.650416851043701
2018-02-22,6.7470831871032715,6.65166711807251
2018-02-23,6.802499771118164,7.047916889190674
2018-02-26,7.158750057220459,7.3308329582214355
2018-02-27,7.34375,7.068333148956299
2018-02-28,7.18625020980835,6.926249980926514
2018-03-01,6.941667079925537,6.592916965484619
2018-03-02,6.361667156219482,6.774167060852051
2018-03-05,6.678750038146973,6.986667156219482
2018-03-06,7.0908331871032715,7.074999809265137
2018-03-07,6.920416831970215,7.1279168128967285
2018-03-08,7.207499980926514,7.234167098999023
2018-03-09,7.3983330726623535,7.655416965484619
2018-03-12,7.7291669845581055,7.769999980926514
2018-03-13,7.7291669845581055,7.487916946411133
2018-03-14,7.582499980926514,7.462500095367432
2018-03-15,7.485000133514404,7.429166793823242
2018-03-16,7.4716668128967285,7.380000114440918
2018-03-19,7.187082767486572,6.9166669845581055
2018-03-20,6.918333053588867,6.96750020980835
2018-03-21,6.9166669845581055,6.866666793823242
2018-03-22,6.599999904632568,6.364999771118164
2018-03-23,6.341667175292969,5.850832939147949
2018-03-26,6.2083330154418945,6.509167194366455
2018-03-27,6.662083148956299,5.885000228881836
2018-03-28,5.782083034515381,5.6820831298828125
2018-03-29,5.7683329582214355,5.99666690826416
2018-04-02,5.855000019073486,5.46416711807251
2018-04-03,5.6145830154418945,5.647500038146973
2018-04-04,5.3179168701171875,5.914583206176758
2018-04-05,6.0908331871032715,6.007500171661377
2018-04-06,5.8204169273376465,5.55916690826416
2018-04-09,5.7058329582214355,5.670416831970215
2018-04-10,5.935417175292969,6.045000076293945
2018-04-11,5.941667079925537,5.943333148956299
2018-04-12,6.0625,6.15166711807251
2018-04-13,6.250417232513428,6.060417175292969
2018-04-16,6.18416690826416,6.194167137145996
2018-04-17,6.380000114440918,6.59041690826416
2018-04-18,6.599999904632568,6.636250019073486
2018-04-19,6.540417194366455,6.4558329582214355
2018-04-20,6.40625,6.146249771118164
2018-04-23,6.2316670417785645,6.097917079925537
2018-04-24,6.178332805633545,5.709167003631592
2018-04-25,5.736667156219482,5.7316670417785645
2018-04-26,5.949583053588867,6.087082862854004
2018-04-27,6.353332996368408,6.101250171661377
2018-04-30,6.142083168029785,5.971250057220459
2018-05-01,5.9191670417785645,6.165417194366455
2018-05-02,6.206250190734863,6.05791711807251
2018-05-03,5.977083206176758,6.058332920074463
2018-05-04,5.9816670417785645,6.399167060852051
2018-05-07,6.494166851043701,6.551249980926514
2018-05-08,6.516250133514404,6.529582977294922
2018-05-09,6.574999809265137,6.748332977294922
2018-05-10,6.8125,6.9583330154418945
2018-05-11,6.922916889190674,6.9375
2018-05-14,6.981249809265137,6.968332767486572
2018-05-15,6.802499771118164,6.742917060852051
2018-05-16,6.758333206176758,6.8670830726623535
2018-05-17,6.797082901000977,6.789583206176758
2018-05-18,6.712082862854004,6.680832862854004
2018-05-21,6.834167003631592,6.797500133514404
2018-05-22,6.884582996368408,6.762083053588867
2018-05-23,6.612500190734863,6.9320831298828125
2018-05-24,6.929999828338623,6.926249980926514
2018-05-25,6.928750038146973,6.943749904632568
2018-05-29,6.848750114440918,6.855000019073486
2018-05-30,6.925000190734863,7.00124979019165
2018-05-31,6.991250038146973,6.986249923706055
2018-06-01,7.081250190734863,7.31125020980835
2018-06-04,7.362500190734863,7.49875020980835
2018-06-05,7.558750152587891,7.576250076293945
2018-06-06,7.599999904632568,7.701250076293945
2018-06-07,7.711249828338623,7.522500038146973
2018-06-08,7.403749942779541,7.517499923706055
2018-06-11,7.49875020980835,7.576250076293945
2018-06-12,7.607500076293945,7.696249961853027
2018-06-13,7.724999904632568,7.6875
2018-06-14,7.797500133514404,7.921249866485596
2018-06-15,7.829999923706055,7.84250020980835
2018-06-18,7.6875,7.824999809265137
2018-06-19,7.523749828338623,7.755000114440918
2018-06-20,7.857500076293945,7.917500019073486
2018-06-21,7.972499847412109,7.712500095367432
2018-06-22,7.789999961853027,7.635000228881836
2018-06-25,7.452499866485596,7.147500038146973
2018-06-26,7.216249942779541,7.226250171661377
2018-06-27,7.317500114440918,6.93625020980835
2018-06-28,6.902500152587891,7.106249809265137
2018-06-29,7.208749771118164,7.138750076293945
2018-07-02,6.957499980926514,7.298749923706055
2018-07-03,7.377500057220459,7.047500133514404
2018-07-05,7.18625020980835,7.306250095367432
2018-07-06,7.351250171661377,7.635000228881836
2018-07-09,7.760000228881836,7.847499847412109
2018-07-10,7.881249904632568,7.866250038146973
2018-07-11,7.6875,7.75124979019165
2018-07-12,7.846250057220459,8.133749961853027
2018-07-13,8.135000228881836,8.157500267028809
2018-07-16,8.163749694824219,8.102499961853027
2018-07-17,7.849999904632568,8.2524995803833
2018-07-18,8.25,8.199999809265137
2018-07-19,8.119999885559082,8.078749656677246
2018-07-20,8.145000457763672,8.067500114440918
2018-07-23,7.996250152587891,8.137499809265137
2018-07-24,8.393750190734863,8.241250038146973
2018-07-25,8.2524995803833,8.585000038146973
2018-07-26,8.239999771118164,8.210000038146973
2018-07-27,8.354999542236328,7.867499828338623
2018-07-30,7.868750095367432,7.528749942779541
2018-07-31,7.608749866485596,7.678750038146973
2018-08-01,7.75,7.783750057220459
2018-08-02,7.612500190734863,8.09375
2018-08-03,8.136249542236328,8.166250228881836
2018-08-06,8.15625,8.31624984741211
2018-08-07,8.381250381469727,8.397500038146973
2018-08-08,8.369999885559082,8.420000076293945
2018-08-09,8.412500381469727,8.412500381469727
2018-08-10,8.244999885559082,8.2162504196167
2018-08-13,8.261249542236328,8.192500114440918
2018-08-14,8.282500267028809,8.34375
2018-08-15,8.154999732971191,8.039999961853027
2018-08-16,8.217499732971191,8.113750457763672
2018-08-17,8.048749923706055,8.112500190734863
2018-08-20,8.171250343322754,8.0962495803833
2018-08-21,8.167499542236328,8.180000305175781
2018-08-22,8.125,8.274999618530273
2018-08-23,8.233750343322754,8.233750343322754
2018-08-24,8.321249961853027,8.462499618530273
2018-08-27,8.598750114440918,8.717499732971191
2018-08-28,8.789999961853027,8.756250381469727
2018-08-29,8.801250457763672,9.0625
2018-08-30,9.007499694824219,9.011249542236328
2018-08-31,8.977499961853027,9.037500381469727
2018-09-04,8.958749771118164,8.930000305175781
2018-09-05,8.875,8.574999809265137
2018-09-06,8.59000015258789,8.3412504196167
2018-09-07,8.170000076293945,8.258749961853027
2018-09-10,8.386249542236328,8.331250190734863
2018-09-11,8.2212495803833,8.516249656677246
2018-09-12,8.481249809265137,8.442500114440918
2018-09-13,8.587499618530273,8.692500114440918
2018-09-14,8.723750114440918,8.626250267028809
2018-09-17,8.577500343322754,8.262499809265137
2018-09-18,8.279999732971191,8.458749771118164
2018-09-19,8.462499618530273,8.4399995803833
2018-09-20,8.602499961853027,8.704999923706055
2018-09-21,8.782500267028809,8.56624984741211
2018-09-24,8.388750076293945,8.640000343322754
2018-09-25,8.623749732971191,8.675000190734863
2018-09-26,8.682499885559082,8.666250228881836
2018-09-27,8.795000076293945,8.90625
2018-09-28,8.829999923706055,8.892499923706055
2018-10-01,9.0625,8.943750381469727
2018-10-02,8.920000076293945,8.892499923706055
2018-10-03,9.001250267028809,8.918749809265137
2018-10-04,8.8125,8.40999984741211
2018-10-05,8.399999618530273,8.09375
2018-10-08,7.980000019073486,7.948750019073486
2018-10-09,7.958749771118164,8.010000228881836
2018-10-10,7.87375020980835,6.971250057220459
2018-10-11,6.87624979019165,6.68874979019165
2018-10-12,7.222499847412109,7.253749847412109
2018-10-15,7.182499885559082,6.980000019073486
2018-10-16,7.204999923706055,7.581250190734863
2018-10-17,7.710000038146973,7.606249809265137
2018-10-18,7.507500171661377,7.078750133514404
2018-10-19,7.223750114440918,7.050000190734863
2018-10-22,7.176249980926514,7.15625
2018-10-23,6.773749828338623,7.077499866485596
2018-10-24,7.051249980926514,6.114999771118164
2018-10-25,6.386250019073486,6.742499828338623
2018-10-26,6.050000190734863,6.21875
2018-10-29,6.497499942779541,5.886250019073486
2018-10-30,5.78000020980835,6.113749980926514
2018-10-31,6.40625,6.526249885559082
2018-11-01,6.583749771118164,6.81125020980835
2018-11-02,6.743750095367432,6.506249904632568
2018-11-05,6.510000228881836,6.442500114440918
2018-11-06,6.426249980926514,6.578750133514404
2018-11-07,6.81374979019165,7.183750152587891
2018-11-08,7.098750114440918,7.06125020980835
2018-11-09,6.864999771118164,6.702499866485596
2018-11-12,6.5625,6.113749980926514
2018-11-13,6.183750152587891,6.111249923706055
2018-11-14,6.284999847412109,5.956250190734863
2018-11-15,5.923749923706055,6.275000095367432
2018-11-16,6.09499979019165,6.206250190734863
2018-11-19,6.114999771118164,5.611249923706055
2018-11-20,5.215000152587891,5.300000190734863
2018-11-21,5.503749847412109,5.418749809265137
2018-11-23,5.284999847412109,5.298749923706055
2018-11-26,5.522500038146973,5.662499904632568
2018-11-27,5.577499866485596,5.721250057220459
2018-11-28,5.849999904632568,6.263750076293945
2018-11-29,6.190000057220459,6.206250190734863
2018-11-30,6.230000019073486,6.336249828338623
2018-12-03,6.760000228881836,6.661250114440918
2018-12-04,6.568749904632568,5.928750038146973
2018-12-06,5.551249980926514,6.014999866485596
2018-12-07,5.949999809265137,5.426249980926514
2018-12-10,5.394999980926514,5.596250057220459
2018-12-11,5.866250038146973,5.65625
2018-12-12,5.902500152587891,5.798749923706055
2018-12-13,5.912499904632568,5.800000190734863
2018-12-14,5.611249923706055,5.362500190734863
2018-12-17,5.308750152587891,5.016250133514404
2018-12-18,5.135000228881836,5.099999904632568
2018-12-19,5.088749885559082,4.731249809265137
2018-12-20,4.683750152587891,4.541250228881836
2018-12-21,4.581250190734863,4.102499961853027
2018-12-24,4.0,3.7987499237060547
2018-12-26,3.9124999046325684,4.482500076293945
2018-12-27,4.324999809265137,4.546249866485596
2018-12-28,4.625,4.527500152587891
2018-12-31,4.670000076293945,4.630000114440918
2019-01-02,4.347499847412109,4.696249961853027
2019-01-03,4.497499942779541,4.241250038146973
2019-01-04,4.443749904632568,4.783750057220459
2019-01-07,4.808750152587891,4.93625020980835
2019-01-08,5.086249828338623,5.078750133514404
2019-01-09,5.139999866485596,5.198750019073486
2019-01-10,5.079999923706055,5.24875020980835
2019-01-11,5.15500020980835,5.18625020980835
2019-01-14,5.053750038146973,5.051249980926514
2019-01-15,5.117499828338623,5.331250190734863
2019-01-16,5.371250152587891,5.338749885559082
2019-01-17,5.287499904632568,5.463749885559082
2019-01-18,5.590000152587891,5.613749980926514
2019-01-22,5.50124979019165,5.303750038146973
2019-01-23,5.368750095367432,5.308750152587891
2019-01-24,5.352499961853027,5.402500152587891
2019-01-25,5.53249979019165,5.59499979019165
2019-01-28,5.37624979019165,5.388750076293945
2019-01-29,5.398749828338623,5.236249923706055
2019-01-30,5.412499904632568,5.628749847412109
2019-01-31,5.727499961853027,5.87624979019165
2019-02-01,5.792500019073486,5.801249980926514
2019-02-04,5.808750152587891,6.013750076293945
2019-02-05,6.046249866485596,6.172500133514404
2019-02-06,6.184999942779541,6.12375020980835
2019-02-07,5.958749771118164,5.87375020980835
2019-02-08,5.713749885559082,5.903749942779541
2019-02-11,5.971250057220459,5.889999866485596
2019-02-12,6.016250133514404,6.144999980926514
2019-02-13,6.232500076293945,6.15749979019165
2019-02-14,6.087500095367432,6.179999828338623
2019-02-15,6.31374979019165,6.253749847412109
2019-02-19,6.195000171661377,6.291250228881836
2019-02-20,6.306250095367432,6.286250114440918
2019-02-21,6.233749866485596,6.215000152587891
2019-02-22,6.257500171661377,6.349999904632568
2019-02-25,6.50124979019165,6.420000076293945
2019-02-26,6.369999885559082,6.440000057220459
2019-02-27,6.353750228881836,6.420000076293945
2019-02-28,6.363749980926514,6.380000114440918
2019-03-01,6.514999866485596,6.507500171661377
2019-03-04,6.621250152587891,6.508749961853027
2019-03-05,6.522500038146973,6.525000095367432
2019-03-06,6.541250228881836,6.412499904632568
2019-03-07,6.360000133514404,6.178750038146973
2019-03-08,5.96750020980835,6.143750190734863
2019-03-11,6.216249942779541,6.527500152587891
2019-03-12,6.578750133514404,6.633749961853027
2019-03-13,6.733749866485596,6.777500152587891
2019-03-14,6.789999961853027,6.747499942779541
2019-03-15,6.826250076293945,6.914999961853027
2019-03-18,6.921249866485596,6.977499961853027
2019-03-19,7.067500114440918,7.047500133514404
2019-03-20,7.043749809265137,7.12624979019165
2019-03-21,7.059999942779541,7.456250190734863
2019-03-22,7.358749866485596,6.96875
2019-03-25,6.882500171661377,6.925000190734863
2019-03-26,7.086249828338623,7.019999980926514
2019-03-27,7.048749923706055,6.882500171661377
2019-03-28,6.933750152587891,6.926249980926514
2019-03-29,7.078750133514404,7.082499980926514
2019-04-01,7.287499904632568,7.361249923706055
2019-04-02,7.386250019073486,7.442500114440918
2019-04-03,7.567500114440918,7.571249961853027
2019-04-04,7.572500228881836,7.559999942779541
2019-04-05,7.632500171661377,7.673749923706055
2019-04-08,7.635000228881836,7.733749866485596
2019-04-09,7.65500020980835,7.648749828338623
2019-04-10,7.682499885559082,7.772500038146973
2019-04-11,7.801249980926514,7.713749885559082
2019-04-12,7.8125,7.808750152587891
2019-04-15,7.808750152587891,7.815000057220459
2019-04-16,7.893750190734863,7.891250133514404
2019-04-17,8.045000076293945,7.96999979019165
2019-04-18,8.010000228881836,7.994999885559082
2019-04-22,7.893750190734863,8.0625
2019-04-23,8.126250267028809,8.368749618530273
2019-04-24,8.387499809265137,8.287500381469727
2019-04-25,8.4712495803833,8.380000114440918
2019-04-26,8.351249694824219,8.40999984741211
2019-04-29,8.407500267028809,8.454999923706055
2019-04-30,8.25,8.261249542236328
2019-05-01,8.414999961853027,8.166250228881836
2019-05-02,8.168749809265137,8.06624984741211
2019-05-03,8.267499923706055,8.446249961853027
2019-05-06,7.913750171661377,8.295000076293945
2019-05-07,8.026249885559082,7.8125
2019-05-08,7.733749866485596,7.743750095367432
2019-05-09,7.494999885559082,7.621250152587891
2019-05-10,7.53000020980835,7.642499923706055
2019-05-13,7.059999942779541,6.852499961853027
2019-05-14,6.952499866485596,7.067500114440918
2019-05-15,6.932499885559082,7.361249923706055
2019-05-16,7.375,7.591249942779541
2019-05-17,7.361249923706055,7.355000019073486
2019-05-20,7.047500133514404,6.986249923706055
2019-05-21,7.158750057220459,7.196249961853027
2019-05-22,7.072500228881836,7.102499961853027
2019-05-23,6.857500076293945,6.767499923706055
2019-05-24,6.883749961853027,6.757500171661377
2019-05-28,6.817500114440918,6.684999942779541
2019-05-29,6.56125020980835,6.517499923706055
2019-05-30,6.566249847412109,6.59499979019165
2019-05-31,6.358749866485596,6.277500152587891
2019-06-03,6.227499961853027,5.87624979019165
2019-06-04,6.050000190734863,6.352499961853027
2019-06-05,6.536250114440918,6.492499828338623
2019-06-06,6.525000095367432,6.642499923706055
2019-06-07,6.75,7.021249771118164
2019-06-10,7.170000076293945,7.277500152587891
2019-06-11,7.507500171661377,7.304999828338623
2019-06-12,7.241250038146973,7.181250095367432
2019-06-13,7.266250133514404,7.298749923706055
2019-06-14,7.183750152587891,7.203750133514404
2019-06-17,7.24875020980835,7.335000038146973
2019-06-18,7.59375,7.652500152587891
2019-06-19,7.691249847412109,7.742499828338623
2019-06-20,8.061249732971191,7.954999923706055
2019-06-21,7.913750171661377,7.918749809265137
2019-06-24,7.961249828338623,7.916250228881836
2019-06-25,7.897500038146973,7.511250019073486
2019-06-26,7.652500152587891,7.606249809265137
2019-06-27,7.68874979019165,7.68874979019165
2019-06-28,7.747499942779541,7.721250057220459
2019-07-01,8.162500381469727,8.0287504196167
2019-07-02,8.020000457763672,8.126250267028809
2019-07-03,8.177499771118164,8.306249618530273
2019-07-05,8.136249542236328,8.2524995803833
2019-07-08,8.098750114440918,8.078749656677246
2019-07-09,7.958749771118164,8.199999809265137
2019-07-10,8.350000381469727,8.442500114440918
2019-07-11,8.483750343322754,8.420000076293945
2019-07-12,8.443750381469727,8.561249732971191
2019-07-15,8.619999885559082,8.633749961853027
2019-07-16,8.606249809265137,8.511249542236328
2019-07-17,8.515000343322754,8.385000228881836
2019-07-18,8.261249542236328,8.421250343322754
2019-07-19,8.587499618530273,8.217499732971191
2019-07-22,8.279999732971191,8.411250114440918
2019-07-23,8.551250457763672,8.573749542236328
2019-07-24,8.479999542236328,8.756250381469727
2019-07-25,8.667499542236328,8.506250381469727
2019-07-26,8.662500381469727,8.758749961853027
2019-07-29,8.744999885559082,8.677499771118164
2019-07-30,8.477499961853027,8.561249732971191
2019-07-31,8.62874984741211,8.199999809265137
2019-08-01,8.244999885559082,8.085000038146973
2019-08-02,7.900000095367432,7.715000152587891
2019-08-05,7.242499828338623,6.90500020980835
2019-08-06,7.090000152587891,7.18874979019165
2019-08-07,6.951250076293945,7.293749809265137
2019-08-08,7.40500020980835,7.776249885559082
2019-08-09,7.65749979019165,7.546249866485596
2019-08-12,7.409999847412109,7.293749809265137
2019-08-13,7.28000020980835,7.772500038146973
2019-08-14,7.393750190734863,7.076250076293945
2019-08-15,7.112500190734863,7.046249866485596
2019-08-16,7.222499847412109,7.371250152587891
2019-08-19,7.683750152587891,7.716249942779541
2019-08-20,7.676249980926514,7.557499885559082
2019-08-21,7.753749847412109,7.75
2019-08-22,7.795000076293945,7.675000190734863
2019-08-23,7.516250133514404,6.972499847412109
2019-08-26,7.18625020980835,7.255000114440918
2019-08-27,7.40625,7.211249828338623
2019-08-28,7.138750076293945,7.283750057220459
2019-08-29,7.552499771118164,7.614999771118164
2019-08-30,7.739999771118164,7.56125020980835
2019-09-03,7.411250114440918,7.341249942779541
2019-09-04,7.547500133514404,7.650000095367432
2019-09-05,7.902500152587891,8.072500228881836
2019-09-06,8.106249809265137,8.050000190734863
2019-09-09,8.12125015258789,7.99875020980835
2019-09-10,7.867499828338623,7.932499885559082
2019-09-11,7.96875,8.146249771118164
2019-09-12,8.297499656677246,8.2475004196167
2019-09-13,8.212499618530273,8.15999984741211
2019-09-16,7.99875020980835,8.047499656677246
2019-09-17,8.045000076293945,8.1537504196167
2019-09-18,8.107500076293945,8.148750305175781
2019-09-19,8.19124984741211,8.1850004196167
2019-09-20,8.220000267028809,7.927499771118164
2019-09-23,7.909999847412109,7.934999942779541
2019-09-24,8.043749809265137,7.621250152587891
2019-09-25,7.59499979019165,7.864999771118164
2019-09-26,7.841249942779541,7.786250114440918
2019-09-27,7.818749904632568,7.503749847412109
2019-09-30,7.574999809265137,7.703750133514404
2019-10-01,7.789999961853027,7.517499923706055
2019-10-02,7.366250038146973,7.132500171661377
2019-10-03,7.127500057220459,7.367499828338623
2019-10-04,7.463749885559082,7.677499771118164
2019-10-07,7.607500076293945,7.606249809265137
2019-10-08,7.454999923706055,7.260000228881836
2019-10-09,7.449999809265137,7.480000019073486
2019-10-10,7.481249809265137,7.643750190734863
2019-10-11,7.902500152587891,7.929999828338623
2019-10-14,7.90625,7.93874979019165
2019-10-15,8.010000228881836,8.239999771118164
2019-10-16,8.15250015258789,8.178750038146973
2019-10-17,8.319999694824219,8.234999656677246
2019-10-18,8.202500343322754,7.99875020980835
2019-10-21,8.12874984741211,8.210000038146973
2019-10-22,8.295000076293945,8.020000457763672
2019-10-23,7.963749885559082,8.057499885559082
2019-10-24,8.233750343322754,8.288749694824219
2019-10-25,8.161250114440918,8.477499961853027
2019-10-28,8.607500076293945,8.736249923706055
2019-10-29,8.693750381469727,8.53499984741211
2019-10-30,8.579999923706055,8.654999732971191
2019-10-31,8.7212495803833,8.661250114440918
2019-11-01,8.776249885559082,8.896249771118164
2019-11-04,9.076250076293945,9.055000305175781
2019-11-05,9.0962495803833,9.06624984741211
2019-11-06,9.043749809265137,9.008749961853027
2019-11-07,9.151249885559082,9.100000381469727
2019-11-08,9.046250343322754,9.207500457763672
2019-11-11,9.071249961853027,9.168749809265137
2019-11-12,9.1899995803833,9.243749618530273
2019-11-13,9.1537504196167,9.229999542236328
2019-11-14,9.148750305175781,9.227499961853027
2019-11-15,9.388750076293945,9.401249885559082
2019-11-18,9.388750076293945,9.449999809265137
2019-11-19,9.55875015258789,9.488750457763672
2019-11-20,9.418749809265137,9.322500228881836
2019-11-21,9.289999961853027,9.25
2019-11-22,9.319999694824219,9.274999618530273
2019-11-25,9.390000343322754,9.5962495803833
2019-11-26,9.613750457763672,9.6537504196167
2019-11-27,9.72249984741211,9.848750114440918
2019-11-29,9.776249885559082,9.717499732971191
2019-12-02,9.717499732971191,9.404999732971191
2019-12-03,9.037500381469727,9.193750381469727
2019-12-04,9.336250305175781,9.329999923706055
2019-12-05,9.427499771118164,9.37874984741211
2019-12-06,9.585000038146973,9.668749809265137
2019-12-09,9.636249542236328,9.550000190734863
2019-12-10,9.556249618530273,9.5287504196167
2019-12-11,9.585000038146973,9.672499656677246
2019-12-12,9.641249656677246,9.893750190734863
2019-12-13,9.869999885559082,9.982500076293945
2019-12-16,10.177499771118164,10.268750190734863
2019-12-17,10.321249961853027,10.282500267028809
2019-12-18,10.331250190734863,10.306249618530273
2019-12-19,10.332500457763672,10.516249656677246
2019-12-20,10.6537504196167,10.641249656677246
2019-12-23,10.7524995803833,10.720000267028809
2019-12-24,10.743749618530273,10.729999542236328
2019-12-26,10.7787504196167,11.008749961853027
2019-12-27,11.126250267028809,10.976249694824219
2019-12-30,10.9662504196167,10.757499694824219
2019-12-31,10.662500381469727,10.818750381469727
2020-01-02,11.088749885559082,11.354999542236328
2020-01-03,10.911250114440918,11.046250343322754
2020-01-06,10.7837495803833,11.256250381469727
2020-01-07,11.267499923706055,11.242500305175781
2020-01-08,11.244999885559082,11.501250267028809
2020-01-09,11.7787504196167,11.791250228881836
2020-01-10,11.923749923706055,11.694999694824219
2020-01-13,11.8412504196167,12.103750228881836
2020-01-14,12.072500228881836,11.962499618530273
2020-01-15,11.97249984741211,11.970000267028809
2020-01-16,12.138750076293945,12.303750038146973
2020-01-17,12.463749885559082,12.487500190734863
2020-01-21,12.37874984741211,12.481249809265137
2020-01-22,12.6537504196167,12.56624984741211
2020-01-23,12.541250228881836,12.682499885559082
2020-01-24,12.862500190734863,12.353750228881836
2020-01-27,11.53125,11.59000015258789
2020-01-28,11.831250190734863,12.12874984741211
2020-01-29,12.328749656677246,12.172499656677246
2020-01-30,11.949999809265137,12.3100004196167
2020-01-31,12.460000038146973,11.704999923706055
2020-02-03,11.888750076293945,12.242500305175781
2020-02-04,12.75,13.078749656677246
2020-02-05,13.569999694824219,13.229999542236328
2020-02-06,13.313750267028809,13.552499771118164
2020-02-07,13.3725004196167,13.3774995803833
2020-02-10,13.2475004196167,13.859999656677246
2020-02-11,14.087499618530273,13.869999885559082
2020-02-12,14.111249923706055,14.276249885559082
2020-02-13,13.973750114440918,14.2212495803833
2020-02-14,14.27750015258789,14.317500114440918
2020-02-18,14.114999771118164,14.342499732971191
2020-02-19,14.601249694824219,14.757499694824219
2020-02-20,14.662500381469727,14.337499618530273
2020-02-21,14.132499694824219,13.517499923706055
2020-02-24,12.03499984741211,11.960000038146973
2020-02-25,12.241250038146973,10.992500305175781
2020-02-26,11.15999984741211,11.143750190734863
2020-02-27,10.287500381469727,9.477499961853027
2020-02-28,8.551250457763672,9.625
2020-03-02,9.9087495803833,10.938750267028809
2020-03-03,11.046250343322754,9.9087495803833
2020-03-04,10.442500114440918,11.111249923706055
2020-03-05,10.279999732971191,10.136249542236328
2020-03-06,9.0912504196167,9.604999542236328
2020-03-09,7.691249847412109,7.653749942779541
2020-03-10,8.4975004196167,8.845000267028809
2020-03-11,8.22249984741211,7.707499980926514
2020-03-12,6.1875,5.59499979019165
2020-03-13,6.53000020980835,7.105000019073486
2020-03-16,5.057499885559082,4.65625
2020-03-17,4.922500133514404,5.414999961853027
2020-03-18,4.537499904632568,4.913750171661377
2020-03-19,4.856249809265137,5.027500152587891
2020-03-20,5.37375020980835,4.43874979019165
2020-03-23,4.491250038146973,4.452499866485596
2020-03-24,5.153749942779541,5.445000171661377
2020-03-25,5.525000095367432,5.318749904632568
2020-03-26,5.478750228881836,6.184999942779541
2020-03-27,5.703750133514404,5.542500019073486
2020-03-30,5.697500228881836,6.125
2020-03-31,6.076250076293945,5.954999923706055
2020-04-01,5.449999809265137,5.216249942779541
2020-04-02,5.150000095367432,5.525000095367432
2020-04-03,5.482500076293945,5.302499771118164
2020-04-06,5.888750076293945,6.412499904632568
2020-04-07,6.987500190734863,6.400000095367432
2020-04-08,6.586249828338623,6.808750152587891
2020-04-09,6.991250038146973,6.833749771118164
2020-04-13,6.75,7.071249961853027
2020-04-14,7.506249904632568,7.988749980926514
2020-04-15,7.613749980926514,7.723750114440918
2020-04-16,7.976250171661377,8.137499809265137
2020-04-17,8.458749771118164,8.3412504196167
2020-04-20,8.148750305175781,8.071249961853027
2020-04-21,7.832499980926514,7.178750038146973
2020-04-22,7.628749847412109,7.81374979019165
2020-04-23,7.903749942779541,7.762499809265137
2020-04-24,7.817500114440918,8.137499809265137
2020-04-27,8.397500038146973,8.296250343322754
2020-04-28,8.52750015258789,7.847499847412109
2020-04-29,8.381250381469727,8.663749694824219
2020-04-30,8.801250457763672,8.7212495803833
2020-05-01,8.164999961853027,7.93874979019165
2020-05-04,7.817500114440918,8.21875
2020-05-05,8.4662504196167,8.481249809265137
2020-05-06,8.692500114440918,8.648750305175781
2020-05-07,8.978750228881836,8.986249923706055
2020-05-08,9.193750381469727,9.348750114440918
2020-05-11,9.18375015258789,9.581250190734863
2020-05-12,9.68375015258789,9.011249542236328
2020-05-13,9.073749542236328,8.670000076293945
2020-05-14,8.505000114440918,8.957500457763672
2020-05-15,8.588749885559082,9.111249923706055
2020-05-18,9.5,9.638750076293945
2020-05-19,9.672499656677246,9.5649995803833
2020-05-20,9.901249885559082,10.125
2020-05-21,10.154999732971191,9.813750267028809
2020-05-22,9.761249542236328,9.90250015258789
2020-05-26,10.381250381469727,9.861249923706055
2020-05-27,9.763750076293945,10.0
2020-05-28,9.824999809265137,9.936249732971191
2020-05-29,10.005000114440918,10.3462495803833
2020-06-01,10.257499694824219,10.473750114440918
2020-06-02,10.529999732971191,10.682499885559082
2020-06-03,10.768750190734863,10.827500343322754
2020-06-04,10.7787504196167,10.607500076293945
2020-06-05,10.737500190734863,11.236249923706055
2020-06-08,11.198749542236328,11.486249923706055
2020-06-09,11.361249923706055,11.742500305175781
2020-06-10,11.994999885559082,12.166250228881836
2020-06-11,11.572500228881836,10.375
2020-06-12,11.036250114440918,10.600000381469727
2020-06-15,10.135000228881836,10.973750114440918
2020-06-16,11.673749923706055,11.553750038146973
2020-06-17,11.771249771118164,11.666250228881836
2020-06-18,11.617500305175781,11.756250381469727
2020-06-19,12.12125015258789,11.739999771118164
2020-06-22,11.738750457763672,12.157500267028809
2020-06-23,12.421250343322754,12.475000381469727
2020-06-24,12.362500190734863,11.739999771118164
2020-06-25,11.738750457763672,12.051250457763672
2020-06-26,12.0024995803833,11.1850004196167
2020-06-29,11.151249885559082,11.542499542236328
2020-06-30,11.539999961853027,12.206250190734863
2020-07-01,12.232500076293945,12.642499923706055
2020-07-02,13.036250114440918,12.911250114440918
2020-07-06,13.412500381469727,13.859999656677246
2020-07-07,13.818750381469727,13.587499618530273
2020-07-08,13.803750038146973,14.109999656677246
2020-07-09,14.426250457763672,14.462499618530273
2020-07-10,14.427499771118164,14.768750190734863
2020-07-13,15.256250381469727,13.856249809265137
2020-07-14,13.448749542236328,14.149999618530273
2020-07-15,14.357500076293945,14.220000267028809
2020-07-16,13.755000114440918,13.914999961853027
2020-07-17,14.020000457763672,13.979999542236328
2020-07-20,14.100000381469727,15.170000076293945
2020-07-21,15.448749542236328,14.6850004196167
2020-07-22,14.771249771118164,14.854999542236328
2020-07-23,14.788749694824219,13.69124984741211
2020-07-24,13.063750267028809,13.286250114440918
2020-07-27,13.573749542236328,14.0
2020-07-28,13.885000228881836,13.473750114440918
2020-07-29,13.711250305175781,13.932499885559082
2020-07-30,13.612500190734863,14.1587495803833
2020-07-31,14.914999961853027,14.922499656677246
2020-08-03,15.28125,15.478750228881836
2020-08-04,15.414999961853027,15.680000305175781
2020-08-05,15.768750190734863,15.805000305175781
2020-08-06,15.763750076293945,16.40999984741211
2020-08-07,16.327499389648438,15.873749732971191
2020-08-10,15.9087495803833,15.65999984741211
2020-08-11,15.444999694824219,14.771249771118164
2020-08-12,15.137499809265137,15.876250267028809
2020-08-13,16.010000228881836,15.987500190734863
2020-08-14,16.082500457763672,15.94124984741211
2020-08-17,16.233749389648438,16.467500686645508
2020-08-18,16.678749084472656,16.951250076293945
2020-08-19,16.948749542236328,16.6200008392334
2020-08-20,16.46875,17.303749084472656
2020-08-21,17.332500457763672,17.665000915527344
2020-08-24,18.2762508392334,17.99250030517578
2020-08-25,17.853750228881836,18.412500381469727
2020-08-26,18.658750534057617,19.591249465942383
2020-08-27,19.822500228881836,19.41374969482422
2020-08-28,19.6612491607666,19.7137508392334
2020-08-31,19.8174991607666,20.170000076293945
2020-09-01,20.739999771118164,21.217500686645508
2020-09-02,21.934999465942383,21.81624984741211
2020-09-03,20.841249465942383,18.466249465942383
2020-09-04,18.172500610351562,17.704999923706055
2020-09-08,15.618749618530273,15.202500343322754
2020-09-09,16.12874984741211,16.508750915527344
2020-09-10,17.065000534057617,15.553750038146973
2020-09-11,15.875,15.213749885559082
2020-09-14,15.875,15.9975004196167
2020-09-15,16.666250228881836,16.677499771118164
2020-09-16,16.81624984741211,15.876250267028809
2020-09-17,14.651249885559082,15.145000457763672
2020-09-18,15.357500076293945,14.5600004196167
2020-09-21,13.9037504196167,14.732500076293945
2020-09-22,15.149999618530273,15.537500381469727
2020-09-23,15.481249809265137,14.098750114440918
2020-09-24,13.711250305175781,14.305000305175781
2020-09-25,14.383749961853027,15.307499885559082
2020-09-28,16.1612491607666,16.21500015258789
2020-09-29,16.184999465942383,16.045000076293945
2020-09-30,16.073749542236328,16.362499237060547
2020-10-01,17.071250915527344,17.12874984741211
2020-10-02,16.014999389648438,15.7162504196167
2020-10-05,16.05875015258789,16.707500457763672
2020-10-06,16.548749923706055,15.8100004196167
2020-10-07,16.271249771118164,16.641250610351562
2020-10-08,17.056249618530273,16.886249542236328
2020-10-09,17.1924991607666,17.637500762939453
2020-10-12,18.549999237060547,19.282499313354492
2020-10-13,19.649999618530273,19.28499984741211
2020-10-14,19.457500457763672,18.80875015258789
2020-10-15,17.877500534057617,18.420000076293945
2020-10-16,18.758750915527344,18.137500762939453
2020-10-19,18.5049991607666,17.236249923706055
2020-10-20,17.372499465942383,17.34749984741211
2020-10-21,17.386249542236328,17.302499771118164
2020-10-22,17.462499618530273,17.311250686645508
2020-10-23,17.426250457763672,17.412500381469727
2020-10-26,16.971250534057617,16.618749618530273
2020-10-27,16.783750534057617,17.011249542236328
2020-10-28,16.177499771118164,15.015000343322754
2020-10-29,15.242500305175781,15.7787504196167
2020-10-30,15.443750381469727,14.681249618530273
2020-11-02,14.973750114440918,14.686249732971191
2020-11-03,14.9975004196167,15.425000190734863
2020-11-04,16.948749542236328,17.510000228881836
2020-11-05,18.707500457763672,18.861249923706055
2020-11-06,18.733749389648438,18.924999237060547
2020-11-09,19.459999084472656,17.770000457763672
2020-11-10,17.142499923706055,16.811250686645508
2020-11-11,17.258750915527344,17.94124984741211
2020-11-12,18.106250762939453,17.678749084472656
2020-11-13,17.97249984741211,18.142499923706055
2020-11-16,18.09375,18.559999465942383
2020-11-17,18.600000381469727,18.388750076293945
2020-11-18,18.282499313354492,17.962499618530273
2020-11-19,17.863750457763672,18.407499313354492
2020-11-20,18.381250381469727,18.033750534057617
2020-11-23,18.227500915527344,18.037500381469727
2020-11-24,18.227500915527344,18.774999618530273
2020-11-25,18.96500015258789,19.12874984741211
2020-11-27,19.5049991607666,19.6512508392334
2020-11-30,19.71500015258789,19.752500534057617
2020-12-01,20.2237491607666,20.528749465942383
2020-12-02,20.2762508392334,20.611249923706055
2020-12-03,20.6612491607666,20.69499969482422
2020-12-04,20.700000762939453,20.948749542236328
2020-12-07,20.987499237060547,21.303749084472656
2020-12-08,21.206249237060547,21.498750686645508
2020-12-09,21.479999542236328,20.05875015258789
2020-12-10,19.6299991607666,20.30500030517578
2020-12-11,19.956249237060547,20.162500381469727
2020-12-14,20.403749465942383,20.592500686645508
2020-12-15,21.072500228881836,21.232500076293945
2020-12-16,21.346250534057617,21.5887508392334
2020-12-17,21.956249237060547,22.03125
2020-12-18,22.19499969482422,21.791250228881836
2020-12-21,21.196250915527344,21.709999084472656
2020-12-22,21.912500381469727,21.881250381469727
2020-12-23,21.8799991607666,21.551250457763672
2020-12-24,21.613750457763672,21.831249237060547
2020-12-28,22.395000457763672,22.486249923706055
2020-12-29,22.793750762939453,22.552499771118164
2020-12-30,22.806249618530273,22.548749923706055
2020-12-31,22.533750534057617,22.725000381469727
2021-01-04,23.010000228881836,21.731250762939453
2021-01-05,21.53499984741211,22.2762508392334
2021-01-06,21.237499237060547,21.354999542236328
2021-01-07,21.921249389648438,22.897499084472656
2021-01-08,23.41374969482422,23.78499984741211
2021-01-11,23.10124969482422,22.733749389648438
2021-01-12,22.764999389648438,22.635000228881836
2021-01-13,22.696250915527344,23.075000762939453
2021-01-14,23.1875,22.7237491607666
2021-01-15,22.676250457763672,22.171249389648438
2021-01-19,22.681249618530273,23.13249969482422
2021-01-20,23.9637508392334,24.7450008392334
2021-01-21,25.0625,25.360000610351562
2021-01-22,25.102500915527344,25.1299991607666
2021-01-25,25.940000534057617,25.827499389648438
2021-01-26,25.93000030517578,25.854999542236328
2021-01-27,25.315000534057617,23.770000457763672
2021-01-28,23.97249984741211,24.1200008392334
2021-01-29,23.725000381469727,22.61750030517578
2021-02-01,23.387500762939453,24.280000686645508
2021-02-02,24.97249984741211,25.454999923706055
2021-02-03,25.982500076293945,25.162500381469727
2021-02-04,25.510000228881836,26.052499771118164
2021-02-05,26.299999237060547,26.325000762939453
2021-02-08,26.739999771118164,26.84000015258789
2021-02-09,26.6200008392334,26.827499389648438
2021-02-10,27.19499969482422,26.637500762939453
2021-02-11,27.040000915527344,27.0674991607666
2021-02-12,26.895000457763672,27.52750015258789
2021-02-16,27.739999771118164,27.297500610351562
2021-02-17,26.5575008392334,26.917499542236328
2021-02-18,26.014999389648438,26.55500030517578
2021-02-19,26.90999984741211,26.204999923706055
2021-02-22,25.135000228881836,24.174999237060547
2021-02-23,22.94499969482422,23.959999084472656
2021-02-24,23.309999465942383,24.537500381469727
2021-02-25,23.905000686645508,21.975000381469727
2021-02-26,22.59749984741211,22.30500030517578
2021-03-01,23.34000015258789,24.25
2021-03-02,24.385000228881836,23.087499618530273
2021-03-03,22.842500686645508,21.084999084472656
2021-03-04,20.99250030517578,20.042499542236328
2021-03-05,20.572500228881836,20.940000534057617
2021-03-08,20.81999969482422,19.149999618530273
2021-03-09,20.61750030517578,21.405000686645508
2021-03-10,22.315000534057617,21.22249984741211
2021-03-11,22.2549991607666,22.69499969482422
2021-03-12,21.792499542236328,22.1299991607666
2021-03-15,22.202499389648438,22.837499618530273
2021-03-16,23.334999084472656,23.212499618530273
2021-03-17,22.530000686645508,23.5049991607666
2021-03-18,22.40250015258789,21.34749984741211
2021-03-19,21.3125,21.6200008392334
2021-03-22,22.072500228881836,22.772499084472656
2021-03-23,23.012500762939453,22.475000381469727
2021-03-24,22.772499084472656,21.34000015258789
2021-03-25,20.954999923706055,21.225000381469727
2021-03-26,21.18000030517578,22.162500381469727
2021-03-29,22.059999465942383,22.149999618530273
2021-03-30,21.737499237060547,21.834999084472656
2021-03-31,22.197500228881836,22.815000534057617
2021-04-01,23.65999984741211,23.975000381469727
2021-04-05,24.552499771118164,25.415000915527344
2021-04-06,25.34000015258789,25.354999542236328
2021-04-07,25.25749969482422,25.542499542236328
2021-04-08,26.229999542236328,26.34000015258789
2021-04-09,26.0049991607666,26.8174991607666
2021-04-12,26.575000762939453,26.712499618530273
2021-04-13,27.094999313354492,27.627500534057617
2021-04-14,27.697500228881836,26.657499313354492
2021-04-15,27.342500686645508,27.834999084472656
2021-04-16,27.977500915527344,27.952499389648438
2021-04-19,27.537500381469727,27.190000534057617
2021-04-20,27.012500762939453,26.594999313354492
2021-04-21,26.25,27.267499923706055
2021-04-22,27.167499542236328,26.274999618530273
2021-04-23,26.43000030517578,27.264999389648438
2021-04-26,27.327499389648438,27.80500030517578
2021-04-27,27.86750030517578,27.440000534057617
2021-04-28,27.34749984741211,27.157499313354492
2021-04-29,27.96500015258789,27.43000030517578
2021-04-30,26.822500228881836,26.915000915527344
2021-05-03,27.190000534057617,26.475000381469727
2021-05-04,25.862499237060547,25.079999923706055
2021-05-05,25.510000228881836,24.787500381469727
2021-05-06,24.717500686645508,25.329999923706055
2021-05-07,25.99250030517578,25.950000762939453
2021-05-10,25.622499465942383,24.0
2021-05-11,22.647499084472656,23.8799991607666
2021-05-12,22.7549991607666,22.0625
2021-05-13,22.649999618530273,22.52750015258789
2021-05-14,23.219999313354492,23.99250030517578
2021-05-17,23.627500534057617,23.587499618530273
2021-05-18,23.802499771118164,23.092500686645508
2021-05-19,21.912500381469727,23.177499771118164
2021-05-20,23.517499923706055,24.517499923706055
2021-05-21,24.885000228881836,24.112499237060547
2021-05-24,24.637500762939453,25.31999969482422
2021-05-25,25.6875,25.4424991607666
2021-05-26,25.59000015258789,25.700000762939453
2021-05-27,25.592500686645508,25.399999618530273
2021-05-28,25.69499969482422,25.647499084472656
2021-06-01,25.962499618530273,25.397499084472656
2021-06-02,25.487499237060547,25.530000686645508
2021-06-03,24.872499465942383,24.727500915527344
2021-06-04,25.157499313354492,25.9950008392334
2021-06-07,25.857500076293945,26.225000381469727
2021-06-08,26.645000457763672,26.2549991607666
2021-06-09,26.59000015258789,26.28499984741211
2021-06-10,26.357500076293945,27.09000015258789
2021-06-11,27.104999542236328,27.30500030517578
2021-06-14,27.40999984741211,28.06999969482422
2021-06-15,28.0049991607666,27.549999237060547
2021-06-16,27.655000686645508,27.2549991607666
2021-06-17,26.989999771118164,28.272499084472656
2021-06-18,27.852500915527344,27.59749984741211
2021-06-21,27.657499313354492,28.102500915527344
2021-06-22,28.077499389648438,28.887500762939453
2021-06-23,28.892499923706055,28.9375
2021-06-24,29.434999465942383,29.469999313354492
2021-06-25,29.622499465942383,29.377500534057617
2021-06-28,29.6924991607666,30.417499542236328
2021-06-29,30.389999389648438,30.760000228881836
2021-06-30,30.72249984741211,30.625
2021-07-01,30.520000457763672,30.639999389648438
2021-07-02,31.15999984741211,31.68000030517578
2021-07-06,31.862499237060547,32.10499954223633
2021-07-07,32.724998474121094,32.310001373291016
2021-07-08,30.922500610351562,31.75
2021-07-09,31.56999969482422,32.287498474121094
2021-07-12,32.70000076293945,32.692501068115234
2021-07-13,32.595001220703125,32.67499923706055
2021-07-14,33.34000015258789,32.852500915527344
2021-07-15,32.852500915527344,32.17250061035156
2021-07-16,32.415000915527344,31.38249969482422
2021-07-19,30.452499389648438,30.6299991607666
2021-07-20,30.860000610351562,31.639999389648438
2021-07-21,31.577499389648438,32.36249923706055
2021-07-22,32.462501525878906,33.04249954223633
2021-07-23,33.42499923706055,34.13999938964844
2021-07-26,34.005001068115234,34.282501220703125
2021-07-27,34.20750045776367,33.162498474121094
2021-07-28,33.46500015258789,33.525001525878906
2021-07-29,33.369998931884766,33.689998626708984
2021-07-30,32.587501525878906,33.185001373291016
2021-08-02,33.6349983215332,33.17499923706055
2021-08-03,33.36000061035156,33.752498626708984
2021-08-04,33.772499084472656,33.91999816894531
2021-08-05,34.13999938964844,34.557498931884766
2021-08-06,34.1974983215332,34.10749816894531
2021-08-09,34.227500915527344,34.290000915527344
2021-08-10,34.442501068115234,33.77750015258789
2021-08-11,34.125,33.595001220703125
2021-08-12,33.45249938964844,33.94499969482422
2021-08-13,34.04499816894531,34.28499984741211
2021-08-16,33.98500061035156,34.345001220703125
2021-08-17,33.5525016784668,33.442501068115234
2021-08-18,33.275001525878906,32.470001220703125
2021-08-19,31.934999465942383,32.932498931884766
2021-08-20,33.23749923706055,33.95000076293945
2021-08-23,34.25749969482422,35.462501525878906
2021-08-24,35.65250015258789,35.8125
2021-08-25,35.872501373291016,35.852500915527344
2021-08-26,35.66749954223633,35.244998931884766
2021-08-27,35.42250061035156,36.275001525878906
2021-08-30,36.5,37.477500915527344
2021-08-31,37.55500030517578,37.372501373291016
2021-09-01,37.70750045776367,37.57749938964844
2021-09-02,37.98749923706055,37.525001525878906
2021-09-03,37.17499923706055,37.86249923706055
2021-09-07,37.88750076293945,38.01750183105469
2021-09-08,37.95249938964844,37.627498626708984
2021-09-09,37.682498931884766,37.224998474121094
2021-09-10,37.75,36.38750076293945
2021-09-13,37.0724983215332,36.30500030517578
2021-09-14,36.73749923706055,35.99250030517578
2021-09-15,36.122501373291016,36.790000915527344
2021-09-16,36.38750076293945,36.86249923706055
2021-09-17,36.724998474121094,35.560001373291016
2021-09-20,33.85499954223633,33.372501373291016
2021-09-21,33.845001220703125,33.415000915527344
2021-09-22,33.71500015258789,34.39250183105469
2021-09-23,34.727500915527344,35.34749984741211
2021-09-24,34.68000030517578,35.4474983215332
2021-09-27,34.5525016784668,34.592498779296875
2021-09-28,33.28499984741211,31.707500457763672
2021-09-29,31.989999771118164,31.497499465942383
2021-09-30,31.94499969482422,31.142499923706055
2021-10-01,31.3125,31.709999084472656
2021-10-04,31.274999618530273,29.760000228881836
2021-10-05,29.99250030517578,30.905000686645508
2021-10-06,30.065000534057617,31.514999389648438
2021-10-07,32.33000183105469,32.36750030517578
2021-10-08,32.66749954223633,31.8700008392334
2021-10-11,31.46500015258789,31.162500381469727
2021-10-12,31.542499542236328,30.844999313354492
2021-10-13,31.44499969482422,31.5674991607666
2021-10-14,32.52750015258789,33.310001373291016
2021-10-15,33.650001525878906,33.9275016784668
2021-10-18,33.5625,34.94499969482422
2021-10-19,35.2599983215332,35.712501525878906
2021-10-20,35.872501373291016,35.599998474121094
2021-10-21,35.36000061035156,36.23749923706055
2021-10-22,35.86750030517578,35.31999969482422
2021-10-25,35.747501373291016,36.380001068115234
2021-10-26,37.08000183105469,36.720001220703125
2021-10-27,36.88999938964844,37.0099983215332
2021-10-28,37.57749938964844,38.224998474121094
2021-10-29,37.29750061035156,38.790000915527344
2021-11-01,38.95000076293945,39.17250061035156
2021-11-02,39.00749969482422,39.69499969482422
2021-11-03,39.834999084472656,40.95500183105469
2021-11-04,41.35749816894531,42.48249816894531
2021-11-05,43.1150016784668,42.63999938964844
2021-11-08,42.625,42.46500015258789
2021-11-09,42.8125,41.59000015258789
2021-11-10,40.68000030517578,39.76750183105469
2021-11-11,40.6875,40.09000015258789
2021-11-12,40.45249938964844,41.36249923706055
2021-11-15,41.727500915527344,41.349998474121094
2021-11-16,41.0724983215332,42.20500183105469
2021-11-17,42.3025016784668,42.255001068115234
2021-11-18,42.91999816894531,43.54750061035156
2021-11-19,44.10749816894531,44.28499984741211
2021-11-22,44.8224983215332,42.75
2021-11-23,42.36249923706055,42.16749954223633
2021-11-24,41.32749938964844,42.557498931884766
2021-11-26,41.69499969482422,40.209999084472656
2021-11-29,41.54999923706055,42.70750045776367
2021-11-30,42.41999816894531,40.872501373291016
2021-12-01,42.21500015258789,38.775001525878906
2021-12-02,38.35499954223633,39.505001068115234
2021-12-03,40.0,37.52000045776367
2021-12-06,37.647499084472656,38.397499084472656
2021-12-07,40.442501068115234,41.86000061035156
2021-12-08,41.97249984741211,42.442501068115234
2021-12-09,42.037498474121094,40.61000061035156
2021-12-10,41.442501068115234,41.86750030517578
2021-12-13,41.86750030517578,40.067501068115234
2021-12-14,38.529998779296875,38.875
2021-12-15,38.7400016784668,41.4474983215332
2021-12-16,41.752498626708984,38.28499984741211
2021-12-17,37.20750045776367,37.70000076293945
2021-12-20,36.255001068115234,36.5724983215332
2021-12-21,37.540000915527344,39.01750183105469
2021-12-22,38.89500045776367,40.40999984741211
2021-12-23,40.54249954223633,41.369998931884766
2021-12-27,41.772499084472656,43.34749984741211
2021-12-28,43.689998626708984,42.837501525878906
2021-12-29,42.82749938964844,42.77000045776367
2021-12-30,42.692501068115234,42.369998931884766
2021-12-31,42.157501220703125,41.58250045776367
2022-01-03,41.95750045776367,42.782501220703125
2022-01-04,42.95750045776367,41.119998931884766
2022-01-05,40.595001220703125,37.337501525878906
2022-01-06,36.75749969482422,37.23500061035156
2022-01-07,37.224998474121094,36.01750183105469
2022-01-10,34.587501525878906,36.150001525878906
2022-01-11,35.85749816894531,37.7400016784668
2022-01-12,38.49250030517578,38.16999816894531
2022-01-13,38.564998626708984,35.400001525878906
2022-01-14,34.54499816894531,35.935001373291016
2022-01-18,34.244998931884766,33.345001220703125
2022-01-19,33.68000030517578,32.185001373291016
2022-01-20,33.0099983215332,30.940000534057617
2022-01-21,30.309999465942383,28.334999084472656
2022-01-24,26.924999237060547,28.7450008392334
2022-01-25,27.075000762939453,26.625
2022-01-26,28.4950008392334,26.575000762939453
2022-01-27,27.700000762939453,25.780000686645508
2022-01-28,26.200000762939453,28.184999465942383
2022-01-31,28.524999618530273,30.915000915527344
2022-02-01,31.209999084472656,31.5049991607666
2022-02-02,32.61000061035156,32.25
2022-02-03,29.65999984741211,28.3700008392334
2022-02-04,28.434999465942383,29.350000381469727
2022-02-07,29.53499984741211,28.684999465942383
2022-02-08,28.399999618530273,29.65999984741211
2022-02-09,30.780000686645508,31.5
2022-02-10,29.655000686645508,29.40999984741211
2022-02-11,29.389999389648438,26.639999389648438
2022-02-14,26.450000762939453,26.71500015258789
2022-02-15,27.915000915527344,28.649999618530273
2022-02-16,28.135000228881836,28.645000457763672
2022-02-17,27.81999969482422,26.104999542236328
2022-02-18,26.295000076293945,25.219999313354492
2022-02-22,24.520000457763672,24.440000534057617
2022-02-23,25.1200008392334,22.56999969482422
2022-02-24,20.3799991607666,24.780000686645508
2022-02-25,25.0,25.954999923706055
2022-02-28,25.229999542236328,26.229999542236328
2022-03-01,25.959999084472656,25.020000457763672
2022-03-02,25.334999084472656,26.21500015258789
2022-03-03,26.875,25.1200008392334
2022-03-04,24.584999084472656,24.045000076293945
2022-03-07,24.024999618530273,21.360000610351562
2022-03-08,21.19499969482422,21.065000534057617
2022-03-09,22.700000762939453,23.31999969482422
2022-03-10,22.450000762939453,22.56999969482422
2022-03-11,23.170000076293945,21.170000076293945
2022-03-14,20.905000686645508,19.93000030517578
2022-03-15,20.434999465942383,21.774999618530273
2022-03-16,22.579999923706055,24.219999313354492
2022-03-17,23.795000076293945,25.030000686645508
2022-03-18,24.729999542236328,26.584999084472656
2022-03-21,26.43000030517578,26.395000457763672
2022-03-22,26.53499984741211,27.954999923706055
2022-03-23,27.280000686645508,26.774999618530273
2022-03-24,27.21500015258789,28.510000228881836
2022-03-25,28.520000457763672,28.46500015258789
2022-03-28,28.459999084472656,29.760000228881836
2022-03-29,30.760000228881836,31.28499984741211
2022-03-30,30.84000015258789,30.344999313354492
2022-03-31,30.31999969482422,29.09000015258789
2022-04-01,29.21500015258789,28.96500015258789
2022-04-04,29.190000534057617,30.774999618530273
2022-04-05,30.40999984741211,28.739999771118164
2022-04-06,27.40999984741211,26.850000381469727
2022-04-07,26.614999771118164,27.024999618530273
2022-04-08,26.610000610351562,25.920000076293945
2022-04-11,24.915000915527344,24.079999923706055
2022-04-12,25.079999923706055,23.770000457763672
2022-04-13,23.829999923706055,25.19499969482422
2022-04-14,25.209999084472656,23.5
2022-04-18,23.235000610351562,23.565000534057617
2022-04-19,23.364999771118164,25.079999923706055
2022-04-20,25.28499984741211,23.950000762939453
2022-04-21,24.81999969482422,22.545000076293945
2022-04-22,22.524999618530273,20.7549991607666
2022-04-25,20.405000686645508,21.524999618530273
2022-04-26,21.110000610351562,19.104999542236328
2022-04-27,19.084999084472656,19.020000457763672
2022-04-28,19.915000915527344,21.030000686645508
2022-04-29,20.19499969482422,18.264999389648438
2022-05-02,18.125,19.125
2022-05-03,19.094999313354492,19.170000076293945
2022-05-04,19.2450008392334,21.06999969482422
2022-05-05,20.25,17.93000030517578
2022-05-06,17.545000076293945,17.30500030517578
2022-05-09,16.280000686645508,15.260000228881836
2022-05-10,16.360000610351562,15.78499984741211
2022-05-11,15.425000190734863,14.380000114440918
2022-05-12,13.71500015258789,14.265000343322754
2022-05-13,14.925000190734863,15.8149995803833
2022-05-16,15.5649995803833,15.324999809265137
2022-05-17,16.21500015258789,16.479999542236328
2022-05-18,15.729999542236328,14.074999809265137
2022-05-19,13.770000457763672,13.789999961853027
2022-05-20,14.324999809265137,13.670000076293945
2022-05-23,13.824999809265137,14.345000267028809
2022-05-24,13.574999809265137,13.449999809265137
2022-05-25,13.220000267028809,13.989999771118164
2022-05-26,13.880000114440918,15.15999984741211
2022-05-27,15.649999618530273,16.645000457763672
2022-05-31,16.649999618530273,16.524999618530273
2022-06-01,16.854999542236328,16.139999389648438
2022-06-02,15.960000038146973,17.450000762939453
2022-06-03,16.56999969482422,16.06999969482422
2022-06-06,16.809999465942383,16.270000457763672
2022-06-07,15.710000038146973,16.665000915527344
2022-06-08,16.540000915527344,16.325000762939453
2022-06-09,16.03499984741211,14.994999885559082
2022-06-10,14.130000114440918,13.395000457763672
2022-06-13,12.135000228881836,11.539999961853027
2022-06-14,11.819999694824219,11.614999771118164
2022-06-15,12.029999732971191,12.449999809265137
2022-06-16,11.494999885559082,10.930000305175781
2022-06-17,11.03499984741211,11.335000038146973
2022-06-21,11.90999984741211,12.1899995803833
2022-06-22,11.854999542236328,12.145000457763672
2022-06-23,12.470000267028809,12.664999961853027
2022-06-24,13.055000305175781,13.989999771118164
2022-06-27,14.175000190734863,13.65999984741211
2022-06-28,13.729999542236328,12.414999961853027
2022-06-29,12.390000343322754,12.4399995803833
2022-06-30,12.029999732971191,12.0
2022-07-01,11.800000190734863,12.194999694824219
2022-07-05,11.704999923706055,12.824999809265137
2022-07-06,12.885000228881836,13.069999694824219
2022-07-07,13.1899995803833,13.880000114440918
2022-07-08,13.494999885559082,13.944999694824219
2022-07-11,13.600000381469727,13.055000305175781
2022-07-12,13.220000267028809,12.675000190734863
2022-07-13,11.920000076293945,12.595000267028809
2022-07-14,12.234999656677246,12.725000381469727
2022-07-15,13.135000228881836,13.395000457763672
2022-07-18,13.805000305175781,13.085000038146973
2022-07-19,13.574999809265137,14.229999542236328
2022-07-20,14.329999923706055,14.944999694824219
2022-07-21,15.005000114440918,15.579999923706055
2022-07-22,15.4399995803833,14.765000343322754
2022-07-25,14.765000343322754,14.545000076293945
2022-07-26,14.244999885559082,13.664999961853027
2022-07-27,14.300000190734863,15.369999885559082
2022-07-28,15.34000015258789,15.8100004196167
2022-07-29,16.065000534057617,16.68000030517578
2022-08-01,16.389999389648438,16.655000686645508
2022-08-02,16.270000457763672,16.5
2022-08-03,16.774999618530273,17.81999969482422
2022-08-04,17.844999313354492,18.075000762939453
2022-08-05,17.21500015258789,17.645000457763672
2022-08-08,17.799999237060547,17.46500015258789
2022-08-09,17.139999389648438,16.864999771118164
2022-08-10,18.06999969482422,18.25
2022-08-11,18.665000915527344,17.975000381469727
2022-08-12,18.299999237060547,18.989999771118164
2022-08-15,18.825000762939453,19.44499969482422
2022-08-16,19.280000686645508,19.31999969482422
2022-08-17,18.7549991607666,18.649999618530273
2022-08-18,18.6299991607666,18.774999618530273
2022-08-19,18.239999771118164,17.674999237060547
2022-08-22,16.94499969482422,16.28499984741211
2022-08-23,16.21500015258789,16.229999542236328
2022-08-24,16.149999618530273,16.354999542236328
2022-08-25,16.639999389648438,17.21500015258789
2022-08-26,17.174999237060547,15.119999885559082
2022-08-29,14.675000190734863,14.654999732971191
2022-08-30,14.895000457763672,14.164999961853027
2022-08-31,14.579999923706055,13.904999732971191
2022-09-01,13.539999961853027,13.920000076293945
2022-09-02,14.319999694824219,13.34000015258789
2022-09-06,13.380000114440918,13.03499984741211
2022-09-07,13.09000015258789,13.805000305175781
2022-09-08,13.515000343322754,14.029999732971191
2022-09-09,14.34000015258789,14.920000076293945
2022-09-12,15.149999618530273,15.46500015258789
2022-09-13,14.119999885559082,12.920000076293945
2022-09-14,13.0649995803833,13.210000038146973
2022-09-15,12.9399995803833,12.545000076293945
2022-09-16,12.104999542236328,12.300000190734863
2022-09-19,11.970000267028809,12.595000267028809
2022-09-20,12.265000343322754,12.295000076293945
2022-09-21,12.404999732971191,11.619999885559082
2022-09-22,11.425000190734863,11.1899995803833
2022-09-23,10.899999618530273,10.654999732971191
2022-09-26,10.579999923706055,10.510000228881836
2022-09-27,10.90999984741211,10.520000457763672
2022-09-28,10.515000343322754,11.135000228881836
2022-09-29,10.654999732971191,10.194999694824219
2022-09-30,10.079999923706055,9.65999984741211
2022-10-03,9.850000381469727,10.329999923706055
2022-10-04,10.949999809265137,11.289999961853027
2022-10-05,10.835000038146973,11.289999961853027
2022-10-06,11.149999618530273,11.005000114440918
2022-10-07,10.4399995803833,9.75
2022-10-10,9.760000228881836,9.444999694824219
2022-10-11,9.260000228881836,9.069999694824219
2022-10-12,9.114999771118164,9.050000190734863
2022-10-13,8.260000228881836,9.654999732971191
2022-10-14,9.925000190734863,8.78499984741211
2022-10-17,9.404999732971191,9.649999618530273
2022-10-18,10.4350004196167,9.890000343322754
2022-10-19,9.704999923706055,9.770000457763672
2022-10-20,9.664999961853027,9.604999542236328
2022-10-21,9.489999771118164,10.28499984741211
2022-10-24,10.3149995803833,10.635000228881836
2022-10-25,10.739999771118164,11.274999618530273
2022-10-26,10.59000015258789,10.529999732971191
2022-10-27,10.395000457763672,9.949999809265137
2022-10-28,9.875,10.850000381469727
2022-10-31,10.59000015258789,10.475000381469727
2022-11-01,10.869999885559082,10.149999618530273
2022-11-02,10.140000343322754,9.100000381469727
2022-11-03,8.824999809265137,8.574999809265137
2022-11-04,9.0649995803833,8.975000381469727
2022-11-07,9.079999923706055,9.260000228881836
2022-11-08,9.425000190734863,9.460000038146973
2022-11-09,9.265000343322754,8.800000190734863
2022-11-10,10.074999809265137,10.725000381469727
2022-11-11,10.71500015258789,11.335000038146973
2022-11-14,11.085000038146973,11.03499984741211
2022-11-15,11.824999809265137,11.479999542236328
2022-11-16,11.25,11.015000343322754
2022-11-17,10.475000381469727,10.930000305175781
2022-11-18,11.279999732971191,10.920000076293945
2022-11-21,10.760000228881836,10.59000015258789
2022-11-22,10.664999961853027,11.03499984741211
2022-11-23,11.024999618530273,11.364999771118164
2022-11-25,11.170000076293945,11.130000114440918
2022-11-28,10.899999618530273,10.640000343322754
2022-11-29,10.65999984741211,10.385000228881836
2022-11-30,10.425000190734863,11.779999732971191
2022-12-01,11.850000381469727,11.845000267028809
2022-12-02,11.225000381469727,11.704999923706055
2022-12-05,11.4399995803833,11.114999771118164
2022-12-06,11.09000015258789,10.40999984741211
2022-12-07,10.279999732971191,10.28499984741211
2022-12-08,10.4350004196167,10.649999618530273
2022-12-09,10.524999618530273,10.444999694824219
2022-12-12,10.454999923706055,10.824999809265137
2022-12-13,12.09000015258789,11.164999961853027
2022-12-14,11.104999542236328,10.899999618530273
2022-12-15,10.430000305175781,9.819999694824219
2022-12-16,9.739999771118164,9.529999732971191
2022-12-19,9.550000190734863,9.135000228881836
2022-12-20,9.0,9.095000267028809
2022-12-21,9.204999923706055,9.489999771118164
2022-12-22,9.114999771118164,8.770000457763672
2022-12-23,8.604999542236328,8.795000076293945
2022-12-27,8.729999542236328,8.420000076293945
2022-12-28,8.375,8.079999923706055
2022-12-29,8.335000038146973,8.649999618530273
2022-12-30,8.380000114440918,8.649999618530273
2023-01-03,8.869999885559082,8.454999923706055
2023-01-04,8.664999961853027,8.585000038146973
2023-01-05,8.404999732971191,8.180000305175781
2023-01-06,8.324999809265137,8.819999694824219
2023-01-09,9.039999961853027,9.005000114440918
2023-01-10,8.90999984741211,9.244999885559082
2023-01-11,9.34000015258789,9.704999923706055
2023-01-12,9.760000228881836,9.854999542236328
2023-01-13,9.585000038146973,10.050000190734863
2023-01-17,10.029999732971191,10.104999542236328
2023-01-18,10.289999961853027,9.729999542236328
2023-01-19,9.53499984741211,9.425000190734863
2023-01-20,9.59000015258789,10.194999694824219
2023-01-23,10.274999618530273,10.864999771118164
2023-01-24,10.680000305175781,10.800000190734863
2023-01-25,10.279999732971191,10.720000267028809
2023-01-26,11.109999656677246,11.34000015258789
2023-01-27,11.180000305175781,11.664999961853027
2023-01-30,11.274999618530273,10.96500015258789
2023-01-31,10.970000267028809,11.454999923706055
2023-02-01,11.430000305175781,12.194999694824219
2023-02-02,12.979999542236328,13.454999923706055
2023-02-03,12.604999542236328,12.760000228881836
2023-02-06,12.425000190734863,12.4350004196167
2023-02-07,12.414999961853027,13.204999923706055
2023-02-08,13.024999618530273,12.494999885559082
2023-02-09,13.024999618530273,12.15999984741211
2023-02-10,11.880000114440918,11.90999984741211
2023-02-13,12.069999694824219,12.475000381469727
2023-02-14,12.270000457763672,12.744999885559082
2023-02-15,12.510000228881836,13.029999732971191
2023-02-16,12.414999961853027,12.28499984741211
2023-02-17,12.015000343322754,12.020000457763672
2023-02-21,11.550000190734863,11.175000190734863
2023-02-22,11.225000381469727,11.1850004196167
2023-02-23,11.595000267028809,11.46500015258789
2023-02-24,10.875,10.885000228881836
2023-02-27,11.239999771118164,11.119999885559082
2023-02-28,11.039999961853027,11.0649995803833
2023-03-01,11.029999732971191,10.795000076293945
2023-03-02,10.505000114440918,11.055000305175781
2023-03-03,11.25,11.729999542236328
2023-03-06,11.880000114440918,11.779999732971191
2023-03-07,11.779999732971191,11.34000015258789
2023-03-08,11.375,11.494999885559082
2023-03-09,11.555000305175781,10.890000343322754
2023-03-10,10.90999984741211,10.4399995803833
2023-03-13,10.234999656677246,10.664999961853027
2023-03-14,11.0600004196167,11.390000343322754
2023-03-15,11.085000038146973,11.555000305175781
2023-03-16,11.4399995803833,12.470000267028809
2023-03-17,12.46500015258789,12.28499984741211
2023-03-20,12.21500015258789,12.414999961853027
2023-03-21,12.654999732971191,12.9399995803833
2023-03-22,12.854999542236328,12.34000015258789
2023-03-23,12.800000190734863,12.779999732971191
2023-03-24,12.720000267028809,12.90999984741211
2023-03-27,12.994999885559082,12.645000457763672
2023-03-28,12.569999694824219,12.4350004196167
2023-03-29,12.880000114440918,13.114999771118164
2023-03-30,13.40999984741211,13.470000267028809
2023-03-31,13.5,14.130000114440918
2023-04-03,13.84000015258789,14.029999732971191
2023-04-04,14.079999923706055,13.890000343322754
2023-04-05,13.734999656677246,13.444999694824219
2023-04-06,13.229999542236328,13.71500015258789
2023-04-10,13.319999694824219,13.6850004196167
2023-04-11,13.680000305175781,13.420000076293945
2023-04-12,13.670000076293945,13.0649995803833
2023-04-13,13.265000343322754,13.8149995803833
2023-04-14,13.604999542236328,13.734999656677246
2023-04-17,13.675000190734863,13.75
2023-04-18,14.03499984741211,13.760000228881836
2023-04-19,13.4350004196167,13.729999542236328
2023-04-20,13.335000038146973,13.40999984741211
2023-04-21,13.350000381469727,13.4350004196167
2023-04-24,13.404999732971191,13.354999542236328
2023-04-25,13.140000343322754,12.600000381469727
2023-04-26,13.010000228881836,12.8100004196167
2023-04-27,13.279999732971191,13.845000267028809
2023-04-28,13.819999694824219,14.125
2023-05-01,14.069999694824219,14.085000038146973
2023-05-02,14.069999694824219,13.710000038146973
2023-05-03,13.75,13.4399995803833
2023-05-04,13.390000343322754,13.289999961853027
2023-05-05,13.5600004196167,14.104999542236328
2023-05-08,14.050000190734863,14.220000267028809
2023-05-09,13.994999885559082,13.944999694824219
2023-05-10,14.260000228881836,14.395000457763672
2023-05-11,14.454999923706055,14.515000343322754
2023-05-12,14.59000015258789,14.364999771118164
2023-05-15,14.425000190734863,14.585000038146973
2023-05-16,14.489999771118164,14.640000343322754
2023-05-17,14.774999618530273,15.164999961853027
2023-05-18,15.199999809265137,15.979999542236328
2023-05-19,16.014999389648438,15.869999885559082
2023-05-22,15.84000015258789,16.03499984741211
2023-05-23,15.779999732971191,15.414999961853027
2023-05-24,15.135000228881836,15.164999961853027
2023-05-25,16.18000030517578,16.260000228881836
2023-05-26,16.405000686645508,17.489999771118164
2023-05-30,18.155000686645508,17.735000610351562
2023-05-31,17.485000610351562,17.375
2023-06-01,17.3700008392334,18.0049991607666
2023-06-02,18.280000686645508,18.40999984741211
2023-06-05,18.3799991607666,18.450000762939453
2023-06-06,18.344999313354492,18.43000030517578
2023-06-07,18.469999313354492,17.489999771118164
2023-06-08,17.510000228881836,18.09000015258789
2023-06-09,18.34000015258789,18.309999465942383
2023-06-12,18.575000762939453,19.2450008392334
2023-06-13,19.684999465942383,19.674999237060547
2023-06-14,19.674999237060547,20.094999313354492
2023-06-15,19.8700008392334,20.799999237060547
2023-06-16,21.204999923706055,20.399999618530273
2023-06-20,20.145000457763672,20.299999237060547
2023-06-21,20.040000915527344,19.424999237060547
2023-06-22,19.184999465942383,20.06999969482422
2023-06-23,19.415000915527344,19.475000381469727
2023-06-26,19.3799991607666,18.704999923706055
2023-06-27,18.924999237060547,19.6299991607666
2023-06-28,19.334999084472656,19.75
2023-06-29,19.68000030517578,19.614999771118164
2023-06-30,20.200000762939453,20.5
2023-07-03,20.600000381469727,20.639999389648438
2023-07-05,20.360000610351562,20.625
2023-07-06,19.985000610351562,20.139999389648438
2023-07-07,20.094999313354492,19.934999465942383
2023-07-10,19.8799991607666,19.950000762939453
2023-07-11,20.010000228881836,20.235000610351562
2023-07-12,20.915000915527344,20.985000610351562
2023-07-13,21.510000228881836,22.030000686645508
2023-07-14,22.110000610351562,22.010000228881836
2023-07-17,22.139999389648438,22.6200008392334
2023-07-18,22.510000228881836,23.15999984741211
2023-07-19,23.364999771118164,23.15999984741211
2023-07-20,22.579999923706055,21.53499984741211
2023-07-21,21.940000534057617,21.344999313354492
2023-07-24,21.489999771118164,21.43000030517578
2023-07-25,21.540000915527344,21.860000610351562
2023-07-26,21.65999984741211,21.635000228881836
2023-07-27,22.55500030517578,21.450000762939453
2023-07-28,22.149999618530273,22.610000610351562
2023-07-31,22.665000915527344,22.655000686645508
2023-08-01,22.395000457763672,22.479999542236328
2023-08-02,21.844999313354492,21.010000228881836
2023-08-03,20.55500030517578,20.860000610351562
2023-08-04,21.19499969482422,20.56999969482422
2023-08-07,20.864999771118164,21.079999923706055
2023-08-08,20.645000457763672,20.540000915527344
2023-08-09,20.579999923706055,19.854999542236328
2023-08-10,20.329999923706055,19.94499969482422
2023-08-11,19.514999389648438,19.545000076293945
2023-08-14,19.415000915527344,20.19499969482422
2023-08-15,20.03499984741211,19.575000762939453
2023-08-16,19.459999084472656,18.924999237060547
2023-08-17,19.125,18.28499984741211
2023-08-18,17.764999389648438,18.200000762939453
2023-08-21,18.434999465942383,19.079999923706055
2023-08-22,19.485000610351562,18.9950008392334
2023-08-23,19.174999237060547,19.889999389648438
2023-08-24,20.440000534057617,18.579999923706055
2023-08-25,18.71500015258789,19.020000457763672
2023-08-28,19.475000381469727,19.44499969482422
2023-08-29,19.399999618530273,20.684999465942383
2023-08-30,20.71500015258789,21.030000686645508
2023-08-31,21.020000457763672,21.219999313354492
2023-09-01,21.604999542236328,21.145000457763672
2023-09-05,20.985000610351562,21.200000762939453
2023-09-06,21.06999969482422,20.639999389648438
2023-09-07,19.8700008392334,20.190000534057617
2023-09-08,20.155000686645508,20.25
2023-09-11,20.7450008392334,20.940000534057617
2023-09-12,20.670000076293945,20.270000457763672
2023-09-13,20.290000915527344,20.469999313354492
2023-09-14,20.75,20.950000762939453
2023-09-15,20.725000381469727,19.875
2023-09-18,19.71500015258789,19.920000076293945
2023-09-19,19.704999923706055,19.799999237060547
2023-09-20,19.885000228881836,18.875
2023-09-21,18.274999618530273,17.799999237060547
2023-09-22,18.065000534057617,17.815000534057617
2023-09-25,17.655000686645508,18.049999237060547
2023-09-26,17.655000686645508,17.2450008392334
2023-09-27,17.405000686645508,17.350000381469727
2023-09-28,17.19499969482422,17.770000457763672
2023-09-29,18.290000915527344,17.809999465942383
2023-10-02,17.834999084472656,18.235000610351562
2023-10-03,17.854999542236328,17.270000457763672
2023-10-04,17.389999389648438,17.969999313354492
2023-10-05,17.94499969482422,17.780000686645508
2023-10-06,17.325000762939453,18.674999237060547
2023-10-09,18.30500030517578,18.950000762939453
2023-10-10,19.0049991607666,19.260000228881836
2023-10-11,19.469999313354492,19.670000076293945
2023-10-12,19.735000610351562,19.440000534057617
2023-10-13,19.545000076293945,18.704999923706055
2023-10-16,18.90999984741211,19.334999084472656
2023-10-17,18.760000228881836,19.149999618530273
2023-10-18,18.735000610351562,18.34000015258789
2023-10-19,18.575000762939453,17.850000381469727
2023-10-20,17.760000228881836,17.045000076293945
2023-10-23,16.834999084472656,17.19499969482422
2023-10-24,17.450000762939453,17.68000030517578
2023-10-25,17.315000534057617,16.385000228881836
2023-10-26,16.190000534057617,15.430000305175781
2023-10-27,15.789999961853027,15.649999618530273
2023-10-30,15.975000381469727,16.155000686645508
2023-10-31,16.15999984741211,16.389999389648438
2023-11-01,16.5,17.235000610351562
2023-11-02,17.8799991607666,18.149999618530273
2023-11-03,18.350000381469727,18.790000915527344
2023-11-06,18.905000686645508,19.0049991607666
2023-11-07,19.174999237060547,19.540000915527344
2023-11-08,19.600000381469727,19.575000762939453
2023-11-09,19.670000076293945,19.110000610351562
2023-11-10,19.375,20.385000228881836
2023-11-13,20.125,20.200000762939453
2023-11-14,21.235000610351562,21.469999313354492
2023-11-15,21.809999465942383,21.530000686645508
2023-11-16,21.3799991607666,21.565000534057617
2023-11-17,21.440000534057617,21.579999923706055
2023-11-20,21.575000762939453,22.350000381469727
2023-11-21,22.045000076293945,21.94499969482422
2023-11-22,22.28499984741211,22.200000762939453
2023-11-24,22.125,22.09000015258789
2023-11-27,22.0049991607666,22.024999618530273
2023-11-28,21.899999618530273,22.200000762939453
2023-11-29,22.6200008392334,22.1200008392334
2023-11-30,22.149999618530273,21.934999465942383
2023-12-01,21.7450008392334,22.1200008392334
2023-12-04,21.454999923706055,21.489999771118164
2023-12-05,21.155000686645508,21.645000457763672
2023-12-06,22.139999389648438,21.260000228881836
2023-12-07,21.739999771118164,22.149999618530273
2023-12-08,21.825000762939453,22.415000915527344
2023-12-11,22.334999084472656,22.985000610351562
2023-12-12,22.989999771118164,23.540000915527344
2023-12-13,23.690000534057617,24.3700008392334
2023-12-14,24.625,24.329999923706055
2023-12-15,24.469999313354492,24.6200008392334
2023-12-18,24.7450008392334,25.135000228881836
2023-12-19,25.209999084472656,25.510000228881836
2023-12-20,25.239999771118164,24.270000457763672
2023-12-21,24.94499969482422,25.075000762939453
2023-12-22,25.299999237060547,25.174999237060547
2023-12-26,25.31999969482422,25.635000228881836
2023-12-27,25.674999237060547,25.770000457763672
2023-12-28,25.959999084472656,25.704999923706055
2023-12-29,25.690000534057617,25.350000381469727
2024-01-02,24.674999237060547,24.065000534057617
2024-01-03,23.584999084472656,23.295000076293945
2024-01-04,22.934999465942383,22.905000686645508
2024-01-05,22.93000030517578,22.989999771118164
2024-01-08,23.19499969482422,24.375
2024-01-09,23.829999923706055,24.53499984741211
2024-01-10,24.584999084472656,25.020000457763672
2024-01-11,25.225000381469727,25.139999389648438
2024-01-12,25.334999084472656,25.170000076293945
2024-01-16,24.940000534057617,25.155000686645508
2024-01-17,24.53499984741211,24.719999313354492
2024-01-18,25.295000076293945,25.780000686645508
2024-01-19,26.15999984741211,27.270000457763672
2024-01-22,27.704999923706055,27.3799991607666
2024-01-23,27.5049991607666,27.704999923706055
2024-01-24,28.475000381469727,28.15999984741211
2024-01-25,28.6299991607666,28.239999771118164
2024-01-26,27.84000015258789,27.719999313354492
2024-01-29,27.80500030517578,28.53499984741211
2024-01-30,28.344999313354492,27.96500015258789
2024-01-31,27.094999313354492,26.31999969482422
2024-02-01,26.645000457763672,27.25
2024-02-02,27.59000015258789,28.6200008392334
2024-02-05,28.594999313354492,28.475000381469727
2024-02-06,28.690000534057617,28.309999465942383
2024-02-07,28.844999313354492,29.155000686645508
2024-02-08,29.155000686645508,29.274999618530273
2024-02-09,29.514999389648438,30.135000228881836
2024-02-12,30.104999542236328,29.780000686645508
2024-02-13,28.1200008392334,28.3700008392334
2024-02-14,28.899999618530273,29.270000457763672
2024-02-15,29.405000686645508,29.514999389648438
2024-02-16,29.579999923706055,28.704999923706055
2024-02-20,28.290000915527344,28.040000915527344
2024-02-21,27.485000610351562,27.690000534057617
2024-02-22,29.389999389648438,30.084999084472656
2024-02-23,30.415000915527344,29.809999465942383
2024-02-26,29.969999313354492,29.770000457763672
2024-02-27,29.979999542236328,29.954999923706055
2024-02-28,29.514999389648438,29.469999313354492
2024-02-29,30.040000915527344,30.18000030517578
2024-03-01,30.375,31.565000534057617
2024-03-04,31.545000076293945,31.190000534057617
2024-03-05,30.549999237060547,29.520000457763672
2024-03-06,30.3700008392334,30.065000534057617
2024-03-07,30.774999618530273,31.405000686645508
2024-03-08,31.459999084472656,30.030000686645508
2024-03-11,29.704999923706055,29.68000030517578
2024-03-12,30.145000457763672,30.940000534057617
2024-03-13,30.719999313354492,30.219999313354492
2024-03-14,30.434999465942383,29.975000381469727
2024-03-15,29.344999313354492,28.8799991607666
2024-03-18,29.940000534057617,29.69499969482422
2024-03-19,29.270000457763672,29.899999618530273
2024-03-20,30.03499984741211,30.850000381469727
2024-03-21,31.875,31.25
2024-03-22,31.135000228881836,31.315000534057617
2024-03-25,30.739999771118164,30.9950008392334
2024-03-26,31.30500030517578,30.704999923706055
2024-03-27,31.28499984741211,30.975000381469727
2024-03-28,30.94499969482422,30.780000686645508
2024-04-01,30.959999084472656,30.969999313354492
2024-04-02,29.934999465942383,30.139999389648438
2024-04-03,29.700000762939453,30.34000015258789
2024-04-04,31.174999237060547,28.90999984741211
2024-04-05,29.200000762939453,29.93000030517578
2024-04-08,30.104999542236328,29.950000762939453
2024-04-09,30.405000686645508,30.260000228881836
2024-04-10,29.18000030517578,29.46500015258789
2024-04-11,29.80500030517578,30.850000381469727
2024-04-12,29.940000534057617,29.360000610351562
2024-04-15,30.100000381469727,27.885000228881836
2024-04-16,27.844999313354492,27.889999389648438
2024-04-17,28.270000457763672,26.854999542236328
2024-04-18,26.94499969482422,26.375
2024-04-19,26.139999389648438,24.739999771118164
2024-04-22,25.190000534057617,25.459999084472656
2024-04-23,25.809999465942383,26.594999313354492
2024-04-24,27.15999984741211,26.854999542236328
2024-04-25,25.450000762939453,26.424999237060547
2024-04-26,27.014999389648438,27.639999389648438
2024-04-29,28.040000915527344,27.969999313354492
2024-04-30,27.649999618530273,26.3700008392334
2024-05-01,26.075000762939453,25.799999237060547
2024-05-02,26.459999084472656,26.7549991607666
2024-05-03,28.165000915527344,28.350000381469727
2024-05-06,28.709999084472656,29.280000686645508
2024-05-07,29.360000610351562,29.280000686645508
2024-05-08,28.75,29.225000381469727
2024-05-09,29.25,29.385000228881836
2024-05-10,29.68000030517578,29.584999084472656
2024-05-13,29.959999084472656,29.780000686645508
2024-05-14,29.68000030517578,30.334999084472656
2024-05-15,30.844999313354492,31.735000610351562
2024-05-16,31.68000030517578,31.540000915527344
2024-05-17,31.545000076293945,31.469999313354492
2024-05-20,31.510000228881836,32.119998931884766
2024-05-21,31.719999313354492,32.28499984741211
2024-05-22,32.345001220703125,32.26499938964844
2024-05-23,33.25,31.78499984741211
2024-05-24,32.125,32.67499923706055
2024-05-28,32.93000030517578,33.029998779296875
2024-05-29,32.119998931884766,32.34000015258789
2024-05-30,32.125,31.299999237060547
2024-05-31,31.299999237060547,31.264999389648438
2024-06-03,31.864999771118164,31.56999969482422
2024-06-04,31.5,31.80500030517578
2024-06-05,32.560001373291016,33.724998474121094
2024-06-06,33.869998931884766,33.685001373291016
2024-06-07,33.560001373291016,33.560001373291016
2024-06-10,33.29499816894531,33.915000915527344
2024-06-11,33.65999984741211,34.6150016784668
2024-06-12,35.505001068115234,35.97999954223633
2024-06-13,36.78499984741211,36.55500030517578
2024-06-14,36.474998474121094,37.084999084472656
2024-06-17,37.13999938964844,38.43000030517578
2024-06-18,38.415000915527344,38.45000076293945
2024-06-20,38.72999954223633,37.54499816894531
2024-06-21,37.45000076293945,37.20000076293945
2024-06-24,36.90999984741211,35.939998626708984
2024-06-25,36.39500045776367,37.13999938964844
2024-06-26,36.79999923706055,37.22999954223633
2024-06-27,37.15999984741211,37.5
2024-06-28,37.64500045776367,36.90999984741211
2024-07-01,37.08000183105469,37.51499938964844
2024-07-02,37.14500045776367,38.665000915527344
2024-07-03,38.474998474121094,39.6150016784668
2024-07-05,39.78499984741211,40.814998626708984
2024-07-08,40.904998779296875,41.084999084472656
2024-07-09,41.459999084472656,41.17499923706055
2024-07-10,41.65999984741211,42.46500015258789
2024-07-11,42.48500061035156,39.67499923706055
2024-07-12,39.755001068115234,40.31999969482422
2024-07-15,40.73500061035156,40.619998931884766
2024-07-16,40.970001220703125,40.650001525878906
2024-07-17,38.665000915527344,37.07500076293945
2024-07-18,37.904998779296875,36.52000045776367
2024-07-19,36.400001525878906,35.529998779296875
2024-07-22,36.82500076293945,37.08000183105469
2024-07-23,36.8650016784668,36.68000030517578
2024-07-24,35.1150016784668,32.724998474121094
2024-07-25,32.779998779296875,31.635000228881836
2024-07-26,32.5,32.540000915527344
2024-07-29,33.1349983215332,32.72999954223633
2024-07-30,33.13999938964844,31.395000457763672
2024-07-31,33.4900016784668,34.13999938964844
2024-08-01,34.290000915527344,31.68000030517578
2024-08-02,29.825000762939453,29.3700008392334
2024-08-05,24.665000915527344,26.809999465942383
2024-08-06,27.065000534057617,27.479999542236328
2024-08-07,28.78499984741211,26.594999313354492
2024-08-08,27.725000381469727,29.030000686645508
2024-08-09,28.719999313354492,29.424999237060547
2024-08-12,29.614999771118164,29.625
2024-08-13,30.479999542236328,31.780000686645508
2024-08-14,31.9950008392334,31.834999084472656
2024-08-15,33.064998626708984,34.22999954223633
2024-08-16,33.810001373291016,34.31999969482422
2024-08-19,34.34000015258789,35.650001525878906
2024-08-20,35.45000076293945,35.43000030517578
2024-08-21,35.59000015258789,35.915000915527344
2024-08-22,36.43000030517578,34.189998626708984
2024-08-23,35.099998474121094,35.26499938964844
2024-08-26,35.1349983215332,34.22999954223633
2024-08-27,33.8650016784668,34.52000045776367
2024-08-28,34.400001525878906,33.349998474121094
2024-08-29,33.724998474121094,33.17499923706055
2024-08-30,34.060001373291016,34.30500030517578
2024-09-03,33.630001068115234,31.174999237060547
2024-09-04,30.520000457763672,30.90999984741211
2024-09-05,30.56999969482422,31.010000228881836
2024-09-06,30.80500030517578,28.4950008392334
2024-09-09,29.28499984741211,29.55500030517578
2024-09-10,29.889999389648438,30.350000381469727
2024-09-11,30.59000015258789,32.28499984741211
2024-09-12,32.314998626708984,33.2400016784668
2024-09-13,33.07500076293945,33.67499923706055
2024-09-16,33.209999084472656,33.224998474121094
2024-09-17,33.849998474121094,33.244998931884766
2024-09-18,33.5099983215332,32.810001373291016
2024-09-19,35.150001525878906,35.290000915527344
2024-09-20,35.07500076293945,35.064998626708984
2024-09-23,35.310001373291016,35.32500076293945
2024-09-24,35.63999938964844,35.82500076293945
2024-09-25,35.56999969482422,35.834999084472656
2024-09-26,37.459999084472656,36.595001220703125
2024-09-27,36.810001373291016,35.96500015258789
2024-09-30,35.72999954223633,36.244998931884766
2024-10-01,36.13999938964844,34.709999084472656
2024-10-02,34.505001068115234,34.84000015258789
2024-10-03,34.3650016784668,34.7599983215332
2024-10-04,36.0,35.98500061035156
2024-10-07,35.525001525878906,34.79999923706055
2024-10-08,35.33000183105469,36.310001373291016
2024-10-09,36.2599983215332,37.185001373291016
2024-10-10,36.65999984741211,37.05500030517578
2024-10-11,36.584999084472656,37.150001525878906
2024-10-14,37.720001220703125,38.099998474121094
2024-10-15,38.17499923706055,36.58000183105469
2024-10-16,36.619998931884766,36.560001373291016
2024-10-17,37.790000915527344,36.66999816894531
2024-10-18,37.22999954223633,37.31999969482422
2024-10-21,37.029998779296875,37.525001525878906
2024-10-22,36.904998779296875,37.6349983215332
2024-10-23,37.084999084472656,35.89500045776367
2024-10-24,36.709999084472656,36.75
2024-10-25,37.349998474121094,37.369998931884766
2024-10-28,38.095001220703125,37.404998779296875
2024-10-29,37.46500015258789,38.439998626708984
2024-10-30,38.275001525878906,37.584999084472656
2024-10-31,36.654998779296875,34.724998474121094
2024-11-01,35.040000915527344,35.46500015258789
2024-11-04,35.31999969482422,35.1349983215332
2024-11-05,35.474998474121094,36.470001220703125
2024-11-06,38.33000183105469,39.43000030517578
2024-11-07,40.08000183105469,41.275001525878906
2024-11-08,41.11000061035156,41.375
2024-11-11,41.665000915527344,41.29999923706055
2024-11-12,41.27000045776367,41.07500076293945
2024-11-13,40.93000030517578,40.89500045776367
2024-11-14,40.79499816894531,40.029998779296875
2024-11-15,38.6349983215332,37.1349983215332
2024-11-18,37.46500015258789,37.8849983215332
2024-11-19,37.275001525878906,38.64500045776367
2024-11-20,38.57500076293945,38.599998474121094
2024-11-21,39.275001525878906,38.97999954223633
2024-11-22,38.81999969482422,39.125
2024-11-25,40.08000183105469,39.30500030517578
2024-11-26,39.64500045776367,39.915000915527344
2024-11-27,39.64500045776367,38.95000076293945
2024-11-29,39.064998626708984,39.94499969482422
2024-12-02,40.2400016784668,41.2400016784668
2024-12-03,40.900001525878906,41.60499954223633
2024-12-04,42.435001373291016,43.125
2024-12-05,43.125,42.77000045776367
2024-12-06,42.88999938964844,43.869998931884766
2024-12-09,43.625,42.845001220703125
2024-12-10,43.125,42.380001068115234
2024-12-11,43.439998626708984,44.64500045776367
2024-12-12,44.064998626708984,43.7599983215332
2024-12-13,44.709999084472656,44.70000076293945
2024-12-16,45.36000061035156,46.64500045776367
2024-12-17,46.165000915527344,46.02000045776367
2024-12-18,45.82500076293945,41.04499816894531
2024-12-19,42.1349983215332,40.46500015258789
2024-12-20,39.529998779296875,41.51499938964844
2024-12-23,41.724998474121094,42.529998779296875
2024-12-24,42.974998474121094,44.220001220703125
2024-12-26,43.810001373291016,44.125
2024-12-27,43.185001373291016,42.33000183105469
2024-12-30,40.599998474121094,40.630001068115234
2024-12-31,40.900001525878906,39.564998626708984
2025-01-02,40.27000045776367,39.314998626708984
2025-01-03,39.994998931884766,41.20000076293945
2025-01-06,42.48500061035156,42.60499954223633
2025-01-07,42.86000061035156,40.310001373291016
2025-01-08,40.279998779296875,40.34000015258789
2025-01-10,39.400001525878906,38.415000915527344
2025-01-13,37.025001525878906,38.01499938964844
2025-01-14,38.7400016784668,37.880001068115234
2025-01-15,39.654998779296875,40.439998626708984
2025-01-16,41.005001068115234,39.6150016784668
2025-01-17,41.845001220703125,41.56999969482422
2025-01-21,42.224998474121094,42.2599983215332
2025-01-22,43.41999816894531,43.900001525878906
2025-01-23,43.27000045776367,44.16999816894531
2025-01-24,44.21500015258789,43.375
2025-01-27,38.790000915527344,39.56999969482422
2025-01-28,39.790000915527344,41.32500076293945
2025-01-29,41.45500183105469,41.06999969482422
2025-01-30,41.73500061035156,41.584999084472656
2025-01-31,42.459999084472656,41.36000061035156
2025-02-03,39.26499938964844,40.36000061035156
2025-02-04,40.45500183105469,41.82500076293945
2025-02-05,41.17499923706055,42.369998931884766
2025-02-06,42.47999954223633,43.005001068115234
2025-02-07,43.130001068115234,41.3650016784668
2025-02-10,42.3650016784668,42.81999969482422
2025-02-11,42.03499984741211,42.51499938964844
2025-02-12,41.13999938964844,42.599998474121094
2025-02-13,42.9900016784668,44.39500045776367
2025-02-14,44.404998779296875,44.915000915527344
2025-02-18,45.314998626708984,45.19499969482422
2025-02-19,45.0,45.20000076293945
2025-02-20,45.025001525878906,44.650001525878906
2025-02-21,44.8849983215332,41.85499954223633
2025-02-24,42.25,40.349998474121094
2025-02-25,40.165000915527344,38.810001373291016
2025-02-26,39.290000915527344,39.060001373291016
2025-02-27,39.86000061035156,35.81999969482422
2025-02-28,35.72999954223633,37.459999084472656
2025-03-03,38.185001373291016,35.040000915527344
2025-03-04,34.380001068115234,34.654998779296875
2025-03-05,34.775001525878906,36.005001068115234
2025-03-06,34.19499969482422,33.02000045776367
2025-03-07,32.779998779296875,33.70500183105469
2025-03-10,32.0,29.905000686645508
2025-03-11,29.700000762939453,29.55500030517578
2025-03-12,30.969999313354492,30.565000534057617
2025-03-13,30.399999618530273,28.895000457763672
2025-03-14,29.854999542236328,30.94499969482422
2025-03-17,30.940000534057617,31.545000076293945
2025-03-18,30.885000228881836,29.954999923706055
2025-03-19,30.34000015258789,31.1200008392334
2025-03-20,30.329999923706055,30.799999237060547
2025-03-21,29.764999389648438,31.09000015258789
2025-03-24,32.529998779296875,33.064998626708984
2025-03-25,33.2400016784668,33.654998779296875
2025-03-26,33.31999969482422,31.690000534057617
2025-03-27,31.299999237060547,31.149999618530273
2025-03-28,30.770000457763672,28.670000076293945
2025-03-31,27.360000610351562,28.649999618530273
2025-04-01,28.34000015258789,29.309999465942383
2025-04-02,28.094999313354492,29.96500015258789
2025-04-03,26.21500015258789,25.149999618530273
2025-04-04,22.9950008392334,20.545000076293945
2025-04-07,18.375,20.625
2025-04-08,22.69499969482422,19.450000762939453
2025-04-09,19.3799991607666,26.30500030517578
2025-04-10,24.34000015258789,23.06999969482422
2025-04-11,22.834999084472656,24.290000915527344
2025-04-14,25.950000762939453,24.799999237060547
2025-04-15,24.979999542236328,24.895000457763672
2025-04-16,23.415000915527344,22.645000457763672
2025-04-17,23.045000076293945,22.579999923706055
2025-04-21,21.684999465942383,20.93000030517578
2025-04-22,21.729999542236328,22.530000686645508
2025-04-23,24.6200008392334,24.024999618530273
2025-04-24,24.3700008392334,26.06999969482422
2025-04-25,26.020000457763672,26.93000030517578
2025-04-28,27.010000228881836,26.90999984741211
2025-04-29,26.520000457763672,27.434999465942383
2025-04-30,25.979999542236328,27.440000534057617
2025-05-01,28.780000686645508,28.385000228881836
2025-05-02,29.31999969482422,29.71500015258789
2025-05-05,28.950000762939453,29.200000762939453
2025-05-06,28.030000686645508,28.3700008392334
2025-05-07,28.479999542236328,28.700000762939453
2025-05-08,29.600000381469727,29.55500030517578
2025-05-09,29.899999618530273,29.485000610351562
2025-05-12,32.92499923706055,33.05500030517578
2025-05-13,33.334999084472656,34.56999969482422
2025-05-14,34.80500030517578,35.18000030517578
2025-05-15,34.7400016784668,35.290000915527344
2025-05-16,35.55500030517578,35.724998474121094
2025-05-19,34.23500061035156,35.81999969482422
2025-05-20,35.290000915527344,35.44499969482422
2025-05-21,34.619998931884766,33.970001220703125
2025-05-22,34.08000183105469,34.14500045776367
2025-05-23,32.54499816894531,33.15999984741211
2025-05-27,34.494998931884766,35.470001220703125
2025-05-28,35.66999816894531,35.01499938964844
2025-05-29,36.5,35.185001373291016
2025-05-30,35.064998626708984,35.0
2025-06-02,34.599998474121094,35.80500030517578
2025-06-03,35.880001068115234,36.63999938964844
2025-06-04,36.790000915527344,36.935001373291016
2025-06-05,37.224998474121094,36.07500076293945
2025-06-06,37.1349983215332,37.10499954223633
2025-06-09,37.154998779296875,37.27000045776367
2025-06-10,37.35499954223633,37.9900016784668
2025-06-11,38.29499816894531,37.599998474121094
2025-06-12,37.29999923706055,37.845001220703125
2025-06-13,36.54999923706055,36.415000915527344
2025-06-16,37.11000061035156,37.900001525878906
2025-06-17,37.34000015258789,36.779998779296875
2025-06-18,36.959999084472656,36.72999954223633
2025-06-20,37.380001068115234,36.224998474121094
2025-06-23,36.3650016784668,37.349998474121094
2025-06-24,38.45500183105469,39.04999923706055
2025-06-25,39.439998626708984,39.2400016784668
2025-06-26,39.709999084472656,40.314998626708984
2025-06-27,40.51499938964844,40.709999084472656
2025-06-30,41.400001525878906,41.5
2025-07-01,41.060001373291016,40.44499969482422
2025-07-02,40.22999954223633,41.25
2025-07-03,41.744998931884766,42.404998779296875
2025-07-07,41.79999923706055,41.459999084472656
2025-07-08,41.7400016784668,41.51499938964844
2025-07-09,41.98500061035156,42.375
2025-07-10,42.51499938964844,42.18000030517578
2025-07-11,41.65999984741211,41.86000061035156
2025-07-14,41.814998626708984,42.30500030517578
2025-07-15,43.21500015258789,42.415000915527344
2025-07-16,42.529998779296875,42.53499984741211
2025-07-17,42.685001373291016,43.525001525878906
2025-07-18,43.81999969482422,43.375
2025-07-21,43.57500076293945,44.03499984741211
2025-07-22,44.064998626708984,43.349998474121094
2025-07-23,43.59000015258789,43.91999816894531
2025-07-24,44.224998474121094,44.209999084472656
2025-07-25,44.154998779296875,44.459999084472656
2025-07-28,44.79499816894531,44.89500045776367
2025-07-29,45.494998931884766,44.689998626708984
2025-07-30,44.869998931884766,44.845001220703125
2025-07-31,46.35499954223633,44.10499954223633
2025-08-01,42.625,41.459999084472656
2025-08-04,42.61000061035156,43.72999954223633
2025-08-05,44.025001525878906,42.81999969482422
2025-08-06,43.01499938964844,44.41999816894531
2025-08-07,45.44499969482422,44.869998931884766
2025-08-08,45.119998931884766,46.08000183105469
2025-08-11,46.1150016784668,45.67499923706055
2025-08-12,46.209999084472656,47.36000061035156
2025-08-13,48.025001525878906,47.43000030517578
2025-08-14,46.91999816894531,47.29999923706055
2025-08-15,47.23500061035156,46.630001068115234
2025-08-18,46.400001525878906,46.56999969482422
2025-08-19,46.3849983215332,44.66999816894531
2025-08-20,44.415000915527344,43.85499954223633
2025-08-21,43.474998474121094,43.244998931884766
2025-08-22,43.5099983215332,45.189998626708984
2025-08-25,44.810001373291016,44.79499816894531
2025-08-26,44.654998779296875,45.314998626708984
2025-08-27,45.06999969482422,45.52000045776367
2025-08-28,45.63999938964844,46.349998474121094
2025-08-29,45.709999084472656,44.68000030517578
2025-09-02,42.55500030517578,43.540000915527344
2025-09-03,44.3650016784668,44.55500030517578
2025-09-04,44.70000076293945,45.7599983215332
2025-09-05,46.970001220703125,45.90999984741211
2025-09-08,46.45500183105469,46.564998626708984
2025-09-09,46.75,46.94499969482422
2025-09-10,47.724998474121094,46.994998931884766
2025-09-11,47.595001220703125,47.78499984741211
2025-09-12,47.97999954223633,48.380001068115234
2025-09-15,48.81999969482422,49.6150016784668
2025-09-16,49.834999084472656,49.47999954223633
2025-09-17,49.44499969482422,49.165000915527344
2025-09-18,50.380001068115234,50.4900016784668
2025-09-19,50.939998626708984,51.4900016784668
2025-09-22,51.209999084472656,52.36000061035156
2025-09-23,52.39500045776367,51.30500030517578
2025-09-24,51.60499954223633,50.70500183105469
2025-09-25,49.70000076293945,50.025001525878906
2025-09-26,50.20000076293945,50.625
2025-09-29,51.39500045776367,51.29999923706055
2025-09-30,51.20500183105469,51.70000076293945
2025-10-01,50.8650016784668,52.43000030517578
2025-10-02,53.404998779296875,53.06999969482422
2025-10-03,53.220001220703125,52.349998474121094
2025-10-06,53.70000076293945,53.52000045776367
2025-10-07,53.849998474121094,52.654998779296875
2025-10-08,52.86000061035156,54.439998626708984
2025-10-09,54.439998626708984,54.224998474121094
2025-10-10,54.3650016784668,48.53499984741211
2025-10-13,51.029998779296875,51.6150016784668
2025-10-14,49.8650016784668,50.564998626708984
2025-10-15,52.06999969482422,51.599998474121094
2025-10-16,52.34000015258789,51.025001525878906
2025-10-17,50.459999084472656,51.994998931884766
2025-10-20,52.80500030517578,53.94499969482422
2025-10-21,53.95000076293945,53.8849983215332
2025-10-22,53.724998474121094,52.29999923706055
2025-10-23,52.1349983215332,53.61000061035156
2025-10-24,54.994998931884766,55.279998779296875
2025-10-27,57.2599983215332,58.21500015258789
2025-10-28,58.82500076293945,59.54499816894531
2025-10-29,60.28499984741211,60.30500030517578
2025-10-30,59.29499816894531,57.54499816894531
2025-10-31,59.744998931884766,58.36000061035156
2025-11-03,60.0,59.15999984741211
2025-11-04,56.68000030517578,55.540000915527344
2025-11-05,55.34000015258789,56.619998931884766
2025-11-06,56.185001373291016,53.44499969482422
2025-11-07,52.5099983215332,52.88999938964844
2025-11-10,55.21500015258789,56.35499954223633
2025-11-11,55.6349983215332,55.88999938964844
2025-11-12,56.76499938964844,55.775001525878906
2025-11-13,54.78499984741211,52.33000183105469
2025-11-14,49.9900016784668,52.369998931884766
2025-11-17,51.70500183105469,51.025001525878906
2025-11-18,49.98500061035156,49.18000030517578
2025-11-19,49.32500076293945,50.025001525878906
2025-11-20,52.95000076293945,46.45000076293945
2025-11-21,46.849998474121094,47.47999954223633
2025-11-24,48.70000076293945,51.08000183105469
2025-11-25,50.63999938964844,52.0099983215332
2025-11-26,52.90999984741211,53.369998931884766
2025-11-28,53.81999969482422,54.540000915527344
2025-12-01,53.11000061035156,54.04999923706055
2025-12-02,54.630001068115234,55.29999923706055
2025-12-03,54.65999984741211,55.689998626708984
2025-12-04,56.040000915527344,55.5099983215332
2025-12-05,55.86000061035156,56.150001525878906
2025-12-08,56.56999969482422,55.79999923706055
2025-12-09,55.45000076293945,56.0099983215332
2025-12-10,55.650001525878906,56.650001525878906
2025-12-11,55.630001068115234,56.11000061035156
2025-12-12,55.11000061035156,52.81999969482422
2025-12-15,54.060001373291016,52.02000045776367
2025-12-16,51.43000030517578,52.33000183105469
2025-12-17,52.650001525878906,49.400001525878906
2025-12-18,51.66999816894531,51.5099983215332
2025-12-19,52.20000076293945,53.52000045776367
2025-12-22,54.810001373291016,54.25
2025-12-23,53.970001220703125,55.0099983215332
2025-12-24,54.869998931884766,55.36000061035156
2025-12-26,55.52000045776367,55.310001373291016
2025-12-29,54.290000915527344,54.4900016784668
2025-12-30,54.20000076293945,54.099998474121094
2025-12-31,54.130001068115234,52.720001220703125
