date,open,close
1985-10-01,4.002600885680738,4.1659234131864356
1985-10-02,4.164182015982633,4.015948314402573
1985-10-03,4.015900199978866,4.017483046260739
1985-10-04,4.015803698598961,3.927737739501148
1985-10-07,3.9260959062655236,3.7238252786600197
1985-10-08,3.7222686828505096,3.613379986829951
1985-10-09,3.6118695582451568,3.7589998764268837
1985-10-10,3.7574285772874942,3.839390970809535
1985-10-11,3.8377860673973148,4.006092166610325
1985-10-14,4.004417580448941,4.233704774039537
1985-10-15,4.231935043556279,4.252038899764838
1985-10-16,4.250261505435631,4.353636114989235
1985-10-17,4.351816252018875,4.398534138263522
1985-10-18,4.3966955074752185,4.346576206427699
1985-10-21,4.344759294568967,4.269973146463033
1985-10-22,4.2817106473492075,4.352160536951812
1985-10-23,4.350341290787671,4.419799367007186
1985-10-24,4.417951847142872,4.464482928967481
1985-10-25,4.462616730932174,4.278166361817238
1985-10-28,4.276378045950391,4.264453765018567
1985-10-29,4.262671181152853,4.438407220375902
1985-10-30,4.436551922244776,4.477370775556708
1985-10-31,4.475499190274017,4.439996235093415
1985-11-01,4.438140272738416,4.5279454591014785
1985-11-04,4.526052733100686,4.496718309158225
1985-11-05,4.494838636415066,4.539442228684304
1985-11-06,4.537544696920078,4.6455397923762085
1985-11-07,4.643597910780644,4.670140970218447
1985-11-08,4.668188805087144,4.861505946347457
1985-11-11,4.859473788762792,4.996796758368711
1985-11-12,4.993462732904518,5.169313449173423
1985-11-13,5.167152625007171,5.081644846502686
1985-11-14,5.0795206686797325,5.161661056944155
1985-11-15,5.159503431553566,5.20054246419597
1985-11-18,5.198368585992463,5.168113421132033
1985-11-19,5.165953098589376,5.241946688117359
1985-11-20,5.239755502538605,5.190113394791907
1985-11-21,5.187943876042595,5.365358407710068
1985-11-22,5.363115634811505,5.4077322629459115
1985-11-25,5.4054717773566185,5.293986683535822
1985-11-26,5.291773744724106,5.3946358708737385
1985-11-27,5.392380859705906,5.627661242805069
1985-11-29,5.625308824726248,5.661869962602199
1985-12-02,5.659503244940046,5.5392873158460905
1985-12-03,5.5369718389430975,5.540629191805349
1985-12-04,5.538313153984929,5.895548268140789
1985-12-05,5.911055968034254,5.962586214599904
1985-12-06,5.960093794569169,5.74812157113455
1985-12-09,5.745718799446668,5.815276952726424
1985-12-10,5.81284610942461,5.877442571506381
1985-12-11,5.87498574236086,6.0384840055692495
1985-12-12,6.0359598595109665,6.115440420281138
1985-12-13,6.112884105680109,6.4438489217931805
1985-12-16,6.441155329189289,6.509394879926968
1985-12-17,6.4971016113207565,6.345861777387134
1985-12-18,6.341760391104774,6.283419458582984
1985-12-19,6.280792927081984,6.390957919110771
1985-12-20,6.388286435469298,6.4342805669760255
1985-12-23,6.431590974039116,6.204970447989853
1985-12-24,6.202376708951443,6.100858132399991
1985-12-26,6.098307913339572,6.140078884094682
1985-12-27,6.137512270372009,6.295983060256727
1985-12-30,6.2933512770459235,6.356773386890084
1985-12-31,6.354116192721296,6.402023958700513
1986-01-02,6.3993478493450064,6.245753801422817
1986-01-03,6.243143014539167,6.139933103538303
1986-01-06,6.137366550753345,6.107298242758428
1986-01-07,6.104745331668161,6.44429867276833
1986-01-08,6.441604892164082,6.20170123524126
1986-01-09,6.177122218342815,5.862630682459774
1986-01-10,5.860180044830421,5.96214892657566
1986-01-13,5.959656689335645,5.892308953926112
1986-01-14,5.889845910485652,5.899016877822804
1986-01-15,5.8965510304037885,6.21657676750431
1986-01-16,6.213978176909512,6.427512010875889
1986-01-17,6.424825247262397,6.380132477166512
1986-01-20,6.377465518666877,6.206919847044386
1986-01-21,6.2043252931378845,6.1288951418260185
1986-01-22,6.126333203018264,5.916976569500393
1986-01-23,5.914503214752565,5.864802315197728
1986-01-24,5.862350769804404,5.986424804729887
1986-01-27,5.984612773741741,6.063465155159373
1986-01-28,6.0609305667334015,6.224523950598073
1986-01-29,6.221922038002114,6.370637379452674
1986-01-30,6.367974389997827,6.240404049983516
1986-01-31,6.2377954993488975,6.339237893443487
1986-02-03,6.336588029284454,6.521999348869113
1986-02-04,6.519273088613495,6.568997510458164
1986-02-05,6.566251604506008,6.726686030994176
1986-02-06,6.723874209680287,6.858548830612849
1986-02-07,6.830083073154809,6.969865050368444
1986-02-10,6.9639077614596925,7.071234243212738
1986-02-11,7.068278397337227,7.086048031518037
1986-02-12,7.083085993332449,7.1423696883521215
1986-02-13,7.139384107156737,7.213629620567129
1986-02-14,7.210614252015043,7.3622648155811
1986-02-18,7.3591873160469214,7.446682809652646
1986-02-19,7.443570022561726,7.266712455876104
1986-02-20,7.263674898173664,7.308235541332576
1986-02-21,7.305180626569592,7.4900478291095505
1986-02-24,7.4900991459922235,7.333362459936664
1986-02-25,7.330297041873101,7.201749450160977
1986-02-26,7.1987390476376625,7.114396455259957
1986-02-27,7.111422567152769,7.361925432463529
1986-02-28,7.417785391793581,7.339665940989123
1986-03-03,7.336597888008114,7.226166655353999
1986-03-04,7.223146046197332,7.344956657493609
1986-03-05,7.341886392940755,7.291802113793831
1986-03-06,7.288754068366148,7.372241215877619
1986-03-07,7.369159546109411,7.351948538981803
1986-03-10,7.348875351753311,7.616077248364677
1986-03-11,7.612893652722409,8.076314725272967
1986-03-12,8.072938745811824,8.282016223526954
1986-03-13,8.278554258804357,8.341154944647085
1986-03-14,8.337668259353949,8.332482516894139
1986-03-17,8.328999456761608,8.217581752531997
1986-03-18,8.214146722055782,8.42284948573255
1986-03-19,8.419328651312966,8.390145994949764
1986-03-20,8.38663883091289,8.438579111815285
1986-03-21,8.43505170225637,8.466624569793733
1986-03-24,8.463085436955906,8.302584263986061
1986-03-25,8.299113701619055,8.362505398698485
1986-03-26,8.359009788704316,8.316409225089837
1986-03-27,8.312084912840374,8.49912505877427
1986-03-31,8.495572340410494,8.575330784025676
1986-04-01,8.571746210914775,8.497335902762092
1986-04-02,8.49378393228323,8.570908870583965
1986-04-03,8.567326145876633,8.52750266846897
1986-04-04,8.523938087983575,8.232345510625331
1986-04-07,8.228904308752162,8.06092379461965
1986-04-08,8.057554248719796,8.530009663274742
1986-04-09,8.526444034840715,8.544349155387449
1986-04-10,8.540777532903848,9.003053545954618
1986-04-11,8.999290180497399,9.155630643645585
1986-04-14,9.151803499451955,9.374579251138769
1986-04-15,9.370660584260957,9.548463769970173
1986-04-16,9.5444724176431,10.27517166796593
1986-04-17,10.270876544547543,10.29760787611746
1986-04-18,9.967002913171164,10.01698686622308
1986-04-21,10.012799666606268,10.173417726017952
1986-04-22,9.94294891657903,10.035472343965896
1986-04-23,9.800509859918414,9.948443898240484
1986-04-24,9.944285350262444,10.393890508346553
1986-04-25,10.389545759278299,10.50316828559288
1986-04-28,10.498777857332557,10.38446560880633
1986-04-29,10.380124799439333,10.054451035013031
1986-04-30,10.050248175002999,9.409690823500137
1986-05-01,9.405757479637689,9.27340780650588
1986-05-02,9.2695314302929,9.41082521283151
1986-05-05,9.406891394783097,9.790741789583057
1986-05-06,9.78664916264672,9.779755769097545
1986-05-07,9.775667734426463,9.609198913201512
1986-05-08,9.605182172983662,9.768061186293448
1986-05-09,9.763978040073683,9.900613741226065
1986-05-12,9.896475186726882,9.861318154510455
1986-05-13,9.857196025955304,9.721855199513294
1986-05-14,9.71779136785316,9.705376172656054
1986-05-15,9.701319229392187,9.467404638104028
1986-05-16,9.463447169296064,9.31914734715214
1986-05-19,9.315251851358632,9.368153245082855
1986-05-20,9.364237264339152,9.667820989323012
1986-05-21,9.663779744497344,9.739139630645996
1986-05-22,9.735068573922637,10.137245857918845
1986-05-23,10.133008388853678,10.230652822890358
1986-05-27,10.226376308789677,10.415565954151962
1986-05-28,10.411212144532907,10.432050467118703
1986-05-29,10.427689766810133,10.484421640699964
1986-05-30,10.480039048722682,10.7752378612975
1986-06-02,10.770733705262712,10.542445306637495
1986-06-03,10.538038460193773,10.549242831506117
1986-06-04,10.544833143629747,10.484809062214419
1986-06-05,10.480426308291111,10.57999224061785
1986-06-06,10.575569699184241,10.478328235234464
1986-06-09,10.473948190360955,9.833894325906495
1986-06-10,9.828852745547504,9.731788231135162
1986-06-11,9.727720247369534,10.079896545321562
1986-06-12,10.075683048836467,10.133801312306563
1986-06-13,10.129565283095541,10.502428308308248
1986-06-16,10.49803818936575,10.192007709285221
1986-06-17,10.187747349224376,9.760582061026923
1986-06-18,9.756502041155517,9.73488856130143
1986-06-19,9.730819281567118,9.874114499359468
1986-06-20,9.869987021805565,9.922561879425457
1986-06-23,9.918414150387354,9.908671921518739
1986-06-24,9.904529998620466,10.132245465327191
1986-06-25,10.1280100864756,10.350522391578131
1986-06-26,10.346195770811764,10.288224251463948
1986-06-27,10.283923671936519,10.259594565339848
1986-06-30,10.255305953304477,10.441384612491136
1986-07-01,10.437020010417449,10.569364082224391
1986-07-02,10.564945983466144,10.683759684031651
1986-07-03,10.679293766780033,10.783275610087573
1986-07-07,10.778768094194266,9.41999617918744
1986-07-08,9.416058527584354,8.629864367537788
1986-07-09,8.626256998849431,8.985691700285184
1986-07-10,8.98193559225123,8.78398774327313
1986-07-11,8.78031594948884,8.531657697171903
1986-07-14,8.528091379843403,7.926995178890993
1986-07-15,7.923681616477585,7.43789474238126
1986-07-16,7.434785628789406,7.605531374634496
1986-07-17,7.602352187271786,7.7647387567358335
1986-07-18,7.761493019112229,7.647679812081439
1986-07-21,7.644483006254865,7.53497082603172
1986-07-22,7.531821133676443,7.5793716833059515
1986-07-23,7.576203430953038,7.537573097353627
1986-07-24,7.53442231722319,7.547398190716283
1986-07-25,7.544243303599614,7.691687092664383
1986-07-28,7.688471891359123,7.256652994175606
1986-07-29,7.253619641427684,7.056166869656827
1986-07-30,7.053217322092537,7.096490303151889
1986-07-31,7.1030995126730065,7.117815526150956
1986-08-01,7.114840208838308,7.035901828849573
1986-08-04,7.032960752272841,6.78638529478181
1986-08-05,6.783548518585,6.685760861936561
1986-08-06,6.682966147748246,6.494324933041749
1986-08-07,6.491610240965754,6.509682929656666
1986-08-08,6.506961817786135,6.726234354688996
1986-08-11,6.723422722180271,7.1664155635790205
1986-08-12,7.163419930969885,7.399796530674847
1986-08-13,7.396703342512426,7.6614453186054945
1986-08-14,7.658242758661,7.83410168568572
1986-08-15,7.832395356437817,7.761763742132769
1986-08-18,7.758519248094703,7.676694025085606
1986-08-19,7.673485091030934,7.596923663076007
1986-08-20,7.593748073821892,7.768415102127854
1986-08-21,7.765167827755502,7.80158744101506
1986-08-22,7.798326300276851,7.94088750756672
1986-08-25,7.937568138022476,7.7709705834652745
1986-08-26,7.767722240876441,7.958006895616946
1986-08-27,7.95468036999912,8.087920527587876
1986-08-28,8.084539696786537,8.08514786260205
1986-08-29,8.081768190802109,8.023375562475808
1986-09-02,8.020021712108486,7.642366234355466
1986-09-03,7.639171649656953,7.709640240587621
1986-09-04,7.706417534688904,7.9462394980126065
1986-09-05,7.942917891283404,7.668091055451649
1986-09-08,7.664885717523401,7.182339039461312
1986-09-09,7.179336750681713,7.0602305528803
1986-09-10,7.057279306656218,6.90617449927265
1986-09-11,6.903287650003185,6.001839694977261
1986-09-12,5.999330866603359,5.551617420392379
1986-09-15,5.5492967893836935,5.535264832615349
1986-09-16,5.532951037150144,5.563851201144654
1986-09-17,5.561525456294575,5.70480882604585
1986-09-18,5.702424159513946,5.918913626221506
1986-09-19,5.916439461764804,5.955084890255267
1986-09-22,5.960983061376402,6.1650503216499635
1986-09-23,6.162473269619329,6.086671610083454
1986-09-24,6.084127321129722,6.038426288501091
1986-09-25,5.825131432343085,5.822696469771293
1986-09-26,5.820262525037946,5.814023309944395
1986-09-29,5.811592990677668,5.54938719746372
1986-09-30,5.547067498710284,5.785399625948783
1986-10-01,5.786138214740241,5.87775630092144
1986-10-02,5.8752993406339185,5.867107081191239
1986-10-03,5.864654572382927,5.904844005070431
1986-10-06,5.915161701545608,5.971562152640013
1986-10-07,5.969065980578371,5.855869629560738
1986-10-08,5.853421818118389,5.979258065009649
1986-10-09,5.974182062158552,5.96138757377491
1986-10-10,5.958895654787899,6.046967042752111
1986-10-13,6.0444393507003555,6.1462772353148125
1986-10-14,6.1437080306200045,6.179134583557364
1986-10-15,6.176551644165904,6.3231652574471795
1986-10-16,6.320522111809013,6.2911908059465835
1986-10-17,6.286566014818435,6.192223396044904
1986-10-20,6.189634985400326,6.043041335412408
1986-10-21,6.040515284345161,6.015354131528512
1986-10-22,6.012839653986422,6.058669586200132
1986-10-23,6.056137002369432,6.293173497820156
1986-10-24,6.290542889034248,6.263353370160756
1986-10-27,6.260735226483246,6.2309960932171276
1986-10-28,6.228391475201519,6.322667285244484
1986-10-29,6.320024347763626,6.401875528510005
1986-10-30,6.399199481199786,6.617833287070211
1986-10-31,6.6150669672802564,6.571179957703849
1986-11-03,6.568433139467151,6.610695671821402
1986-11-04,6.6079323356252395,6.763283970772853
1986-11-05,6.7604568511580405,6.787503968531385
1986-11-06,6.785363892531274,6.6746105403842515
1986-11-07,6.671820487140665,6.600207375707346
1986-11-10,6.59744842372273,6.510690895818519
1986-11-11,6.5079693626081605,6.64799735198598
1986-11-12,6.645218423318451,6.673985997483147
1986-11-13,6.671196205304672,6.370773358768861
1986-11-14,6.368110312473314,6.377438836504044
1986-11-17,6.374773003972857,6.330796192118619
1986-11-18,6.328149856674261,5.989419940657441
1986-11-19,5.986916303863724,5.842039668567502
1986-11-20,5.83959763818568,6.058738621554543
1986-11-21,6.056206008866382,6.258104690670945
1986-11-24,6.255488740993392,6.462338810017993
1986-11-25,6.459637488457888,6.6279348506465805
1986-11-26,6.625164308303107,6.772376810683034
1986-11-28,6.769545890171176,6.914672793407001
1986-12-01,6.911782391766507,6.756818096758815
1986-12-02,6.753993679943314,7.028496928701779
1986-12-03,7.025558947446571,7.194644390470314
1986-12-04,7.192356741080153,7.1742532909216665
1986-12-05,7.171254382064957,7.034136733510191
1986-12-08,7.031196394760774,6.858427750668953
1986-12-09,6.855560860012805,6.71636819766398
1986-12-10,6.713560689306506,6.72309621650377
1986-12-11,6.720285895767855,6.597434898482007
1986-12-12,6.593998996409155,6.442953669513607
1986-12-15,6.440260451134027,6.316963557503679
1986-12-16,6.3143230042374485,6.366248844861299
1986-12-17,6.36358768985733,6.1700058435765435
1986-12-18,6.167426720088714,6.1402726430524055
1986-12-19,6.1377059483365715,6.253079220303017
1986-12-22,6.250465371321799,6.2889372319139465
1986-12-23,6.286308393929101,6.1161428274929435
1986-12-24,6.1135862192787505,6.109747063301796
1986-12-26,6.107193128580314,6.122603145033211
1986-12-29,6.120043836342369,5.935085530516284
1986-12-30,5.932604606043585,5.931381690480938
1986-12-31,5.928902314250019,5.911343118913116
1987-01-02,5.90887211900337,6.0888020634596325
1987-01-05,6.086256883955311,6.664603702320153
1987-01-06,6.661817832033884,6.883421046717068
1987-01-07,6.880543708615891,7.41981277360873
1987-01-08,7.416711218458724,7.808505739862521
1987-01-09,7.805241707206945,7.997499070035992
1987-01-12,7.994156036298528,8.344461793682322
1987-01-13,8.340973726093573,8.386966301917214
1987-01-14,8.383460467023488,8.858952318040389
1987-01-15,8.855249188322157,9.094078963122275
1987-01-16,9.090277548140087,8.815670879384841
1987-01-19,8.811985841736186,9.449213876213967
1987-01-20,9.445264011324449,9.452381224456506
1987-01-21,9.448430035584085,9.059778175460917
1987-01-22,9.055991098547338,9.66169259581005
1987-01-23,9.657653912713505,9.4500483492592
1987-01-26,9.446098135551692,8.996084612860765
1987-01-27,8.992324160486529,9.401914065066244
1987-01-28,9.397983971965763,9.558156016568825
1987-01-29,9.554160612786779,9.227848484983781
1987-01-30,9.218980458298919,9.376184379950283
1987-02-02,9.37732772243153,9.980917463870641
1987-02-03,9.976745341620878,10.192256103901883
1987-02-04,10.18799564000963,10.5302566210174
1987-02-05,10.525854869564862,10.72802765186392
1987-02-06,10.668257449431012,10.717954371441179
1987-02-09,10.454777847340498,10.522831035661376
1987-02-10,10.518432388176985,10.27776786093727
1987-02-11,10.273471652284535,10.922875664208236
1987-02-12,10.919241736047745,10.966796162358738
1987-02-13,10.962211933058855,11.48004008674463
1987-02-17,11.475241316406386,12.351921378796392
1987-02-18,12.346758153451795,11.849477304586582
1987-02-19,11.844524105836118,11.576809348562536
1987-02-20,11.57197012771543,11.33842180409123
1987-02-23,11.333682231596287,11.142466307200479
1987-02-24,11.137808646041995,11.365367000104243
1987-02-25,11.360616164250775,11.74251149610052
1987-02-26,11.737603010116308,11.969108322240052
1987-02-27,11.964105116540596,12.07041528511349
1987-03-02,12.065369732101235,11.726589732085042
1987-03-03,11.721687901555716,11.619681933779546
1987-03-04,11.614824791767644,12.132929426091998
1987-03-05,12.127857741550308,12.39972306604795
1987-03-06,12.394539859125135,12.311839517250144
1987-03-09,12.306693046520236,11.938929676260235
1987-03-10,11.933939085533382,12.319389075678085
1987-03-11,12.31423944915806,12.478319973603506
1987-03-12,12.473103912395707,12.35885016659167
1987-03-13,12.35368404494522,12.026587980900718
1987-03-16,12.021560748135245,11.930885796679872
1987-03-17,11.925898568374269,12.541584538040068
1987-03-18,12.536342031618403,12.560437217670074
1987-03-19,12.555186830641798,12.937639844493559
1987-03-20,12.932231783035279,13.311777330186965
1987-03-23,13.306212875557998,13.211276093897785
1987-03-24,13.205753649779934,13.363387770568188
1987-03-25,13.357801742264515,13.355381831257706
1987-03-26,13.349799149515874,13.451608437891228
1987-03-27,13.44598553247577,13.09029933533586
1987-03-30,13.084827460700016,11.996512178763329
1987-03-31,11.991497517980715,12.417976617795293
1987-04-01,12.412785780707251,12.41460355788764
1987-04-02,12.409414130772012,12.721341020973984
1987-04-03,11.12060185866843,13.257943599603491
1987-04-06,13.252401648006533,13.154406707115328
1987-04-07,13.14890803496381,12.424377346679828
1987-04-08,12.419183834023784,12.780734183544896
1987-04-09,12.775391710205296,12.658684640930455
1987-04-10,12.653393185507209,12.558600529219818
1987-04-13,12.553350909945488,11.68003386850771
1987-04-14,11.675151498789978,10.866729595866184
1987-04-15,10.86218719538114,11.353539100400699
1987-04-16,11.348793208726331,11.583823505555918
1987-04-20,11.578981352721792,11.267881563797895
1987-04-21,11.263171477821311,11.724140755994283
1987-04-22,11.719239949161192,11.58485873794054
1987-04-23,11.580016152369033,11.540238654914969
1987-04-24,11.535414720979633,10.891270041045944
1987-04-27,10.886717382412014,10.732786026138138
1987-04-28,10.72829961539046,11.031233530123249
1987-04-29,11.026622365366105,11.196295718550894
1987-04-30,11.191615556165885,11.66784158518169
1987-05-01,11.662964311959017,11.847392180818968
1987-05-04,11.842439853670868,11.956021396878871
1987-05-05,11.951023661643696,12.577711959791863
1987-05-06,12.572454351750466,12.479730989959814
1987-05-07,12.474514338933218,12.61164381271008
1987-05-08,12.606372020818446,12.669768807607696
1987-05-11,12.664472718893114,12.435642162527701
1987-05-12,12.43044394106718,12.373027538015236
1987-05-13,12.367855490087264,12.62185433945153
1987-05-14,12.616578279458698,12.69981652131349
1987-05-15,12.694507872357292,12.124157726072475
1987-05-18,12.119089708188179,11.639024284899312
1987-05-19,11.634159057593271,10.878380147144771
1987-05-20,10.873832876614022,10.911532966029895
1987-05-21,10.906971837292843,11.075292632229631
1987-05-22,11.070663050331893,10.880574053860004
1987-05-26,10.876025866254542,11.505574902901131
1987-05-27,11.500765458757096,11.642225937058738
1987-05-28,11.637359371430417,12.037084579410482
1987-05-29,12.03205295896298,12.153670600198055
1987-06-01,12.148590245640378,11.58167843993478
1987-06-02,11.576837183759308,11.317863028472292
1987-06-03,11.313132049748964,11.540183280130384
1987-06-04,11.535359369342256,11.62275521962348
1987-06-05,11.617896792947688,11.506375565212064
1987-06-08,11.501565786383262,11.840533237163195
1987-06-09,11.835583777121405,12.197944797361444
1987-06-10,12.19284593575131,12.292962217709897
1987-06-11,12.287823637877967,12.213815840512893
1987-06-12,12.208710344649695,12.337819569481482
1987-06-15,12.332662238832699,12.179796060750716
1987-06-16,12.174704785492045,12.466276445822066
1987-06-17,12.461065418928037,12.491062555265552
1987-06-18,12.485841167532545,12.686193470476761
1987-06-19,12.680890516090596,12.612308843983225
1987-06-22,12.60703677410194,12.769158717425329
1987-06-23,12.763821082745093,12.54807168836054
1987-06-24,12.54282647024586,12.550333356458616
1987-06-25,12.545087192944292,12.43001984760818
1987-06-26,12.424823976330924,12.3641108699648
1987-06-29,12.358942549292292,12.283915189648164
1987-06-30,12.278780391563474,11.991630203367373
1987-07-01,11.986617583298777,12.026262454343797
1987-07-02,12.032659762396733,12.189515402252663
1987-07-06,12.184420064213084,11.918211444636928
1987-07-07,11.913229514335876,11.668127919316268
1987-07-08,11.663250526403093,11.589420572941087
1987-07-09,11.584576080477417,11.689161279582486
1987-07-10,11.684275094516618,11.821111679678584
1987-07-13,11.816170338039976,12.127710010305302
1987-07-14,12.12264050753105,12.989433496382654
1987-07-15,12.984003784665445,12.955601779134643
1987-07-16,12.950186209409969,13.17803140191518
1987-07-17,13.172522854407495,13.131742724895496
1987-07-20,13.12625352651278,12.717659354771792
1987-07-21,12.712343247334672,12.576208828442113
1987-07-22,12.570951848724492,12.65158527492458
1987-07-23,12.646296787106564,12.223681798130661
1987-07-24,12.218572178199567,12.504403755784812
1987-07-27,12.499176791297993,12.526979256246529
1987-07-28,12.521742854977157,12.625395702213849
1987-07-29,12.620118161896343,12.804384202791294
1987-07-30,12.799031843509658,13.156503716417944
1987-07-31,13.15100416769579,13.102354509722177
1987-08-03,13.096877595904166,12.86928621559642
1987-08-04,12.863906726631301,12.985033669226894
1987-08-05,12.979605796680968,13.44431456392973
1987-08-06,13.438694707425753,14.169260440189545
1987-08-07,14.163337549136774,14.549973825212238
1987-08-10,14.5438917921978,15.030390658299607
1987-08-11,15.02410780629576,15.53411506982938
1987-08-12,15.527621656037729,15.22382640314866
1987-08-13,15.217462693089637,15.081019820945722
1987-08-14,15.07471580545097,15.067318180815688
1987-08-17,15.061019892742072,15.134602498975429
1987-08-18,15.12827608539112,14.479018961756047
1987-08-19,14.472966588576552,14.784201694317197
1987-08-20,14.778021751736054,15.535962868583722
1987-08-21,15.529468682393912,15.889789682390253
1987-08-24,15.883147593091556,15.628728635159689
1987-08-25,15.622195671961638,15.891969930490044
1987-08-26,15.88532692982607,15.979330992658083
1987-08-27,15.972651474205783,15.846835875261437
1987-08-28,15.840211741079099,15.429756159216454
1987-08-31,15.423306368481954,15.578590907634164
1987-09-01,15.572078902502273,14.967058426167238
1987-09-02,14.960802047663021,14.702898829876109
1987-09-03,14.696752872696702,14.53737770456943
1987-09-04,14.531300936858045,14.322157386900438
1987-09-08,14.3161705834112,13.434630228849905
1987-09-09,13.429014420493807,13.766014603527445
1987-09-10,13.760260273224059,14.484495699751315
1987-09-11,14.478441037241153,14.7264425680876
1987-09-14,14.720286769392683,14.456270456072959
1987-09-15,14.45022759199391,13.83035571607747
1987-09-16,13.824574490552456,13.622966253934798
1987-09-17,13.617271719256843,13.764797131264965
1987-09-18,13.75904330987703,13.675665100684604
1987-09-21,13.669948537367313,12.766459150720342
1987-09-22,12.761122644485699,13.565083606868592
1987-09-23,13.559413267709795,14.087896726042699
1987-09-24,14.082007845827443,14.193083851798272
1987-09-25,14.187151002323743,14.280013390917091
1987-09-28,14.27404420403514,14.165778413548823
1987-09-29,14.159856978017638,14.055328094829589
1987-09-30,14.04945282862441,14.323332604728687
1987-10-01,14.31734530998677,15.189190330116322
1987-10-02,15.18284109827851,15.70646999589519
1987-10-05,15.699904536039188,16.06299797728128
1987-10-06,16.056283485201618,14.756420242980871
1987-10-07,14.750251913321254,14.493130997736698
1987-10-08,14.48707272558654,13.795141152130249
1987-10-09,13.789374646641374,13.547946093585976
1987-10-12,13.542282918077287,12.966745322392157
1987-10-13,12.96132509455615,13.268536383274451
1987-10-14,13.262990003789115,12.518928671796596
1987-10-15,12.513695635751176,11.666384004606414
1987-10-16,11.661507340666843,9.884439006662761
1987-10-19,9.880307213362656,5.4070326857288595
1987-10-20,5.404772492569765,4.184747931492475
1987-10-21,4.182998665453773,5.473109066592617
1987-10-22,5.470821252852571,4.559430038380319
1987-10-23,4.557524151513884,4.139475271072707
1987-10-26,4.137744929453983,2.685301053996882
1987-10-27,2.6841785715883013,2.773347941010432
1987-10-28,2.772188654131955,2.857163844056714
1987-10-29,2.855642569785216,3.666382297546839
1987-10-30,3.6648497134717677,4.155485957934322
1987-11-02,4.153748923690082,4.3284645919287055
1987-11-03,4.326655250904028,3.8933029892269135
1987-11-04,3.8916755500575966,3.954322564123914
1987-11-05,3.9526696181685708,4.358586870168826
1987-11-06,4.356764937733819,4.154229705388259
1987-11-09,4.1524931962700125,3.8039361323654006
1987-11-10,3.8023460494264354,3.5640271418521965
1987-11-11,3.5625373432448932,3.7126684081019885
1987-11-12,3.711116475974756,4.043612022632416
1987-11-13,4.041921752799999,3.88688455172915
1987-11-16,3.88525979553021,3.8450333650566817
1987-11-17,3.843426103067841,3.538040577679509
1987-11-18,3.536561641713138,3.6281935931541254
1987-11-19,3.6266769723353236,3.341581640586969
1987-11-20,3.3401848264000407,3.322805801143297
1987-11-23,3.321416835443022,3.3911327063362466
1987-11-24,3.389715179313584,3.5904772185935134
1987-11-25,3.588976363592439,3.6124092836999138
1987-11-27,3.6112733362414637,3.4868556489372904
1987-11-30,3.48539810877755,3.029530463776922
1987-12-01,3.0282640900692934,3.0293173049633273
1987-12-02,3.0280510203581916,3.0794382605315187
1987-12-03,3.0781510248710653,2.7418385426835155
1987-12-04,2.740692427045289,2.5840107256706895
1987-12-07,2.582930583621502,2.742845089902661
1987-12-08,2.7416985535177383,2.9595464362395316
1987-12-09,2.958309316547826,3.156399350168665
1987-12-10,3.1466107840024593,3.1033815497319464
1987-12-11,3.1020843055397154,3.1546782447038764
1987-12-14,3.153359557985625,3.575586247488399
1987-12-15,3.5740916170605757,3.6320514472680987
1987-12-16,3.6305332138281083,3.9382126383114886
1987-12-17,3.936566426464524,3.8450156842272047
1987-12-18,3.8434084296291258,4.213681904147269
1987-12-21,4.211920543421729,4.314271278106779
1987-12-22,4.312467870027707,4.272105784020315
1987-12-23,4.27032000153495,4.474838323668152
1987-12-24,4.472967796975405,4.481710243436382
1987-12-28,4.479836844213183,4.018751665935025
1987-12-29,4.017071787977672,4.13883927813219
1987-12-30,4.137109202364807,4.371793942742634
1987-12-31,4.369966489620622,4.281870965829157
1988-01-04,4.28008110140118,4.735199002262222
1988-01-05,4.73321964222985,4.94799641155902
1988-01-06,4.9459281001041715,5.1150176099556415
1988-01-07,5.112879481987378,5.343809602946527
1988-01-08,5.341575837661556,4.341479346972415
1988-01-11,4.339664565651363,4.393811982606351
1988-01-12,4.3919753257258325,4.1289020713074525
1988-01-13,4.12717614939084,4.111138710843992
1988-01-14,4.109420214187802,4.146539528085862
1988-01-15,4.144806233537813,4.4450979675983975
1988-01-18,4.443239872668736,4.374660723832035
1988-01-19,4.372832072367164,4.287273538137354
1988-01-20,4.2854814153807,3.8325226328360977
1988-01-21,3.830920600457105,3.8658784258992966
1988-01-22,3.8642624504687855,3.9691385032770743
1988-01-25,3.967479364112578,4.174019858690526
1988-01-26,4.172275077092398,4.025084086407096
1988-01-27,4.023401561435334,4.036882906580033
1988-01-28,4.035195449584702,4.207196362798373
1988-01-29,4.205437713093284,4.321716898698079
1988-02-01,4.319910378275933,4.276162468714858
1988-02-02,4.274374990495155,4.301692270154592
1988-02-03,4.299894120225298,4.103759290387917
1988-02-04,4.102043878402489,4.163204025399679
1988-02-05,4.161463764926877,4.2100960685212145
1988-02-08,4.208336206710444,4.195391474692082
1988-02-09,4.193637759547017,4.275956171699347
1988-02-10,4.274168779713837,4.539434688135043
1988-02-11,4.5375371595228415,4.595631591667646
1988-02-12,4.593710572193763,4.674668758051731
1988-02-16,4.672714700260316,4.808005255452682
1988-02-17,4.80599546168614,4.827067079175962
1988-02-18,4.825049317378509,4.818231415017848
1988-02-19,4.816217346615431,4.9297058990517515
1988-02-22,4.927645233212096,5.202088046768104
1988-02-23,5.206790268705958,5.29726817687556
1988-02-24,5.295053866367162,5.403202630400816
1988-02-25,5.400944038242743,5.2399223672238024
1988-02-26,5.2377320278312105,5.222661860315479
1988-02-29,5.220478735985548,5.401392940647602
1988-03-01,5.39913510495775,5.396408645666609
1988-03-02,5.394152893461373,5.624369347774596
1988-03-03,5.622018305740467,5.75306283105008
1988-03-04,5.750657993866666,5.835247058891335
1988-03-07,5.8328078678875634,5.936411480342909
1988-03-08,5.933930001610063,6.047159318495949
1988-03-09,6.044631546071031,6.205146386038787
1988-03-10,6.202552573456533,5.911973606052413
1988-03-11,5.9095023425928055,5.852883520218898
1988-03-14,5.850436956999798,5.978228411121484
1988-03-15,5.975729452497841,5.883700208894591
1988-03-16,5.881240763994728,6.087065214755475
1988-03-17,6.084520761271096,6.164433296327769
1988-03-18,6.161856502219824,6.138881538538825
1988-03-21,6.136315425318441,5.9166471766555055
1988-03-22,5.914173959597146,6.0222831627982325
1988-03-23,6.019765788852517,5.940001814625952
1988-03-24,5.937518835097853,5.489835190703676
1988-03-25,5.487540385278265,5.307682664442561
1988-03-28,5.30546400057532,5.2995628324655755
1988-03-29,5.297347562768437,5.3709888485423845
1988-03-30,5.368743722063847,5.224139939350191
1988-03-31,5.221956197168599,5.322615803515836
1988-04-04,5.320390897448716,5.147279768640904
1988-04-05,5.145128154771113,5.2771556019886265
1988-04-06,5.274949698735522,5.611858592633305
1988-04-07,5.609512780218604,5.6767305795478755
1988-04-08,5.671476665632254,5.825526371507577
1988-04-11,5.868021350912581,5.919541864163091
1988-04-12,5.934831261122617,5.930374569745255
1988-04-13,5.928388512975254,5.953559952113167
1988-04-14,5.934734623320015,5.245653236696523
1988-04-15,5.233923053713467,5.229015076995261
1988-04-18,5.230000833898331,5.262244841175553
1988-04-19,5.293245999534556,5.331208879970155
1988-04-20,5.321184094834477,5.196669955626734
1988-04-21,5.221091644355832,5.11402423886072
1988-04-22,5.0958366934808135,5.220888273897765
1988-04-25,5.223675495214129,5.314139136789363
1988-04-26,5.319230977200185,5.524161117588191
1988-04-27,5.521384111802936,5.56312484315856
1988-04-28,5.567391150422619,5.513246200023963
1988-04-29,5.511878398645312,5.432855234718608
1988-05-02,5.431973904937917,5.504729045543145
1988-05-03,5.51223972684879,5.710507112454244
1988-05-04,5.719606196962671,5.670273910106934
1988-05-05,5.658856520213921,5.5756632582349495
1988-05-06,5.575215800021618,5.523940970064336
1988-05-09,5.515085479812958,5.309128207184552
1988-05-10,5.295983377617707,5.249235878877452
1988-05-11,5.21858497961889,4.92803988119438
1988-05-12,4.927711443102511,5.002240957144179
1988-05-13,5.023310463400162,5.18551910253715
1988-05-16,5.201248274156456,5.283348618326767
1988-05-17,5.304690286865427,5.195771743888457
1988-05-18,5.19359985989324,4.85263770213722
1988-05-19,4.8386404997349075,4.853680640312789
1988-05-20,4.8602002468722345,4.810262724384327
1988-05-23,4.795935974309652,4.61677390008553
1988-05-24,4.626823499491437,4.741942897060525
1988-05-25,4.7416412349622785,4.721166594064588
1988-05-26,4.723802915081429,4.78804733272749
1988-05-27,4.772516128538635,4.7612401713568735
1988-05-31,4.753353384221294,5.07355654663183
1988-06-01,5.083728486506084,5.3620387414969315
1988-06-02,5.3470505249833025,5.337091126184721
1988-06-03,5.354823330237179,5.4739761170150745
1988-06-06,5.464307337477139,5.629706145086081
1988-06-07,5.612320113780382,5.626849289727471
1988-06-08,5.633888125988333,5.927533649891823
1988-06-09,5.925055882179942,5.899268831967043
1988-06-10,5.902129208399947,6.0405734320793885
1988-06-13,6.058207328260416,6.079810085961115
1988-06-14,6.112318438071899,6.177626467394651
1988-06-15,6.151600540517123,6.205227280020933
1988-06-16,6.170124688956614,6.040510236901371
1988-06-17,6.056155151723941,5.979844048258931
1988-06-20,5.983195931716461,5.902166164509259
1988-06-21,5.918061988884582,6.051611357658523
1988-06-22,6.062836071235023,6.261926678567264
1988-06-23,6.258807826407458,6.265731805262997
1988-06-24,6.271652791004811,6.288635541911592
1988-06-27,6.2603281636282695,6.0589552044063435
1988-06-28,6.053476852459783,6.3556067696075
1988-06-29,6.36105559748869,6.309236644482821
1988-06-30,6.3005518926279915,6.428811372322063
1988-07-01,6.447040634461763,6.51844829050176
1988-07-05,6.514694607639844,6.713641546476153
1988-07-06,6.702964054713755,6.553403911066476
1988-07-07,6.541373197834181,6.4401778193365375
1988-07-08,6.420143018167717,6.308543516014769
1988-07-11,6.33356830052631,6.256801658476002
1988-07-12,6.3166925979508965,6.205872687599261
1988-07-13,6.203278571415769,6.288647738581285
1988-07-14,6.292035981861037,6.339560245103995
1988-07-15,6.325823875793187,6.317139996962082
1988-07-18,6.322040550152041,6.340516857290602
1988-07-19,6.310662878051483,6.032368053389687
1988-07-20,6.036178447714613,5.976166662174681
1988-07-21,5.941247482514303,5.696352659438663
1988-07-22,5.691629913408675,5.6405666052333645
1988-07-25,5.634951773665992,5.6107475447841715
1988-07-26,5.581521655728141,5.431876880144102
1988-07-27,5.432326588013261,5.215615414858976
1988-07-28,5.220934176184654,5.28627331049467
1988-07-29,5.309868507152317,5.544126447763737
1988-08-01,5.54134944757094,5.565187035913834
1988-08-02,5.5624001984690645,5.477299526835483
1988-08-03,5.489117609099084,5.521455205001394
1988-08-04,5.526007936614441,5.526443438130156
1988-08-05,5.523675333109139,5.404746868888148
1988-08-08,5.415106012693604,5.392990806364829
1988-08-09,5.402433757186712,5.159243098209183
1988-08-10,5.1400600803113665,4.755182362733129
1988-08-11,4.776739549473299,4.913102836702832
1988-08-12,4.901343859620603,4.833997325270355
1988-08-15,4.822378764445909,4.524987910705604
1988-08-16,4.523096420989302,4.7254409338216625
1988-08-17,4.715253895855724,4.742796813759932
1988-08-18,4.7391681217793415,4.791875260586791
1988-08-19,4.8014687451855735,4.726896450980006
1988-08-22,4.717945161298111,4.483668239351411
1988-08-23,4.483376600968163,4.456963720702199
1988-08-24,4.463772616631617,4.638653769055051
1988-08-25,4.59908357762591,4.519923649958322
1988-08-26,4.498553378210524,4.551753400613052
1988-08-29,4.5622296483511215,4.690683829576102
1988-08-30,4.695239384968347,4.654160268698838
1988-08-31,4.6595049649623395,4.539214922399285
1988-09-01,4.532539419256651,4.3146709565653305
1988-09-02,4.352109893674794,4.561925058241786
1988-09-06,4.571591895175777,4.595654120895381
1988-09-07,4.610572913454672,4.604627941596341
1988-09-08,4.600295191257003,4.6705583880817985
1988-09-09,4.677517058512517,4.870553975596079
1988-09-12,4.881841032624286,4.876048258369834
1988-09-13,4.832356943355196,4.8945029449952235
1988-09-14,4.948813470993608,4.983325663679041
1988-09-15,4.982088136114096,4.847000612333322
1988-09-16,4.864041247322479,4.94508539274563
1988-09-19,4.941338270389371,4.896049197418958
1988-09-20,4.863143802668819,4.949523143017909
1988-09-21,4.94535513722407,5.02930940625833
1988-09-22,5.033995789028988,5.065001493497199
1988-09-23,5.058623637426659,4.992646533703046
1988-09-26,4.996888898652127,4.852955944861872
1988-09-27,4.852997668855472,4.843105728469141
1988-09-28,4.844800219456688,4.9427864214093535
1988-09-29,4.9428148050484895,5.086872235524099
1988-09-30,5.0988274171294625,5.128743549241832
1988-10-03,5.120165010913771,4.903839673442487
1988-10-04,4.897630102790922,4.858172073253848
1988-10-05,4.850768589406323,4.8185995022986665
1988-10-06,4.819462602246959,4.845395367254262
1988-10-07,4.814089245308086,4.8219302263251125
1988-10-10,4.817860313630731,4.730426044268357
1988-10-11,4.739805870934519,4.782495287556358
1988-10-12,4.751902804200743,4.588469644610058
1988-10-13,4.575828238080241,4.707104162274736
1988-10-14,4.757231899284205,4.746297037536031
1988-10-17,4.7540570922640715,4.776044516182926
1988-10-18,4.791572308948292,4.870427615681058
1988-10-19,4.88283772037977,4.866328149949688
1988-10-20,4.8713044794473594,5.140791032222124
1988-10-21,5.112989931814801,5.083167547139793
1988-10-24,5.085708421746674,4.966054055097064
1988-10-25,4.971075423407496,4.877510300254484
1988-10-26,4.868048260806268,4.78694363527397
1988-10-27,4.758475703675696,4.614969491364333
1988-10-28,4.61304038845705,4.6591532282466375
1988-10-31,4.656006849051605,4.646871990693583
1988-11-01,4.644530358097542,4.628239338001845
1988-11-02,4.626702702921859,4.5782626464528295
1988-11-03,4.567271646522782,4.5929399344973705
1988-11-04,4.554645006482629,4.534658106991107
1988-11-07,4.524532803192501,4.3571332456936505
1988-11-08,4.376672817633182,4.537802212238002
1988-11-09,4.524544202707113,4.514052294171911
1988-11-10,4.5133361534461365,4.493111050312841
1988-11-11,4.487344256735831,4.17577759803381
1988-11-14,4.186984872077202,4.151129473560168
1988-11-15,4.153079901037196,4.084994181849608
1988-11-16,4.105885672586142,3.8927985159354117
1988-11-17,3.900696721889066,3.9375644268371803
1988-11-18,3.932008905299136,3.9569888809018106
1988-11-21,3.874068372579634,3.7621199207109104
1988-11-22,3.766747793701733,3.795853778765865
1988-11-23,3.8025813530424584,3.989652853840301
1988-11-25,3.9790365193514314,3.8812703684320877
1988-11-28,3.874026874042554,3.897315660683266
1988-11-29,3.9058999982915847,3.976912151611003
1988-11-30,3.977747935337017,4.117395394365387
1988-12-01,4.112023562644692,4.2704002788800555
1988-12-02,4.265997810488756,4.288123344891851
1988-12-05,4.379281324057534,4.3774507411360535
1988-12-06,4.375620923416345,4.461884255883384
1988-12-07,4.460019144119138,4.367808529365818
1988-12-08,4.365982742186028,4.291786942894085
1988-12-09,4.289992933489588,4.281461151162062
1988-12-12,4.279671458040671,4.226689558665891
1988-12-13,4.223070593451923,4.159841891946863
1988-12-14,4.158103036879109,4.201424249444703
1988-12-15,4.209995106483771,4.2532870323943675
1988-12-16,4.251509116333373,4.427724883461104
1988-12-19,4.425874050652498,4.528938685777918
1988-12-20,4.527045544598548,4.500761318314994
1988-12-21,4.498879955554006,4.465007289958669
1988-12-22,4.46314087273528,4.468940526256848
1988-12-23,4.467072464901771,4.530386672959639
1988-12-27,4.528492926507301,4.496428976763751
1988-12-28,4.494549424964395,4.485745199655306
1988-12-29,4.483870113780486,4.601049264822292
1988-12-30,4.599125980707429,4.654211865372362
1989-01-03,4.651478563787093,4.4312507994743076
1989-01-04,4.452236954008172,4.651575584140187
1989-01-05,4.649631179523949,4.641795920301662
1989-01-06,4.639855603681666,4.640661320612225
1989-01-09,4.638721478266126,4.646972605306112
1989-01-10,4.645030124780567,4.597200986066135
1989-01-11,4.595279310569866,4.634622816827809
1989-01-12,4.649909339456875,4.740929629985609
1989-01-13,4.73894787449415,4.744909802899308
1989-01-16,4.742926383656192,4.748887666188976
1989-01-17,4.746902584159648,4.577240304228527
1989-01-18,4.5753269724947545,4.693940781271022
1989-01-19,4.691978667583227,4.841693710463988
1989-01-20,4.839669834589943,4.817545169733958
1989-01-23,4.815531388188861,4.6440717715471225
1989-01-24,4.642130503598789,4.794142001298078
1989-01-25,4.792138002508934,4.900645478797941
1989-01-26,4.898596960501471,5.09364235534251
1989-01-27,5.091513162442159,5.052027886074331
1989-01-30,5.0499160884338625,5.150154849409574
1989-01-31,5.148002033727576,5.2866792548308545
1989-02-01,5.284469370596637,5.443795125907658
1989-02-02,5.441519565684846,5.568805848891245
1989-02-03,5.566478032949386,5.5738262112055565
1989-02-06,5.57149629670258,5.524295387249387
1989-02-07,5.521986177120875,5.74613544557457
1989-02-08,5.743733504106823,5.561444620230863
1989-02-09,5.559119881355415,5.437452683931924
1989-02-10,5.435179774912609,5.174960684682726
1989-02-13,5.172797499916158,5.145565538639133
1989-02-14,5.143414641334443,5.159990670388019
1989-02-15,5.157833743235538,5.304468427861408
1989-02-16,5.302251107576859,5.334833568825446
1989-02-17,5.332603555611546,5.388718472582953
1989-02-21,5.386465934946152,5.355069273716721
1989-02-22,5.352830801777967,5.144922723578425
1989-02-23,5.142772094976791,5.1995920491979986
1989-02-24,5.197418568277364,5.038043675588393
1989-02-27,5.035937723486265,4.970403087639549
1989-02-28,4.968325409972411,4.9642206876219035
1989-03-01,4.962145594259141,4.944682977822859
1989-03-02,4.942616051416096,5.0907667956512705
1989-03-03,5.088638804763321,5.115732747869037
1989-03-06,5.113594320966051,5.250982446907152
1989-03-07,5.248787484291825,5.1789901945586285
1989-03-08,5.176825325417065,5.13764508539678
1989-03-09,5.13549749891991,5.0584918450952125
1989-03-10,5.056377345455919,5.025209462913184
1989-03-13,5.023108875638934,5.093100312560423
1989-03-14,5.090971346239318,5.04570565693888
1989-03-15,5.043596502052742,5.0423053400880855
1989-03-16,5.040197606568032,5.182472284476492
1989-03-17,5.1803059597868915,4.752526911606247
1989-03-20,4.750540308336329,4.581381669672759
1989-03-21,4.579466606807258,4.742909083155641
1989-03-22,4.740926500233172,4.625656525702046
1989-03-23,4.623722955508674,4.6563545868613465
1989-03-27,4.654408184574688,4.660561866987649
1989-03-28,4.658613706016271,4.723788903459671
1989-03-29,4.721814312961488,4.822959349759642
1989-03-30,4.820943305033726,4.899786253848529
1989-03-31,4.897738094716589,5.015632941179938
1989-04-03,5.0135363569865214,5.008204390521445
1989-04-04,5.006110911535701,4.980177266835187
1989-04-05,4.9780955034644405,5.020687687973162
1989-04-06,5.018588990845575,5.0253908624815065
1989-04-07,5.023290199380443,5.1992444953101735
1989-04-10,5.197071159670503,5.267310156265122
1989-04-11,5.265108368505739,5.39935188960589
1989-04-12,5.397094907095568,5.532232413080622
1989-04-13,5.529919885196785,5.467291587855446
1989-04-14,5.465006205879068,5.702027944699134
1989-04-17,5.699644440603146,5.693747040862173
1989-04-18,5.691366998265919,5.885534950597074
1989-04-19,5.883074738757027,5.991803559042377
1989-04-20,5.989298925872593,5.948693872326033
1989-04-21,5.946207259431818,6.052929137443372
1989-04-24,6.050398953177048,5.998124432696559
1989-04-25,5.9956171573390495,5.895610437382414
1989-04-26,5.893146013889206,5.891578469562999
1989-04-27,5.889115731472231,6.094453135076544
1989-04-28,6.091905593368376,6.1717764786479865
1989-05-01,6.169196615017179,6.1924675955094
1989-05-02,6.189879082787029,6.186828693890337
1989-05-03,6.184242538284634,6.259290813118972
1989-05-04,6.2566743676305006,6.3015457254526615
1989-05-05,6.29891161699277,6.422041895636957
1989-05-08,6.419357418585755,6.378808328700172
1989-05-09,6.3761419237076975,6.340032436845795
1989-05-10,6.337382240559759,6.365687802431088
1989-05-11,6.363026881948406,6.407381039974175
1989-05-12,6.404702691305693,6.745682400873743
1989-05-15,6.742862638889296,6.909954771247547
1989-05-16,6.907066341786995,6.840694812014757
1989-05-17,6.837835333902413,7.078768260689018
1989-05-18,7.075809265519662,7.106093523959872
1989-05-19,7.103123106560116,7.2566477612923554
1989-05-22,7.2536144107318306,7.2260175292301545
1989-05-23,7.222996982409684,7.041928612806364
1989-05-24,7.038985016974309,7.172394327596912
1989-05-25,7.169396195805264,7.253147951818578
1989-05-26,7.2501160642130404,7.410080334564538
1989-05-30,7.406982847670344,7.316322923619813
1989-05-31,7.313264628251018,7.408304636852978
1989-06-01,7.405207892217996,7.5103195140527905
1989-06-02,7.507180126189818,7.733864031902235
1989-06-05,7.730631200219081,7.2599200289494865
1989-06-06,7.2568853105487054,7.35536090081848
1989-06-07,7.35228628718898,7.913507284239376
1989-06-08,7.910199359899379,7.854008867254374
1989-06-09,7.850725813841347,7.783568959036713
1989-06-12,7.780315350202243,7.7562614408696895
1989-06-13,7.75301924684799,7.531125403187441
1989-06-14,7.527977318256959,7.537345091658853
1989-06-15,7.534194406837053,7.158099853886849
1989-06-16,7.15510769732664,7.124415665524686
1989-06-19,7.121437589288479,7.065254642006659
1989-06-20,7.062301295663613,6.935092101534317
1989-06-21,6.932193164421,6.916485831267473
1989-06-22,6.913594671759216,7.039529223897244
1989-06-23,7.036586631033492,7.236565672528821
1989-06-26,7.233540716480089,7.165191424057117
1989-06-27,7.162196303150413,7.191389021258986
1989-06-28,7.1883829494974565,6.8965804080838025
1989-06-29,6.893697569239377,6.469492399793655
1989-06-30,6.466788087962247,6.259075728843017
1989-07-03,6.256459373261901,6.334577583752082
1989-07-05,6.331929667648608,6.412491114400124
1989-07-06,6.409810629669973,6.528732637282176
1989-07-07,6.526003562445383,6.703340502657361
1989-07-10,6.700538440005294,6.673759097521381
1989-07-11,6.670969400189335,6.726499724901897
1989-07-12,6.7236879814657975,6.810231235948228
1989-07-13,6.8073844919120825,6.86361574522848
1989-07-14,6.860746685939277,6.992674570481015
1989-07-17,6.9897515633259655,7.072532682301523
1989-07-18,7.069576293665627,6.833432181717336
1989-07-19,6.830575739456312,7.043413276027463
1989-07-20,7.0404690595914925,6.788847051296304
1989-07-21,6.786009246060916,6.7609918109599905
1989-07-24,6.758165649490659,6.490930429867323
1989-07-25,6.488217156727239,6.4761516126811225
1989-07-26,6.473444517232842,6.6462562901278055
1989-07-27,6.643478089241359,6.912270420117466
1989-07-28,6.909381022692775,6.944489415798768
1989-07-31,6.941586550515113,7.049087497158124
1989-08-01,7.046140908841581,6.901139509040704
1989-08-02,6.898254764446972,6.895856385992663
1989-08-03,6.892973849796635,7.057202887443706
1989-08-04,7.054252906813732,7.108511648807508
1989-08-07,7.105540220607641,7.461248397093666
1989-08-08,7.458129521443085,7.554221973123102
1989-08-09,7.551064233597873,7.354089181824117
1989-08-10,7.351015099785737,7.3044124234946874
1989-08-11,7.301359106832785,7.185975327269668
1989-08-14,7.182971518485789,7.03103332753476
1989-08-15,7.028094286039745,7.129198596869123
1989-08-16,7.126218521320292,7.024204827677049
1989-08-17,7.021268640562535,7.143812558635442
1989-08-18,7.1408263743060045,7.194334477082851
1989-08-21,7.191327174091645,6.935967299015265
1989-08-22,6.933067996060742,7.046699921600174
1989-08-23,7.043754331313837,7.24733104802288
1989-08-24,7.244301591940681,7.531558290010906
1989-08-25,7.52841002412945,7.568815747950778
1989-08-28,7.565651908083281,7.628271644733572
1989-08-29,7.625082951712972,7.50207543608795
1989-08-30,7.4989394943311325,7.608134840841455
1989-08-31,7.604954565204112,7.6641208925214235
1989-09-01,7.66091721416056,7.814034903656775
1989-09-05,7.810768559756028,7.814318144363162
1989-09-06,7.811051682064998,7.607601364738229
1989-09-07,7.604421312099175,7.552872209420114
1989-09-08,7.549715034109466,7.69553995633388
1989-09-11,7.692323144493487,7.720720076861516
1989-09-12,7.717492739481615,7.856009241823194
1989-09-13,7.852725352233804,7.879898970201382
1989-09-14,7.876605094469169,7.64134329394608
1989-09-15,7.6381491368467795,7.588594050489935
1989-09-18,7.585421943096294,7.560720397293316
1989-09-19,7.55755994136249,7.573315757668724
1989-09-20,7.5701500367526435,7.604846975757429
1989-09-21,7.601668074480221,7.634395636546052
1989-09-22,7.631204383636284,7.7549984819910405
1989-09-25,7.7517568158986485,7.748516504854756
1989-09-26,7.745277548292938,7.739963855029509
1989-09-27,7.736728473559937,7.726755181766743
1989-09-28,7.7235253216532795,7.973428912342243
1989-09-29,7.970095940168842,7.981559612928751
1989-10-02,7.98086678118187,8.156771846236795
1989-10-03,8.153362234903057,8.216972391504113
1989-10-04,8.213537615746835,8.443329454408131
1989-10-05,8.439800059159014,8.528383834044762
1989-10-06,8.52481888522344,8.815359826639037
1989-10-09,8.811674919013509,9.076396612728471
1989-10-10,9.072602589143694,8.988347360019205
1989-10-11,8.984590141893207,8.866664726402552
1989-10-12,8.86295837282132,8.798176854349299
1989-10-13,8.794499129376193,7.679440967883912
1989-10-16,7.676230885579972,7.7017242456512305
1989-10-17,7.698504848716716,7.623415266331816
1989-10-18,7.620228603325436,7.8494780507456765
1989-10-19,7.846196891258777,8.362995524832511
1989-10-20,8.35949970996077,8.304013940579729
1989-10-23,8.30054278059376,8.050265277031935
1989-10-24,8.046900186497885,7.770746215123014
1989-10-25,7.767497966322366,7.758069610861947
1989-10-26,7.754826661007301,7.33385919881138
1989-10-27,7.330793573106053,7.009315206182464
1989-10-30,7.006385243077051,7.026027855977729
1989-10-31,7.023090906819348,7.360611223242796
1989-11-01,7.357534414926576,7.423368372071827
1989-11-02,7.420265330646485,7.032377024793366
1989-11-03,7.029437421619603,6.988540635019209
1989-11-06,6.9856193558900825,6.612459216146184
1989-11-07,6.609695142771046,6.834079207723278
1989-11-08,6.831222494998982,7.084479092830003
1989-11-09,7.08151771047631,7.105550573566619
1989-11-10,7.102580383125499,7.281159852611025
1989-11-13,7.27811625575381,7.297151232034892
1989-11-14,7.294100950622862,7.1549957278780205
1989-11-15,7.1520048688731945,7.243516527909189
1989-11-16,7.240488666334137,7.174449912318054
1989-11-17,7.1714509212716555,7.258703608068257
1989-11-20,7.255669398143439,7.329386439178089
1989-11-21,7.326322683130542,7.258823183950349
1989-11-22,7.25578892404163,7.337281396184044
1989-11-24,7.334706980327008,7.450207406562192
1989-11-27,7.447093146154891,7.3257326892315415
1989-11-28,7.322670460487621,7.313716122597978
1989-11-29,7.310658916897801,7.2987735408924665
1989-11-30,7.295722581339282,7.385708879973525
1989-12-01,7.382621580588478,7.465385261193286
1989-12-04,7.462264656292582,7.598742887548221
1989-12-05,7.595566537840278,7.6511866133178215
1989-12-06,7.647988341613636,7.3268338074777315
1989-12-07,7.32377111845549,7.38050099083455
1989-12-08,7.377415868398689,7.301464886114485
1989-12-11,7.29841280155237,6.927876317664788
1989-12-12,6.924980396820521,6.690062918695823
1989-12-13,6.687266406205218,6.694143519213542
1989-12-14,6.691345300991548,6.545299734333127
1989-12-15,6.542563734285854,6.338884758322704
1989-12-18,6.336235041777646,6.041541450965499
1989-12-19,6.0390160268647906,6.065275419965105
1989-12-20,6.0627400748305345,6.236761451106202
1989-12-21,6.234154423113954,6.494234188501994
1989-12-22,6.491519534358114,6.614445810519271
1989-12-26,6.61168090672803,6.608006227183037
1989-12-27,6.605244015201343,6.963074496099968
1989-12-28,6.960163862068868,6.957726088240402
1989-12-29,6.954817689896704,7.1642466529758515
1990-01-02,7.161251926992807,7.531621842691889
1990-01-03,7.528473550244782,7.36416153890994
1990-01-04,7.361083246526644,7.222731956422332
1990-01-05,7.219712783003802,7.064888906931332
1990-01-08,7.0619357134691665,7.096960780425361
1990-01-09,7.093994180602761,6.866346467369458
1990-01-10,6.863476266611382,6.430049636758945
1990-01-11,6.427361812392727,6.153103791596834
1990-01-12,6.150531733333959,5.740911101328001
1990-01-15,5.738511343687837,5.638820009153991
1990-01-16,5.636462926600433,5.984323159633969
1990-01-17,5.981821653345147,5.868387488016508
1990-01-18,5.865934443985475,5.8605588525346075
1990-01-19,5.858109080950661,6.134418877301674
1990-01-22,6.13185462951784,5.626209974566237
1990-01-23,5.623858163131898,5.57447501616102
1990-01-24,5.572144830451153,5.510597430006886
1990-01-25,5.508293945760028,5.428460379227044
1990-01-26,5.4261912290800645,5.223778341375992
1990-01-29,5.221594750345931,5.12769452945422
1990-01-30,5.125551102408183,4.788563191846981
1990-01-31,4.786561525055384,5.095867271446049
1990-02-01,5.093737148508754,5.175225194159538
1990-02-02,5.1730618988253925,5.367330945458943
1990-02-05,5.365087348020086,5.4313384943863765
1990-02-06,5.429068141158785,5.3151878462692075
1990-02-07,5.312966045161708,5.445204400322425
1990-02-08,5.442928251008965,5.475394502392813
1990-02-09,5.473105733317991,5.569851176217509
1990-02-12,5.567522923318486,5.435818507106109
1990-02-13,5.433546281188876,5.456488051141527
1990-02-14,5.454207185150385,5.519841677660522
1990-02-15,5.517534329226683,5.663998911003533
1990-02-16,5.661631303419885,5.531835747263098
1990-02-20,5.529523385189497,5.265273060678801
1990-02-21,5.263072124445529,5.2366181319433265
1990-02-22,5.234429173753774,5.189292155362577
1990-02-23,5.187122979899471,5.0024308625503
1990-02-26,5.0003397969563705,5.208626040588454
1990-02-27,5.208357404409758,5.29283850565803
1990-02-28,5.290626046796027,5.452697308648596
1990-03-01,5.4504180272253215,5.54172617816203
1990-03-02,5.539409681790459,5.730611037505847
1990-03-05,5.728215585394269,5.63240031816373
1990-03-06,5.6300459191045205,5.673452769698463
1990-03-07,5.671081210308345,5.603789350635201
1990-03-08,5.6014469112434915,5.835392277053862
1990-03-09,5.832953025347462,5.888814766964033
1990-03-12,5.886353184128295,5.8595279332673185
1990-03-13,5.8570785926178255,5.68881348443511
1990-03-14,5.686435504114256,5.7453569901350185
1990-03-15,5.74579639065498,5.838795008146083
1990-03-16,5.885585822431162,6.203138222929393
1990-03-19,6.200545249779187,6.360959909744881
1990-03-20,6.358300965568119,6.100149254986839
1990-03-21,6.097599332244192,6.004398398664504
1990-03-22,6.001888500727146,5.723266694284743
1990-03-23,5.720874312181295,5.875946585373306
1990-03-26,5.873490381564789,6.03081736535704
1990-03-27,6.028296424030218,6.1122594382148785
1990-03-28,6.109704453295826,5.834071823747158
1990-03-29,5.831633124003304,5.737732052617212
1990-03-30,5.735333623850863,5.735762311109481
1990-04-02,5.73336470571457,5.692636687201157
1990-04-03,5.690257108743719,6.020191420445045
1990-04-04,6.017674920868328,5.904414783112723
1990-04-05,5.90194667931589,5.7827993541384854
1990-04-06,5.78038208679421,5.6495645921197335
1990-04-09,5.6472030182241895,5.616137927784421
1990-04-10,5.613790326565288,5.69957482225258
1990-04-11,5.697192343586046,5.799014593339094
1990-04-12,5.796590547864402,5.917381723553858
1990-04-16,5.914908199447628,5.984714375424294
1990-04-17,5.978488360533453,5.944563785349656
1990-04-18,5.942078898872659,5.663350487799084
1990-04-19,5.660983151262751,5.477348819044903
1990-04-20,5.475059233046384,5.297512622048822
1990-04-23,5.2922515463883295,5.065490587448346
1990-04-24,5.0633731622655045,4.996987978253939
1990-04-25,4.994899187839497,5.052820852914725
1990-04-26,5.050708723806272,5.06370699009888
1990-04-27,5.061590310477378,4.90340933421736
1990-04-30,4.90135966060198,5.054170727514416
1990-05-01,5.052058034145024,5.140154295696597
1990-05-02,5.138005660344995,5.244554643631812
1990-05-03,5.248399403506986,5.360191341888419
1990-05-04,5.357950728874492,5.555783461888334
1990-05-07,5.5534610894330845,5.733247959405213
1990-05-08,5.730851405034191,5.739649393395667
1990-05-09,5.737250163161903,5.755649261750914
1990-05-10,5.753243343413877,5.861401084664605
1990-05-11,5.858950961019295,6.187268859172673
1990-05-14,6.187203374027819,6.431634894174278
1990-05-15,6.4289464071547755,6.48053762364396
1990-05-16,6.477828694799702,6.530090636878841
1990-05-17,6.5277965169397065,6.65641776458628
1990-05-18,6.6536353161029735,6.8155504512829355
1990-05-21,6.812701483762153,7.141231836040953
1990-05-22,7.138246730479094,7.1933615790815075
1990-05-23,7.190354682771292,7.48519048964099
1990-05-24,7.482061605958845,7.571644220066709
1990-05-25,7.564167048349207,7.102347521105016
1990-05-29,7.099378669571515,7.430283596046765
1990-05-30,7.427177663989383,7.472728797158366
1990-05-31,7.469605122586972,7.44704653168158
1990-06-01,7.443933592551253,7.60489431960162
1990-06-04,7.601715398534217,7.811840833584038
1990-06-05,7.808575406826289,7.58433239599846
1990-06-06,7.58116207001856,7.5980731118918925
1990-06-07,7.5948970421568,7.5275955150451415
1990-06-08,7.524448905642827,7.268835219006655
1990-06-11,7.2657967739682245,7.468912344752841
1990-06-12,7.465790265496312,7.761364467666423
1990-06-13,7.7581201405290345,7.943409284969866
1990-06-14,7.940088861297718,7.7852214100574635
1990-06-15,7.7819671104821175,7.804922487224544
1990-06-18,7.801659952404022,7.40229761209129
1990-06-19,7.399203378452091,7.402204646769418
1990-06-20,7.399110451990643,7.44664261202727
1990-06-21,7.4435298417393545,7.518518914110587
1990-06-22,7.515376098817265,7.284543862371664
1990-06-25,7.281498850964888,7.016679563152122
1990-06-26,7.013746521672633,7.013074001008831
1990-06-27,7.010142466689991,7.18867967348304
1990-06-28,7.214129382188071,7.409359665165572
1990-06-29,7.413285529075715,7.501022895645148
1990-07-02,7.497887393860649,7.490979242046963
1990-07-03,7.487847938609039,7.46257656942071
1990-07-05,7.459457138580955,7.373190467588246
1990-07-06,7.3701084010234315,7.475575368619016
1990-07-09,7.472450504152588,7.576025678541338
1990-07-10,7.572858824851521,7.48056342512423
1990-07-11,7.4774364756008325,7.673104575920953
1990-07-12,7.669897142291545,7.919939494991161
1990-07-13,7.9166288819234305,8.041618547787968
1990-07-16,8.038257071672291,8.176782106031224
1990-07-17,8.173364130210912,7.706299018906832
1990-07-18,7.7030777096718355,7.383634382254338
1990-07-19,7.380547950029863,7.208300043415401
1990-07-20,7.205286902679295,6.840182695289748
1990-07-23,6.837323431247262,6.387939297536526
1990-07-24,6.385269075708737,6.307199631672588
1990-07-25,6.3045631598239575,6.492329754013284
1990-07-26,6.489615895941862,6.353714991212855
1990-07-27,6.35105907548372,6.217161887574844
1990-07-30,6.214563052394068,6.0702591878885235
1990-07-31,6.067721759489652,6.02169325097139
1990-08-01,6.019176123614655,5.994835241968556
1990-08-02,5.990716868389223,5.655909765418055
1990-08-03,5.653545539177293,5.158171639306093
1990-08-06,5.156015472526601,4.342643976889567
1990-08-07,4.340828708741688,4.416584592126528
1990-08-08,4.414738416069921,4.604052224446892
1990-08-09,4.602127685065195,4.838279649228473
1990-08-10,4.836257200465802,4.633384643016082
1990-08-13,4.631447842393212,4.709685943704131
1990-08-14,4.707717248382659,4.765327805684325
1990-08-15,4.763335851514031,4.7730073966021855
1990-08-16,4.771012232286908,4.33818193674459
1990-08-17,4.336368533773638,3.9906532008577393
1990-08-20,3.9889850683367905,3.7596451571410787
1990-08-21,3.7580735882679663,3.4736253503738084
1990-08-22,3.4721733406097663,3.291446055539356
1990-08-23,3.2900701985230123,2.9301951870410123
1990-08-24,2.928970336461869,3.2564634658157954
1990-08-27,3.2551022318680696,3.729428915529262
1990-08-28,3.727869977344099,3.779930327224092
1990-08-29,3.778350278949186,3.660457293162973
1990-08-30,3.658927185798355,3.5333506298286967
1990-08-31,3.5318736543069287,3.690949594698828
1990-09-04,3.6894067412504814,3.752461664431729
1990-09-05,3.750893098329642,3.6955887141064814
1990-09-06,3.6940439214603233,3.512671839109594
1990-09-07,3.5112035075269397,3.572163184898786
1990-09-10,3.5706699853449924,3.616649309058155
1990-09-11,3.615137513864323,3.5187678287705415
1990-09-12,3.5172969490038963,3.592631973626074
1990-09-13,3.591130217916077,3.442048700450233
1990-09-14,3.4406098900382744,3.428290727969185
1990-09-17,3.426857668525843,3.4300355966712632
1990-09-18,3.4286018078555403,3.4176749479604256
1990-09-19,3.4162463260181584,3.3793808743442715
1990-09-20,3.3779682597036524,3.119148970651545
1990-09-21,3.1178451355213688,3.0768867395877675
1990-09-24,3.075600570488313,2.7925247223238294
1990-09-25,2.7913574193610313,2.9365918148215577
1990-09-26,2.9353642903887147,2.8729802366228196
1990-09-27,2.871779302459028,2.617814955326543
1990-09-28,2.6167206827749045,2.74474241555602
1990-10-01,2.743595086070202,3.0994700582444006
1990-10-02,3.098677510364496,3.1061880681465395
1990-10-03,3.104889650801844,2.881202627957164
1990-10-04,2.879998256752444,2.8304495849268037
1990-10-05,2.8292664289962137,2.7746498258219816
1990-10-08,2.773489994742773,2.8283087735735335
1990-10-09,2.8271265125232703,2.5453810808426702
1990-10-10,2.5443170863672173,2.360370281414746
1990-10-11,2.359383623283926,2.180050066315165
1990-10-12,2.179138783818321,2.2383798274715803
1990-10-15,2.2374441625574657,2.342600494456837
1990-10-16,2.3416212642727774,2.180524477366237
1990-10-17,2.1796129965608797,2.2490331858644446
1990-10-18,2.248093067741119,2.453187120109363
1990-10-19,2.4521616636216517,2.546730405781982
1990-10-22,2.5456658472753544,2.71713644960482
1990-10-23,2.7160006596859,2.7073359298591404
1990-10-24,2.7062042366544388,2.708258904242091
1990-10-25,2.7071268252249654,2.6545736946344336
1990-10-26,2.6534640565660785,2.511856712669925
1990-10-29,2.510806731712054,2.403608836182835
1990-10-30,2.4026041039083257,2.453636801453642
1990-10-31,2.4526111569946796,2.4328717311315935
1990-11-01,2.431854766677472,2.444790588483478
1990-11-02,2.4437686418290605,2.6115221985922563
1990-11-05,2.6104305564751926,2.7685201143886826
1990-11-06,2.7673628455894996,2.7570044702185594
1990-11-07,2.755852015072574,2.6088508878221432
1990-11-08,2.607760362339411,2.634282392485905
1990-11-09,2.6331812363826073,2.8336756520269706
1990-11-12,2.8324911475684145,3.131124359229381
1990-11-13,3.129815518268297,3.188475955008445
1990-11-14,3.1871431405128963,3.315478567577778
1990-11-15,3.3140926647336277,3.1628889678276595
1990-11-16,3.161566848945906,2.930571106647673
1990-11-19,2.9293460989304148,3.026948381989424
1990-11-20,3.025683087617529,2.843644548546897
1990-11-21,2.842455876990965,2.8701083657774173
1990-11-23,2.8689086320840533,2.8838527710814823
1990-11-26,2.882647292090716,2.9208618934861352
1990-11-27,2.9196409443160403,3.110282554578738
1990-11-28,3.1089824256982035,3.1333207541465233
1990-11-29,3.1320109950706327,3.200789677617142
1990-11-30,3.199451715863712,3.2719440121966135
1990-12-03,3.2743989131064666,3.3683784991846974
1990-12-04,3.366970483645751,3.4216432684929488
1990-12-05,3.420212987753437,3.5981824369783424
1990-12-06,3.5966783611197486,3.620113935376169
1990-12-07,3.6186006919342577,3.609469434728283
1990-12-10,3.6079606407929576,3.6116107809374043
1990-12-11,3.6101010918981773,3.4519257165724566
1990-12-12,3.450482777470037,3.5264571556903697
1990-12-13,3.5249830617089946,3.5237768551320263
1990-12-14,3.522303881542803,3.419713799908438
1990-12-17,3.4182843257058844,3.3603879123784037
1990-12-18,3.3589832369838,3.573785681704515
1990-12-19,3.5736367571571117,3.6340152293665073
1990-12-20,3.6324961750461706,3.6907901664144305
1990-12-21,3.689247379608684,3.755809652216324
1990-12-24,3.754239686622218,3.667403357556771
1990-12-26,3.665870346668513,3.6288127802489427
1990-12-27,3.6272959006038095,3.5492801738012845
1990-12-28,3.547796539572531,3.560207996214985
1990-12-31,3.5587197940483444,3.6166572643069355
1991-01-02,3.615145465787731,3.5722601792583544
1991-01-03,3.570766939159959,3.3885599760975436
1991-01-04,3.3871435245015746,3.4079753832530337
1991-01-07,3.4065508158247804,3.1727739829738257
1991-01-08,3.17144773205794,3.157260990214749
1991-01-09,3.15594122388332,3.1346602355653546
1991-01-10,3.1333499165729783,3.347566969719607
1991-01-11,3.346167653605883,3.3506567384791826
1991-01-14,3.349256130811548,3.223664013474796
1991-01-15,3.2223164900226617,3.2990455952252957
1991-01-16,3.297666561526175,3.6822128320510097
1991-01-17,3.6806736306558903,4.022166090481753
1991-01-18,4.020484785261157,4.147626502227973
1991-01-21,4.145892753313978,4.312940392890303
1991-01-22,4.311137541134418,4.165138174386226
1991-01-23,4.163397105420011,4.388804459833692
1991-01-24,4.386969896147236,4.626304711079039
1991-01-25,4.624370869937767,4.700076752252868
1991-01-28,4.6981120736684945,4.774268017906582
1991-01-29,4.7722723266391265,4.913934956577589
1991-01-30,4.911880883147923,5.225258035955922
1991-01-31,5.2230738263988865,5.436169964731394
1991-02-01,5.433897591901396,5.573654040042765
1991-02-04,5.571324197509038,5.7415173318421
1991-02-05,5.739117320791584,6.077983965999946
1991-02-06,6.0754433085673964,6.487129169198957
1991-02-07,6.484417485023442,6.195879460076186
1991-02-08,6.193289521160669,6.27084411129982
1991-02-11,6.268222836418403,6.6371183301387635
1991-02-12,6.6343439490100025,6.543354423064765
1991-02-13,6.540619236176849,6.7066718902168345
1991-02-14,6.703868435011807,6.319857877603826
1991-02-15,6.317216114483157,6.5264019637296515
1991-02-19,6.5236738631374624,6.716392766824408
1991-02-20,6.651727092875447,6.466588779013528
1991-02-21,6.463885680924334,6.390351349415963
1991-02-22,6.387680119326624,6.523189054409667
1991-02-25,6.520462296845362,6.628275120220303
1991-02-26,6.6255044356407815,6.44506725379782
1991-02-27,6.442373151919098,6.5886475902150226
1991-02-28,6.585893470335113,6.614789594339252
1991-03-01,6.612024546842973,6.7896854416473795
1991-03-04,6.786847285956529,6.863875003563215
1991-03-05,6.861005835901462,7.572994207148222
1991-03-06,7.57026231447522,7.6506870395420234
1991-03-07,7.647488976664619,7.767658344093828
1991-03-08,7.764411386053822,7.6110500785448485
1991-03-11,7.607868584309303,6.937850046746264
1991-03-12,6.934949956784561,6.564350783909445
1991-03-13,6.56160682033496,7.061449203790753
1991-03-14,7.0584974481585325,6.950521268640906
1991-03-15,6.947615881983085,6.849784999958934
1991-03-18,6.8469217220580925,6.924324969754736
1991-03-19,6.921430533409032,6.774355435650074
1991-03-20,6.771523688053404,6.947950322127026
1991-03-21,6.945046010150284,6.688304301362717
1991-03-22,6.685508523991557,6.627215213361918
1991-03-25,6.62444497183395,6.897792079255941
1991-03-26,6.894908733920978,7.611373863733795
1991-03-27,7.608192234152837,7.767568519127318
1991-03-28,7.7643215986350365,7.616890967389252
1991-04-01,7.61370703160438,7.583795252852833
1991-04-02,7.5806251514040826,8.372921774669676
1991-04-03,8.369421810527294,8.485114245450532
1991-04-04,8.481567383745347,8.675458634797431
1991-04-05,8.671832207254257,8.495105171820548
1991-04-08,8.49155413380929,8.507888979951982
1991-04-09,8.504332598182444,8.249030462979128
1991-04-10,8.245582286630796,8.072653454243275
1991-04-11,8.069279005229646,8.725434534291068
1991-04-12,8.72178721632745,8.789084775236184
1991-04-15,8.785410850842103,8.695366889938935
1991-04-16,8.69173214054814,9.038528235977498
1991-04-17,9.034750041748868,9.161195590636932
1991-04-18,9.1573661202404,8.610173542436458
1991-04-19,8.606574404707812,8.252090105853654
1991-04-22,8.24864065054433,8.003157315143614
1991-04-23,7.999811916203713,8.06899709581172
1991-04-24,8.065624175192092,8.274752920295503
1991-04-25,8.27129399170552,8.035546063072731
1991-04-26,8.032187125315746,7.969908703153306
1991-04-29,7.966577202462174,7.509125852922446
1991-04-30,7.505986964021635,7.292176614719512
1991-05-01,7.289128412746737,7.332942443796416
1991-05-02,7.329877201303755,7.517815055148556
1991-05-03,7.5146725340752445,7.561858810113727
1991-05-06,7.558697878315078,7.574215099661953
1991-05-07,7.571049002812021,7.47570014361069
1991-05-08,7.4725752269870815,7.546916391625015
1991-05-09,7.543761705905132,7.885796030054255
1991-05-10,7.882499689292679,7.65863200143347
1991-05-13,7.655430617483388,7.676161701541957
1991-05-14,7.672952990003793,7.421578204814164
1991-05-15,7.418475911696447,6.747936979798496
1991-05-16,6.745116275377752,6.944957725238252
1991-05-17,6.942054664196617,6.920777909638593
1991-05-20,6.917884955999111,6.767984903026102
1991-05-21,6.7651558183750975,6.969112990750238
1991-05-22,6.9661998325686305,7.318057125309907
1991-05-23,7.314998105027647,7.434594564953796
1991-05-24,7.431486830868759,7.622809052458209
1991-05-28,7.619622642855226,7.944682702269913
1991-05-29,7.941361746296733,8.023881684596242
1991-05-30,8.020527622664867,8.269753617990924
1991-05-31,8.266296779158765,8.420272819124225
1991-06-03,8.416753061776776,8.588357320086422
1991-06-04,8.584767301754564,8.599055793163833
1991-06-05,8.595461302764381,8.246525905838629
1991-06-06,8.243078776419962,7.9583405197356285
1991-06-07,7.9550138546596205,7.63489351330803
1991-06-10,7.63170205228085,7.442774687844488
1991-06-11,7.43966353438715,7.509737922541428
1991-06-12,7.506598777789461,7.17183884583606
1991-06-13,7.168840946241284,7.125310314073134
1991-06-14,7.122331863864982,7.362242272441672
1991-06-17,7.359164782330749,7.337128934391
1991-06-18,7.33406194190385,7.159136581479473
1991-06-19,7.156143991556872,6.731836554638966
1991-06-20,6.729022580355235,6.74870343273806
1991-06-21,6.745882407932405,6.7213151085066825
1991-06-24,6.718505532291532,5.988168448205706
1991-06-25,5.985665334548217,5.991036518163574
1991-06-26,5.988532205624465,6.090174347120342
1991-06-27,6.087628593987873,6.288005434598695
1991-06-28,6.285376986114346,6.20444577394311
1991-07-01,6.201852254223644,6.559739518447237
1991-07-02,6.556997482427338,6.3242354277940604
1991-07-03,6.321591834814101,6.0475378279211105
1991-07-05,6.0450098972755075,6.010153785263401
1991-07-08,6.007641481517501,6.502597018170696
1991-07-09,6.499878868281273,6.628951778614725
1991-07-10,6.6261808111853,6.825110919443839
1991-07-11,6.822257955552775,6.859433007593918
1991-07-12,6.856565696730429,7.134366034173469
1991-07-15,7.13138379858472,7.2451964004663445
1991-07-16,7.242167836687943,6.881611661980288
1991-07-17,6.878735080219832,6.790419982938073
1991-07-18,6.787581520201696,7.005471850216178
1991-07-19,7.002543493671585,7.0540619341712425
1991-07-22,7.051113266490812,6.843309766462969
1991-07-23,6.840449195273794,6.447876038891452
1991-07-24,6.44518076291277,6.333252856667717
1991-07-25,6.3306054943132715,6.574328890565593
1991-07-26,6.571580756043804,6.79677520317388
1991-07-29,6.793934083892566,6.822335560877827
1991-07-30,6.819483757114102,7.179222418592647
1991-07-31,7.176221432591407,7.400247032748006
1991-08-01,7.397153656271262,7.564071334584945
1991-08-02,7.560909477929176,7.659484671399252
1991-08-05,7.656282931024688,7.377093008945812
1991-08-06,7.3740093110800995,7.5806363902195315
1991-08-07,7.577467609206615,7.723236393537319
1991-08-08,7.720008004312151,7.902704447595423
1991-08-09,7.899401038948025,7.844665259042888
1991-08-12,7.841386111350537,8.015287032014653
1991-08-13,8.01193656273309,8.198987232958146
1991-08-14,8.195559975175083,8.38841369490802
1991-08-15,8.384907254989704,8.12386877542205
1991-08-16,8.12047291789745,7.918253149906809
1991-08-19,7.9149432417480075,7.270248387719637
1991-08-20,7.267209351962704,7.443742482294705
1991-08-21,7.440630924289711,8.403417924321365
1991-08-22,8.399905212486704,8.263375891364888
1991-08-23,8.25992171848556,8.449792284839852
1991-08-26,8.446260188063672,8.436104357675873
1991-08-27,8.432577982588674,8.435669289269468
1991-08-28,8.432143096045166,8.702069991692108
1991-08-29,8.698432440338461,8.579117055929213
1991-08-30,8.575530900119196,8.466308660878436
1991-09-03,8.462769660093661,8.187596779616875
1991-09-04,8.184174283156006,7.963578778282347
1991-09-05,7.960249923562439,7.8654027837858544
1991-09-06,7.862114967602986,7.794136815087928
1991-09-09,7.790878788785071,7.9024128140060546
1991-09-10,7.8991095272643825,7.478448033464859
1991-09-11,7.475321968196104,7.7375251382238215
1991-09-12,7.734290776162003,8.220162835052308
1991-09-13,8.216726725658063,7.69059316690123
1991-09-16,7.687378422867764,7.608253930518385
1991-09-17,7.6050736051003796,7.562171935955258
1991-09-18,7.559010873266909,7.7960037013767565
1991-09-19,7.792744894696961,7.99537380879294
1991-09-20,7.992031663435704,8.25296834542661
1991-09-23,8.249518523004454,8.093243637732009
1991-09-24,8.089860581817964,8.297767906497405
1991-09-25,8.29429935741548,8.433281557089561
1991-09-26,8.429756361960935,8.33216190395238
1991-09-27,8.32867897783923,8.153801178909292
1991-09-30,8.150392809343888,8.283376922450648
1991-10-01,8.279914388942437,8.34858703618421
1991-10-02,8.345097244203279,8.054246300743511
1991-10-03,8.050879546102163,7.653528289817007
1991-10-04,7.650329039268876,7.65572606118042
1991-10-07,7.652525891942115,7.5167428406503705
1991-10-08,7.513600767773328,7.601789066449098
1991-10-09,7.5986114434082355,7.3092928482545165
1991-10-10,7.306237491526778,7.5096779903918724
1991-10-11,7.506538870692137,7.695828942068105
1991-10-14,7.692612009428816,8.153823200534896
1991-10-15,8.150414821764235,8.67023536460038
1991-10-16,8.666611120435826,9.048141671501918
1991-10-17,9.044359458762125,8.56747827909735
1991-10-18,8.5638969884112,8.616976482595701
1991-10-21,8.61337450117076,8.411417501277063
1991-10-22,8.407901445540087,8.397884363294377
1991-10-23,8.394373964542973,8.266155173474727
1991-10-24,8.262699838827979,7.942695778746416
1991-10-25,7.939375653326929,7.710091846903791
1991-10-28,7.706868952229166,7.984340228042759
1991-10-29,7.9810026948314405,8.287848504895111
1991-10-30,8.284384102221198,8.678027537350411
1991-10-31,8.674400035980552,8.475194203288313
1991-11-01,8.471651488258898,8.250892137843433
1991-11-04,8.247443183296589,7.982072146171522
1991-11-05,7.978735561040866,8.151833513380787
1991-11-06,8.14842596631904,8.177157277846042
1991-11-07,8.1737391452002,8.462191894437867
1991-11-08,8.458654614502194,8.686891390277818
1991-11-11,8.683260183729738,8.881913014513056
1991-11-12,8.878200286996528,9.242917069085184
1991-11-13,9.239053438302118,9.314588284071215
1991-11-14,9.31069469401118,9.14216243111747
1991-11-15,9.138340916769927,7.629649967104137
1991-11-18,7.626460697931149,7.950558212104583
1991-11-19,7.947234800110161,7.5969335916478125
1991-11-20,7.593757998243457,7.655867665383067
1991-11-21,7.652667436952804,7.92355901985282
1991-11-22,7.920246893787886,7.728406382516501
1991-11-25,7.725175832184788,7.45443145107968
1991-11-26,7.4513154249799785,7.536268226121603
1991-11-27,7.533117991440252,7.617064134876006
1991-11-29,7.613880126705412,7.575861591520456
1991-12-02,7.572694806420637,8.298638249332512
1991-12-03,8.295169336438672,8.292973084972688
1991-12-04,8.289506540173601,8.38460164517161
1991-12-05,8.3810967987278,8.311564148387811
1991-12-06,8.30808983234028,8.457466224798436
1991-12-09,8.453930920239427,8.418707645911152
1991-12-10,8.415188542821591,8.459045137258157
1991-12-11,8.455509172698118,8.324851782780724
1991-12-12,8.32137191237055,8.583334914292323
1991-12-13,8.579746995375778,8.86596559015566
1991-12-16,8.862259528820296,9.0076663654173
1991-12-17,9.003901071755907,8.631538459875218
1991-12-18,8.627930391399701,8.687107564206014
1991-12-19,8.683476267295093,8.238152836603463
1991-12-20,8.234709207210578,8.339468340953083
1991-12-23,8.335982360676978,8.96441776336194
1991-12-24,8.960670548044101,9.292842830326178
1991-12-26,9.288958330080956,9.883548448667442
1991-12-27,9.87941702762939,10.167720467406076
1991-12-30,10.16347025965263,11.117896713451222
1991-12-31,11.113249322626013,11.529007634208064
1992-01-02,11.524188394950501,11.781650471641697
1992-01-03,11.776725625178473,11.926536645779557
1992-01-06,11.92155123546206,12.137674460191343
1992-01-07,12.132600792178453,12.424636533035198
1992-01-08,12.419442912036693,12.92380016811049
1992-01-09,12.918397891773866,13.591767994045247
1992-01-10,13.586086500548598,13.206934825931924
1992-01-13,13.201414196507034,13.327681367548584
1992-01-14,13.322110264874647,13.812869406819415
1992-01-15,13.807095490744677,14.15434355597757
1992-01-16,14.148426900329985,13.70325366880243
1992-01-17,13.697525573190708,13.436661052581615
1992-01-20,13.431044395321104,12.512948612017638
1992-01-21,11.327113074029057,11.012394322825061
1992-01-22,11.39804551624058,12.877294947391201
1992-01-23,12.871912110696954,12.839213821818243
1992-01-24,12.833846903411255,12.759503130325418
1992-01-27,12.754169531776121,12.197811101261289
1992-01-28,12.192712295537447,12.226826917935457
1992-01-29,12.221715983313166,11.834191917316915
1992-01-30,11.82924510800956,11.93951016377008
1992-01-31,12.23196153477123,11.917100876721697
1992-02-03,11.912119410649023,12.230897544096024
1992-02-04,12.225784907911724,12.815346884718759
1992-02-05,12.809989942927615,13.24164527431942
1992-02-06,13.236110135583685,13.027997814785929
1992-02-07,13.022551982802076,12.763609670113603
1992-02-10,12.758274354990045,12.57966881491378
1992-02-11,12.574410388887582,12.478462960277136
1992-02-12,12.473246839299494,13.72511881034798
1992-02-13,13.719381574890761,13.000843002644887
1992-02-14,12.995408521641176,12.64281152925793
1992-02-18,12.63752670895241,11.741007448519872
1992-02-19,11.73609959124243,11.680752683271027
1992-02-20,11.675870013081612,12.424777619961969
1992-02-21,12.419583939987733,12.096654111219966
1992-02-24,12.091597590118795,11.723676790175181
1992-02-25,11.718776177284395,11.648016499855819
1992-02-26,11.64314751371496,12.617004034553004
1992-02-27,12.611730002035607,12.560771927841815
1992-02-28,12.555521400901377,12.38654677440893
1992-03-02,12.381369075306388,12.457273631684506
1992-03-03,12.45206636805586,12.346634441344424
1992-03-04,12.341473425991989,11.897746852390377
1992-03-05,11.892773476491358,11.460636094925123
1992-03-06,11.45584543564744,10.990814744097852
1992-03-09,10.986220474793164,11.012805479734784
1992-03-10,11.008202018085028,11.69765122842458
1992-03-11,11.692761494476098,11.14415691283303
1992-03-12,11.139498544984663,11.113394636004289
1992-03-13,11.108749127091995,11.26733924900877
1992-03-16,11.262629389725134,11.439176560445695
1992-03-17,11.434394871465743,11.900649001079291
1992-03-18,11.895674412053406,11.860000425030819
1992-03-19,11.855042827511895,11.8423008921585
1992-03-20,11.837350693219433,11.65771938386795
1992-03-23,11.652846341825573,11.460294997521752
1992-03-24,11.455504480826159,11.23784742146017
1992-03-25,11.233149890052237,11.300467158786281
1992-03-26,11.295743451708594,10.853451333771567
1992-03-27,10.848914483731452,9.958191371843725
1992-03-30,9.954028749325278,9.777633102582358
1992-03-31,9.773545955206883,9.833130158739063
1992-04-01,9.829019813045033,9.903867753517261
1992-04-02,9.899727838808746,9.322538415624608
1992-04-03,9.318641502330927,9.202100669119554
1992-04-06,9.198254099995506,9.906549793024714
1992-04-07,9.902408757197149,8.836937337624596
1992-04-08,8.83324341038599,8.651310011901124
1992-04-09,8.647693678721243,9.368915888047031
1992-04-10,9.364999588511024,8.785176952753321
1992-04-13,8.781504661867702,9.128410230771205
1992-04-14,9.12459446497947,9.414239850443277
1992-04-15,9.410304605042558,9.892520440205248
1992-04-16,9.888385268785965,9.262416063023162
1992-04-20,9.25854428146771,8.26627749291862
1992-04-21,8.262822107141133,8.078210068393986
1992-04-22,8.074833296660666,8.381769998834121
1992-04-23,8.378266336046496,8.21073757095474
1992-04-24,8.20730540141414,7.907230961497157
1992-04-27,7.903925660722163,7.575556313778047
1992-04-28,7.572389656287345,7.188267747356113
1992-04-29,7.185262980317956,7.793174935481391
1992-04-30,7.789917311253727,8.163460292671704
1992-05-01,8.16004788550118,8.126024458361396
1992-05-04,8.122627699739999,8.376006738447959
1992-05-05,8.372505484760195,8.696802377946534
1992-05-06,8.69316702850755,8.717290628564369
1992-05-07,8.713646714833919,8.512560415071425
1992-05-08,8.509002080595788,8.386269567189037
1992-05-11,8.382764023537321,8.430562349417766
1992-05-12,8.42703829094485,8.272754229914586
1992-05-13,8.269296136796955,8.162619300998603
1992-05-14,8.15920724537092,7.822426346473409
1992-05-15,7.819156494866541,7.698040407619409
1992-05-18,7.69482255056564,7.810450688005496
1992-05-19,7.807185842342353,7.945031632382084
1992-05-20,7.941710530552665,8.18254255556005
1992-05-21,8.179122171814841,8.048083116988318
1992-05-22,8.044718938618756,8.075840442134384
1992-05-26,8.072464660928285,7.873939478835351
1992-05-27,7.870648094229492,8.035633434922257
1992-05-28,8.032274460642975,8.334355702954428
1992-05-29,8.33087185981159,8.592953223014986
1992-06-01,8.589361283550232,8.886934270393034
1992-06-02,8.883219443941869,8.733715414336837
1992-06-03,8.73006463488343,8.735084848042135
1992-06-04,8.73143349615189,8.611810390687891
1992-06-05,8.60821056874048,8.384730557930656
1992-06-08,8.381225657600035,8.13571424697812
1992-06-09,8.132313437929213,7.7062162148375535
1992-06-10,7.7029949402154765,7.5288384300399205
1992-06-11,7.525691301086841,7.520680685825156
1992-06-12,7.51753696688987,7.62880471053573
1992-06-15,7.6256157946883505,7.60399831418485
1992-06-16,7.600819767656577,7.24794927392327
1992-06-17,7.244919559416528,6.820206578684234
1992-06-18,6.81735566485613,6.712385275142333
1992-06-19,6.70957943168588,7.046694719985237
1992-06-22,7.043749131873226,6.925491354039695
1992-06-23,6.92259643013382,7.074453485044003
1992-06-24,7.071496293493556,6.9148406742242345
1992-06-25,6.9119502024078985,6.6257149714293
1992-06-26,6.622945357017303,6.536609424927692
1992-06-29,6.53387705751573,7.258697628949911
1992-06-30,7.2556634215244245,7.284109021633225
1992-07-01,7.281064191994179,7.626083755995959
1992-07-02,7.6228959775344975,7.234492203729659
1992-07-06,7.2314681144114,7.33840402358806
1992-07-07,7.33533649810101,6.8858204721160465
1992-07-08,6.882942131031314,6.970321607881128
1992-07-09,6.967407944485602,7.2897320872966995
1992-07-10,7.2866849071605735,7.330296716185774
1992-07-13,7.327232579633431,7.479868940690055
1992-07-14,7.476742281468022,7.7872917869056515
1992-07-15,7.784036621892299,7.791733720834176
1992-07-16,7.788476699048494,7.927954449646747
1992-07-17,7.924640486248672,7.4829377849475565
1992-07-20,7.479809842918261,7.102496792076144
1992-07-21,7.099882823276497,7.426564632092375
1992-07-22,7.423460254598721,7.133492436851134
1992-07-23,7.130510566434708,7.2216408650290935
1992-07-24,7.218622147697561,7.282183635689435
1992-07-27,7.279139610880764,7.162025428519664
1992-07-28,7.159031631030419,7.505761143685946
1992-07-29,7.502623661266886,7.745291157679283
1992-07-30,7.742053549344496,7.80098140258407
1992-07-31,7.7977205151759215,7.7914509522194
1992-08-03,7.788194048633797,7.924347496971614
1992-08-04,7.921035041315443,7.790456469081425
1992-08-05,7.787199981199612,7.446746222626273
1992-08-06,7.443633409028102,7.293026298583035
1992-08-07,7.289977741433998,7.197529485747103
1992-08-10,7.194520847210665,7.2566244697156135
1992-08-11,7.253591128891198,7.127531887651094
1992-08-12,7.124552508803207,7.011705173991495
1992-08-13,7.008774211855892,7.028201895585509
1992-08-14,7.025264037657062,7.089135945024511
1992-08-17,7.086172616060526,6.953435222371234
1992-08-18,6.950528617651923,6.9514406104913675
1992-08-19,6.9485348395395565,6.798190164595736
1992-08-20,6.7953484538465485,6.868361346117059
1992-08-21,6.865490303119731,6.605702967463816
1992-08-24,6.602941718267473,6.266896678815064
1992-08-25,6.264277053999479,6.350219786116874
1992-08-26,6.34756533141805,6.6135181003142
1992-08-27,6.6107535843150025,6.825927492067864
1992-08-28,6.823074186841364,6.798008347218135
1992-08-31,6.795166712470411,6.800844785399641
1992-09-01,6.798001964992693,6.979841145272222
1992-09-02,6.976923502615882,7.292505326557858
1992-09-03,7.289456987180283,7.400901058883616
1992-09-04,7.397807409017476,7.2668834510421725
1992-09-08,7.263845821862062,7.216357981821703
1992-09-09,7.2133414727876195,7.5089851275938635
1992-09-10,7.505846297517633,7.8531955805344005
1992-09-11,7.849912867083268,7.8746834036305025
1992-09-14,7.871391708056718,8.57535056861265
1992-09-15,8.571765987231597,8.19231203146292
1992-09-16,8.188887563980128,8.074874618542369
1992-09-17,8.071499241060087,8.128195053301868
1992-09-18,8.124797387350311,8.172940483435694
1992-09-21,8.169524113451635,8.115929168476052
1992-09-22,8.112536629785708,7.729506779115784
1992-09-23,7.7262757688074055,7.836626867366792
1992-09-24,7.833351079801692,7.9580633624518935
1992-09-25,7.9547368132303715,7.402031844313626
1992-09-28,7.398937721767988,7.227342232148753
1992-09-29,7.224321131589355,7.417003417298136
1992-09-30,7.413903036486864,7.592303437105133
1992-10-01,7.589129779151186,7.284268262429277
1992-10-02,7.281223366226004,6.9498557457826475
1992-10-05,6.946950637319965,6.895775919417222
1992-10-06,6.892893416857019,7.181107275604459
1992-10-07,7.17810550171434,6.9946976278488355
1992-10-08,6.99177377503579,7.192848554023717
1992-10-09,7.1898418721630515,6.996568456706685
1992-10-12,6.993643821868667,7.160624975879644
1992-10-13,7.157631763793459,7.295768575085667
1992-10-14,7.292718871637921,7.251222408489991
1992-10-15,7.248191325780615,7.424269229549604
1992-10-16,7.421165811556923,7.721201311202743
1992-10-19,7.717973772662125,8.183116660625595
1992-10-20,8.17969603689879,8.221510627790876
1992-10-21,8.21807395500593,8.419722261385749
1992-10-22,8.416202734176881,8.414620032799533
1992-10-23,8.411102638372695,8.356902754607393
1992-10-26,8.353409486573886,8.483135692004499
1992-10-27,8.479589657354229,8.223731463623139
1992-10-28,8.220293862506843,8.42621920770777
1992-10-29,8.422696964711061,8.76067413965062
1992-10-30,8.757012091183306,8.599815098169644
1992-11-02,8.596220290373187,8.684685018183734
1992-11-03,8.681054733921018,8.333290823406257
1992-11-04,8.329807425393605,8.463936420358628
1992-11-05,8.46039841119386,9.132897187459102
1992-11-06,9.12907954607508,9.259965416845235
1992-11-09,9.256094659684132,9.452597203998762
1992-11-10,9.448645924844755,9.761377752436369
1992-11-11,9.757297399958082,10.047730774250835
1992-11-12,10.043530723376291,9.947948165856534
1992-11-13,9.943789825099534,10.085005451573316
1992-11-16,10.08078981951486,9.741601900512528
1992-11-17,9.737529814536005,9.190963445209006
1992-11-18,9.187121531554743,9.67872137170397
1992-11-19,9.67467557041062,9.876736303003492
1992-11-20,9.872607729509726,10.043579078324932
1992-11-23,10.039380762900361,9.571935273500648
1992-11-24,9.567934109852875,10.110112850756156
1992-11-25,10.105886723556432,10.074374308616004
1992-11-27,10.070163120480489,10.036145720351387
1992-11-30,10.031950512143993,10.169483993974996
1992-12-01,10.165233049049997,10.309571517495844
1992-12-02,10.305262014600006,10.204525492838464
1992-12-03,10.200259900220244,10.476266153346007
1992-12-04,10.47188697044313,10.787163703507593
1992-12-07,10.78265456235277,11.08817849518969
1992-12-08,11.083543526873742,10.96312538538868
1992-12-09,10.958542690509889,10.702316479760865
1992-12-10,10.697842805585035,10.400970695877628
1992-12-11,10.396622987220935,10.070310018969728
1992-12-14,10.066100529747496,9.933663056559244
1992-12-15,9.929510687119265,9.715633419314903
1992-12-16,9.71157218842045,9.875882995530274
1992-12-17,9.871754778727475,10.537673217756131
1992-12-18,10.533268366092777,10.621845247530459
1992-12-21,10.617405211125872,10.741125484113454
1992-12-22,10.736635587389832,10.40093891466927
1992-12-23,10.396591219297436,10.467227475496765
1992-12-24,10.462852070850655,10.552249486222815
1992-12-28,10.547838541535025,10.676620082374997
1992-12-29,10.67215714954751,10.734124485864525
1992-12-30,10.729637515627438,10.736335028741456
1992-12-31,10.731847134475576,10.749723168801879
1993-01-04,10.745229678160992,10.399304543624394
1993-01-05,10.394957531435828,10.728826073997904
1993-01-06,10.7243413185494,11.321370883012264
1993-01-07,11.316638437971033,11.038529919667264
1993-01-08,11.0339157049471,11.16797891393
1993-01-11,11.163310588249484,11.641009906274867
1993-01-12,11.636143848959446,11.358267756229903
1993-01-13,11.353519887930615,12.084320944105139
1993-01-14,12.079269578389844,12.6035410980161
1993-01-15,12.598272693139375,12.384377686691291
1993-01-18,12.379200894288875,12.327022891590062
1993-01-19,12.321870074059458,12.049788203564587
1993-01-20,12.0447512728765,12.011850536425852
1993-01-21,12.00682946405798,12.347892601770726
1993-01-22,12.342731060494785,12.189202278957602
1993-01-25,12.184107071806658,12.491983719253207
1993-01-26,12.48676194646454,12.316387701450981
1993-01-27,12.311239329535079,11.647491084742823
1993-01-28,11.642622318230679,11.455436556817993
1993-01-29,11.450648070998684,11.436129533717535
1993-02-01,11.431349118424903,11.881437759094062
1993-02-02,11.876471200557402,12.05796830970305
1993-02-03,12.052927959649665,11.961190757579551
1993-02-04,11.956190861500458,11.733047765045924
1993-02-05,11.728143234994926,11.23013553147204
1993-02-08,11.225441223710423,10.921860654695603
1993-02-09,10.917295208882509,10.664221776890262
1993-02-10,10.659764026677134,11.03858169026806
1993-02-11,11.033967453907275,10.941488150090938
1993-02-12,10.936914499790577,10.472413783849582
1993-02-16,10.468036211275269,9.220330456450498
1993-02-17,9.216476267094983,9.13451033056902
1993-02-18,9.130692014875216,9.314551528364971
1993-02-19,9.310657953669185,9.277493875706636
1993-02-22,9.273615791476304,8.664807741181715
1993-02-23,8.66118576581745,8.725509929840687
1993-02-24,8.721862580360982,9.399501215877539
1993-02-25,9.39557213137189,9.515622651705076
1993-02-26,9.511645027290363,9.465069812322271
1993-03-01,9.461113319494583,9.291856011653989
1993-03-02,9.287971923908735,9.851990712744872
1993-03-03,9.847872483152663,10.154776350903685
1993-03-04,10.150531553919006,9.771523711544324
1993-03-05,9.767439117954748,9.766241187800913
1993-03-08,9.762158802358526,10.077246476010458
1993-03-09,10.073034087280554,10.065459831777531
1993-03-10,10.061252369981531,10.213257763685808
1993-03-11,10.208988520891978,10.244988627651995
1993-03-12,10.240706121043086,10.314136994426274
1993-03-15,10.30982558311591,10.447520231413284
1993-03-16,10.443153064590183,10.378159409878249
1993-03-17,10.373821236564796,9.688615714929247
1993-03-18,9.684565777702536,9.667855578303548
1993-03-19,9.663814319019345,9.338054763633984
1993-03-22,9.333752543081292,9.159798016460984
1993-03-23,9.155969130264284,9.051519698792664
1993-03-24,9.04773607400404,9.072801616443565
1993-03-25,9.069009095602803,9.523475904120467
1993-03-26,9.519494996968545,9.376097079343547
1993-03-29,9.372177777998528,9.269395171901943
1993-03-30,9.265520473009929,9.7611717427044
1993-03-31,9.75709147634022,9.89212038418814
1993-04-01,9.88798537999623,9.464170775657584
1993-04-02,9.460214658636117,8.40260378016079
1993-04-05,8.399091408646443,8.655912997750386
1993-04-06,8.65229474047688,8.336176246967097
1993-04-07,8.33269164281885,8.669069050741943
1993-04-08,8.665445294108121,8.388819537487644
1993-04-12,8.385312927923113,8.930133553659083
1993-04-13,8.926400669480104,8.682119615342973
1993-04-14,8.678490403444027,8.721533033430267
1993-04-15,8.71788734633261,8.518368015544635
1993-04-16,8.51480725343454,8.270210667405111
1993-04-19,8.266753637521775,8.030692690380612
1993-04-20,8.027335781381431,8.138519659812255
1993-04-21,8.135117678073026,8.213414500059312
1993-04-22,8.20998121153586,8.082384504984438
1993-04-23,8.07900598829532,7.730490026863142
1993-04-26,7.727258605547476,7.280763410981954
1993-04-27,7.277719979841262,7.763002470311239
1993-04-28,7.759757458472539,8.108555223393989
1993-04-29,8.105165767085646,8.053098578176016
1993-04-30,8.049732303294055,8.115114517458025
1993-05-03,8.111722319299867,8.468048736892348
1993-05-04,8.464509008738583,9.072676551585532
1993-05-05,9.068884083023118,9.224122308420108
1993-05-06,9.220266534032953,8.933845183810405
1993-05-07,8.9301107481333,9.041777404952727
1993-05-10,9.037997852539318,9.15818679519476
1993-05-11,9.154358582504491,9.008126247465277
1993-05-12,9.004360761568638,8.844105821984163
1993-05-13,8.840408898248171,8.591118612020077
1993-05-14,8.587527439440871,8.73879009903923
1993-05-17,8.735137198317409,8.946494988843035
1993-05-18,8.94275526542227,9.192335395591522
1993-05-19,9.188492908448426,9.856366048429125
1993-05-20,9.852245989903311,10.316593863525267
1993-05-21,10.312281425219311,9.991886166580212
1993-05-24,9.987709459304194,10.017854189734226
1993-05-25,10.013666627567606,9.938284315055824
1993-05-26,9.934130013884072,10.591176778292045
1993-05-27,10.586749561611029,10.445304891699482
1993-05-28,10.440938650910299,10.048324809692302
1993-06-01,10.044124510505066,10.401734939725072
1993-06-02,10.39738691160689,10.406018841971624
1993-06-03,10.401669023139918,10.344989617914349
1993-06-04,10.340665309902114,10.049936098262746
1993-06-07,10.045735125540945,9.692439846850482
1993-06-08,9.688388311098791,9.39596265077207
1993-06-09,9.392035045421647,9.349837704310625
1993-06-10,9.345929379644177,9.287541650651947
1993-06-11,9.283659366352277,9.55282941017812
1993-06-14,9.548836232970245,9.865964664565386
1993-06-15,9.861840593723059,9.844020570820403
1993-06-16,9.839905672826374,9.678129460224365
1993-06-17,9.67408390635587,9.590132358905676
1993-06-18,9.586123588696163,9.104138787402391
1993-06-21,9.100333167314123,9.089283556548258
1993-06-22,9.085484146093462,8.954874828848563
1993-06-23,8.951131602571769,8.852022347997
1993-06-24,8.84832211507481,9.060762558889724
1993-06-25,9.056975070494133,9.387296343434853
1993-06-28,9.383372360686641,9.863222943035462
1993-06-29,9.859100018259861,9.65509256780155
1993-06-30,9.651056643582011,9.660077168012076
1993-07-01,9.656039160180333,9.46250929814498
1993-07-02,9.45855387563755,9.492435258473504
1993-07-06,9.488467326618576,9.21721060879652
1993-07-07,9.213357723568192,8.985040886882732
1993-07-08,8.98128505089522,9.190981173914835
1993-07-09,9.187139252849798,9.317780561422454
1993-07-12,9.313885636958902,9.341599088747113
1993-07-13,9.337694207903482,9.265085364147478
1993-07-14,9.261212466797746,9.39242772290587
1993-07-15,9.388501595190268,9.13098427105685
1993-07-16,9.127167429290807,8.409693670287178
1993-07-19,8.406178335128612,8.258278732729734
1993-07-20,8.254826690513145,8.726716491045416
1993-07-21,8.72306863721119,8.489551703794369
1993-07-22,8.48600298718769,8.173105693409061
1993-07-23,8.169689254365599,8.507858980652198
1993-07-26,8.504302611422665,8.731892870026694
1993-07-27,8.72824285241484,8.40206649693379
1993-07-28,8.398554350009148,8.73824713896805
1993-07-29,8.734594465208911,8.769130811859204
1993-07-30,8.765465228419238,8.43321607425303
1993-08-02,8.429690906496878,8.59709571772644
1993-08-03,8.593502046657912,8.661029312685214
1993-08-04,8.657408916741444,8.93703838168259
1993-08-05,8.933302611217183,9.10036425924262
1993-08-06,9.096560216944466,9.148102582313163
1993-08-09,9.14427858492365,9.076247009640788
1993-08-10,9.072453048591582,8.79445313074486
1993-08-11,8.790776962325062,8.867253301509528
1993-08-12,8.863546701898077,8.835449934056106
1993-08-13,8.831756628566907,8.90546977237326
1993-08-16,8.90174719789888,9.649646236501408
1993-08-17,9.645612588902239,9.919548976318403
1993-08-18,9.915402506703607,10.04283232843799
1993-08-19,10.03863432516226,9.589690281096205
1993-08-20,9.585681695679591,9.628661268352127
1993-08-23,9.624636392677267,9.591028097873686
1993-08-24,9.587018953236422,9.622603430950498
1993-08-25,9.618581087511608,9.377724507118717
1993-08-26,9.373424194513717,9.118834841314216
1993-08-27,9.115023078130012,9.248435898055689
1993-08-30,9.244569960347512,9.452964446521035
1993-08-31,9.449013013856021,9.701818170116086
1993-09-01,9.697762714132484,9.811597454452917
1993-09-02,9.80749610964232,9.835244009009026
1993-09-03,9.831132779704669,9.759305274885214
1993-09-07,9.755225788723049,9.201004947763057
1993-09-08,9.197158836661377,9.055237196149585
1993-09-09,9.051452017410286,9.304813058293629
1993-09-10,9.300923554374684,9.473939246102816
1993-09-13,9.469979045764054,9.232613947791446
1993-09-14,9.22875462381502,8.969192017376287
1993-09-15,8.965442806373035,9.192480935636622
1993-09-16,9.188638387656347,9.066223406407115
1993-09-17,9.062433635323233,9.091725090638645
1993-09-20,9.087924659598444,9.17868101101288
1993-09-21,9.174844231537632,9.035429627647014
1993-09-22,9.031652728667323,9.646998906424495
1993-09-23,9.64296636543549,9.876013441525345
1993-09-24,9.871885170194828,9.944338112662482
1993-09-27,9.940181280943435,10.288233932145893
1993-09-28,10.283933348571843,10.563143500305522
1993-09-29,10.558728001812062,10.625707263606303
1993-09-30,10.621265612840787,10.272976326089161
1993-10-01,10.2686821203454,10.27203668462269
1993-10-04,10.267742871658356,10.38294429313063
1993-10-05,10.378604119688635,10.129581967666237
1993-10-06,10.12534770218302,10.05299921692038
1993-10-07,10.048796963784675,9.852425847054604
1993-10-08,9.848307435571948,10.103689838785623
1993-10-11,10.099466396468452,10.042802370633677
1993-10-12,10.038604379880605,10.185519553390739
1993-10-13,10.18126190544325,10.475205275282457
1993-10-14,10.470826535837107,10.92873250410043
1993-10-15,10.924164185786296,10.958477044723287
1993-10-18,10.953896292896882,10.731606692718515
1993-10-19,10.727120774943874,10.134894936688022
1993-10-20,10.13065845033119,10.221712353164099
1993-10-21,10.217439576268218,10.486616231906494
1993-10-22,10.482232722568375,10.545638278263013
1993-10-25,10.541230097125561,10.472873856459174
1993-10-26,10.468496091569957,10.236729790301334
1993-10-27,10.23245073596815,10.67913511842508
1993-10-28,10.67467113428764,10.58773806204075
1993-10-29,10.583312282777149,10.720815881827914
1993-11-01,10.716334474718987,11.044458890934672
1993-11-02,11.039842197845859,11.059541906254925
1993-11-03,11.054918908316479,10.430324065976597
1993-11-04,10.425964087320784,9.577837637522299
1993-11-05,9.573834006627967,10.03931148406417
1993-11-08,10.035114952536222,10.12626570629547
1993-11-09,10.122032827042318,10.201834375367344
1993-11-10,10.197569907662853,10.753766762614477
1993-11-11,10.74927158171137,10.882228009946749
1993-11-12,10.877679130971279,10.915714366625702
1993-11-15,10.911151490021831,10.570704085041571
1993-11-16,10.56628542614889,10.744628576919133
1993-11-17,10.74013721586806,10.11478904107345
1993-11-18,10.110560959179908,9.78752368734159
1993-11-19,9.783432405603829,9.68900322639222
1993-11-22,9.684953127181883,9.131590084259576
1993-11-23,9.127772989257622,9.699684580507114
1993-11-24,9.695630016385078,9.982659871509252
1993-11-26,9.978487020915857,10.073832460522983
1993-11-29,10.069621498885331,9.820653764198717
1993-11-30,9.816548633761045,10.087202436476794
1993-12-01,10.082985886056912,10.562507070225493
1993-12-02,10.558091837766103,10.81323437837984
1993-12-03,10.80871433942498,11.263374015838785
1993-12-06,11.258665814061846,11.021095058520602
1993-12-07,11.016488131744897,10.844565521259794
1993-12-08,10.840032385577222,10.65733114604477
1993-12-09,10.65287627618351,10.036465219278549
1993-12-10,10.032269877517443,10.00553702032655
1993-12-13,10.001354606858605,10.060755584828735
1993-12-14,10.056550089454504,9.667230725683464
1993-12-15,9.663189727593837,9.81930908587658
1993-12-16,9.81520451752775,9.905569447893702
1993-12-17,9.901428821860101,10.1168923550729
1993-12-20,10.112663393973298,10.161854142481605
1993-12-21,10.15760638691002,10.058749274126082
1993-12-22,10.054544617409574,10.042188741877878
1993-12-23,10.037991007627697,10.182270242967787
1993-12-27,10.178013953264204,10.292665487256807
1993-12-28,10.288363051248876,10.512493842338076
1993-12-29,10.508099515902767,10.554819184598978
1993-12-30,10.550407165751844,10.733720578938916
1993-12-31,10.729233777538921,10.769664152981774
1994-01-03,10.763540791977503,10.537694285740573
1994-01-04,10.533289425270592,10.741400666929028
1994-01-05,10.736910655176267,10.965394379884769
1994-01-06,10.960810736543829,11.213666148455617
1994-01-07,11.208978725059048,11.251713167328493
1994-01-10,11.247009839901601,11.586571083106568
1994-01-11,11.581727781757841,11.486818252312057
1994-01-12,11.482016648633543,11.529580377935943
1994-01-13,11.524760899265836,11.480160941919559
1994-01-14,11.475362121062657,11.786981541116127
1994-01-17,11.782054466213118,11.69472018595209
1994-01-18,11.68983167720836,11.698604861649585
1994-01-19,11.69371472907298,11.298703557239422
1994-01-20,11.293980587364631,11.718640445075337
1994-01-21,11.713741937426631,11.713968767954876
1994-01-24,11.709072213113428,11.502764363046763
1994-01-25,11.497956093736194,11.261353203518905
1994-01-26,11.256645846461508,11.310925810509753
1994-01-27,11.30619773161217,11.529710568071225
1994-01-28,11.524891034980355,11.73852124739635
1994-01-31,11.733614429375574,11.85414669334007
1994-02-01,11.84919154273891,11.520525405220159
1994-02-02,11.515709711618236,11.642272943281757
1994-02-03,11.63740635800437,11.485865128358535
1994-02-04,11.481063923095265,10.42041754864537
1994-02-07,10.416061711011816,10.579944129842659
1994-02-08,10.575521608519828,10.717181622021931
1994-02-09,10.712701734069562,10.904354719930863
1994-02-10,10.899796591771702,10.684751368370371
1994-02-11,10.680285036584888,10.717336837866526
1994-02-14,10.712856885032398,10.970714807748784
1994-02-15,10.966128940416358,11.218977123874721
1994-02-16,11.214287480437878,11.247503758554902
1994-02-17,11.242802190702525,11.12670530256025
1994-02-18,11.122054229657643,11.162450343879645
1994-02-22,11.157784329196108,11.361539645515764
1994-02-23,11.356790409534382,11.221730522510647
1994-02-24,11.217039728125934,10.708707835548974
1994-02-25,10.704231489723188,10.991553178970891
1994-02-28,10.986958600993121,11.446226797736669
1994-03-01,11.441442161687775,11.2301313843436
1994-03-02,11.225437078315524,11.096622694640795
1994-03-03,11.091984196565932,11.086534101756543
1994-03-04,11.08189982081332,11.38840694513262
1994-03-07,11.383646478354176,11.653262449501973
1994-03-08,11.648391270502257,11.363322361322115
1994-03-09,11.358572380147889,11.445635794949967
1994-03-10,11.440851405946084,11.161043418048616
1994-03-11,11.156377991473997,11.123944343317566
1994-03-14,11.11929442452324,11.399805313095467
1994-03-15,11.39504008168644,11.381997664765189
1994-03-16,11.377239877129352,11.577524996885431
1994-03-17,11.572685476890246,11.83033914645697
1994-03-18,11.825393947645955,11.741603472296061
1994-03-21,11.736695365874784,11.349767728320405
1994-03-22,11.34502341311688,11.149088617744036
1994-03-23,11.144428188394224,11.125928649552671
1994-03-24,11.121277901298706,10.581833536151175
1994-03-25,10.577410225037815,10.254030198895547
1994-03-28,10.249743912820403,9.788675594374535
1994-03-29,9.784583831128236,8.966766753666267
1994-03-30,8.96301855644724,8.766204293921161
1994-03-31,8.762539933794647,8.946225494719462
1994-04-04,8.942485883949908,8.41055051619018
1994-04-05,8.407034822861547,9.336664087224532
1994-04-06,9.332761269260365,9.289306219686027
1994-04-07,9.285423197779043,9.439896866986656
1994-04-08,9.435950896699175,8.992512822828216
1994-04-11,8.988753863497552,8.911433872328761
1994-04-12,8.90770880480159,8.31988364399526
1994-04-13,8.31640585031625,7.767377740384956
1994-04-14,7.764130899640076,7.659406939636351
1994-04-15,7.6562052317544325,7.693207927293102
1994-04-18,7.689992090263921,7.319586702885469
1994-04-19,7.316527043224649,7.124699209375813
1994-04-20,7.1217210146154715,7.00036873660656
1994-04-21,6.997442513213944,7.682092379559958
1994-04-22,7.678881188939705,7.80497064564325
1994-04-25,7.801708090692033,8.160546657645279
1994-04-26,8.157135468403023,8.19747133250345
1994-04-28,8.194044708381776,7.993550014483282
1994-04-29,7.990208631490111,8.038355307805341
1994-05-02,8.034995195756265,8.455936372683997
1994-05-03,8.452401707618309,8.265275468781779
1994-05-04,8.261820501860296,8.288603010340402
1994-05-05,8.285138292275748,8.327761674898294
1994-05-06,8.324280588124424,8.07914722817639
1994-05-09,8.075770064701008,7.647444097175464
1994-05-10,7.644247389880054,7.766932147198732
1994-05-11,7.763685492716213,7.455784686457362
1994-05-12,7.452668094691884,7.538942088167543
1994-05-13,7.535790735785402,7.4204173171223005
1994-05-16,7.417315509267125,7.15010857068267
1994-05-17,7.147119754557905,7.144727552393598
1994-05-18,7.141740985587717,7.619560036845972
1994-05-19,7.61637498536366,7.806601718622588
1994-05-20,7.803338481866728,7.715684648539628
1994-05-23,7.712459416018584,7.679250679222183
1994-05-24,7.6760406764607865,8.115476055142624
1994-05-25,8.112083705858137,8.18873710810282
1994-05-26,8.185314134973362,8.023483749179062
1994-05-27,8.020129853588628,8.081442685160605
1994-05-31,8.078064562161492,8.205889153021435
1994-06-01,8.2024590101675,8.223712690679088
1994-06-02,8.220275097410068,8.30982947064891
1994-06-03,8.306355879713836,8.441664545722425
1994-06-06,8.438135846421611,8.435930556526884
1994-06-07,8.432404254090285,8.243181650426916
1994-06-08,8.239735918940099,7.651472442965569
1994-06-09,7.648274051781763,7.601784125328267
1994-06-10,7.598606504352842,7.862604049462936
1994-06-13,7.859317403178705,7.682331042213992
1994-06-14,7.679119751830388,8.016625825744665
1994-06-15,8.013274796834077,8.03540554100201
1994-06-16,8.03204666198464,8.029964156764633
1994-06-17,8.026607552299712,7.649754699798574
1994-06-20,7.646557026648407,7.389872462075913
1994-06-21,7.386783422272353,6.9710108360349805
1994-06-22,6.968096884535267,7.095481266003102
1994-06-23,7.092515284632168,6.518992681938038
1994-06-24,6.516267678498945,6.4178719468346594
1994-06-27,6.415189212863314,6.926802043429343
1994-06-28,6.923906571642335,6.972198766967935
1994-06-29,6.969284318901338,7.005641425833374
1994-06-30,7.002712998404494,6.85904677856951
1994-07-01,6.856179629153575,6.83790074535896
1994-07-05,6.835042435194122,6.6544893020336975
1994-07-06,6.651707659666818,6.464980178170459
1994-07-07,6.462277752492333,6.767139500764029
1994-07-08,6.764310769499534,6.766001668594458
1994-07-11,6.7631734129550685,6.730983595159512
1994-07-12,6.728169977421282,6.867124982120628
1994-07-13,6.864254455935684,7.307654787810153
1994-07-14,7.3046001158078875,7.205374761786445
1994-07-15,7.21000923530484,7.182873550330801
1994-07-18,7.245003680307373,7.231943315269845
1994-07-19,7.22892029141218,7.022096019377567
1994-07-20,7.019160713765787,6.716576538196787
1994-07-21,6.713768942750908,6.861098962828135
1994-07-22,6.8946010498130175,7.017696790736592
1994-07-25,7.014763324045909,7.072358798826193
1994-07-26,7.06940248287531,6.944798937353895
1994-07-27,6.941895942687168,6.813127382532251
1994-07-28,6.8102794278781795,6.826068206769466
1994-07-29,6.8232148427228285,7.273685468089253
1994-08-01,7.270644995598719,7.469130659395826
1994-08-02,7.46540993186392,7.4149268074404215
1994-08-03,7.411827294672615,7.2715400194506765
1994-08-04,7.268500443778899,7.093008503533493
1994-08-05,7.090043555801737,7.063932186647709
1994-08-08,7.060403393654418,7.158413878138509
1994-08-09,7.1542561365085895,7.255417562584814
1994-08-10,7.25238472625952,7.441296325095132
1994-08-11,7.438185789608049,7.46849483556437
1994-08-12,7.465372930830814,7.609969071715622
1994-08-15,7.606788029351627,7.610872568406083
1994-08-16,7.607691148371532,7.81332585822199
1994-08-17,7.81005981070925,8.19901158720803
1994-08-18,8.19558431924465,8.111453116555285
1994-08-19,8.10806244889893,8.009427081910692
1994-08-22,8.00607906214625,7.920820975481076
1994-08-23,7.91750999394578,8.158047917279966
1994-08-24,8.154637772535905,8.258766293587378
1994-08-25,8.255314047565527,8.446322673979866
1994-08-26,8.442792027535353,8.941962751609854
1994-08-29,8.938224922709095,8.879416199290931
1994-08-30,8.875704515467868,9.092527334492324
1994-08-31,9.088726568106255,8.824306011581385
1994-09-01,8.820617364362038,8.398620939272154
1994-09-02,8.395110232624704,8.378739715249338
1994-09-06,8.375237319150232,8.518095938595915
1994-09-07,8.514535290216678,8.728980501732323
1994-09-08,8.72533170151923,8.965612154523821
1994-09-09,8.96186443993866,8.561626825988686
1994-09-12,8.55804798126783,8.348345117673698
1994-09-13,8.344855426817098,8.662232319360692
1994-09-14,8.65861142054823,8.727022023600078
1994-09-15,8.723374042050223,9.332221031353816
1994-09-16,9.32832007063096,9.143628353176327
1994-09-19,9.13980622605886,9.095989265351884
1994-09-20,9.097591308013902,8.613416044135274
1994-09-21,8.609815551008836,8.401845038156218
1994-09-22,8.398332983803535,8.38458315496873
1994-09-23,8.381078316254007,8.163550737686256
1994-09-26,8.158881779736053,8.075174816226822
1994-09-27,8.071799313258937,8.095199312101478
1994-09-28,8.091815438696198,8.25304278658534
1994-09-29,8.249592933046044,8.198789917805014
1994-09-30,8.195362742501638,8.357218764235588
1994-10-03,8.35372536410693,8.27832977841308
1994-10-04,8.274869354661012,7.63865786065586
1994-10-05,7.635464826094244,7.88844448993302
1994-10-06,7.885147042089011,7.628787189715791
1994-10-07,7.625598281192287,7.891899717970554
1994-10-10,7.88860082580704,8.220716756504943
1994-10-11,8.21728041556605,8.680715197219538
1994-10-12,8.677086572381262,8.64484566538851
1994-10-13,8.641232034369429,8.638266903979542
1994-10-14,8.634656022947818,8.562377257220252
1994-10-17,8.558798098811716,8.429672542189309
1994-10-18,8.426148855664618,8.495878648671583
1994-10-19,8.49232728733935,8.855569837566179
1994-10-20,8.851868121758251,8.799492606472862
1994-10-21,8.795814331502351,8.63040400767784
1994-10-24,8.626796413414565,8.511404226249102
1994-10-25,8.507846375071832,8.484449406668235
1994-10-26,8.480902822872238,8.818950437389358
1994-10-27,8.81526402885301,8.928802238770375
1994-10-28,8.925069911094191,9.331925010217514
1994-10-31,9.328024173234423,9.406342548736193
1994-11-01,9.402410604485723,9.19429352219387
1994-11-02,9.190450216534481,9.109285966681696
1994-11-03,9.105478195021563,9.0522384119324
1994-11-04,9.048454486714574,8.59842185710577
1994-11-07,8.59482763169786,8.509667602636494
1994-11-08,8.506110477385077,8.964855000856508
1994-11-09,8.96110760276907,9.0154254251557
1994-11-10,9.011656888130569,8.86222656331439
1994-11-11,8.858522064929238,8.767132810996891
1994-11-14,8.763468062741053,9.23978526204469
1994-11-15,9.235922940387953,9.205843839441295
1994-11-16,9.205348319778343,9.261182022288816
1994-11-17,9.2573107565746,9.136357151934918
1994-11-18,9.132538064251511,9.22538230312284
1994-11-21,9.221526002045433,9.006379085372455
1994-11-22,9.002614329806857,8.249879334793999
1994-11-23,8.246430803608849,8.195735833186822
1994-11-25,8.192309934521033,8.43640596515932
1994-11-28,8.432879463997208,8.596468715393458
1994-11-29,8.59287530641811,8.926342264653575
1994-11-30,8.922610965270911,8.638836516712573
1994-12-01,8.635225397577091,8.173425152448909
1994-12-02,8.256334173753299,8.437847360973885
1994-12-05,8.434320257294063,8.472960957033314
1994-12-06,8.469419175522928,8.293635701349665
1994-12-07,8.290168879570375,8.023684072415971
1994-12-08,8.020330093088441,7.442431332934164
1994-12-09,7.439320323002575,7.5708242094435665
1994-12-12,7.567659530019295,7.579100667650131
1994-12-13,7.575932528584443,7.493865628780337
1994-12-14,7.4907331188042,7.72651336229778
1994-12-15,7.723283603267247,7.841333425261491
1994-12-16,7.838055670308625,7.733842027618398
1994-12-19,7.730609205133253,7.633311460030196
1994-12-20,7.630120660316939,7.638069266089455
1994-12-21,7.634876477566192,8.053293143566185
1994-12-22,8.049926787353966,8.167978535663035
1994-12-23,8.164564239822239,8.243859314358804
1994-12-27,8.240413299601759,8.414451693531868
1994-12-28,8.41093436947251,8.171972160739802
1994-12-29,8.16855619552421,8.535548374325527
1994-12-30,8.531980430655484,8.399901415932744
1995-01-03,8.39639017403338,8.002211226471143
1995-01-04,7.998866223005668,8.095005636227608
1995-01-05,8.091621843780759,7.989232459787388
1995-01-06,7.985892881574797,8.197441113573797
1995-01-09,8.194014502083935,8.30934034974946
1995-01-10,8.305866963271761,8.551861786611271
1995-01-11,8.548287023773488,8.51514063700499
1995-01-12,8.511581223971056,8.521822548853512
1995-01-13,8.518260342714317,8.71295456075265
1995-01-16,8.709312459541446,8.90744812504224
1995-01-17,8.90372472359687,9.109225071001875
1995-01-18,9.10541732479674,9.256902449799904
1995-01-19,9.253032972989331,9.15448364069108
1995-01-20,9.150656975956032,8.640933147486948
1995-01-23,8.637321151939059,8.744907867581603
1995-01-24,8.741252409572002,8.84646832149503
1995-01-25,8.842770410210868,8.663971094884564
1995-01-26,8.660349469246729,8.380396074376398
1995-01-27,8.376892985902789,8.417903340910165
1995-01-30,8.414384574028052,8.069307376480904
1995-01-31,8.065934326160884,8.280620315671749
1995-02-01,8.277158934452446,8.379683578368867
1995-02-02,8.37618078772564,8.625162257083526
1995-02-03,8.62155685392386,8.931865750663066
1995-02-06,8.928132142408602,9.232701786207466
1995-02-07,9.228842425513712,9.201306763860444
1995-02-08,9.21190020620903,9.527890136660128
1995-02-09,9.523907384315331,9.571610532975253
1995-02-10,9.567609505072232,9.855733529285104
1995-02-13,9.85161373515855,9.710276999083558
1995-02-14,9.706218007225756,9.772789836714242
1995-02-15,9.772114500972112,9.94739533573101
1995-02-16,9.943237226062472,9.82665611225057
1995-02-17,9.822548472772025,9.462802152480982
1995-02-21,9.458846607557543,9.398894526625293
1995-02-22,9.394965695721755,9.682294212605651
1995-02-23,9.677571569975022,9.797313473365405
1995-02-24,9.793218099400226,9.611223902415226
1995-02-27,9.60720631573185,9.356293145870062
1995-02-28,9.352382122765173,9.860404186782771
1995-03-01,9.856282440275173,9.667569934122506
1995-03-02,9.663528794240396,9.786298197720086
1995-03-03,9.78220742824911,10.118030141168804
1995-03-06,10.113800704463355,10.148482789741106
1995-03-07,10.14424062352726,9.783638985360403
1995-03-08,9.779549327466503,10.107467349701027
1995-03-09,10.10324232834692,10.099711204342388
1995-03-10,10.095489425133778,10.41976351102696
1995-03-13,10.414699647790583,10.344569667916485
1995-03-14,10.339540848390563,10.719423838282706
1995-03-15,10.714943013061756,10.515984369308876
1995-03-16,10.51158858379876,10.586106932524165
1995-03-17,10.58168183508884,10.5244317814813
1995-03-20,10.520032464869319,10.70544649377704
1995-03-21,10.700971511224383,10.733878088730757
1995-03-22,10.72939122149011,10.724906229804361
1995-03-23,10.720423112889511,10.837500752406648
1995-03-24,10.832970569867356,11.307069184506465
1995-03-27,11.302342717716709,11.423439892493715
1995-03-28,11.418664781596663,11.670183147953828
1995-03-29,11.66530489593475,11.001604162663533
1995-03-30,10.997005383275136,10.740525456172564
1995-03-31,10.731722445156375,10.640351211257064
1995-04-03,10.635903439176545,10.727076928208742
1995-04-04,10.722592903920484,10.242576105350828
1995-04-05,10.23829460720011,10.428651751964715
1995-04-06,10.424292472352706,10.086572148195172
1995-04-07,10.110555694677082,10.359823901852659
1995-04-10,10.35549339296297,10.725491639253256
1995-04-11,10.721008277631466,11.00068036854521
1995-04-12,10.996081975311894,11.257093133514289
1995-04-13,11.252387557208303,11.391729305477538
1995-04-17,11.386967449919599,11.243012671452194
1995-04-18,11.23831298091866,10.965848673622665
1995-04-19,10.964893801191572,10.494613332618131
1995-04-20,10.497974259324272,10.623175869242452
1995-04-21,10.618735276624825,10.7796036162586
1995-04-24,10.775097635295044,11.13371108367336
1995-04-25,11.130519924255648,11.321200417193737
1995-04-26,11.316468043408904,11.602351692249139
1995-04-27,11.59750179444966,11.766229292084466
1995-04-28,11.761310891826872,12.07637185471157
1995-05-01,12.07132381179429,11.795574680160705
1995-05-02,11.790644013240556,11.73486551877827
1995-05-03,11.729960228888228,12.447182838157172
1995-05-04,12.441979792580057,12.371548195381475
1995-05-05,12.366376765833358,12.063849614380933
1995-05-08,12.058806805884004,12.552221575960456
1995-05-09,12.5469746231517,12.480150362079641
1995-05-10,12.474933535751349,12.224413858267011
1995-05-11,12.218527645427937,12.732786719761867
1995-05-12,12.727464288936513,13.010360763777786
1995-05-15,13.004922304255754,13.253829703458633
1995-05-16,13.248289471510965,13.626847801110435
1995-05-17,13.621151643907357,13.919203710240835
1995-05-18,13.913385345375211,13.344777765626983
1995-05-19,13.3391995164895,13.485323945886353
1995-05-22,13.471427931096152,13.904787064162129
1995-05-23,13.898974725597201,14.569458526309644
1995-05-24,14.563368348497368,14.32976469044286
1995-05-25,14.323774707025475,14.417381419980202
1995-05-26,14.411354811903003,13.922710974667392
1995-05-30,13.916891143730536,12.734452215630366
1995-05-31,12.729129088611263,13.200676805179794
1995-06-01,13.195158791669495,13.42159121248662
1995-06-02,13.415980854568367,13.54891594591312
1995-06-05,13.543252364996562,14.21056176105963
1995-06-06,14.204621605646105,13.714522283093268
1995-06-07,13.708789477089283,13.871677742797711
1995-06-08,13.865879244256694,14.170506346523585
1995-06-09,14.164582934669639,14.120484844691104
1995-06-12,14.114582342319832,14.216993380390402
1995-06-13,14.211050536496364,14.513584628640585
1995-06-14,14.507517806670343,14.5677716705663
1995-06-15,14.561682197876415,15.06487526063843
1995-06-16,15.05857799372962,15.544639406074081
1995-06-19,15.53633779995386,16.698787409614937
1995-06-20,16.691807151262143,17.536201454639144
1995-06-21,17.528871148930268,17.128767727255187
1995-06-22,17.121607732875454,18.125401000615852
1995-06-23,18.117824403667296,17.970895976512914
1995-06-26,17.963383964193085,17.14751457036443
1995-06-27,17.140346739618796,16.30410750875294
1995-06-28,16.297292230503615,16.550759520622055
1995-06-29,16.54384113939143,17.05695040529667
1995-06-30,17.049820431268067,17.21630525086503
1995-07-03,17.20910866493434,17.29210830835831
1995-07-05,17.284880035999603,17.702909995075828
1995-07-06,17.695510003547657,18.711955617421438
1995-07-07,18.703119324439665,20.083195124754372
1995-07-10,20.07480015049177,20.70307512466585
1995-07-11,20.694421034430277,19.64881065504657
1995-07-12,19.640597257790052,21.275782914541118
1995-07-13,21.266889426783084,21.647596101851168
1995-07-14,21.6407762952539,22.36412870859698
1995-07-17,22.35478028152908,23.14813831747078
1995-07-18,22.93836103817191,20.99447429888679
1995-07-19,20.98569840091333,17.566012747002315
1995-07-20,17.82161890593348,17.860846298206653
1995-07-21,17.853380287741174,17.597743209655672
1995-07-24,17.590387178884313,19.014591865635822
1995-07-25,19.006643578108154,20.019228801390955
1995-07-26,20.010860565684396,20.43541099626095
1995-07-27,20.426868792279283,21.205528734698415
1995-07-28,21.19666461388264,20.0917807431026
1995-07-31,20.083382179966584,19.518846117273505
1995-08-01,19.510687046479624,18.507586888197896
1995-08-02,18.514740075206394,17.732465098744076
1995-08-03,17.725052752890157,17.862256489988713
1995-08-04,17.854789890049116,18.575647222484474
1995-08-07,18.5678824181605,18.865180975630548
1995-08-08,18.85729514333315,19.056168467984406
1995-08-09,19.048202801025603,20.028153767082937
1995-08-10,20.019781800652417,19.4123758840653
1995-08-11,19.404261318882302,19.997947688855163
1995-08-14,19.99271167445793,20.92830118187078
1995-08-15,20.919552944914937,20.837825227677143
1995-08-16,20.82804342069618,22.144895818536646
1995-08-17,22.135639032985853,22.109689093250513
1995-08-18,22.10044702445922,22.006702103619077
1995-08-21,21.99750308440839,20.145455084180778
1995-08-22,20.137034084639147,21.209751395162602
1995-08-23,21.200885509232975,21.415456447451202
1995-08-24,21.406504574774498,20.511346912000892
1995-08-25,20.502772966055147,20.171451876465916
1995-08-28,20.1630200100079,18.689550139455676
1995-08-29,18.68173772258547,18.750169026648088
1995-08-30,18.74233127048328,19.330673314928013
1995-08-31,19.324613455391393,19.713253759588664
1995-09-01,19.705013424476853,19.331900774205025
1995-09-05,19.32381984841416,21.555873590506383
1995-09-06,21.546863022074614,21.40322557455955
1995-09-07,21.72282524955057,21.929828175426586
1995-09-08,21.920661290278463,22.47457079116117
1995-09-11,22.46517619821006,23.066979482748135
1995-09-12,23.094791119048026,22.62064910277528
1995-09-13,22.611193447644634,22.793158954496743
1995-09-14,22.783631188541293,22.371445956947092
1995-09-15,22.362094471196986,20.674814086635575
1995-09-18,20.66617180979351,20.880681390536736
1995-09-19,20.871953059124817,21.910835094516052
1995-09-20,21.901676148663668,22.129749050717955
1995-09-21,22.12049859666597,21.19370255596015
1995-09-22,21.184843378604096,20.93987285905561
1995-09-25,20.931119785024215,20.423318508719387
1995-09-26,20.414781359517153,19.660397313192664
1995-09-27,19.645069347082174,19.1821783807591
1995-09-28,19.17416004041003,21.08482880073254
1995-09-29,21.076015133683352,19.967108379577603
1995-10-02,19.958761930723036,18.80320071041683
1995-10-03,18.795340786483518,18.717720412096703
1995-10-04,18.70989621977382,17.314405596174772
1995-10-05,17.307168003329153,18.57802502016335
1995-10-06,18.57025922189642,18.044051629134998
1995-10-09,18.035554100298256,16.075100166959412
1995-10-10,16.068380616044728,16.39923270283013
1995-10-11,16.392377661308526,17.597185814522273
1995-10-12,17.589830016747594,18.40254041922043
1995-10-13,18.394847975252915,18.08865805551263
1995-10-16,18.08204978183448,17.926983599486537
1995-10-17,17.919489942974767,19.895100241781417
1995-10-18,19.886783893040885,20.74286221002702
1995-10-19,20.734191488396117,21.067763817613766
1995-10-20,21.058957283896362,20.06455858796056
1995-10-23,19.645309192923822,20.181499886682662
1995-10-24,20.165919419905556,20.26253162202056
1995-10-25,20.254061683327773,19.233287884670535
1995-10-26,19.22524818004316,19.03361770761038
1995-10-27,19.025661467092526,20.10149797256267
1995-10-30,20.0930953475286,21.46286858263289
1995-10-31,21.45389689121459,20.562890025637437
1995-11-01,20.55429453416023,20.765046089258725
1995-11-02,20.75636609454682,22.175640730782685
1995-11-03,22.16637109355439,22.916553300325177
1995-11-06,22.90697395431232,22.235286324355634
1995-11-07,22.225991754679097,20.106077493633567
1995-11-08,20.09464118362754,20.34104347481508
1995-11-09,20.332540717391037,22.181319102869764
1995-11-10,22.172047092025753,21.80267571718398
1995-11-13,21.793561983021434,21.220800226968564
1995-11-14,21.211929722517926,19.462366497889846
1995-11-15,19.45423103613567,19.623647880676405
1995-11-16,19.61544500170853,19.430753315872195
1995-11-17,19.42263106874088,19.129916878905995
1995-11-20,19.121920384381767,17.444033734465954
1995-11-21,17.436741955776007,17.662787913660146
1995-11-22,17.65540469355897,17.170220556025
1995-11-24,17.163043233952713,17.995564980106284
1995-11-27,17.98804265589888,17.569014889500743
1995-11-28,17.561670867451443,19.765797615545107
1995-11-29,19.757535316581645,19.90588471609035
1995-11-30,19.897563859332855,19.305834873275977
1995-12-01,19.297764843289595,18.63638978257792
1995-12-04,18.620025217495584,19.66581120544784
1995-12-05,19.657590701793055,18.981736813377797
1995-12-06,18.973802259587035,18.845525707118252
1995-12-07,18.83764809091756,18.556780586854813
1995-12-08,18.5490236689712,19.702301816432694
1995-12-11,19.69406605934148,19.36350076677179
1995-12-12,19.355406631871386,18.269002321945887
1995-12-13,18.261365698224242,18.487836341417772
1995-12-14,18.480108242910873,16.46723147956047
1995-12-15,16.460348013877425,16.1909969305936
1995-12-18,16.18422893368505,14.863826857692407
1995-12-19,14.857613631005172,17.044912566042175
1995-12-20,17.03778762394948,16.154199162829062
1995-12-21,16.14744654775151,17.478720606630024
1995-12-22,17.47141432848432,17.8630195250373
1995-12-26,17.8555526061415,17.839853447795228
1995-12-27,17.83239621254892,17.39337017105571
1995-12-28,17.386099570236528,16.623021241138304
1995-12-29,16.616072653793555,16.981268053659416
1996-01-02,16.97416971560259,17.82516694572769
1996-01-03,17.817715849584555,16.565026433781703
1996-01-04,16.558102088840222,15.78647999053308
1996-01-05,15.77988108570771,15.9127493898204
1996-01-08,15.906097703136837,15.73142152080239
1996-01-09,15.663665181022973,13.317677488853567
1996-01-10,13.312110567899904,13.371559286896076
1996-01-11,13.36596984281773,14.851818745599711
1996-01-12,14.845610538422138,14.639663799978932
1996-01-15,14.636720976956392,13.176066317217193
1996-01-16,13.170558591134355,14.023390819549688
1996-01-17,14.017528903441558,13.970084466837873
1996-01-18,13.964244833312584,14.63497614012474
1996-01-19,14.628858575301667,15.439798295892238
1996-01-22,15.433344307445251,15.968906567859772
1996-01-23,15.962231406920177,15.628628136360684
1996-01-24,15.622095215172124,16.8373050886836
1996-01-25,16.83026692857048,15.966308383190068
1996-01-26,15.959634308317371,16.35372297341934
1996-01-29,16.3468869554149,16.270365376346778
1996-01-30,16.26356420264264,16.913823407849552
1996-01-31,16.90675326232196,17.57973283253094
1996-02-01,17.572384330275412,18.46114654029987
1996-02-02,18.453429598393903,18.403403545813866
1996-02-05,18.403056290767243,19.67760880437717
1996-02-06,19.669383369209303,20.018778899524616
1996-02-07,20.00749830419351,19.6016823005665
1996-02-08,19.593488603428437,20.41959737430306
1996-02-09,20.411061780571828,20.324984272419734
1996-02-12,20.316488227901182,20.5310464769673
1996-02-13,20.523450291565098,19.84924489685592
1996-02-14,19.840947716103255,19.741239064263578
1996-02-15,19.73298703101753,19.977790641124994
1996-02-16,19.96943972697941,19.84614938189074
1996-02-20,19.837853495093956,19.617098798028824
1996-02-21,19.60889865664229,20.597313122661568
1996-02-22,20.58870324198923,22.16835712331679
1996-02-23,22.15909053070848,22.06511076584947
1996-02-26,22.055887331240086,21.565792113911122
1996-02-27,21.556777399438438,20.856375446389798
1996-02-28,20.84765727510301,20.872639928995113
1996-02-29,20.86391495899368,20.00172536607314
1996-03-01,19.99336444697572,18.24481997942917
1996-03-04,18.237193464165955,17.934642754937887
1996-03-05,17.92714589682336,19.205400030480725
1996-03-06,19.197371983252317,18.437513585401774
1996-03-07,18.429806522304776,18.57764154556957
1996-03-08,18.569875907598817,16.93163550025421
1996-03-11,16.92455790909576,18.09906099856201
1996-03-12,18.091495411994917,17.50486997626237
1996-03-13,17.497552767421446,18.86867082806536
1996-03-14,18.860783536975116,18.467246533984735
1996-03-15,18.45952704222106,19.463132406682977
1996-03-18,19.45499662477135,20.53115578920913
1996-03-19,20.522573562956726,20.137740660874687
1996-03-20,20.129322886038324,18.76517963494701
1996-03-21,18.75733560419942,18.40651786342251
1996-03-22,18.39882375684397,18.514792160551785
1996-03-25,18.50705279424579,17.13502266908779
1996-03-26,17.127860060080483,17.486855058006128
1996-03-27,17.47954537957927,17.993069893756115
1996-03-28,17.98554861251949,17.97980692290903
1996-03-29,17.972291185725446,18.107531803898922
1996-04-01,18.09996267645139,18.38629847770512
1996-04-02,18.378612823029858,18.62457802746703
1996-04-03,18.61679276958246,18.859327568528286
1996-04-04,18.851444183012973,18.791449726813116
1996-04-08,18.783594714907213,18.101902986020228
1996-04-09,18.09433621147426,18.126778523672954
1996-04-10,18.11920135090613,17.93816157800077
1996-04-11,17.93066324898339,17.47807529130772
1996-04-12,17.47076928291021,17.548494615600802
1996-04-15,17.54115917122902,18.058281164706592
1996-04-16,18.050732624513522,19.36003747967145
1996-04-17,19.351016000065925,18.858791136876235
1996-04-18,18.85090797559466,20.002853222017464
1996-04-19,19.9944918314651,19.945415864840683
1996-04-22,19.937078483671897,20.994555281238732
1996-04-23,20.985779349413846,21.97370987282631
1996-04-24,21.964524644694514,22.91381186552507
1996-04-25,22.904233665459085,23.17095310130879
1996-04-26,23.161267413662124,23.14846237400627
1996-04-29,23.13878608770614,23.16555580188894
1996-04-30,23.155872370366833,23.11807062768029
1996-05-01,23.108407045430813,23.788121864240004
1996-05-02,23.77817819394425,22.006486149287493
1996-05-03,21.997287220347854,22.42420204539496
1996-05-06,22.41482850707792,22.594657847249678
1996-05-07,22.585213056721,22.36011836279962
1996-05-08,22.350771612095944,22.616410222543806
1996-05-09,22.596727099513636,22.496338533624048
1996-05-10,22.48693484154122,23.495749931653307
1996-05-13,23.48592847571806,25.150239611560607
1996-05-14,25.139726562569862,25.88612328698112
1996-05-15,25.875302631333316,25.27623167081964
1996-05-16,25.26457287708242,25.814102017416996
1996-05-17,25.803311467372435,25.298170450920153
1996-05-20,25.287595565374946,25.547177707811613
1996-05-21,25.53649873476938,24.927990796708908
1996-05-22,24.91757064992167,24.969100013721768
1996-05-23,24.95866268287509,25.346307483788937
1996-05-24,25.33571247648773,24.975880079655266
1996-05-28,24.965439914673947,24.53753402466497
1996-05-29,24.527277092671575,23.65991266372347
1996-05-30,23.65002258614202,24.368399483698674
1996-05-31,24.358213251616796,25.240049196938976
1996-06-03,25.229498606652978,24.87570226332171
1996-06-04,24.86530397365876,25.216393308239557
1996-06-05,25.205852606349083,25.93337316117932
1996-06-06,25.92253275461661,24.539494780352328
1996-06-07,24.529237028743655,24.99563777374563
1996-06-10,24.985189349852703,24.690732890682263
1996-06-11,24.680411920047142,24.895814997416483
1996-06-12,24.885408300431692,25.54707520710403
1996-06-13,25.536396276908107,24.941126042741455
1996-06-14,24.930700405291418,23.762460820603426
1996-06-17,23.75357550359421,23.461171559095174
1996-06-18,23.451364557261773,22.15879561502199
1996-06-19,22.149533019218744,22.304878246537303
1996-06-20,22.294557588464084,21.958687166445962
1996-06-21,21.954464194872315,22.741201190775634
1996-06-24,22.73169514367948,23.192688095363394
1996-06-25,23.18299332227417,22.235602256558355
1996-06-26,22.226307554819034,21.38358252085865
1996-06-27,21.37464397179862,22.479659144745803
1996-06-28,22.470262424812553,23.078576342181073
1996-07-01,23.079155326095375,24.057882809501777
1996-07-02,24.047826376461924,23.313260251871853
1996-07-03,23.303515078428283,22.6431562062162
1996-07-05,22.633691142893635,20.995826225492795
1996-07-08,20.987049762400638,20.817447581569557
1996-07-09,20.80874568251541,21.253019216638645
1996-07-10,21.244135244331556,20.915995187408075
1996-07-11,20.907252094479674,18.831162498031894
1996-07-12,18.82329088579471,18.751469469036497
1996-07-15,18.743631169273904,16.24150692099938
1996-07-16,16.234717810415102,16.818585275922924
1996-07-17,16.81155494087675,18.204463107572963
1996-07-18,18.196853461881467,19.26497441291625
1996-07-19,19.25782013893895,18.289495644903266
1996-07-22,18.281850454769867,17.492746322275394
1996-07-23,17.485434181241786,15.318609565213093
1996-07-24,15.311437429403307,15.82093505309335
1996-07-25,15.814321745710938,17.01054795265109
1996-07-26,17.003437375306792,18.06522843396453
1996-07-29,18.057676989744174,16.948518497862175
1996-07-30,16.941433849443687,17.73786260753091
1996-07-31,17.73044800546492,18.20320351920906
1996-08-01,18.195594400037965,19.480541737607187
1996-08-02,19.472398678422987,20.968947470522597
1996-08-05,20.96018224301595,20.309282185213913
1996-08-06,20.300792704323168,21.2753743259797
1996-08-07,21.266481009015727,22.272014107176346
1996-08-08,22.258789631841974,21.77875382706789
1996-08-09,21.769650092492093,21.836699405044126
1996-08-12,21.82757144864343,21.922710035535516
1996-08-13,21.913546125840295,20.908678541027484
1996-08-14,20.89993850652966,21.64742389937695
1996-08-15,21.638375062010287,21.621665229572248
1996-08-16,21.612627159584417,21.142989344806914
1996-08-19,21.13415136607487,20.93386585051563
1996-08-20,20.92511528747324,20.22516008835513
1996-08-21,20.21670577133316,20.624561798765313
1996-08-22,20.615940527876766,21.924123265559665
1996-08-23,21.91495876512031,21.51420142969193
1996-08-26,21.50520828063568,21.053461349354365
1996-08-27,21.039029413156037,21.61088307725446
1996-08-28,21.601849514312974,21.651989338543206
1996-08-29,21.642938592777803,20.81519955803671
1996-08-30,20.806498598678644,20.097433463331438
1996-09-03,20.08903253730244,20.600137253687244
1996-09-04,20.591526192500194,20.57461500475603
1996-09-05,20.566014612121545,19.00113678910256
1996-09-06,18.993194125930003,20.02470618099884
1996-09-09,20.016335655693414,20.709514654814438
1996-09-10,20.700857872791552,20.66171106259519
1996-09-11,20.653074262946816,20.964543329280694
1996-09-12,20.955779942748663,21.92757913484491
1996-09-13,21.918413189818,24.039231751915224
1996-09-16,24.029183115201974,24.157637835769723
1996-09-17,24.147539704141927,25.49392212523099
1996-09-18,25.483265413549184,26.015433679667975
1996-09-19,26.004558970996644,26.972572645123986
1996-09-20,26.96129784289529,27.681181116458347
1996-09-23,27.669610108877755,26.54034570384569
1996-09-24,26.529251576754845,26.86541914114434
1996-09-25,26.8520053692345,27.83598556102969
1996-09-26,27.82882688286464,27.691807686748454
1996-09-27,27.680232237156343,27.682043770331394
1996-09-30,27.67047240215295,26.86081859972815
1996-10-01,26.8506841184884,26.50308768067132
1996-10-02,26.49200912780279,27.892999449836942
1996-10-03,27.8813399000973,27.39191584633209
1996-10-04,27.380465754496363,29.11952749040675
1996-10-07,29.107355239811042,29.75086418091105
1996-10-08,29.754767386551112,28.3747019791833
1996-10-09,28.362841073020487,28.433446174260247
1996-10-10,28.421560712442684,28.12357208719599
1996-10-11,28.111816155812672,29.69375777377494
1996-10-14,29.681345489239426,30.4074414060991
1996-10-15,30.394730794744184,30.74700639892725
1996-10-16,30.73415384604572,29.836254124215
1996-10-17,29.82378227479516,28.43131573124801
1996-10-18,28.416049165568385,28.52373489860822
1996-10-21,28.51181169521058,27.307554673664576
1996-10-22,27.296139845633682,26.22694245341778
1996-10-23,26.215979331986382,27.599381482038464
1996-10-24,27.587844667514375,27.433898122904708
1996-10-25,27.42243048206201,26.876744621100254
1996-10-28,26.86550987593371,26.647249755508643
1996-10-29,26.63611094146651,25.501192589568916
1996-10-30,25.49053283876108,26.01847236618507
1996-10-31,26.00759638731271,27.65283962664915
1996-11-01,27.641280466091708,28.0178876090979
1996-11-04,28.00617585487206,28.074535279427565
1996-11-05,28.06279984591506,29.574014346303667
1996-11-06,29.560505654789846,31.506306936379524
1996-11-07,31.49313698836092,32.50292417238023
1996-11-08,32.489337628496585,32.872773958232486
1996-11-11,32.859032813479104,33.59327151424221
1996-11-12,33.57922919438192,32.234498836734254
1996-11-13,32.22102449729667,32.76872056726168
1996-11-14,32.75502291785522,34.10082491382958
1996-11-15,34.08657043162658,32.77031835895058
1996-11-18,32.7553890929677,31.98696462934109
1996-11-19,31.97359376165127,33.4704649782777
1996-11-20,33.456473992764465,33.76759336502069
1996-11-21,33.75347817690205,32.74728947582781
1996-11-22,32.733600784829605,34.91587372169563
1996-11-25,34.91919977645788,35.25400174269799
1996-11-26,35.23926522117115,35.774212247084705
1996-11-27,35.75925827242014,36.63578848968174
1996-11-29,36.62047436762345,36.82162608722518
1996-12-02,36.80623428321246,38.19688249950821
1996-12-03,38.18091582470856,37.25363264834846
1996-12-04,37.23806026131898,36.78786236654644
1996-12-05,36.772484676103026,36.90910649878305
1996-12-06,36.89367812709279,35.74072770954651
1996-12-09,35.72578773174993,39.523947324844464
1996-12-10,39.50742592381802,38.42832946957526
1996-12-11,38.41226604765222,39.40338877254067
1996-12-12,39.38691776618188,37.57537138516583
1996-12-13,37.55966450816112,35.55057023274658
1996-12-16,35.53570974265669,32.474939730503735
1996-12-17,32.44199151471135,33.77953963440305
1996-12-18,33.78156884846246,36.3286393542524
1996-12-19,36.31345362357162,37.23460900195734
1996-12-20,37.21771934547961,35.92249079106609
1996-12-23,35.90747483450309,34.696480840294484
1996-12-24,34.67314236329916,36.00569141005977
1996-12-26,35.990640674814856,36.95527351147149
1996-12-27,36.93982584151315,35.935799026741535
1996-12-30,35.88593430458629,34.74948318443407
1996-12-31,34.73495755665623,34.073640686881745
1997-01-02,34.059397567954576,33.32860810135961
1997-01-03,33.31467641342444,37.29189554883689
1997-01-06,37.32247785044828,37.93102668973712
1997-01-07,37.913836200015034,39.405671727849644
1997-01-08,39.38919976719295,37.80637520878538
1997-01-09,37.79057176989688,38.28774912096959
1997-01-10,38.27174446302315,39.41200533251732
1997-01-13,39.39689803272848,39.215209101171745
1997-01-14,39.19745438604482,41.49517945799585
1997-01-15,41.477834062434646,39.04772063057485
1997-01-16,39.042243563246075,40.28070408318668
1997-01-17,40.263866350347996,41.603405383497794
1997-01-20,41.58601474842895,43.87614495223961
1997-01-21,43.85341131657501,45.8792140840573
1997-01-22,45.86003611864734,47.61608957980855
1997-01-23,47.596185583256954,45.60459626426817
1997-01-24,45.58553309182391,43.41340945133549
1997-01-27,43.39526221665835,42.13811537387029
1997-01-28,42.12050122473512,42.24063797713453
1997-01-29,42.22298097253686,42.442808988136846
1997-01-30,42.42506747405632,45.15260777081747
1997-01-31,45.13373353403539,46.57623445699408
1997-02-03,46.55676513017201,46.00078418337454
1997-02-04,45.98155540046027,45.7053784046668
1997-02-05,45.68627310429074,41.34286405996177
1997-02-06,41.32418329034923,41.04705775858956
1997-02-07,41.029899682332356,43.00326887161235
1997-02-10,42.985293079755415,38.98617482378849
1997-02-11,38.969878216988135,38.90667018504968
1997-02-12,38.89040681197493,42.72745212436855
1997-02-13,42.70959162664085,43.693430721180064
1997-02-14,43.67228373483673,42.55538110279632
1997-02-18,42.537592532458085,42.18232069997216
1997-02-19,42.16468807257332,42.16397441714188
1997-02-20,42.156205906492524,39.681687440516285
1997-02-21,39.66103907720642,37.485804424597276
1997-02-24,37.47273192453432,39.53296393704573
1997-02-25,39.51643876698618,39.73963833584649
1997-02-26,39.72302677384343,39.53078572919836
1997-02-27,39.51426146965123,35.169187670169435
1997-02-28,35.14329317988903,35.37339098410739
1997-03-03,35.35860455669642,36.04479265608351
1997-03-04,36.0297255761309,36.76717303916577
1997-03-05,36.75180399706589,38.019287930115794
1997-03-06,38.00339549160324,35.299595726204515
1997-03-07,35.28484014594147,33.967283609848
1997-03-10,33.95308494923132,35.61145564218218
1997-03-11,35.59656970138876,34.78967088903884
1997-03-12,34.77512846240286,33.63188701888478
1997-03-13,33.617828557361484,33.745565008040145
1997-03-14,33.73145902799267,33.53435188951193
1997-03-17,33.51913391611388,32.698479472462424
1997-03-18,32.68481118452854,32.12093168426738
1997-03-19,32.10750481702315,30.258579712820357
1997-03-20,30.245931327126048,31.343199097269398
1997-03-21,31.33009732994131,30.287572093016458
1997-03-24,30.27491158822038,29.10450048582002
1997-03-25,29.0923345166609,29.60446516795845
1997-03-26,29.592090208615616,32.570127894662484
1997-03-27,32.55651325895802,30.712140125474534
1997-03-31,30.69930214704027,28.2477442242696
1997-04-01,28.235936387704445,28.19543707387193
1997-04-02,28.183651102213158,26.806177231973525
1997-04-03,26.79497198467382,28.911523031658096
1997-04-04,28.89943772898411,30.7976619802674
1997-04-07,30.78478825285169,31.884795937140968
1997-04-08,31.871467776975326,32.78291454316492
1997-04-09,32.7692109605361,31.3950030028987
1997-04-10,31.38187958102552,29.630647714547983
1997-04-11,29.62044955273334,27.04310617683168
1997-04-14,27.031801890888882,28.747182290198644
1997-04-15,28.735165683580558,27.783945079646887
1997-04-16,27.7712855864709,27.831716370050962
1997-04-17,27.81694951228916,28.80528433135491
1997-04-18,28.793243437508764,29.658666077734992
1997-04-21,29.63754805656416,28.116691101578816
1997-04-22,28.104938046515567,29.730107343873527
1997-04-23,29.717679864858074,31.872832616070813
1997-04-24,31.859509456691743,31.821102093831254
1997-04-25,31.807800558322295,29.60981924103035
1997-04-28,29.597442043632,30.758743145688257
1997-04-29,30.74588568673046,33.72128442648363
1997-04-30,33.70718859595947,35.87552518627586
1997-05-01,35.86052886180034,36.75318295524368
1997-05-02,36.7378197611373,40.142113217008806
1997-05-05,40.12533341652338,43.20568250610475
1997-05-06,43.17094981340583,40.67169855317348
1997-05-07,40.6546973807779,39.88983557411366
1997-05-08,39.87316122817897,41.17465372625411
1997-05-09,41.13594737007843,41.10935274353114
1997-05-12,41.10021948501846,41.820852371453135
1997-05-13,41.80337084139194,39.877563457994036
1997-05-14,39.8608942419253,39.758866055225624
1997-05-15,39.742246455845624,42.596503752341334
1997-05-16,42.57320710650812,40.29377079939531
1997-05-19,40.27692760453997,40.03303181733336
1997-05-20,40.01629761395224,43.749904519544245
1997-05-21,43.73161662659936,44.885881429774294
1997-05-22,44.81611240992686,44.221475859333765
1997-05-23,44.20439443845682,46.0038840554778
1997-05-27,45.98465397678632,49.63765970359174
1997-05-28,49.61691067072726,49.29230235388517
1997-05-29,49.27169768380978,47.436884543832676
1997-05-30,47.41705545675915,45.683841578495816
1997-06-02,45.66474528072617,45.6228010450263
1997-06-03,45.60373026280357,41.46330616984518
1997-06-04,41.44597409763377,40.37891904920613
1997-06-05,40.36204026153993,41.48121617300146
1997-06-06,41.46387661423152,43.3686730929382
1997-06-09,43.35330084327243,44.67705240424401
1997-06-10,44.63029883280235,42.73490301108064
1997-06-11,42.710230211933975,43.763841965184
1997-06-12,43.745548246248944,43.86555157863056
1997-06-13,43.84305560195202,45.8226581793317
1997-06-16,45.803503854849474,47.435729469942935
1997-06-17,47.37070072900074,49.344908655254024
1997-06-18,49.32428199522419,46.63845558002757
1997-06-19,46.61896024416046,48.096580764157686
1997-06-20,48.07647591753712,47.97705820198433
1997-06-23,47.957003316977286,46.12649685542104
1997-06-24,46.105786152355634,48.56581988208542
1997-06-25,48.54551888887097,47.462205554888335
1997-06-26,47.44236588338166,45.695815301329496
1997-06-27,45.67671399842524,45.04424498982079
1997-06-30,45.03383510469773,44.20557992593662
1997-07-01,44.18710155616347,43.6341227096238
1997-07-02,43.61588321462099,46.684119664038946
1997-07-03,46.66460524013293,48.164202064044616
1997-07-07,48.14406895105166,48.785692183541435
1997-07-08,48.765299281529586,50.925243968787406
1997-07-09,50.903956712960884,51.53402460272164
1997-07-10,51.51861109771815,51.48176976869651
1997-07-11,51.46484166222664,52.29167373894983
1997-07-14,52.26981530196011,56.30245252318065
1997-07-15,56.278917540977005,59.03293337984129
1997-07-16,59.004909184542925,66.40684875347131
1997-07-17,66.37909003367186,64.80288651145115
1997-07-18,64.79355057691512,60.51298157016526
1997-07-21,60.487686545161566,58.33768208982662
1997-07-22,58.31329636152783,63.658844347101606
1997-07-23,63.63223432033241,63.801637662136585
1997-07-24,63.77496794634892,63.06854680045626
1997-07-25,62.995234291413375,62.53113783102921
1997-07-28,62.50499919674111,60.714970241410285
1997-07-29,60.689590783143565,62.821585599213655
1997-07-30,62.800506503808364,65.03068013309345
1997-07-31,65.00527038120462,66.04795568774927
1997-08-01,66.02034698880213,66.33445617142792
1997-08-04,66.30852400185793,68.99485571618521
1997-08-05,70.21446857164652,71.21891657918206
1997-08-06,71.18914636742151,72.1760824341868
1997-08-07,72.14591211762878,70.93862496012856
1997-08-08,70.90897191303795,67.02233812041098
1997-08-11,66.99432211996658,64.4716564466898
1997-08-12,64.44470665642113,62.591836431183395
1997-08-13,62.56567242427988,63.971182072963835
1997-08-14,63.944441485935,64.68742505685967
1997-08-15,64.66566599824512,59.915020012875914
1997-08-18,59.88663277401743,62.014218360655974
1997-08-19,61.98829580382082,67.36100739823189
1997-08-20,67.33284983067861,71.60885092950329
1997-08-21,71.57891772132635,66.60754500190849
1997-08-22,66.57970238909154,65.15746549632306
1997-08-25,65.13022903108633,64.5472062440273
1997-08-26,64.52897372094468,61.95239709213377
1997-08-27,61.92650037720051,61.67630353898294
1997-08-28,61.650522233886534,58.013417237550165
1997-08-29,57.99730338542353,58.53049544328963
1997-09-02,58.52564656509862,63.1726784120398
1997-09-03,63.144551334383785,62.72304351558068
1997-09-04,62.69682466281775,63.59018323625285
1997-09-05,63.56360191050731,64.45616586038183
1997-09-08,64.42922254533148,65.56254213683182
1997-09-09,65.53513634555159,67.07486462256924
1997-09-10,67.04682666552725,62.77366043056431
1997-09-11,62.74742041943012,63.08132684102307
1997-09-12,63.05495822228529,63.20147383565528
1997-09-15,63.17505499428503,58.7312582356806
1997-09-16,58.706707988658856,64.58875643913217
1997-09-17,64.56175769990807,63.166071418627865
1997-09-18,63.1396673758182,63.22604690485182
1997-09-19,63.19961779169552,64.77813256413512
1997-09-22,64.75105466381711,65.58699849430931
1997-09-23,65.55958248002968,67.5258358849823
1997-09-24,67.49760941749076,64.05121620286744
1997-09-25,64.02444216078045,62.37967921164087
1997-09-26,62.35360388855418,62.385013873612664
1997-09-29,62.35893632058449,64.35269373853589
1997-09-30,64.32579367585622,60.5713841837274
1997-10-01,60.547722586114745,61.33198467837666
1997-10-02,61.30467610777256,63.07970983663742
1997-10-03,63.061852728227585,64.99892018245855
1997-10-06,64.97174999073164,65.20289362474435
1997-10-07,65.17563817010048,67.72026008097693
1997-10-08,67.69373503752621,68.48256377790587
1997-10-09,68.45932395503601,68.93994571226806
1997-10-10,68.9111281328777,67.00262768895286
1997-10-13,66.97461992766382,67.42518790887391
1997-10-14,67.39700351323219,65.76440656199318
1997-10-15,65.73691638938601,63.555043773937015
1997-10-16,63.52847713683439,60.14858699890967
1997-10-17,60.12344429444204,56.11808140826218
1997-10-20,56.09462349500872,58.126358112302114
1997-10-21,58.10206071951674,61.6495964772445
1997-10-22,61.62382633596413,59.627066594354936
1997-10-23,59.602141890576256,55.66166171047854
1997-10-24,55.63839458517451,52.926530155232996
1997-10-27,52.904406341980085,40.99239043398837
1997-10-28,41.064524011237594,49.60938569202766
1997-10-29,49.58864847797975,47.13649754072694
1997-10-30,47.1167940183927,43.10816760422272
1997-10-31,43.0901479636577,45.51621955626068
1997-11-03,45.497193326154765,49.64137783587122
1997-11-04,49.620627248790655,49.160692960948765
1997-11-05,49.140143304901756,49.02110554806949
1997-11-06,49.00061424094213,47.18985772866416
1997-11-07,47.17013190124342,46.349917690171594
1997-11-10,46.3305429659972,44.04313210989256
1997-11-11,44.02211462581634,43.93059839724382
1997-11-12,43.912234972470294,39.8751609469027
1997-11-13,39.86093615642716,42.90783881420094
1997-11-14,42.59154131824885,45.74988377945629
1997-11-17,45.73075987539323,48.62806954454262
1997-11-18,48.60774253035337,46.7273140352869
1997-11-19,46.70778155570634,47.06819922901116
1997-11-20,47.048524256046946,50.203246761692846
1997-11-21,50.18226130784223,49.32529585561631
1997-11-24,49.30467739393077,45.59248194768147
1997-11-25,45.573423839141405,46.594830080772894
1997-11-26,46.575352980796104,47.387721723475785
1997-11-28,47.367913186947575,48.20135857415467
1997-12-01,48.18120992937286,52.11275867156721
1997-12-02,52.09097502284581,48.136416862850915
1997-12-03,48.11629536434696,49.40649335960054
1997-12-04,49.38584095655497,48.1287156879663
1997-12-05,48.10859740862964,50.48898338591078
1997-12-08,50.46787849132421,52.236293149890294
1997-12-09,52.21445786253473,47.52769930384705
1997-12-10,47.50783225530533,45.11951150141779
1997-12-11,45.10196245629182,40.97896699445783
1997-12-12,40.99864774674644,38.07407389990817
1997-12-15,38.058158560318205,38.7295224475149
1997-12-16,38.713333123947116,40.22266849144027
1997-12-17,40.204643901693935,38.53458377112968
1997-12-18,38.518475933857324,36.52168817898949
1997-12-19,36.50642175198997,36.84574017717613
1997-12-22,36.82919750383168,37.472242943995035
1997-12-23,37.44736663634076,34.43543044967897
1997-12-24,34.42103609905145,33.256100210082586
1997-12-26,33.24219883116336,34.82989518114901
1997-12-29,34.81533594036096,37.47852302115158
1997-12-30,37.46285662772124,39.73624597673896
1997-12-31,39.719635832775566,38.79244730457757
1998-01-02,38.77270460484844,40.80274662193777
1998-01-05,40.785690670152874,41.88392488084592
1998-01-06,41.866416985851764,40.474930936353815
1998-01-07,40.458012014768855,38.61981105292407
1998-01-08,38.57794825000969,38.97992692517585
1998-01-09,38.962455975846304,34.43893196262408
1998-01-12,34.42453614832951,36.02806395533964
1998-01-13,36.013003868149454,38.654510894669144
1998-01-14,38.6383529266726,38.77597160227305
1998-01-15,38.75976286249902,38.651368155011575
1998-01-16,38.6352115007113,39.817023001244976
1998-01-20,39.800379091686146,42.277721552644046
1998-01-21,42.2600490467449,42.19793959614926
1998-01-22,42.20742794915219,41.43627341497576
1998-01-23,41.41895264272334,41.8691367201437
1998-01-26,41.85163500674703,40.845120561003185
1998-01-27,40.828046896492516,43.144009798879836
1998-01-28,43.12597517592283,46.53550144593807
1998-01-29,46.51867786761124,47.25790717818762
1998-01-30,47.23815290542371,47.50077591636278
1998-02-02,47.4809201220634,51.43196198619309
1998-02-03,51.41046291722189,52.82764111440549
1998-02-04,52.8041310898276,54.662328573551896
1998-02-05,54.63947917938637,53.22009393611888
1998-02-06,53.19784741030107,55.9613269001972
1998-02-09,55.93793451187902,54.19842583846741
1998-02-10,54.16998947578319,56.624047211634746
1998-02-11,56.600377799669516,56.43072490700839
1998-02-12,56.4071363056792,57.27363978615436
1998-02-13,57.249698838066,56.00904570768991
1998-02-17,55.97825312750453,54.77140151954799
1998-02-18,54.747049236977105,56.48791300390733
1998-02-19,56.467274518328566,58.81816964056674
1998-02-20,58.79510998680217,59.223400764131846
1998-02-23,59.19864479666401,63.12480486764306
1998-02-24,63.09841807465999,60.97555588712073
1998-02-25,60.9500675014759,65.28997298063076
1998-02-26,65.26268112595459,66.30861580607646
1998-02-27,66.27266950760436,64.13804180832636
1998-03-02,64.11123147227725,61.420395089580396
1998-03-03,61.39472075674776,61.07657548236304
1998-03-04,61.05104486952793,61.67201388791367
1998-03-05,61.64623437593385,53.30670558286827
1998-03-06,53.273075460195344,58.40813958553159
1998-03-09,58.3837244053025,53.12787088025675
1998-03-10,53.10566290458874,55.941192004988295
1998-03-11,55.917808033255525,56.66265338878735
1998-03-12,56.638967839058104,57.999523557766054
1998-03-13,57.975279183079365,58.85112568195242
1998-03-16,58.83859804934885,60.44426470126425
1998-03-17,60.41899840059163,58.507708337225196
1998-03-18,58.48325153627278,59.82888337794077
1998-03-19,59.803874312749805,61.173613823133216
1998-03-20,61.14804264731158,58.535127512605044
1998-03-23,58.510659250166036,59.949680606912665
1998-03-24,59.92462104728484,62.73984045071733
1998-03-25,62.71361457666932,65.35915433941025
1998-03-26,65.3334491879271,65.80790338346384
1998-03-27,65.78039502875494,64.73212943859198
1998-03-30,64.7050707680356,63.87698015302502
1998-03-31,63.7931083451126,66.0478657129506
1998-04-01,66.02025705161381,67.25015254436775
1998-04-02,67.24994878513154,67.48459583995076
1998-04-03,67.45638661120607,68.00065880705706
1998-04-06,67.97223385888627,63.26764478524085
1998-04-07,63.24119828375898,59.55682003999774
1998-04-08,59.53192469997379,60.85618905516535
1998-04-09,60.83075056603728,61.700112611847885
1998-04-13,61.6882345495727,62.58700345172808
1998-04-14,62.5608414650578,64.1182562980425
1998-04-15,64.09145423253244,66.95562429118606
1998-04-16,66.92763617778233,66.2751553739365
1998-04-17,66.24745170327265,66.82203875962358
1998-04-20,66.79410648629373,70.32383426909962
1998-04-21,70.2944382106005,73.05694583233054
1998-04-22,73.02640730615695,76.65382887871525
1998-04-23,76.62178681984119,70.83465394617416
1998-04-24,70.80504435999605,69.35100743346383
1998-04-27,69.32201802620703,64.28744825461779
1998-04-28,64.26057546519593,64.6208339429601
1998-04-29,64.59382179502204,67.27105255712189
1998-04-30,67.2429325915822,68.60788774349545
1998-05-01,68.57920896762138,69.11264545711349
1998-05-04,69.08375568752112,69.76528102995165
1998-05-05,69.71113562128713,68.28296116784058
1998-05-06,68.25441821448992,67.40175487018755
1998-05-07,67.37520959344,64.16123080262736
1998-05-08,64.1344107733492,69.04089306228082
1998-05-11,69.0120332858994,66.28055496261979
1998-05-12,66.25445719738033,69.23630713850828
1998-05-13,69.2073656771096,70.28064270240563
1998-05-14,70.25126469840872,70.73416152132555
1998-05-15,70.69620592675366,67.88426032450975
1998-05-18,67.8558840320563,66.68870623627448
1998-05-19,66.66082969725856,68.7398170820364
1998-05-20,68.71108315839354,65.75353079545013
1998-05-21,65.72604516902098,63.46034648593528
1998-05-22,63.43381943323596,61.91905078680995
1998-05-26,61.893168010962235,59.72471523162926
1998-05-27,59.69974970975408,61.068639299343815
1998-05-28,61.04311200391172,61.830688554573925
1998-05-29,61.804842715013535,58.305240465811394
1998-06-01,58.28086829843242,54.36679500782468
1998-06-02,54.344069149613595,57.342665950567124
1998-06-03,57.318696148859104,53.93860610181613
1998-06-04,53.9160592308042,58.2304987019072
1998-06-05,58.206157777325025,59.86345123104123
1998-06-08,59.83842771614566,59.86102978064822
1998-06-09,59.8345180030299,62.25888003568498
1998-06-10,62.23285520784901,58.518599671265314
1998-06-11,58.49267308151977,56.39197464546429
1998-06-12,56.368402242127814,56.61310054426427
1998-06-15,56.58943570811431,54.64638956377477
1998-06-16,54.62354683227303,59.81327369434501
1998-06-17,59.78827115415623,61.715559131760806
1998-06-18,61.69127543197445,62.15535169105754
1998-06-19,62.12937013909392,63.98348532489336
1998-06-22,63.95673959498349,67.67855482351685
1998-06-23,67.76431148623826,73.80435908969385
1998-06-24,73.77350813738387,78.63167854888465
1998-06-25,78.59880972927988,75.06574458890734
1998-06-26,75.03436636497871,76.64053735633792
1998-06-29,76.60850085345172,79.84220469657343
1998-06-30,79.81061951008822,79.35190855114155
1998-07-01,79.31873866826997,82.6307219527716
1998-07-02,82.596181493458,78.24773224745499
1998-07-06,78.21502392120294,79.95201980599907
1998-07-07,79.91859907068554,80.55307382440552
1998-07-08,80.51940184256556,86.14110050787745
1998-07-09,86.10509267559661,87.07773478111851
1998-07-10,87.04133542644452,88.49442677052674
1998-07-13,88.45743522458461,94.04223898345448
1998-07-14,94.00491633331352,93.47727123802723
1998-07-15,93.43819681379809,99.61569161440183
1998-07-16,99.57405126972264,100.15890430619142
1998-07-17,100.1170368932326,102.42196575677754
1998-07-20,102.37915236174194,102.7391775675537
1998-07-21,102.69623157484274,95.50746345323988
1998-07-22,95.46754038857833,95.16559976979319
1998-07-23,95.12581960753367,90.14286717737954
1998-07-24,90.1051865670379,90.6059082080421
1998-07-27,90.56803404196837,93.95782534928728
1998-07-28,93.91855004868509,87.34291921091491
1998-07-29,87.30640900652557,84.7884653187175
1998-07-30,84.75302290132852,92.44995649697377
1998-07-31,92.41326375748986,83.64057528680794
1998-08-03,83.60561269880937,81.96441634684868
1998-08-04,81.9301544098707,72.6996977868664
1998-08-05,72.66930859391037,74.73421300362281
1998-08-06,74.70297336317697,80.7332485046053
1998-08-07,80.69950120796639,80.34671193707425
1998-08-10,80.31489500800039,80.06936884080599
1998-08-11,80.03589905243489,74.2326564402788
1998-08-12,74.20162645543877,78.27585042723624
1998-08-13,78.24313034730683,75.39122821997306
1998-08-14,75.35971394066635,73.91774556124288
1998-08-17,73.88684721226598,80.14726519932893
1998-08-18,80.11376284950926,85.95793418636514
1998-08-19,85.9220029194189,85.337902437448
1998-08-20,85.30223034990732,85.25558137249335
1998-08-21,85.2199436959723,80.90017517552127
1998-08-24,80.86635810188237,80.15316843034952
1998-08-25,80.11966361292089,83.14210651340655
1998-08-26,83.10735229028704,80.50460941470256
1998-08-27,80.47095769146534,69.45290389047575
1998-08-28,69.5430220654411,62.003638414154686
1998-08-31,61.97772027984185,43.62363516787914
1998-09-01,43.60540005677254,52.15882567681945
1998-09-02,52.13702277163408,52.93649232390471
1998-09-03,52.914364346366725,51.27029873968381
1998-09-04,51.24886724754913,50.77599123903333
1998-09-08,50.75476637232453,60.97283333650799
1998-09-09,60.947346088916255,57.41134105680432
1998-09-10,57.38734254822243,53.761206562089434
1998-09-11,53.73873384584028,60.87159830419034
1998-09-14,60.84615337384372,63.371621194404554
1998-09-15,63.345131229754934,65.63701952536732
1998-09-16,65.60662378904114,66.66125879043727
1998-09-17,66.63339372472527,60.651111746475195
1998-09-18,60.62575898169116,61.85488580978345
1998-09-21,61.829029855530976,65.65353575591614
1998-09-22,65.62609192840284,66.8575996195656
1998-09-23,66.82965248144446,75.57337495462282
1998-09-24,75.54178453617891,69.30446646441841
1998-09-25,69.27549651174714,74.39907251360374
1998-09-28,74.36797296519856,73.23909906686757
1998-09-29,73.21643422225827,73.43829405501215
1998-09-30,73.33599633216106,67.11402696808821
1998-10-01,67.08597264079833,56.32700778529103
1998-10-02,56.30346253874488,56.637967081651716
1998-10-05,55.42291490471394,47.55390804957452
1998-10-06,47.534030045517774,44.817217346514646
1998-10-07,44.7145117047029,40.95620443611077
1998-10-08,40.255938668340626,38.57112117434321
1998-10-09,38.55499806407481,45.60759296943889
1998-10-12,45.65135607112402,50.772533935270836
1998-10-13,50.75131051374922,46.26068274833879
1998-10-14,46.19534631422587,49.526687546108185
1998-10-15,49.505984900703474,57.17639139156274
1998-10-16,57.15249109426548,56.3700328194077
1998-10-19,56.346469587971605,58.44716160554762
1998-10-20,58.422730113728086,54.79439788033329
1998-10-21,54.771493279890855,60.999889339810245
1998-10-22,60.97439078254144,64.12657819867275
1998-10-23,64.09977265452589,62.00268514786176
1998-10-26,61.97676741202366,65.88001169913456
1998-10-27,65.85247320243627,63.57505950683968
1998-10-28,63.548484502962665,67.27188822093363
1998-10-29,67.2437679060782,69.60435708076668
1998-10-30,69.5752617708507,70.17700055832236
1998-11-02,70.14766587776711,72.86360780646731
1998-11-03,72.8331500975014,70.17538654442728
1998-11-04,70.1460525385458,74.96134676982695
1998-11-05,74.9300121852196,76.15902589736183
1998-11-06,76.12560472200143,78.67681659767634
1998-11-09,78.64392890992059,80.11400734428165
1998-11-10,80.08051889657445,81.6594218587394
1998-11-11,81.62528741247503,82.12650054738123
1998-11-12,81.67785436806608,79.70761655891931
1998-11-13,79.67429798658117,79.42584302120038
1998-11-16,79.39264223298883,81.04677060097748
1998-11-17,81.01289224900034,84.75901960385578
1998-11-18,84.72358949506693,87.45961427799064
1998-11-19,87.42305529390869,91.29225767052512
1998-11-20,91.25409660358542,92.42143856617308
1998-11-23,92.38280549044704,100.39184990025724
1998-11-24,100.34988511373537,98.74873340749963
1998-11-25,98.70745545992851,101.97241184370245
1998-11-27,101.92978636665035,107.6013113677514
1998-11-30,107.56228595977527,93.56258194211966
1998-12-01,93.52347185717215,106.91357758233622
1998-12-02,106.86888664911814,104.18476900663966
1998-12-03,104.15088032830909,95.3540263636573
1998-12-04,95.50501001092006,105.50421294872143
1998-12-07,105.46011114386427,114.51530415097646
1998-12-08,114.46743562084222,112.63181604449574
1998-12-09,112.58473483102497,116.02421978455071
1998-12-10,115.97572051275262,109.19322172177817
1998-12-11,109.15154577772061,113.51020187158238
1998-12-14,113.39567320732668,101.04027310180086
1998-12-15,100.99615746670176,110.28343407629687
1998-12-16,110.2373345097234,108.70046818214297
1998-12-17,108.65503031097491,115.17307149571083
1998-12-18,115.12492801231862,124.3508186209771
1998-12-21,124.42784299389625,135.49520523876703
1998-12-22,135.43856690240574,130.95344482981866
1998-12-23,130.8987049942439,142.20401659696617
1998-12-24,142.14457391108107,139.05623268365036
1998-12-28,138.9981058025848,143.08444491174333
1998-12-29,143.0246341981118,142.80490192697675
1998-12-30,142.74520806507863,139.78725796903808
1998-12-31,139.98354409968763,145.47318451679314
1999-01-04,145.41237528637285,149.71869212279768
1999-01-05,149.6561082281936,161.36256537994544
1999-01-06,161.29511423111694,176.72574067845343
1999-01-07,176.65186757034894,177.22565202107512
1999-01-08,177.15156994508337,179.05324295292507
1999-01-11,178.97839692584188,186.11836664641172
1999-01-12,186.04056732772324,168.91369016009278
1999-01-13,168.84308256639636,171.28806817694596
1999-01-14,175.53842567677623,159.65936003799226
1999-01-15,159.592620845848,178.48994576846928
1999-01-19,178.41533520518237,192.4105301592729
1999-01-20,192.3301006539822,192.2497047690205
1999-01-21,192.16934249033412,171.69292723132824
1999-01-22,171.62115788903864,172.19240768148833
1999-01-25,172.12042955142877,180.7105607260049
1999-01-26,182.52974667701096,198.31710780238924
1999-01-27,198.23709713880558,188.9691633964452
1999-01-28,188.8901724165098,209.528728051586
1999-01-29,209.44114297021116,216.10075991528979
1999-02-01,216.0104276595731,217.0594910661567
1999-02-02,216.96875805133342,200.921021439163
1999-02-03,200.86025492401407,212.71037108650344
1999-02-04,212.62446912414563,184.76640431637028
1999-02-05,184.6891701313119,173.9249833073963
1999-02-08,173.85228094358325,185.7552892491478
1999-02-09,185.67764170040363,158.52346154867496
1999-02-10,158.45719717333765,160.56479395372722
1999-02-11,161.05018121072024,185.37608330560502
1999-02-12,185.29859426869706,161.81818402812618
1999-02-16,161.7505424261949,160.6646624266029
1999-02-17,160.5950345140978,144.97110590607855
1999-02-18,144.91050654948504,148.2333187728633
1999-02-19,148.17135577901558,154.05620447310835
1999-02-22,154.006177584434,169.33803284622752
1999-02-23,169.2672478730899,177.39093651534589
1999-02-24,177.3167853488002,166.9904149717416
1999-02-25,166.92061132610252,163.13755524150142
1999-02-26,163.06936212934926,150.83288134486884
1999-03-01,150.93198866507765,153.62661860252692
1999-03-02,153.5624011559898,141.83899458212355
1999-03-03,142.4646008002245,144.23737447084497
1999-03-04,144.17708182125082,151.68003114853957
1999-03-05,151.62369636625047,160.22211424724284
1999-03-08,160.1551398182713,175.74216877618449
1999-03-09,175.66870681086647,174.1754247584821
1999-03-10,174.10261770766465,176.58916778499665
1999-03-11,176.51535176571286,177.805365051609
1999-03-12,177.73104064983485,168.57782093071387
1999-03-15,168.60805545798297,181.37099922837558
1999-03-16,181.29518435623766,184.64319500960772
1999-03-17,184.52054879900797,182.13642730707042
1999-03-18,182.06029247842255,192.10884573404982
1999-03-19,192.06688404908917,178.50024813200525
1999-03-22,178.42563326222844,171.43103590440842
1999-03-23,171.28325250993998,154.598341323851
1999-03-24,154.5337176876023,166.81725521232048
1999-03-25,166.74752394917408,184.01881415845787
1999-03-26,183.94189247348206,179.6137591994972
1999-03-29,179.53867887107725,199.6190316438729
1999-03-30,199.5355889136417,194.15737755452145
1999-03-31,194.07621784973648,188.7087889160636
1999-04-01,188.62990677523712,199.22735834347125
1999-04-05,199.1440793365548,219.52429823440005
1999-04-06,219.43253490579397,219.10063633018723
1999-04-07,219.00905009644876,211.05861903266646
1999-04-08,210.970394441725,220.25335375916268
1999-04-09,220.16128567813405,222.3611612521304
1999-04-12,222.26821208671535,218.2147396600913
1999-04-13,218.12352373992587,205.04936735339606
1999-04-14,204.96365468911128,184.65184489646282
1999-04-15,184.57465859837538,192.9680701434833
1999-04-16,192.88740758096299,179.4361903323023
1999-04-19,179.36118422942567,148.6278807467083
1999-04-20,148.5634844564176,162.7063601926986
1999-04-21,162.95568826240705,180.74726763751028
1999-04-22,180.67171349134844,200.58758252280668
1999-04-23,200.50373492872538,207.84413667869276
1999-04-26,207.76007937999455,221.830928696616
1999-04-27,222.43002263183357,205.8303192113633
1999-04-28,205.74428010147525,189.83191292088995
1999-04-29,189.7525613031174,181.4273388794714
1999-04-30,181.3977110058119,185.66622832865244
1999-05-03,185.58861800825417,185.9176079375594
1999-05-04,185.8398925379975,175.22700485109974
1999-05-05,175.1537582293994,189.66533844292016
1999-05-06,189.58605645492747,169.1548764891468
1999-05-07,169.27704362632335,178.56227817958083
1999-05-10,178.48763738063042,182.71649862462118
1999-05-11,182.64012132042345,193.11282405917476
1999-05-12,193.03210098808552,204.08430277236897
1999-05-13,203.99899351462727,193.26159944462688
1999-05-14,193.18081418395457,178.75693408806546
1999-05-17,178.68221192101942,191.36833677235862
1999-05-18,191.28834291421498,186.86168458561815
1999-05-19,186.80956181208796,193.69734197328745
1999-05-20,193.645641124635,181.24608660135
1999-05-21,181.17032394392604,174.6053141477605
1999-05-24,174.53232739892508,161.13423979268794
1999-05-25,161.06688408621392,146.56630078224734
1999-05-26,146.50503461841294,158.31640048772897
1999-05-27,158.25022266596378,157.50191762332176
1999-05-28,157.43608026345225,166.4957546919019
1999-06-01,166.42615781915393,151.08700870999743
1999-06-02,151.02385284552196,161.86374790595028
1999-06-03,161.79608725786727,151.4008427080027
1999-06-04,151.68875422210223,168.9682727633442
1999-06-07,168.89764235357958,179.22316438458935
1999-06-08,179.1482473286665,162.6106680471223
1999-06-09,163.10139463323875,173.88667789482963
1999-06-10,173.81399154305802,164.53819733418578
1999-06-11,164.46941873978113,156.05093285442567
1999-06-14,155.9857020205454,148.34846636881227
1999-06-15,148.20749213811987,154.63546893310573
1999-06-16,154.570829777149,179.13639054073127
1999-06-17,176.98131319764613,184.71004738455898
1999-06-18,184.63283675725566,188.25447118636382
1999-06-21,188.1757789548433,204.27428934936836
1999-06-22,204.19160456819162,188.23476331453173
1999-06-23,188.15607932109663,195.59728235984673
1999-06-24,195.5155207606069,181.1691241046619
1999-06-25,181.09339361832303,181.23897155733732
1999-06-28,181.16321187407215,195.5539347533537
1999-06-29,195.41729851127542,204.82809892179884
1999-06-30,204.74517641735181,209.15844534612944
1999-07-01,209.07101504658903,215.9609519767302
1999-07-02,215.8706781621151,222.90816046439517
1999-07-06,222.81498264789747,217.8392406869698
1999-07-07,217.85757289060038,220.4439709641723
1999-07-08,220.35182320326606,229.83667056430943
1999-07-09,229.7405965620402,234.9967551071852
1999-07-12,234.89852413852387,232.21479473706336
1999-07-13,232.10895247947465,228.93070573406277
1999-07-14,228.820600001205,241.28803354979362
1999-07-15,241.1871727644982,244.7444912810839
1999-07-16,244.64218566225907,253.66690022910885
1999-07-19,253.56705930404675,242.67303244841597
1999-07-20,242.57159271987794,213.8672594538152
1999-07-21,213.77786082338937,223.13504858594553
1999-07-22,223.04177592796822,199.8170846677083
1999-07-23,199.73355914935362,204.92807677748158
1999-07-26,204.84241481385754,186.4679522616033
1999-07-27,186.39000681266893,205.15630694480916
1999-07-28,204.96654788855173,211.64419265628007
1999-07-29,211.55572328977036,192.235125449168
1999-07-30,192.15476926478158,194.07912210993752
1999-08-02,193.99799511670264,192.34850080255362
1999-08-03,192.26809722614775,185.66021862038198
1999-08-04,185.58261081210125,176.83999690470296
1999-08-05,176.76607603636546,183.40409773832113
1999-08-06,183.32743301089084,178.30342141814774
1999-08-09,178.2288888238847,172.22300763139003
1999-08-10,172.15101671024865,166.4508655272961
1999-08-11,166.56130176921252,184.3247517223852
1999-08-12,184.24770215248074,177.39762893760783
1999-08-13,177.7608521803476,199.56268413639793
1999-08-16,199.47926495998234,200.95743827322676
1999-08-17,200.87343607578248,207.11768519399448
1999-08-18,207.03110795238865,201.6353589056682
1999-08-19,201.5510733306923,191.39535172009718
1999-08-20,191.3153465694381,200.37302193692742
1999-08-23,200.28926403129384,218.58142945312423
1999-08-24,218.4818068532136,223.60471865112535
1999-08-25,223.51124966641393,239.06008987135968
1999-08-26,238.96016038856482,226.1535465053861
1999-08-27,226.05901208541383,221.83199978771893
1999-08-30,221.73927181703147,211.76476997065944
1999-08-31,211.67625020163933,219.6340824183794
1999-09-01,219.54227319889822,221.66797864859294
1999-09-02,221.57531924036442,218.07196288949376
1999-09-03,218.2952279307896,249.10225544366375
1999-09-07,248.99812823630384,244.4628177472878
1999-09-08,244.36062987078694,233.32908417647852
1999-09-09,233.23155031076593,247.6229844039534
1999-09-10,247.5194755465238,256.04341189914607
1999-09-13,255.5575625120189,240.24051211084662
1999-09-14,240.19812516706193,251.46099136969113
1999-09-15,250.2732958521618,233.55062984948435
1999-09-16,232.51426976667923,234.42760156592354
1999-09-17,234.89978852440208,254.2196017021037
1999-09-20,255.39099208360133,256.5656333035856
1999-09-21,253.8125068427462,234.8195315144066
1999-09-22,234.9577598863681,246.07392620861265
1999-09-23,249.13369530932295,213.01995813018118
1999-09-24,211.82724544921996,211.9135771154266
1999-09-27,212.272725392409,218.87765307180155
1999-09-28,218.56695173186716,219.12708775745546
1999-09-29,219.0923348355168,211.00510576438492
1999-09-30,211.63203655252937,213.23819863603677
1999-10-01,213.09594128131943,212.14393136946356
1999-10-04,212.58463139085376,228.78645186206694
1999-10-05,228.83544078849974,229.59082873083887
1999-10-06,231.60174009591418,246.45446600951715
1999-10-07,247.31201050510447,246.12896474372613
1999-10-08,246.6385150719046,252.74299087900246
1999-10-11,253.08242328837056,259.51529836949516
1999-10-12,261.4144513650983,243.4972634303933
1999-10-13,240.2096433799952,222.54750307842752
1999-10-14,224.83999719543067,226.86272967319434
1999-10-15,225.72400310913406,208.23103370878067
1999-10-18,207.46568619385673,197.24677780008673
1999-10-19,199.02813202541316,197.1054540510517
1999-10-20,202.59767390991516,223.35543942295627
1999-10-21,218.9557617514429,226.0214506431
1999-10-22,226.63869286468477,228.2329324375849
1999-10-25,228.76001001941094,227.56939551272947
1999-10-26,227.65569422011043,222.4894509080482
1999-10-27,222.40999255765445,219.88502918266192
1999-10-28,223.67191022615876,242.04288181633817
1999-10-29,241.94170549699896,269.7055977120338
1999-11-01,269.47017561273316,263.0178982359454
1999-11-02,263.12206737739893,266.0041475400191
1999-11-03,267.02906865551927,279.7038775630508
1999-11-04,282.6731527872695,289.0545282914866
1999-11-05,289.50144842233516,305.6981456844075
1999-11-08,297.85943191127825,315.3087063962495
1999-11-09,316.97284866688494,307.3092350215363
1999-11-10,309.5759951378146,318.4464438674596
1999-11-11,318.47039944377275,336.00408345261997
1999-11-12,336.411901420223,349.56198906921117
1999-11-15,350.3851497484769,344.52775541671946
1999-11-16,344.38373940624365,367.3681418478782
1999-11-17,371.95993847366975,356.2277753597457
1999-11-18,357.0184920012842,389.66705184632843
1999-11-19,388.6440188365519,399.188045518453
1999-11-22,398.89067235096775,407.06133113485737
1999-11-23,406.80700107899673,386.77824602040226
1999-11-24,387.86981851954266,428.5867990441684
1999-11-26,428.750986266883,431.5791720399719
1999-11-29,430.6758220980315,409.07182556917945
1999-11-30,408.27983665017666,370.11598653368185
1999-12-01,371.20761983610305,381.26614392752776
1999-12-02,383.25138266015983,423.5119823299544
1999-12-03,428.0967557897739,449.42472477685527
1999-12-06,449.21133557354176,457.0015344630863
1999-12-07,456.5870846088875,462.62559910436863
1999-12-08,459.15419526946584,444.5609082364747
1999-12-09,452.98222270095425,445.5468713730088
1999-12-10,447.4114096149315,460.29824212289043
1999-12-13,457.98059984817473,476.6992046070563
1999-12-14,477.0424415799824,443.17383632653383
1999-12-15,442.3127164999694,472.93635820196874
1999-12-16,479.22130803601885,513.6285549588148
1999-12-17,527.4617433743581,525.9096206139715
1999-12-20,526.680538401296,539.6384962340333
1999-12-21,542.8751941676722,605.5783080601735
1999-12-22,609.6448759159082,622.5088781242578
1999-12-23,624.4032545584279,636.6850047155265
1999-12-27,635.4345987132924,640.5238829249954
1999-12-28,641.6604711311585,630.0652141076731
1999-12-29,631.3752553752342,687.545015474473
1999-12-30,688.8732827171007,683.6041839158722
1999-12-31,692.4098882802366,696.5163650582894
2000-01-03,723.2248640916018,743.0321677884324
2000-01-04,728.6197434607957,600.4274541305084
2000-01-05,598.6170368641913,580.2113720951484
2000-01-06,570.5393756333622,497.9266776851936
2000-01-07,496.1312022159765,581.7060898286525
2000-01-10,595.6083280600966,675.3047386694288
2000-01-11,673.828980244214,580.5753707150108
2000-01-12,582.5046745716398,547.4809237176686
2000-01-13,555.6057080661201,610.8016370569551
2000-01-14,631.4571692663521,657.8667304852721
2000-01-18,657.5917356830837,685.560693271923
2000-01-19,676.3364571203183,702.8653003410169
2000-01-20,706.9936102142094,730.6500937687857
2000-01-21,730.3446748006359,734.7274247360964
2000-01-24,756.3879927616382,623.3824422058882
2000-01-25,626.2175536078208,673.1345024521881
2000-01-26,674.776221488501,598.3778733612879
2000-01-27,601.9299372351844,583.8985035781305
2000-01-28,584.9902001046268,511.6554398208361
2000-01-31,507.86049798448045,566.1259519750874
2000-02-01,570.760770389252,628.6250663931372
2000-02-02,627.5573226594904,639.6385575489279
2000-02-03,640.2315591879803,704.4127125025146
2000-02-04,708.20089695411,716.5880696339449
2000-02-07,715.7668498058531,748.6798474966299
2000-02-08,747.7387075248776,821.8893182272114
2000-02-09,820.9206424686774,764.0188458599112
2000-02-10,767.3786559602397,833.7618222091239
2000-02-11,833.572313412674,759.0202009334391
2000-02-14,759.3111075668854,768.2776551383197
2000-02-15,766.6383055779833,773.9267442791049
2000-02-16,773.6032352428683,773.8256229451426
2000-02-17,781.8173030406664,847.5990739020349
2000-02-18,850.4313999961738,748.2849135109755
2000-02-22,750.677909164356,749.5699732361916
2000-02-23,747.4834109490884,862.5671525727699
2000-02-24,861.9399533155402,913.2938466422548
2000-02-25,913.8850100851687,864.5412025211705
2000-02-28,864.1798157448613,853.612294771017
2000-02-29,861.0202656859952,917.7014246597231
2000-03-01,922.9830023631773,944.1554417764651
2000-03-02,945.706784677433,894.1808065882884
2000-03-03,908.5493506538937,1026.8234684064116
2000-03-06,1030.2838528364377,1035.8981729232964
2000-03-07,1057.9928065662493,987.7998283026923
2000-03-08,1000.3113105671622,1024.1866884168865
2000-03-09,1024.3113403425896,1120.4840881542266
2000-03-10,1120.0157147194582,1120.2071933258826
2000-03-13,1118.2737059663332,1001.9388421487597
2000-03-14,1016.3427408059273,864.0092082484219
2000-03-15,878.2117529381414,803.0151556384641
2000-03-16,809.2242679379693,933.2233728425346
2000-03-17,930.2156175564184,988.3379500827148
2000-03-20,989.8611616355618,867.6792016726455
2000-03-21,866.3575339906221,981.7753515293062
2000-03-22,981.292233447885,1078.536527122538
2000-03-23,1076.3682585546255,1122.481442555165
2000-03-24,1121.3906031968675,1143.916426957629
2000-03-27,1140.505254615049,1152.5317468079577
2000-03-28,1152.7996088227007,1062.3917414017496
2000-03-29,1062.2396543447178,943.6859954117809
2000-03-30,919.2330187375658,839.3138649367897
2000-03-31,849.8934794521358,926.7098569133422
2000-04-03,899.6835678105735,726.6206920992086
2000-04-04,733.1393574608284,702.9266745416958
2000-04-05,699.6166842440491,700.2933783124772
2000-04-06,703.1960130704302,729.2119287743645
2000-04-07,741.9953557323861,839.334944654342
2000-04-10,840.2163020441836,666.4631442302813
2000-04-11,660.6738312405538,621.6096303178534
2000-04-12,621.2496326845919,489.6978611869277
2000-04-13,494.4095707727443,456.78238572043404
2000-04-14,449.88195947888715,324.34329912530353
2000-04-17,320.1250808054263,420.68860157413076
2000-04-18,421.0920734173387,487.008662674343
2000-04-19,488.5469009622008,434.3026696432876
2000-04-20,435.64835066769814,405.59859410969466
2000-04-24,385.6217192890607,353.68913140649516
2000-04-25,359.13527154051974,438.994598285972
2000-04-26,439.2620178406323,396.487123747628
2000-04-27,395.8090531005493,459.4743744338677
2000-04-28,460.7194460677491,489.22881829136054
2000-05-01,495.25576145525366,510.9839730331627
2000-05-02,486.0339643782936,431.3731353478567
2000-05-03,431.1928171093331,407.77860079650907
2000-05-04,407.45705830165355,410.37894444391253
2000-05-05,410.3935997609625,450.5883822594689
2000-05-08,450.40003185762316,389.1206154596876
2000-05-09,390.1612152649379,363.4456598140494
2000-05-10,360.57835989697855,300.00914933411195
2000-05-11,318.40727445545895,338.4833555714594
2000-05-12,338.3418661799214,345.60846293727195
2000-05-15,344.94959542825615,377.49627520280904
2000-05-16,380.1985911201133,420.82726165631004
2000-05-17,416.5456995373141,387.31216035294176
2000-05-18,386.1750317547045,346.44275318548296
2000-05-19,346.0036376001484,295.9369774686312
2000-05-22,296.03928754943166,296.7978089996935
2000-05-23,296.1446589642347,230.84717838320225
2000-05-24,230.76673176679446,266.57796648597053
2000-05-25,266.76576183800955,245.9720510886059
2000-05-26,246.2715951606004,246.2806230342806
2000-05-30,246.1752907164469,320.5100705436925
2000-05-31,320.37609416312137,294.9191856054824
2000-06-01,296.8507012555767,346.75767285095304
2000-06-02,346.6127247129272,416.40834204815064
2000-06-05,411.78048291361813,407.65701989421024
2000-06-06,407.4866152265903,379.79192352258457
2000-06-07,379.0519338026901,407.4592190616599
2000-06-08,407.91707248243347,397.7219980284654
2000-06-09,397.5557462982811,414.42392888966396
2000-06-12,414.54492479805896,373.79062831959516
2000-06-13,373.6714006146039,412.72639627622107
2000-06-14,413.1226813360231,383.3271739694144
2000-06-15,384.1613303307572,406.3386124702702
2000-06-16,408.23188496561227,417.511152454372
2000-06-19,417.3366286618465,465.53859989221934
2000-06-20,465.3440001514876,465.19566255028315
2000-06-21,463.2805590958133,477.5973698305891
2000-06-22,476.98272411383084,417.3871976180947
2000-06-23,418.95391552354454,377.8336627328837
2000-06-26,377.6757245236255,404.00421139921593
2000-06-27,403.8353336416873,380.3933684744151
2000-06-28,380.8853504450781,402.3220180187854
2000-06-29,400.15987494142325,368.4247829272187
2000-06-30,368.3762610944908,397.64574726867204
2000-07-03,397.4795274120598,410.2997671739743
2000-07-05,410.18646820221164,359.83484897794386
2000-07-06,359.19044799031764,401.97328633286855
2000-07-07,401.65585723346777,416.81925383857447
2000-07-10,416.7231438580536,393.9928930314809
2000-07-11,393.9567181966719,384.9952113175963
2000-07-12,405.1393094929734,433.9203293829202
2000-07-13,433.73894639208834,452.08625128665204
2000-07-14,454.00540866415537,480.73749439828293
2000-07-17,480.53654136927184,487.7307306961553
2000-07-18,486.96136391189845,451.01202257142506
2000-07-19,450.82349508373744,410.6922112034849
2000-07-20,410.5205377958679,458.8811683904735
2000-07-21,457.78322028087206,428.67218771943544
2000-07-24,428.4929985037433,389.46425627977544
2000-07-25,389.3014563673431,412.1755745883642
2000-07-26,411.9841466546211,396.777122026804
2000-07-27,396.04387172528624,353.8943105936012
2000-07-28,356.070683154951,294.4351715296056
2000-07-31,294.36797162305896,327.7200668787706
2000-08-01,327.5830766483966,303.4311072677694
2000-08-02,303.30427006282457,295.21581266579585
2000-08-03,295.0924095352757,328.74325619987644
2000-08-04,328.78817492852016,327.1429452299578
2000-08-07,327.006196242143,351.7458466227846
2000-08-08,351.1892930126959,344.6284431238687
2000-08-09,350.72739491904093,346.157764239708
2000-08-10,344.5086332671036,318.440226167895
2000-08-11,318.29647574725266,331.3002974529296
2000-08-14,331.1672034850511,351.46787760303033
2000-08-15,351.062957152269,352.02645629752584
2000-08-16,351.8793057558907,351.34368724575086
2000-08-17,351.1968221083346,382.0072704113642
2000-08-18,381.8475875928033,374.7858452570982
2000-08-21,375.32316479859236,380.4150853161497
2000-08-22,381.5918214130772,380.174584287302
2000-08-23,377.0868583465648,400.2947773538009
2000-08-24,400.1675504151358,416.1792892374342
2000-08-25,414.71869239622464,410.05180550326907
2000-08-28,410.53129184174134,416.90694188755884
2000-08-29,417.1438743683728,415.8305253507018
2000-08-30,415.5714681938993,420.7800419917247
2000-08-31,421.42798506032676,455.08326499939307
2000-09-01,457.0760543713975,461.9848890082982
2000-09-05,457.25794430528816,423.876148076861
2000-09-06,420.89226485277186,376.0872307809826
2000-09-07,378.91998328029956,409.9503576195695
2000-09-08,408.4692413212966,366.18815985843224
2000-09-11,366.03508958459463,335.15712620758427
2000-09-12,335.01702721282965,324.0666091616605
2000-09-13,323.93114611275917,343.64039642738277
2000-09-14,343.4967513417439,342.1606485469179
2000-09-15,340.4548802669354,325.1497597886452
2000-09-18,325.0138439720652,300.79321108834483
2000-09-19,301.38477001487337,343.59691094105887
2000-09-20,343.45328403278353,352.649458453259
2000-09-21,352.5020474905589,332.18354519120686
2000-09-22,332.0446891827373,327.3594457037791
2000-09-25,341.05491627371316,305.14408216924
2000-09-26,310.4629234422135,294.7250541526887
2000-09-27,306.5690765106089,291.4513282721682
2000-09-28,287.67974890204295,328.3604552350703
2000-09-29,317.57158145834984,287.8971690939072
2000-10-02,298.2094718562819,259.52191958888733
2000-10-03,275.18077531401786,234.19580652517823
2000-10-04,230.8650001575088,254.72367489782013
2000-10-05,247.55822723595156,248.07557088283633
2000-10-06,249.81922557878545,223.32409443760983
2000-10-09,222.18086958385717,224.5370553131874
2000-10-10,214.86135991965097,198.34020589748565
2000-10-11,177.5827666630065,181.49353494630367
2000-10-12,194.6269636372736,163.0510551342068
2000-10-13,160.79148790327363,206.9749694836447
2000-10-16,204.6512114859506,201.4639018866463
2000-10-17,213.34865074833175,185.9062467313474
2000-10-18,163.5896918427597,178.60518096659484
2000-10-19,208.79536263105481,225.01068398270337
2000-10-20,220.31055764664305,235.25295397585091
2000-10-23,234.09081401164372,228.01082642828104
2000-10-24,234.58595515417002,213.6910524966667
2000-10-25,193.03658101618862,168.31910114417954
2000-10-26,171.4709029030847,177.92921888718402
2000-10-27,188.9228489330888,178.7525851642538
2000-10-30,170.8567080311555,162.94344172406156
2000-10-31,169.08510946996074,195.36556100873946
2000-11-01,183.15945608014837,184.94106137177016
2000-11-02,196.36524149895553,199.2088553088679
2000-11-03,202.87918013547505,201.45066901882342
2000-11-06,205.77641971681334,195.4180447696472
2000-11-07,190.36729137204145,193.26174725862342
2000-11-08,196.04490215124204,153.72709314459527
2000-11-09,143.70226445006827,152.86635559632256
2000-11-10,140.40685416544963,128.42853352101724
2000-11-13,116.20277787582536,120.84601126102504
2000-11-14,135.6210318168624,147.53615461207292
2000-11-15,145.7430906761357,152.77142909018374
2000-11-16,143.78470323061694,130.62152735890916
2000-11-17,131.81949782678205,131.80483095384434
2000-11-20,118.74534523178926,112.93725735139566
2000-11-21,114.71125958892759,112.1026242941301
2000-11-22,106.23365279704531,98.03750639612115
2000-11-24,106.49940521482142,116.31197959918417
2000-11-27,126.18613870421319,107.7619472179022
2000-11-28,107.0795148539809,90.44317594846882
2000-11-29,91.84839110810996,88.44287324321459
2000-11-30,74.93073635047693,78.1639565402975
2000-12-01,83.75749132462073,82.06409584337983
2000-12-04,84.26408401377468,82.41315384465503
2000-12-05,91.49049481048912,112.62722993478096
2000-12-06,110.28840813854777,99.7541726980853
2000-12-07,93.70368135711243,96.9371031182148
2000-12-08,109.75792892563946,116.11040171581034
2000-12-11,116.65017655342075,125.36500593493625
2000-12-12,121.4275656941556,111.59681757160078
2000-12-13,120.55014164685844,96.96930489012605
2000-12-14,96.4398597533783,85.32969360243635
2000-12-15,80.59764366982128,76.10763307462385
2000-12-18,81.55160308724845,75.7874693260975
2000-12-19,75.3776122705981,62.94505583909005
2000-12-20,54.15623943495461,48.59841587495099
2000-12-21,47.35782003110799,49.4783768881086
2000-12-22,54.68631397206545,64.14068441914448
2000-12-26,64.054636058193,61.58904100116604
2000-12-27,59.93583215168158,65.70389295112652
2000-12-28,63.723917245063824,65.95601967871374
2000-12-29,65.988661952722,56.03052596266349
2001-01-02,55.97696187524067,40.71176669078609
2001-01-03,38.31605078268376,62.58907913941623
2001-01-04,59.3799776059951,57.52897817551507
2001-01-05,57.55895209810799,43.994749148285656
2001-01-08,42.67213354886174,44.71242495385441
2001-01-09,46.51571143832958,46.42807111674586
2001-01-10,42.9407310365397,52.05981237123372
2001-01-11,49.65367598232573,58.87255286845173
2001-01-12,58.7191976501879,57.54935030683851
2001-01-16,57.29173911792624,55.07425070488783
2001-01-17,62.81377210698842,60.73831243281868
2001-01-18,61.85022005477458,68.73070441333725
2001-01-19,74.07902295094999,67.20764085832714
2001-01-22,65.95270596214957,66.18897003333429
2001-01-23,66.10121652393339,72.65686237259364
2001-01-24,72.85562531423204,72.30773123488292
2001-01-25,69.14275087631725,62.07361995658647
2001-01-26,57.91771620458839,64.29387131601733
2001-01-29,62.060243738161745,68.67955795844568
2001-01-30,69.17158398131927,67.97500291416625
2001-01-31,68.62150558997617,60.79908136783074
2001-02-01,60.29815300120166,61.7361909266689
2001-02-02,61.60240477190295,52.1108936917534
2001-02-05,50.54234182598083,51.73412665956415
2001-02-06,51.473464031325605,52.06248267030312
2001-02-07,48.78212499537105,48.03775033685455
2001-02-08,49.621683670811436,44.66357528340461
2001-02-09,43.35600754333645,39.366171956008074
2001-02-12,38.58893913561488,40.61078569515902
2001-02-13,42.12286536660539,36.26234537118531
2001-02-14,37.032903051288805,41.086570404853234
2001-02-15,43.99557183092536,44.56315159524477
2001-02-16,36.52272697997648,35.708104565472915
2001-02-20,36.53563886362604,29.894542454711797
2001-02-21,28.214309302702752,28.30090718391104
2001-02-22,28.289902813130034,27.200384520678988
2001-02-23,25.78899295751706,28.044360223133822
2001-02-26,29.340834657800084,29.733681040216016
2001-02-27,28.424681124336214,24.179112611950806
2001-02-28,24.864277056091122,22.032040510646983
2001-03-01,21.036404984124196,23.987956090871208
2001-03-02,20.980196925363206,20.81457699206535
2001-03-05,21.711330299869246,21.97731410310346
2001-03-06,24.259102192064518,23.993195599575035
2001-03-07,25.53579775671574,24.66340850242728
2001-03-08,24.141971423276246,22.51380422349622
2001-03-09,20.923670659694857,18.269493672302513
2001-03-12,16.600390371071875,14.400347067681784
2001-03-13,15.200182239784676,17.263710085719907
2001-03-14,14.980777624959897,15.869389341203053
2001-03-15,17.618806924431414,14.352134486115235
2001-03-16,13.302893407214441,13.074035524360577
2001-03-19,13.358775168082353,15.061813871699911
2001-03-20,15.382699628070364,11.973522157671088
2001-03-21,12.187450588266517,11.748598267115296
2001-03-22,12.177825971448001,13.90608554964839
2001-03-23,14.931277546000423,13.92485879372614
2001-03-26,14.666561682734615,13.17402520265554
2001-03-27,13.2587847801126,14.552512942562547
2001-03-28,13.0875145004986,11.317179225767415
2001-03-29,10.820198048209638,10.489834131754348
2001-03-30,10.7004601728051,10.684362016724302
2001-04-02,10.606754590195614,9.526277610352588
2001-04-03,8.98127745322828,7.369083104322295
2001-04-04,7.255075113388766,6.919316384748752
2001-04-05,8.14743954275685,9.27201926388919
2001-04-06,8.625591951491216,7.997719741107889
2001-04-09,8.402778964775807,8.54320897647343
2001-04-10,9.134170461318433,10.618201030471852
2001-04-11,12.54213913393703,11.487993046093568
2001-04-12,10.867911465715508,12.804742984607577
2001-04-16,12.079637797384636,11.386073762408575
2001-04-17,10.456677338407147,11.741268339568808
2001-04-18,13.602168567064284,15.236579163466487
2001-04-19,15.814690546030265,18.34327694106064
2001-04-20,17.781444391065904,17.772906975779062
2001-04-23,16.33018673655572,14.510351441322223
2001-04-24,14.44614388518987,13.308185555846435
2001-04-25,13.208826600378911,14.471392462647808
2001-04-26,15.065232173731468,13.189825440306262
2001-04-27,14.207362638605911,14.237943463630877
2001-04-30,15.303808374272348,15.278857662129386
2001-05-01,15.260611713627757,16.842440576802023
2001-05-02,17.866479647340103,17.975343168682947
2001-05-03,16.635355828119668,15.6863057639839
2001-05-04,14.245524325709765,16.670332640284432
2001-05-07,16.67792110708584,15.910049479211933
2001-05-08,17.0015840296998,16.737219427558287
2001-05-09,15.578804264013664,15.364023199681393
2001-05-10,16.58248168942191,14.299242312103457
2001-05-11,14.3943087111108,13.885604359327965
2001-05-14,13.83840085776113,13.277450501597505
2001-05-15,13.413914117709796,13.310464645543416
2001-05-16,12.89671661339363,15.518073680773387
2001-05-17,15.545164263209633,16.134847272963448
2001-05-18,15.765282311778131,16.178998108884343
2001-05-21,16.26288140621945,19.319884281783178
2001-05-22,19.603498100546677,19.025990190112342
2001-05-23,18.4377379929298,16.662993503565552
2001-05-24,16.857251820770013,17.826164628594416
2001-05-25,17.731956747114346,16.67718063811316
2001-05-29,16.308637173006492,14.466003865895164
2001-05-30,13.308947919514685,12.321764361289745
2001-05-31,12.446480566932584,12.747481412987215
2001-06-01,13.297339682476292,13.615325508644354
2001-06-04,14.059847647142064,13.549026449997477
2001-06-05,13.87073531752034,15.441964931027648
2001-06-06,15.61730592455038,14.941031795996553
2001-06-07,14.679104008419829,16.30909073915963
2001-06-08,16.212556036859862,14.630033058007431
2001-06-11,14.368154837416126,13.477957196193728
2001-06-12,12.44488811193003,13.527832107825704
2001-06-13,13.697919864857663,12.149229182559782
2001-06-14,11.65959730084706,10.56520644412495
2001-06-15,9.967025129512471,10.35813912321933
2001-06-18,10.545749763003185,9.699609906901468
2001-06-19,10.914344413981196,9.770944581375499
2001-06-20,9.40584984198558,10.532148339632322
2001-06-21,10.38899317331024,11.061449808970835
2001-06-22,11.139254898662925,10.599707689297729
2001-06-25,11.05989254063531,10.888492884194237
2001-06-26,10.22815911072662,10.99113437245676
2001-06-27,11.054873063852753,11.06480117265639
2001-06-28,11.557328839917025,12.07034424292286
2001-06-29,12.129958328299283,12.48674234745194
2001-07-02,12.506700436710402,12.476271536562757
2001-07-03,12.215830977832422,12.300444138992681
2001-07-05,11.859288715434047,10.873713706185644
2001-07-06,10.451296343211533,9.358972982241344
2001-07-09,9.561862052944345,9.8338200684939
2001-07-10,10.207984702494207,8.531416755575032
2001-07-11,8.410665562167368,8.782313342876687
2001-07-12,9.850134423917396,10.569244545378899
2001-07-13,10.405936904098098,10.576377890526832
2001-07-16,10.42663859100966,9.393129368341203
2001-07-17,9.210673672128438,10.105697889677888
2001-07-18,9.446068130029868,9.01859326963191
2001-07-19,9.561663259058497,9.47889224527676
2001-07-20,8.913034269690863,9.135782258435723
2001-07-23,9.438331247389364,8.344180179192012
2001-07-24,8.168834721106151,7.9552872483271715
2001-07-25,8.019030183587908,8.292069141573307
2001-07-26,8.23297794530566,8.977247801438663
2001-07-27,8.974139616603107,9.127247946377752
2001-07-30,9.221526375829347,8.903557545163157
2001-07-31,9.038663700345632,9.114034928257015
2001-08-01,9.598405497722071,9.860892478596124
2001-08-02,10.359642073491786,10.22314404563037
2001-08-03,10.088766019505421,9.770088449846414
2001-08-06,9.426012523616818,9.371678227066099
2001-08-07,9.242775861330319,9.256903808936112
2001-08-08,9.015331900204208,8.116649858919269
2001-08-09,8.057106291107875,8.150130020381265
2001-08-10,8.03534695830165,7.971778025082241
2001-08-13,8.114677781987487,8.499183873397996
2001-08-14,8.679004843564273,8.1248199757307
2001-08-15,8.11514416034995,7.252692992621322
2001-08-16,6.9212205023585245,7.369996083024507
2001-08-17,6.802698276511719,6.468502902128483
2001-08-20,6.486399688128867,6.711838083859407
2001-08-21,6.745869932413357,5.979470176948522
2001-08-22,6.266628580955839,6.398450267758295
2001-08-23,6.3699349460466985,6.160310316097769
2001-08-24,6.4601994160603375,7.198085970220175
2001-08-27,7.147777565587429,7.174311064117514
2001-08-28,7.187949954622164,6.457981963927645
2001-08-29,6.605826070417455,6.108323240775543
2001-08-30,5.774523796845745,5.551543691147952
2001-08-31,5.444178936428321,5.724186390582826
2001-09-04,5.682300301740647,5.1893238026674595
2001-09-05,5.200600321384643,5.088420483846711
2001-09-06,4.834981861415076,4.517123326679284
2001-09-07,4.375212758137111,4.4381542231146485
2001-09-10,4.316452808970047,4.539560799408085
2001-09-17,3.657239787130493,3.445918781241482
2001-09-18,3.57305108220292,3.2027241356712275
2001-09-19,3.2445367792670305,3.0698151149425024
2001-09-20,2.8160063279346743,2.751348962703902
2001-09-21,2.203052123548227,2.432701490238877
2001-09-24,2.689234417185102,2.85614168447071
2001-09-25,2.8770335677867167,2.8301492114289166
2001-09-26,2.940978312131043,2.5001567352117418
2001-09-27,2.4598212821621113,2.502778477898876
2001-09-28,2.59228301602839,2.660367884859368
2001-10-01,2.613966441757452,2.541997382509207
2001-10-02,2.5379542561442885,2.593660113990981
2001-10-03,2.4945226773241824,3.1776020031811716
2001-10-04,3.3466478574493976,3.257776537759952
2001-10-05,3.1596630856655357,3.3371863065934484
2001-10-08,3.1593707207417805,3.388000883640213
2001-10-09,3.38150107865218,3.1070013490733874
2001-10-10,3.0698280888236917,3.5507213458631597
2001-10-11,3.7875607068022914,4.2630181108989085
2001-10-12,4.136094331657035,4.2927739006684815
2001-10-15,4.072558626134374,4.148610796498829
2001-10-16,4.250221404953045,4.380870240752826
2001-10-17,4.714150211915638,3.4769256741213015
2001-10-18,3.479755638566998,3.597269936069659
2001-10-19,3.4894975341175436,3.7293204325378784
2001-10-22,3.6727179137353505,4.017184281774723
2001-10-23,4.139239172046208,4.020110315373725
2001-10-24,4.0572055595261025,4.372661270963137
2001-10-25,4.109890212774596,4.838407983102279
2001-10-26,4.667880680412248,4.5990668259534075
2001-10-29,4.509329256750784,3.84247959524038
2001-10-30,3.6679509523869953,3.571330306142336
2001-10-31,3.7796060488829606,3.7468731806412223
2001-11-01,3.8846630375640836,4.241085608532679
2001-11-02,4.179008764349197,4.251383768188636
2001-11-05,4.501507903435023,4.743628124082829
2001-11-06,4.654157178919603,5.145559578744137
2001-11-07,4.971314776593874,5.153023880334383
2001-11-08,5.387419054134933,4.99468333068838
2001-11-09,4.967698037456088,5.033511461352977
2001-11-12,4.999611302788114,5.165986131679266
2001-11-13,5.546320675503012,5.695683012997678
2001-11-14,5.9177051715483655,5.741970311131831
2001-11-15,5.5976032458339295,5.699469844799224
2001-11-16,5.7426818674932605,5.689686916109607
2001-11-19,5.856258266830853,6.071302297577154
2001-11-20,5.956502830603972,5.310309656690645
2001-11-21,5.246512743032425,5.328946255569133
2001-11-23,5.379045967875238,5.588008743495913
2001-11-26,5.719363407242552,6.03638338979043
2001-11-27,5.899241610316285,5.9216554789305125
2001-11-28,5.753765150860655,5.341711890171307
2001-11-29,5.466998485617716,5.776969862760189
2001-11-30,5.726114607426137,5.736862983372122
2001-12-03,5.52106419911618,5.42712770395894
2001-12-04,5.5757751833539855,6.125359128292727
2001-12-05,6.340486433205188,7.1117481890190755
2001-12-06,7.035628955556479,7.069116678754831
2001-12-07,6.921732557963472,6.524898422384248
2001-12-10,6.341730903126619,6.18868836955981
2001-12-11,6.421935064185888,6.361554846496799
2001-12-12,6.418977652114098,6.456159729526035
2001-12-13,6.043695705343225,5.678352852686624
2001-12-14,5.668640960414824,5.713533877127477
2001-12-17,5.726196440106602,6.079329667211307
2001-12-18,6.220995388677574,6.2677245719536625
2001-12-19,5.9451157768415985,5.934092856728894
2001-12-20,5.760771034333972,5.161592817292588
2001-12-21,5.383450551151859,5.364639891373186
2001-12-24,5.3918674480519195,5.350227527701083
2001-12-26,5.412912667766928,5.483964476916404
2001-12-27,5.5686456671872495,5.641843069513516
2001-12-28,5.759276558107686,5.791898198144531
2001-12-31,5.748961786598634,5.316813569994666
2002-01-02,5.4527487960863885,5.652851558660806
2002-01-03,5.733786908649523,6.2454218460007365
2002-01-04,6.455056513412205,6.3316087335307785
2002-01-07,6.514143620376369,6.031571449620985
2002-01-08,6.046489678927617,6.210481151303809
2002-01-09,6.450256135296772,6.052122250455779
2002-01-10,6.051897531041384,6.079116464407763
2002-01-11,6.107287776124416,5.825403632051579
2002-01-14,5.7239397648051975,5.498036636358942
2002-01-15,5.529163514184793,5.583106438658007
2002-01-16,5.334694973046414,5.032382369529771
2002-01-17,5.301721317524261,5.452942772927677
2002-01-18,5.002366707979891,4.902147898264817
2002-01-22,5.084093111884415,4.441652804797352
2002-01-23,4.530031592866517,4.863047932682643
2002-01-24,5.012913818658711,5.008801206556387
2002-01-25,4.824005146521344,4.935810671739195
2002-01-28,5.077520968918516,4.992816188442883
2002-01-29,5.046627834720447,4.549365963635501
2002-01-30,4.599206287961442,4.7225856834224675
2002-01-31,4.817552933744901,4.82206907202259
2002-02-01,4.766394323898685,4.613764157236682
2002-02-04,4.595259537381463,4.16747899907039
2002-02-05,4.076479825435544,4.026894297487636
2002-02-06,4.170473584559703,3.877252157847688
2002-02-07,3.868793957275562,3.616192798463194
2002-02-08,3.709826850917366,3.9104588920206518
2002-02-11,3.90042231092485,4.112556823564418
2002-02-12,3.9491900274982323,4.000184823994801
2002-02-13,4.092648437772843,4.17826598575607
2002-02-14,4.213952601233778,4.072478831885472
2002-02-15,4.093559246797723,3.75305005468509
2002-02-19,3.6289918029269628,3.3685298384637927
2002-02-20,3.4658993231020636,3.5196003161037606
2002-02-21,3.4349791438728383,3.0727296609492787
2002-02-22,3.091888244596988,3.1243697297385635
2002-02-25,3.1941133601536724,3.4841533796646535
2002-02-26,3.542902864862831,3.4295128425577746
2002-02-27,3.5683993464095694,3.2516981880997022
2002-02-28,3.304617575487872,3.1106303751075846
2002-03-01,3.204968590116919,3.6395784256610337
2002-03-04,3.632579515281959,4.086890141440954
2002-03-05,4.004220543772275,4.116781183371168
2002-03-06,4.031431931542151,4.282793583148107
2002-03-07,4.378046481320376,4.165065766071897
2002-03-08,4.413923330779167,4.567840103284515
2002-03-11,4.451199200415359,4.5507410282661995
2002-03-12,4.164524134773183,4.2494900690358515
2002-03-13,4.095624725476525,3.961998884453524
2002-03-14,3.9770566016409346,3.8858515068002304
2002-03-15,3.941600067707576,4.027177714867575
2002-03-18,4.158152131544759,4.107402161237873
2002-03-19,4.143079605398923,4.093703818939825
2002-03-20,3.907775793919726,3.660301602025149
2002-03-21,3.6675503668749005,3.9447613935549586
2002-03-22,3.895981543313282,3.792371418618282
2002-03-25,3.818027626244972,3.458729450496466
2002-03-26,3.427992308608934,3.5420008428798826
2002-03-27,3.4799916168052674,3.5161731829851512
2002-03-28,3.5952576127169884,3.633471379135
2002-04-01,3.5386900279826152,3.818315159073888
2002-04-02,3.5566324264586178,3.3000937248682995
2002-04-03,3.350447452711207,3.1819470851677094
2002-04-04,3.121187464891036,3.1971951439531128
2002-04-05,3.2573098210840734,3.052991417084931
2002-04-08,2.8524656886669075,3.1447649158310216
2002-04-09,3.1748086546068586,2.817266967120566
2002-04-10,2.8861379273063523,2.928464321064249
2002-04-11,2.85938196674789,2.679935176345789
2002-04-12,2.7759857840651003,2.8443354511030616
2002-04-15,2.8867632874451155,2.862164937567385
2002-04-16,3.0369325817985473,3.2403643213983515
2002-04-17,3.2973804444513157,3.165883871854224
2002-04-18,3.1242347684059806,3.1105236747282463
2002-04-19,3.192184340060257,3.0324089051390493
2002-04-22,2.9019416487818046,2.8018320454689003
2002-04-23,2.7950570900571527,2.6315225391058736
2002-04-24,2.7023965768566427,2.503577718272377
2002-04-25,2.4637180879336062,2.5010817992372854
2002-04-26,2.5488939709365255,2.1983373898717757
2002-04-29,2.227417289831459,2.1742123811710945
2002-04-30,2.1675487832286575,2.3306636281567483
2002-05-01,2.310855619804711,2.2761961778646307
2002-05-02,2.249491990272238,2.0492494725235315
2002-05-03,2.040967722852203,1.8742709262760313
2002-05-06,1.877218118860786,1.7328925042067065
2002-05-07,1.7885800087190755,1.7215011388334969
2002-05-08,1.9601952614488476,2.2959248436258908
2002-05-09,2.222457148180339,2.071777501902494
2002-05-10,2.1043826654500664,1.808320412366311
2002-05-13,1.8619150355102703,2.0511760008767794
2002-05-14,2.2792528874988696,2.372923488905603
2002-05-15,2.289323071797698,2.3982729078951426
2002-05-16,2.387392045594292,2.4224988754822743
2002-05-17,2.517476769610113,2.4743356462284347
2002-05-20,2.3838865771570843,2.286685074761758
2002-05-21,2.3314377146750704,2.0889893098864913
2002-05-22,2.0390641829681244,2.128687719311818
2002-05-23,2.1569378177888616,2.240036297358114
2002-05-24,2.1510492893540505,2.064373055037988
2002-05-28,2.118371917636094,2.0204096473543727
2002-05-29,1.957921943714713,1.8928438011757165
2002-05-30,1.8396784247516265,1.932429534029233
2002-05-31,1.9772297119116005,1.836349799874237
2002-06-03,1.8212662695331725,1.6117366705194855
2002-06-04,1.597130812310088,1.6917678391090647
2002-06-05,1.708024013981647,1.7630243098692047
2002-06-06,1.7105736029458514,1.5959029981573671
2002-06-07,1.389768089416159,1.5107359174887431
2002-06-10,1.5191272524061954,1.4910085205565107
2002-06-11,1.5419839732347238,1.3490478060248474
2002-06-12,1.3171644706510994,1.4283459482594225
2002-06-13,1.4044038506386636,1.3635411004203313
2002-06-14,1.260015739331805,1.3678069027452644
2002-06-17,1.4298813326591766,1.5182719958704085
2002-06-18,1.4764822932588655,1.471783447101842
2002-06-19,1.4356815085166885,1.3138779278490422
2002-06-20,1.302518760927702,1.1874459520064549
2002-06-21,1.1512410349528828,1.097663349411773
2002-06-24,1.0572356954906421,1.164123416340795
2002-06-25,1.206363395381134,1.044007059719532
2002-06-26,0.9122863261256252,1.044157429652341
2002-06-27,1.1087357833060103,1.1149339206877062
2002-06-28,1.104662565466419,1.116380318939123
2002-07-01,1.0938388033846715,0.9478861828854763
2002-07-02,0.9220780672337267,0.8501353815534598
2002-07-03,0.8328419819949684,0.9327731044885726
2002-07-05,0.9968832994241368,1.1205399980935258
2002-07-08,1.089588924022256,0.9742740566446402
2002-07-09,0.9765754454953637,0.903910132635742
2002-07-10,0.946690846759634,0.8137758974971614
2002-07-11,0.8006061204805942,0.9110963877646883
2002-07-12,0.9599296169367401,0.9165016111280515
2002-07-15,0.8890854702730834,0.9695676132814794
2002-07-16,0.9449188335066163,0.9411361110558724
2002-07-17,1.042617833989006,0.9853139731537038
2002-07-18,0.9621451278970212,0.8876323891325814
2002-07-19,0.8349196202048667,0.8096786914201521
2002-07-22,0.7916516348023863,0.7436400887893806
2002-07-23,0.7532829845299677,0.6416395450539524
2002-07-24,0.5955674763772412,0.7506254672661037
2002-07-25,0.7109100754155463,0.6182713652025655
2002-07-26,0.6417152093605543,0.6521364849265214
2002-07-29,0.7037106697262803,0.7826192793930663
2002-07-30,0.7507092396808125,0.8051760820114332
2002-07-31,0.7695808260616513,0.7598190828502022
2002-08-01,0.7416373632702552,0.6458335288428197
2002-08-02,0.6455846628575218,0.6006058741992495
2002-08-05,0.5942579372607038,0.5290513510363887
2002-08-06,0.5629962207607896,0.6136505434094909
2002-08-07,0.675894773136675,0.6463666653576646
2002-08-08,0.639366123857224,0.704753401965234
2002-08-09,0.6711794245821842,0.6816972852270156
2002-08-12,0.6559939922379242,0.6839953576443111
2002-08-13,0.6722583053226678,0.6155609994693478
2002-08-14,0.6249275122450714,0.7407473566238598
2002-08-15,0.7547734302805817,0.7681353738177513
2002-08-16,0.7374406237163864,0.8011447189041632
2002-08-19,0.8040190854525102,0.8730177477407448
2002-08-20,0.8431709247006115,0.8266367545723294
2002-08-21,0.8581013161222351,0.8943543907514677
2002-08-22,0.8957686031820061,0.9287728029312858
2002-08-23,0.8941209379344225,0.8273695876688927
2002-08-26,0.844537467751651,0.8421179133778203
2002-08-27,0.8534685934155894,0.7352303286316021
2002-08-28,0.7147781270082638,0.6684200473569684
2002-08-29,0.6440095301580827,0.7022935010358086
2002-08-30,0.6796769642883903,0.6597216929073055
2002-09-03,0.6302954517620952,0.5712587429156953
2002-09-04,0.5808876183630913,0.6117685441150505
2002-09-05,0.5714979897961624,0.5370414579638872
2002-09-06,0.5891513100737386,0.6094955969299015
2002-09-09,0.5923085956848438,0.6281370401208969
2002-09-10,0.6323215806919472,0.6590369413996559
2002-09-11,0.6808123548954127,0.6551862931399773
2002-09-12,0.6323367479601164,0.5904631916354784
2002-09-13,0.5798010931544296,0.6067121310301568
2002-09-16,0.5971393583391268,0.5761903120843578
2002-09-17,0.611739367020236,0.5525851454727594
2002-09-18,0.5274193966088964,0.5471912339120732
2002-09-19,0.5113327387481666,0.49388321174361727
2002-09-20,0.5121903387220087,0.5029504288574128
2002-09-23,0.48437294588353497,0.4539432700344987
2002-09-24,0.43296457356040713,0.45374831928549125
2002-09-25,0.4775205946629841,0.5140002482948203
2002-09-26,0.5323152105006479,0.5011222740365975
2002-09-27,0.4877501872196628,0.47784854278650984
2002-09-30,0.45827047095342,0.43183718237635865
2002-10-01,0.445303888526292,0.49170772815791186
2002-10-02,0.4821834461743383,0.45593114621244973
2002-10-03,0.45121640701368293,0.4293979771351689
2002-10-04,0.444277108385842,0.400530703108999
2002-10-07,0.39691496026428025,0.384417789178657
2002-10-08,0.3994208610757579,0.39378604774741416
2002-10-09,0.3782193595277157,0.38726976739518715
2002-10-10,0.3900433290674981,0.44786202229334265
2002-10-11,0.47625233882713364,0.5138782874417134
2002-10-14,0.49313399337066455,0.5299655182974709
2002-10-15,0.6016004667168406,0.6185254513832639
2002-10-16,0.5419486238478232,0.5395812185709252
2002-10-17,0.6122954601508535,0.6002974993107182
2002-10-18,0.5836013580346632,0.6201896975091394
2002-10-21,0.5999456374393273,0.6634215384620704
2002-10-22,0.6121963192572465,0.6303970785816885
2002-10-23,0.6228934817979229,0.6793447393611808
2002-10-24,0.685611663961776,0.628148111640538
2002-10-25,0.6261279342065655,0.6873221906654758
2002-10-28,0.712241149324006,0.6522130789886436
2002-10-29,0.644170190321704,0.6145070831913053
2002-10-30,0.6289473709486689,0.6629932556154889
2002-10-31,0.6713893510332836,0.6693799739689087
2002-11-01,0.6522564439706986,0.7274037030120166
2002-11-04,0.7922623088435712,0.786269368814646
2002-11-05,0.7562019712065796,0.7923137738315765
2002-11-06,0.8082754426423291,0.8268989516012015
2002-11-07,0.7750476288721172,0.7347584036470496
2002-11-08,0.7349884813965921,0.6966652094221788
2002-11-11,0.6882075978233698,0.6222859735071485
2002-11-12,0.6411651997612074,0.6790557796564833
2002-11-13,0.6634414717700285,0.6982709906518452
2002-11-14,0.7340401437672133,0.7946394096288062
2002-11-15,0.7638163377049705,0.8007552735039649
2002-11-18,0.8289639465028301,0.7621544072575992
2002-11-19,0.7444882574262063,0.7198453909864241
2002-11-20,0.7250382289800331,0.8134680544934308
2002-11-21,0.8413725709034257,0.9231131270770321
2002-11-22,0.8843378243435064,0.9161371175356143
2002-11-25,0.9206795873524677,0.9426528395984121
2002-11-26,0.9152352472728833,0.8440140377502688
2002-11-27,0.8913455077009912,0.9336912604247565
2002-11-29,0.951864046385188,0.9085489130138649
2002-12-02,0.9768170040528367,0.9156591594190858
2002-12-03,0.888235340361828,0.8382429775708875
2002-12-04,0.7920230167575768,0.7928033570282617
2002-12-05,0.8271216962641428,0.7536857502181985
2002-12-06,0.7225806636621754,0.7791476209153213
2002-12-09,0.7544820705714897,0.668273944109919
2002-12-10,0.6829096397452682,0.7040252903207134
2002-12-11,0.6850037516496118,0.7096646992155761
2002-12-12,0.7322328606983937,0.7161561931764685
2002-12-13,0.6904666681380066,0.6462166641044146
2002-12-16,0.6575879588065205,0.7168727076300958
2002-12-17,0.7093936326387348,0.7112479941516333
2002-12-18,0.6900441687659539,0.6572912482184984
2002-12-19,0.6547600193548597,0.6419538126819404
2002-12-20,0.6486151541323327,0.6564962022473423
2002-12-23,0.6534245929110335,0.6915647093863224
2002-12-24,0.6797593933611651,0.6729595999008263
2002-12-26,0.678892951234573,0.6588068485388174
2002-12-27,0.6505204787012094,0.6223150298865944
2002-12-30,0.6249362594142039,0.606853475594375
2002-12-31,0.6027743325680406,0.596224966074462
2003-01-02,0.6164542179166128,0.6760438780211421
2003-01-03,0.6690722455829436,0.6828210310945764
2003-01-06,0.6872813538916315,0.741749441837673
2003-01-07,0.7450033554267323,0.7629177889882334
2003-01-08,0.7447261804539601,0.7003818014013691
2003-01-09,0.7284866352837857,0.7683913557487032
2003-01-10,0.7333869090567139,0.7901675281848776
2003-01-13,0.8200963790045602,0.7790034614265409
2003-01-14,0.777318340010739,0.8039245346651873
2003-01-15,0.8081922514709714,0.7562225642751619
2003-01-16,0.761358523589441,0.7297984660554734
2003-01-17,0.6881791865052097,0.6406110565688554
2003-01-21,0.6504663093270368,0.6234683849694419
2003-01-22,0.6169788592129521,0.6184512033566104
2003-01-23,0.6512992390045836,0.6666663979977939
2003-01-24,0.6567620156490926,0.5960580407916528
2003-01-27,0.5758840806419755,0.5779758578548769
2003-01-28,0.5961386511490373,0.6040162824511739
2003-01-29,0.5914411240813502,0.6303696259801176
2003-01-30,0.6336778738188049,0.5718919047514163
2003-01-31,0.5474196710050904,0.5665443705339793
2003-02-03,0.5737765769813746,0.5730137495081626
2003-02-04,0.5481485458164084,0.5458911544532783
2003-02-05,0.5608645625920812,0.5404200693272325
2003-02-06,0.535308514301647,0.5425653825544343
2003-02-07,0.5590256146254401,0.518682326534436
2003-02-10,0.5260096121547573,0.5393599387044101
2003-02-11,0.5484096258922322,0.5415860550225998
2003-02-12,0.5351390093668873,0.5164708344205967
2003-02-13,0.5207730907138023,0.5080837240378425
2003-02-14,0.5179593361603526,0.5564843893761287
2003-02-18,0.5700549392998171,0.6124752650907271
2003-02-19,0.6063897054095756,0.5956889886487389
2003-02-20,0.6036479624655752,0.5872126763175993
2003-02-21,0.588145857934539,0.6121619799365138
2003-02-24,0.5996498922487359,0.5736398291970967
2003-02-25,0.5506145710360669,0.5802735193549291
2003-02-26,0.5689338449794754,0.537032273047009
2003-02-27,0.5500670603609965,0.5704790908925493
2003-02-28,0.5761931889619258,0.5958309828286406
2003-03-03,0.6064335651629794,0.561766281498491
2003-03-04,0.5624326602667808,0.5475298483767413
2003-03-05,0.5451119295851046,0.5591439211269161
2003-03-06,0.5450364767150767,0.5480055444007348
2003-03-07,0.5209932353281763,0.5512783940201796
2003-03-10,0.5361825178657234,0.5134901493118266
2003-03-11,0.5171894435709284,0.5042620850234301
2003-03-12,0.4974877698960035,0.5221057482057292
2003-03-13,0.5538742524439418,0.6197983431995372
2003-03-14,0.6279172994524038,0.6204068463483433
2003-03-17,0.6048307897184136,0.7023007290657838
2003-03-18,0.6986620471763146,0.7117998504577443
2003-03-19,0.7036094284343027,0.6970114093313113
2003-03-20,0.6760035980108984,0.7060559047409605
2003-03-21,0.737251821994557,0.7305279717575623
2003-03-24,0.6731434815637998,0.6395731307536989
2003-03-25,0.6477531789973108,0.6749394192299442
2003-03-26,0.673157678446229,0.6738616410032878
2003-03-27,0.6534833676324774,0.6647795957877756
2003-03-28,0.6463222592070127,0.6358619802616026
2003-03-31,0.6022638794276325,0.584847615289197
2003-04-01,0.5955577052530773,0.5911428132951237
2003-04-02,0.6338341188334689,0.662743632431519
2003-04-03,0.6756472785373009,0.6631522836833937
2003-04-04,0.6693254005179218,0.6374260551302029
2003-04-07,0.7085585501953467,0.6367843252393878
2003-04-08,0.6337431013749008,0.6236264130944724
2003-04-09,0.6280505196176234,0.58216249388316
2003-04-10,0.5840008460927115,0.5981182872202307
2003-04-11,0.62098493062499,0.5845861702173001
2003-04-14,0.5875035384976481,0.6220796428525361
2003-04-15,0.6147340870143404,0.6299289145854371
2003-04-16,0.6611777028781769,0.6317219117112933
2003-04-17,0.6251159612642574,0.6822910628377203
2003-04-21,0.6823646626892816,0.6769605857622891
2003-04-22,0.663226504796432,0.7158649774321911
2003-04-23,0.7214293522848253,0.7357725905223131
2003-04-24,0.7114862853896813,0.7253043920428405
2003-04-25,0.7103331141483861,0.676231232094994
2003-04-28,0.6822976792970762,0.7207245352650038
2003-04-29,0.7319848368258887,0.739057547369966
2003-04-30,0.728325744919375,0.7172491866515314
2003-05-01,0.7136809650756719,0.7305011262982323
2003-05-02,0.7237191259678897,0.7751172121909373
2003-05-05,0.7814437911578445,0.7742463196104494
2003-05-06,0.7704476424180513,0.8072435878258604
2003-05-07,0.7861084342645648,0.771273414377818
2003-05-08,0.7397430181492473,0.7359282440306596
2003-05-09,0.7564008018991067,0.784738770910328
2003-05-12,0.77932558432076,0.8186260302013167
2003-05-13,0.8020511860310144,0.8084370171772288
2003-05-14,0.8196384919378131,0.7910753991094043
2003-05-15,0.8051517774003089,0.8211677937166747
2003-05-16,0.811461297447497,0.8026537743497688
2003-05-19,0.7861745409637559,0.7154032357950559
2003-05-20,0.7263129239632037,0.7153901859186726
2003-05-21,0.7110991810764228,0.7163715476430913
2003-05-22,0.7209541642728058,0.7501830877808218
2003-05-23,0.7438228528555936,0.7467551113269499
2003-05-27,0.7337750892504177,0.8293057675275807
2003-05-28,0.8298290980570808,0.8301615161803053
2003-05-29,0.8342506915044483,0.8475717575598983
2003-05-30,0.8618694761450423,0.8816523619098934
2003-06-02,0.9097230446005565,0.8515481981287685
2003-06-03,0.8478941393475696,0.8797117727676853
2003-06-04,0.8819203683608152,0.9367278342991808
2003-06-05,0.9039382707203175,0.9507791894324856
2003-06-06,1.003458512002486,0.9033921595014812
2003-06-09,0.8892525655131673,0.8636833028916017
2003-06-10,0.875697159223675,0.9009839498911281
2003-06-11,0.8953038740497682,0.9340443187715707
2003-06-12,0.9456085046834273,0.9356457541696164
2003-06-13,0.9408032479621554,0.87661798711738
2003-06-16,0.8930059389598305,0.958967965731658
2003-06-17,0.9724467020697005,0.9534733072664751
2003-06-18,0.9396912564411757,0.9714459660317915
2003-06-19,0.97010567749645,0.9192858082618355
2003-06-20,0.9398458942548594,0.9125178452218419
2003-06-23,0.9049533287689904,0.86003180511078
2003-06-24,0.8520404975044682,0.8411745417890619
2003-06-25,0.8439147695469619,0.8333131509793342
2003-06-26,0.8467233716742004,0.8882707727772445
2003-06-27,0.8929018959387451,0.8669492551774334
2003-06-30,0.8822752012345031,0.8582869395808507
2003-07-01,0.844236545484147,0.8906474405822411
2003-07-02,0.9030490396774791,0.9526380542308115
2003-07-03,0.9239073756040215,0.918891766763752
2003-07-07,0.9603502371128564,1.0333792239292796
2003-07-08,1.018195009518315,1.0718318913620506
2003-07-09,1.061997582811801,1.0629812436846426
2003-07-10,1.0262930866832078,0.9975146650651924
2003-07-11,1.0095757684169315,1.0249162545766175
2003-07-14,1.0739980531343383,1.060053994055984
2003-07-15,1.0938485403315181,1.0552562990654348
2003-07-16,1.082426225599341,1.0477292667406322
2003-07-17,1.0053006921948944,0.9604248416849784
2003-07-18,0.980808218810775,0.968558831326595
2003-07-21,0.9594131595580015,0.9238625314103132
2003-07-22,0.9507503007783862,0.9609152015243877
2003-07-23,0.971882776010791,0.985170554398577
2003-07-24,1.0164685073548476,0.948568693257444
2003-07-25,0.9455846481881782,1.0033685522638731
2003-07-28,1.010460661400965,1.0077438178914926
2003-07-29,1.0160814992157507,0.9941285371080738
2003-07-30,0.997010503790485,0.9666034682737434
2003-07-31,0.9994934065890364,0.9959086893742418
2003-08-01,0.9900408643534446,0.9656956052083586
2003-08-04,0.9636422064254366,0.9718415947641196
2003-08-05,0.9631768738621668,0.8848764230875842
2003-08-06,0.8678196211682118,0.8528416136021837
2003-08-07,0.8519798043796376,0.8564204949958636
2003-08-08,0.8697618884988871,0.8344702260423185
2003-08-11,0.8384136409570946,0.8667440963191748
2003-08-12,0.875650535179359,0.9035334927175275
2003-08-13,0.9181433228494821,0.9018849223142555
2003-08-14,0.9032530950269839,0.9263015381841464
2003-08-15,0.9226955354353281,0.9293494368601141
2003-08-18,0.9390801781092197,0.9983159265387153
2003-08-19,1.0131901161788985,1.032349719239375
2003-08-20,1.0074697583886518,1.0311915363940396
2003-08-21,1.0541812515758986,1.0660087195667345
2003-08-22,1.122826471816582,1.0376538944835292
2003-08-25,1.0323520969611082,1.0417646007386034
2003-08-26,1.0212135482729607,1.0463205144500942
2003-08-27,1.0385214476451654,1.0689812135924406
2003-08-28,1.0789408504139932,1.100799080403167
2003-08-29,1.0908209535027422,1.1216733638318073
2003-09-02,1.1373623696310706,1.1709408458896677
2003-09-03,1.1943504412110921,1.1672857699851522
2003-09-04,1.1668751444755947,1.1999468719804631
2003-09-05,1.1811743187324149,1.169294913371277
2003-09-08,1.180783337050583,1.2325998662482864
2003-09-09,1.2144853921174932,1.1887136705237349
2003-09-10,1.1550157548311337,1.0894069557393888
2003-09-11,1.1075950999304178,1.1342128687373165
2003-09-12,1.1084985255180773,1.1498276397187182
2003-09-15,1.155292414161271,1.123717970808835
2003-09-16,1.1256994538293814,1.2105357101728262
2003-09-17,1.2009693192655784,1.1937546145542923
2003-09-18,1.1874290620710781,1.25319935621954
2003-09-19,1.2700754064777244,1.2306732773933404
2003-09-22,1.1742586417635925,1.1612814142479564
2003-09-23,1.1648503951436442,1.2160698604181623
2003-09-24,1.2165865321950209,1.0875449030596314
2003-09-25,1.099243201667624,1.0524801508998332
2003-09-26,1.0475627355820638,1.0125615251094005
2003-09-29,1.0330650137012307,1.0730208993720614
2003-09-30,1.0447084390293082,0.9963348547226948
2003-10-01,1.01593396124209,1.0687120295506616
2003-10-02,1.060630317603071,1.071986112736283
2003-10-03,1.1340725406316179,1.164098817519796
2003-10-06,1.17092529709037,1.1793566891557012
2003-10-07,1.1542557576883916,1.205433995956845
2003-10-08,1.2202514112903604,1.1777011740470134
2003-10-09,1.234662657008759,1.2132388459249608
2003-10-10,1.2185421738845743,1.2328988755466805
2003-10-13,1.2521292708676166,1.2578559443316493
2003-10-14,1.2488214251538259,1.272532143264733
2003-10-15,1.3238898571626734,1.2616087927975963
2003-10-16,1.2441008898105628,1.2845209971145641
2003-10-17,1.2766373767994226,1.1954975772223766
2003-10-20,1.1985740352405252,1.2338908964975392
2003-10-21,1.243093354220399,1.2666436333777444
2003-10-22,1.2170295429626037,1.1739695530478682
2003-10-23,1.1341321425746793,1.1490591491345699
2003-10-24,1.1046547481999818,1.1286965149736428
2003-10-27,1.148828579473268,1.1444995582104147
2003-10-28,1.164361528904133,1.2507250091438027
2003-10-29,1.2347710211892848,1.2492902450080632
2003-10-30,1.2955662101206074,1.240224486600866
2003-10-31,1.2554825521562838,1.2364349725946426
2003-11-03,1.2535691155567241,1.3058963242066142
2003-11-04,1.2815151553882187,1.2676582586104392
2003-11-05,1.263563283414027,1.2670699481391658
2003-11-06,1.2922260718616838,1.294002362314577
2003-11-07,1.3214697003230618,1.2833633177036405
2003-11-10,1.2805223057390653,1.2231341878528
2003-11-11,1.2171238207159674,1.2092218693983652
2003-11-12,1.220477020164102,1.2958514499094242
2003-11-13,1.2716911672734552,1.2847739162038962
2003-11-14,1.2818812234094255,1.197216385250802
2003-11-17,1.1759699920106148,1.1612848889803788
2003-11-18,1.180071484367039,1.086719097666674
2003-11-19,1.0952711086546425,1.1198567246307591
2003-11-20,1.087300944976787,1.0814964606560258
2003-11-21,1.0980343894077285,1.1040402699568368
2003-11-24,1.1322305141006879,1.2153996774617923
2003-11-25,1.2121940592267408,1.1939948920081984
2003-11-26,1.2205251978848106,1.2151225772680754
2003-11-28,1.207683973158425,1.2246628348317596
2003-12-01,1.2495598636745786,1.2829666815848244
2003-12-02,1.26814743620036,1.2417040682673337
2003-12-03,1.2632459909468112,1.2085176250512004
2003-12-04,1.2204741299636486,1.2398303992323023
2003-12-05,1.1962066331299321,1.173223565541207
2003-12-08,1.170506594392648,1.200062179038296
2003-12-09,1.2140317423057532,1.1109701135517702
2003-12-10,1.119153097123887,1.1228237729291215
2003-12-11,1.1221605140381516,1.1897539459098068
2003-12-12,1.1961585357793143,1.1895165625570652
2003-12-15,1.2514130648915132,1.1331377216481968
2003-12-16,1.1341001441352514,1.1479178663157568
2003-12-17,1.141302839284913,1.13891914787921
2003-12-18,1.148400368563917,1.2147350246625275
2003-12-19,1.2234439877477303,1.2005258087312984
2003-12-22,1.1914882843280337,1.2133996839458376
2003-12-23,1.2127146286965447,1.2542145084486074
2003-12-24,1.2391660366845088,1.2402199724020515
2003-12-26,1.2428470456308292,1.2409076496637532
2003-12-29,1.2500834199918753,1.3084977441031491
2003-12-30,1.3009293719693542,1.3064216569223022
2003-12-31,1.3100082200897845,1.2997394116711452
2004-01-02,1.3157713182257773,1.2868645531893923
2004-01-05,1.3152898619406423,1.373691695909075
2004-01-06,1.3616349245234678,1.3852891893944117
2004-01-07,1.3767375425692367,1.4199345245790758
2004-01-08,1.4469097459783657,1.465074037605956
2004-01-09,1.4240885261233374,1.4343951000248045
2004-01-12,1.4453428908299226,1.4880551532734894
2004-01-13,1.489114564278782,1.4433359322577481
2004-01-14,1.4630369496702191,1.4685850401537115
2004-01-15,1.441118773893558,1.4611588208711364
2004-01-16,1.4986312093028207,1.522152605223181
2004-01-20,1.537006168270775,1.5185571547129812
2004-01-21,1.4963890458537377,1.4988713206897804
2004-01-22,1.5109792865197447,1.4502586315439279
2004-01-23,1.463838272185489,1.4512135015225047
2004-01-26,1.4374140740805585,1.5133370781270385
2004-01-27,1.4980352912837671,1.4120620796128984
2004-01-28,1.4341134329403706,1.332726409398622
2004-01-29,1.354337248013218,1.3444524458845613
2004-01-30,1.3397934307241022,1.334393476423039
2004-02-02,1.3464373167828385,1.3190674740068478
2004-02-03,1.313436304619998,1.328585403755256
2004-02-04,1.2790848792567906,1.2501130626503012
2004-02-05,1.2658727399275913,1.2551837649662634
2004-02-06,1.272625384206972,1.341939708710879
2004-02-09,1.3504297611596925,1.319096286645443
2004-02-10,1.3179607040647277,1.3428729286320236
2004-02-11,1.3363770206846841,1.3789051552519243
2004-02-12,1.3619638691267044,1.3428370395574984
2004-02-13,1.3512914920700798,1.29622421037431
2004-02-17,1.3329588022191394,1.353400570562211
2004-02-18,1.3608662035831531,1.3547258915979699
2004-02-19,1.3943299169827146,1.2904631314196946
2004-02-20,1.3055938877819009,1.2821642734374297
2004-02-23,1.2976674042846423,1.2329599864573504
2004-02-24,1.2188746790878457,1.2275671486843647
2004-02-25,1.2365750759135037,1.2471684326802492
2004-02-26,1.2343810111498503,1.2635073060500284
2004-02-27,1.2692150047474624,1.2450596094443558
2004-03-01,1.2589172411856124,1.292805464973152
2004-03-02,1.2876040568104086,1.249468563615141
2004-03-03,1.240168346903907,1.2303344335388846
2004-03-04,1.231355830376749,1.2677642433071457
2004-03-05,1.2249487565871315,1.2447564428085245
2004-03-08,1.2540218133108283,1.1624805720740272
2004-03-09,1.1623819187824,1.1526776775473129
2004-03-10,1.1547459645863305,1.1036191931639434
2004-03-11,1.0836314349490102,1.0671676990137429
2004-03-12,1.0980016212302677,1.1336024482929972
2004-03-15,1.1135277388599387,1.058416681555975
2004-03-16,1.0857148618000325,1.073658775257724
2004-03-17,1.0995350544459874,1.1230727253696553
2004-03-18,1.110742828565569,1.096026312816571
2004-03-19,1.0919965188171805,1.0507124361680926
2004-03-22,1.0236332825631265,1.0113138500738565
2004-03-23,1.033403146263374,0.9848520856245051
2004-03-24,0.9945760750950281,1.0096135312755432
2004-03-25,1.036238953222857,1.1063997453670475
2004-03-26,1.0932505481825392,1.0812022456237158
2004-03-29,1.1131774778570345,1.1425440578956234
2004-03-30,1.126096245077443,1.1483579112948825
2004-03-31,1.147687293346591,1.1311020862140924
2004-04-01,1.1318088080646997,1.1651031604913096
2004-04-02,1.234631969547401,1.2540307414834855
2004-04-05,1.248836184044485,1.2984539797554735
2004-04-06,1.2580376010386893,1.25915467574289
2004-04-07,1.2472978651718036,1.2288346546941848
2004-04-08,1.2800878156923194,1.2354455217995888
2004-04-12,1.2451085537430922,1.2604866175477647
2004-04-13,1.2752529200987373,1.2005980339138467
2004-04-14,1.1791633272555553,1.2060657001058008
2004-04-15,1.2151240919805812,1.1650684377123903
2004-04-16,1.1623303821112143,1.1392516677487852
2004-04-19,1.138374383401932,1.1958585981022354
2004-04-20,1.196576099302976,1.1057714577403825
2004-04-21,1.1263642070997886,1.1375540989115362
2004-04-22,1.1355968677286759,1.217615364268186
2004-04-23,1.233680032212177,1.244994900954067
2004-04-26,1.243626278597943,1.2028728203659125
2004-04-27,1.2148981910356798,1.1991801281505359
2004-04-28,1.1899493495916944,1.1341825807158796
2004-04-29,1.1298915129631417,1.0826166654300147
2004-04-30,1.0907866818028644,1.0132620143794568
2004-05-03,1.029541217738097,1.0427668173621212
2004-05-04,1.0463757921305257,1.0569919525047078
2004-05-05,1.0623474627232652,1.0702027586575782
2004-05-06,1.0431653628762148,1.0405422470930363
2004-05-07,1.0300739662598426,1.0189996731163822
2004-05-10,0.9947036958374157,0.998330311979637
2004-05-11,1.0177638666837991,1.0510550533027434
2004-05-12,1.0297925251791633,1.0344580716175495
2004-05-13,1.020316527168536,1.0383829123850157
2004-05-14,1.0343216561164414,0.999712563009041
2004-05-17,0.9567452346766873,0.9561581861500551
2004-05-18,0.9876257307346927,0.9919696833772724
2004-05-19,1.0275649086643288,0.9878164287827437
2004-05-20,0.9959564341938283,0.9880724148743193
2004-05-21,1.014694189257724,1.0111604531348428
2004-05-24,1.0335722563887744,1.0226497235290908
2004-05-25,1.0192279921131424,1.0948441477865458
2004-05-26,1.083972950838536,1.1077211079137648
2004-05-27,1.1214069218947238,1.127965700287434
2004-05-28,1.1314721668999908,1.1342202490622564
2004-06-01,1.113996930541982,1.1383606397592552
2004-06-02,1.147186772117872,1.127261913421998
2004-06-03,1.1151732710967261,1.0826548807610032
2004-06-04,1.1232173674814576,1.1033607769008908
2004-06-07,1.1268316385343475,1.1860788401012476
2004-06-08,1.1668310357161127,1.1955535980870924
2004-06-09,1.1744349849376317,1.1316133398040589
2004-06-10,1.1454865707203266,1.157955356208742
2004-06-14,1.1324949424162674,1.1043449207749891
2004-06-15,1.1305258049591522,1.150420542643657
2004-06-16,1.148819767542981,1.1512995897613343
2004-06-17,1.1366991476208428,1.1132964907461853
2004-06-18,1.0988010804852264,1.1136494190273354
2004-06-21,1.1207797177238514,1.0865270389331865
2004-06-22,1.0921066468445109,1.134294031432284
2004-06-23,1.1261368706180048,1.176128505176876
2004-06-24,1.1686910811764615,1.1628634089012326
2004-06-25,1.1635724943195016,1.1855008170416383
2004-06-28,1.2062247986800076,1.1715101238419456
2004-06-29,1.1653241782227892,1.2000160684393801
2004-06-30,1.20417683360645,1.22533533394182
2004-07-01,1.220411681240015,1.1588737000249345
2004-07-02,1.1555185339666476,1.138382091330463
2004-07-06,1.1131894414435695,1.056491928915194
2004-07-07,1.054713014608973,1.0704530449900989
2004-07-08,1.0414402238693565,1.0226875576351495
2004-07-09,1.04648515750078,1.0407586935651678
2004-07-12,1.0184461052064933,1.0227210965541773
2004-07-13,1.0307988843484828,1.0144333489844626
2004-07-14,0.9836333736483293,0.9866228792632847
2004-07-15,0.9991907005273876,0.9854108416089046
2004-07-16,1.0070674213104176,0.9339593018838303
2004-07-19,0.947153930565055,0.9423909190717937
2004-07-20,0.9457820080470848,0.9908890617815013
2004-07-21,1.015995600888134,0.9162586990290369
2004-07-22,0.9145277778089801,0.9589252701214275
2004-07-23,0.9300327032884982,0.8914704034762794
2004-07-26,0.8936644317850144,0.8769338053070163
2004-07-27,0.8886598444341886,0.9208886523072498
2004-07-28,0.9066258762671232,0.9047538542613938
2004-07-29,0.9271096771618026,0.9331207897208199
2004-07-30,0.9297283096232689,0.9360078548032075
2004-08-02,0.9152038303803484,0.9466576398193229
2004-08-03,0.9382044555804985,0.8912480383002476
2004-08-04,0.87792484166988,0.8905112277475317
2004-08-05,0.8934708099206792,0.8397384809190795
2004-08-06,0.8163812944429903,0.7689595485101349
2004-08-09,0.7783369103209845,0.7744758858147686
2004-08-10,0.7867133197063606,0.823318389549509
2004-08-11,0.7734360893851996,0.7818160485352249
2004-08-12,0.7622958115305101,0.7456498305952168
2004-08-13,0.7580452998453238,0.7507595376464771
2004-08-16,0.7533390384166583,0.7829505342766693
2004-08-17,0.7934217954587077,0.7980545076369546
2004-08-18,0.7856579999949274,0.8469412278551083
2004-08-19,0.8338433650255929,0.826765712222729
2004-08-20,0.8246606436111713,0.8507519592832352
2004-08-23,0.8574552304977445,0.8578288400024414
2004-08-24,0.8689024894684012,0.8548904810515021
2004-08-25,0.8534470344227351,0.8904334425733982
2004-08-26,0.8797350167415802,0.8797104472338116
2004-08-27,0.8805440849406063,0.8877121677165241
2004-08-30,0.8769075302502907,0.8476682008106275
2004-08-31,0.8491172725966997,0.8483343714028317
2004-09-01,0.8379200277528421,0.8646568373391843
2004-09-02,0.8581396832808043,0.9020710130490704
2004-09-03,0.8747352849216681,0.8505046102721319
2004-09-07,0.8699762006905635,0.8684042840019796
2004-09-08,0.8615558862929369,0.8581392900448829
2004-09-09,0.8735811160876755,0.8851541585024749
2004-09-10,0.8841542658637305,0.9253486689392239
2004-09-13,0.9344706876699223,0.9528638642099118
2004-09-14,0.9483600862958255,0.9660885373448892
2004-09-15,0.9477823547401287,0.9270212066361164
2004-09-16,0.9307011456304211,0.9314940063759156
2004-09-17,0.930631668915176,0.9471194456015563
2004-09-20,0.9289736987328406,0.9429977907523772
2004-09-21,0.9527899959249481,0.9645062007528578
2004-09-22,0.9415538037398967,0.9005167580631299
2004-09-23,0.9031031830143297,0.9027449686864993
2004-09-24,0.9061049356463416,0.889003719222445
2004-09-27,0.8712654957476417,0.8626460595904535
2004-09-28,0.8708025401034338,0.8696679664834469
2004-09-29,0.8692856444704267,0.9086494425519339
2004-09-30,0.9051202559111826,0.9115051340856185
2004-10-01,0.9375258815688613,0.9895056430141888
2004-10-04,1.01009525622027,1.000954320424707
2004-10-05,0.9947317850036164,1.0057308151705067
2004-10-06,1.00206965998466,1.030823779606629
2004-10-07,1.020618459363354,0.991171324845353
2004-10-08,0.9779295981943631,0.9400157654947862
2004-10-11,0.9486489640083692,0.9525939610536741
2004-10-12,0.9253418645521579,0.9459670113847297
2004-10-13,0.9786573222214204,0.9433214265276025
2004-10-14,0.9438347803753872,0.9242794995225847
2004-10-15,0.9338157126175293,0.9347374969998085
2004-10-18,0.9286637496879087,0.9852995439755774
2004-10-19,0.9964490332893908,0.9567810736134568
2004-10-20,0.9512319116456714,0.9727141507893534
2004-10-21,0.9872172357485497,1.0174623244834287
2004-10-22,1.0131666684819467,0.9411984710217276
2004-10-25,0.9357596810730169,0.9292871279534418
2004-10-26,0.9282760433342759,0.9471178915306249
2004-10-27,0.9460324529892992,1.0209106635201097
2004-10-28,1.0067846834075866,1.0344679870647062
2004-10-29,1.0310306201292974,1.0327646805026676
2004-11-01,1.0313535653055552,1.0362102777581967
2004-11-02,1.0389716161590021,1.0479697308708709
2004-11-03,1.1004058591826642,1.0650218771218205
2004-11-04,1.0521907469514873,1.0899736082344842
2004-11-05,1.1121844578841242,1.108507001403407
2004-11-08,1.1078038305447004,1.1116989584983932
2004-11-09,1.1114963144871284,1.1104858658251664
2004-11-10,1.103694685258307,1.0879392171851758
2004-11-11,1.1037489682276838,1.1403827036434908
2004-11-12,1.1434789618225014,1.1765648819687908
2004-11-15,1.1667868953302194,1.1812749798306243
2004-11-16,1.1667737103445974,1.1521927375537293
2004-11-17,1.1813320142706865,1.2019867854748822
2004-11-18,1.1943694256565933,1.2230968955589037
2004-11-19,1.2180592245673503,1.155638777339309
2004-11-22,1.1530338223915166,1.1907295929959925
2004-11-23,1.1866555940529708,1.1768206196331317
2004-11-24,1.1990805162558227,1.2211782847581292
2004-11-26,1.2185843025965246,1.2102393988183449
2004-11-29,1.2285971361812102,1.2140973767500796
2004-11-30,1.2114467455495186,1.1925098858277574
2004-12-01,1.2073778224521574,1.2731995930032187
2004-12-02,1.2606890817868879,1.2862240885990501
2004-12-03,1.3047028031948253,1.2879805473196766
2004-12-06,1.2824876101358555,1.29927589817034
2004-12-07,1.3065544837738543,1.2250712311133358
2004-12-08,1.2350576600992655,1.2532315853155365
2004-12-09,1.2153432606528591,1.2695491282808085
2004-12-10,1.2493100788097884,1.2574472136212307
2004-12-13,1.2859927379647034,1.2941131213972479
2004-12-14,1.2864833893362244,1.308030997533816
2004-12-15,1.3063510453838016,1.297711528340902
2004-12-16,1.2918940365346514,1.2583440176261935
2004-12-17,1.260213239156169,1.2314133783391301
2004-12-20,1.247627382063176,1.2194048478149644
2004-12-21,1.2341303241393684,1.2583033075299357
2004-12-22,1.2494733035043128,1.2672761273366482
2004-12-23,1.2556725581211248,1.2666206205668733
2004-12-27,1.2838921571174404,1.2507143751038492
2004-12-28,1.2579172988297416,1.2885249108679697
2004-12-29,1.276490991350513,1.289176592837502
2004-12-30,1.291636642964071,1.2852590173162495
2004-12-31,1.286170236244139,1.27791258992932
2005-01-03,1.295422378185236,1.2346571830204915
2005-01-04,1.2519504371984487,1.1596066003055319
2005-01-05,1.1521504177404085,1.1408279148189913
2005-01-06,1.1488867271323735,1.1261126266006873
2005-01-07,1.1432328593250258,1.140958786893992
2005-01-10,1.1326507671448673,1.1402085780315245
2005-01-11,1.1216771061699382,1.1141610723500683
2005-01-12,1.1318557398740339,1.1399486316959426
2005-01-13,1.143338050637309,1.0939115115738804
2005-01-14,1.1081723984447152,1.1269865776846155
2005-01-18,1.1115284639942387,1.1524729689622382
2005-01-19,1.150497214666317,1.0904142916903614
2005-01-20,1.050064043735671,1.0243707709138583
2005-01-21,1.0335602329108258,1.0011682365256604
2005-01-24,1.0090393672983697,0.9541499628403161
2005-01-25,0.976930474825386,0.972437912307124
2005-01-26,0.9945000511068149,1.0079088093709392
2005-01-27,0.9999532552909774,1.0041191041257245
2005-01-28,1.0103532261061778,0.9870205086725036
2005-01-31,1.0176116750474744,1.0261926675221278
2005-02-01,1.0285391454981758,1.033505555628106
2005-02-02,1.0404602867218347,1.0355494478341272
2005-02-03,1.0170278933077774,1.0005446812415735
2005-02-04,0.9991313652751304,1.0518928425872132
2005-02-07,1.0514325558896114,1.0398312062324826
2005-02-08,1.040416622207164,1.0463890852772328
2005-02-09,1.049474679228844,0.9924041725272504
2005-02-10,1.0036465887962556,0.9915233301602816
2005-02-11,0.9876740216546935,1.0373047846646148
2005-02-14,1.0382536541764253,1.052099843551896
2005-02-15,1.0520089737210665,1.069868927626937
2005-02-16,1.0568926937132668,1.0588167308346605
2005-02-17,1.0596509573185162,1.0102988478425876
2005-02-18,1.0097167816590618,1.0016980836293707
2005-02-22,0.9765705588457568,0.9588718791461363
2005-02-23,0.9753371933104625,0.9637537254043953
2005-02-24,0.9565914773645442,1.002535620639071
2005-02-25,0.9982325465634496,1.0198446020834857
2005-02-28,0.9997014146402062,0.9873428640034532
2005-03-01,0.9979273102743729,1.0184737171469125
2005-03-02,0.998902320424154,1.0134911600055159
2005-03-03,1.0227353892690416,0.9857331727196971
2005-03-04,1.0094184741099217,1.0017845404986112
2005-03-07,1.0082044733723667,1.0497770449075643
2005-03-08,1.0403706184239314,1.0153241132492445
2005-03-09,1.0114126656965405,1.0012128310023476
2005-03-10,1.0080174180431,1.0050985243861257
2005-03-11,1.013124683360064,0.9669509988454389
2005-03-14,0.9733862976458286,0.9843954764116771
2005-03-15,0.9940613471188936,0.9579442925403308
2005-03-16,0.9486280008553863,0.9270022350645122
2005-03-17,0.9294027817830293,0.9288456729059453
2005-03-18,0.9301807759498246,0.9220120187587793
2005-03-21,0.9193160065907794,0.921330334432436
2005-03-22,0.9203494810592832,0.88454302381369
2005-03-23,0.8811667774110483,0.8958635288950815
2005-03-24,0.9058794176525794,0.8916684353071777
2005-03-28,0.9030518059344339,0.8959031514083745
2005-03-29,0.8928642126599405,0.8799104144989163
2005-03-30,0.8899801705884385,0.9288545943706992
2005-03-31,0.924169842800167,0.9109211139705475
2005-04-01,0.9276829936553947,0.8853582036892879
2005-04-04,0.8851147744671903,0.897936263621273
2005-04-05,0.9053502182475939,0.9100334724245753
2005-04-06,0.9159091153074127,0.9035535438373059
2005-04-07,0.9040178993777649,0.9376612233793672
2005-04-08,0.9376820964528306,0.9104147674405113
2005-04-11,0.9189142020819215,0.8965564856497317
2005-04-12,0.8933801904220672,0.9150538391765501
2005-04-13,0.9058781429619678,0.8639218786538828
2005-04-14,0.8638265488352153,0.8267693307636509
2005-04-15,0.7999189738864637,0.7707349092591388
2005-04-18,0.7666538287102344,0.7723517774817512
2005-04-19,0.7877227606592875,0.7895077548353281
2005-04-20,0.80493113117063,0.7650867267636486
2005-04-21,0.7921270143892231,0.8314406411197008
2005-04-22,0.8148935791396021,0.7860593929363688
2005-04-25,0.8019585705881744,0.8122490639736285
2005-04-26,0.8024832766270981,0.7831136398149671
2005-04-27,0.7708610690464321,0.7877864871840548
2005-04-28,0.778095085765278,0.7632353546493839
2005-04-29,0.7813568821008486,0.7812778090208397
2005-05-02,0.7827823357043246,0.7854443358194781
2005-05-03,0.7810943166843506,0.791204092765599
2005-05-04,0.7966096175318738,0.8315796351984266
2005-05-05,0.8287067593465934,0.8273836330730419
2005-05-06,0.8443252936245517,0.8365829184883384
2005-05-09,0.8356817180013772,0.848593636640954
2005-05-10,0.8306161708426,0.825313535027066
2005-05-11,0.8282975576161081,0.8403388952919866
2005-05-12,0.8391583652932327,0.8314230491542645
2005-05-13,0.8386878821540495,0.8579936877993443
2005-05-16,0.8570750495857389,0.8748514568145244
2005-05-17,0.862733857299888,0.8906246920057785
2005-05-18,0.8954343011846696,0.9242614520659519
2005-05-19,0.9263736413712079,0.9458739112514397
2005-05-20,0.9414311740121103,0.9573968744721381
2005-05-23,0.9549477089961407,0.9700268684071168
2005-05-24,0.9620961241201961,0.9790728934313802
2005-05-25,0.9699501010775368,0.9635008949150339
2005-05-26,0.9769406460010329,0.9931841313476466
2005-05-27,0.9888058685906205,0.9942612759094288
2005-05-31,0.9932296533116929,0.9796417982138141
2005-06-01,0.9775176261650852,1.0109096942628133
2005-06-02,0.9986830184353503,1.0282175763734356
2005-06-03,1.020945957875511,0.9794330103951492
2005-06-06,0.9799367375102098,0.9801171058722247
2005-06-07,0.9824473384715583,0.9523291171985087
2005-06-08,0.962753612575015,0.9449868972745998
2005-06-09,0.9417525631506838,0.9659986810391942
2005-06-10,0.9620369772920013,0.9305696319974173
2005-06-13,0.9275926412967549,0.9446383849094786
2005-06-14,0.9440396824116352,0.9351247846269312
2005-06-15,0.9521798026858748,0.9435690979530693
2005-06-16,0.9460063821515049,0.9574745308382788
2005-06-17,0.981754997384924,0.9576021272960002
2005-06-20,0.9413635547263741,0.9551122648861086
2005-06-21,0.9513020018709604,0.9527629891955745
2005-06-22,0.9628753742815495,0.9479185448083509
2005-06-23,0.9536014537112572,0.9128481215124069
2005-06-24,0.9140743421430286,0.8835735851459445
2005-06-27,0.8780977743963447,0.8715024677797507
2005-06-28,0.8832152689759241,0.896900703768639
2005-06-29,0.9024828324271925,0.888066560333115
2005-06-30,0.8928498245751436,0.868481954525585
2005-07-01,0.8742246709200442,0.8624892289376005
2005-07-05,0.8541953446745292,0.8890015225925704
2005-07-06,0.8835485620642414,0.8736062226895905
2005-07-07,0.8502702774538211,0.8823127317147194
2005-07-08,0.8850242483274158,0.9335750719102036
2005-07-11,0.9389934038325218,0.9591538472378837
2005-07-12,0.9566333578976027,0.9730647091647665
2005-07-13,0.9720012001543872,0.976057293955486
2005-07-14,0.9995053594055607,1.005064085487804
2005-07-15,1.0119835600972409,1.0126190474228105
2005-07-18,1.0041093826375886,0.9969322379128788
2005-07-19,1.0158689216417895,1.035192712813598
2005-07-20,1.014394590231066,1.0576712194874065
2005-07-21,1.0653261340616849,1.0550354453037387
2005-07-22,1.0541795771645055,1.0519222805710482
2005-07-25,1.051206539274321,1.0368767743268597
2005-07-26,1.042768011765472,1.0464853981569042
2005-07-27,1.050878024104103,1.0712279456890996
2005-07-28,1.0734518445070682,1.0836824404175145
2005-07-29,1.078770627138065,1.055735404177168
2005-08-01,1.0643706074910202,1.0646596196188975
2005-08-02,1.0676860603650173,1.097345603742135
2005-08-03,1.0826625798369303,1.0966656668598658
2005-08-04,1.0800121481184595,1.058669756805343
2005-08-05,1.0540616436727568,1.0437011811690298
2005-08-08,1.0484261244091817,1.0200294738910343
2005-08-09,1.0314973480715663,1.040740378562174
2005-08-10,1.0474424011104635,1.0096246366757957
2005-08-11,1.0131375336082151,1.037369774840141
2005-08-12,1.0117381341021936,1.0190769019947832
2005-08-15,1.0106608538550383,1.035294981109268
2005-08-16,1.0254517268971597,0.9829026624741557
2005-08-17,0.9891608887029609,0.9976261243744965
2005-08-18,0.9894727656015225,0.9844698982199129
2005-08-19,0.9855764249203146,0.9798195457830134
2005-08-22,0.9858167663709243,0.9824792845285113
2005-08-23,0.9818441249946991,0.9736375292552418
2005-08-24,0.9671332448157706,0.9550531007301175
2005-08-25,0.9596258775568791,0.9619113943027701
2005-08-26,0.957768198639728,0.948162813243223
2005-08-29,0.9341174004203348,0.9701436977761262
2005-08-30,0.9579781102333057,0.9586058102936138
2005-08-31,0.9602806132658582,0.9871824954592764
2005-09-01,0.9858711420126324,0.9780146790999626
2005-09-02,0.9840421742397015,0.9694558502424209
2005-09-06,0.9821584616648813,1.0135582665337943
2005-09-07,1.0069476620949185,1.0175941245620934
2005-09-08,1.007551579550804,1.0125511611583995
2005-09-09,1.0165007330389626,1.0310375865127854
2005-09-12,1.0301641705389655,1.038576665879791
2005-09-13,1.0330791403907353,1.0284113091135954
2005-09-14,1.0315130863124027,0.9934102866943915
2005-09-15,1.0021440415786012,0.9904876907752563
2005-09-16,0.9967139743572747,1.0100826152669902
2005-09-19,1.0014001016994607,0.9839744280375388
2005-09-20,0.989667611940236,0.9684621302230642
2005-09-21,0.9660323039800293,0.9375865248368985
2005-09-22,0.9337727993558878,0.946707284553745
2005-09-23,0.9401687032002537,0.9538064204502825
2005-09-26,0.9705389768418865,0.9548492106515816
2005-09-27,0.9598773189189214,0.9466845383288013
2005-09-28,0.9577299645806803,0.9457468734763098
2005-09-29,0.9428736433954122,0.9830654394681481
2005-09-30,0.9813744944278995,1.0039728423698087
2005-10-03,1.006956753841832,1.010529817958252
2005-10-04,1.0111648793022505,0.9907033933113448
2005-10-05,0.9900098098238829,0.9451588243049514
2005-10-06,0.9477047386405274,0.9107834172675282
2005-10-07,0.9209421198779134,0.915222642878864
2005-10-10,0.9127576786459091,0.898726513070155
2005-10-11,0.9053571484149603,0.8844901777945966
2005-10-12,0.8719157773510455,0.8527042986086989
2005-10-13,0.849270509567537,0.8731300178307851
2005-10-14,0.8789642834978949,0.8903626363813669
2005-10-17,0.8904919121629049,0.8992865400837432
2005-10-18,0.8961429928402603,0.8786476567560914
2005-10-19,0.8680683790636562,0.9308194573445531
2005-10-20,0.9285090396965093,0.9051408642178392
2005-10-21,0.931958938002373,0.9208033861443345
2005-10-24,0.9296139736177265,0.9653129979761461
2005-10-25,0.9545319286592109,0.9557047816645972
2005-10-26,0.9447830013119105,0.9356697849227525
2005-10-27,0.9290414216088176,0.878537169837467
2005-10-28,0.8874767488100785,0.9013390999467563
2005-10-31,0.9057031103472111,0.9390133153258656
2005-11-01,0.9275428647914512,0.9334352799942962
2005-11-02,0.9229380756901817,0.9691919888707862
2005-11-03,0.9946899480185316,1.0093656501510788
2005-11-04,1.0143468286131219,1.0241815126250804
2005-11-07,1.0289056254918583,1.025655266151919
2005-11-08,1.0195041555766506,1.0231404260386492
2005-11-09,1.0212424420107458,1.0256907378555038
2005-11-10,1.0240352780084196,1.0638947124239038
2005-11-11,1.0682444516169687,1.0677009073822614
2005-11-14,1.0678164990095411,1.0639800425558956
2005-11-15,1.0636704444724112,1.0484296268013162
2005-11-16,1.056809500294958,1.0612320727027493
2005-11-17,1.075652109958509,1.1087136470805457
2005-11-18,1.125432647761775,1.1145429327118075
2005-11-21,1.1117879962136272,1.1262844714375322
2005-11-22,1.1160752757236108,1.141038549085627
2005-11-23,1.136156649081645,1.1453716346073315
2005-11-25,1.1496720447079403,1.1530889135374283
2005-11-28,1.1553522303311135,1.1182012166081459
2005-11-29,1.1351003487056743,1.1019024659809455
2005-11-30,1.0996283340437776,1.0925548753599161
2005-12-01,1.113321309186983,1.1543031849659227
2005-12-02,1.1499193567150934,1.1630969745329909
2005-12-05,1.1524436824708424,1.1329926510985224
2005-12-06,1.1562849908286161,1.1450898748845928
2005-12-07,1.148568904714219,1.1354048716197482
2005-12-08,1.1428985894852535,1.1113389369245616
2005-12-09,1.1145335500051152,1.124331751303297
2005-12-12,1.1348818228128794,1.1348083159700286
2005-12-13,1.1301846470742662,1.1486809757757084
2005-12-14,1.139554184318857,1.1340346851935756
2005-12-15,1.1423914726411246,1.1385135799174337
2005-12-16,1.1364722912484049,1.1114627308113196
2005-12-19,1.1179681171431304,1.0623030619948215
2005-12-20,1.0642333366563144,1.062772491622096
2005-12-21,1.0705045821365209,1.0725003927489964
2005-12-22,1.0758654083597732,1.0961792727538215
2005-12-23,1.1039846113790117,1.0943778415223733
2005-12-27,1.1017238020457871,1.0649182812831688
2005-12-28,1.0700263797319545,1.0615695180255806
2005-12-29,1.064335225907596,1.0382127170012638
2005-12-30,1.024118681865539,1.018284420793943
2006-01-03,1.034923134611061,1.082421142107061
2006-01-04,1.0899325284688755,1.1123491156029583
2006-01-05,1.1157608832797237,1.130061308103417
2006-01-06,1.155194889519198,1.188638187675896
2006-01-09,1.1871342511514484,1.201832290753444
2006-01-10,1.1813556708418926,1.2049425209534952
2006-01-11,1.2145121270842865,1.2335046131389633
2006-01-12,1.2259805395196777,1.2096236916880219
2006-01-13,1.2112364187789497,1.2074256186260555
2006-01-17,1.180232547817465,1.1848033953633816
2006-01-18,1.1264595731587486,1.142785369756257
2006-01-19,1.1597228067615946,1.1684738127918235
2006-01-20,1.1562324570831237,1.0597027057164459
2006-01-23,1.06889343202955,1.0586062538003174
2006-01-24,1.070478260825012,1.0765573268932236
2006-01-25,1.092043012948895,1.0576755965902995
2006-01-26,1.0771003717589787,1.0823755013122314
2006-01-27,1.098576648997644,1.1212958336812622
2006-01-30,1.1242281060938406,1.1249592652560803
2006-01-31,1.125532987511001,1.1186993320067127
2006-02-01,1.0914927701895256,1.1217145377274562
2006-02-02,1.1139576140793161,1.0674688281211475
2006-02-03,1.0428398554701128,1.026490552016872
2006-02-06,1.0245442974619374,1.012717361416487
2006-02-07,1.0095629902380145,1.0014413170909295
2006-02-08,1.025085052166964,1.0346299830919599
2006-02-09,1.044361216347794,1.0030585430773034
2006-02-10,1.0044040904878613,1.019823518731154
2006-02-13,1.001026625278107,0.9862079198378779
2006-02-14,0.9908471727991867,1.014431156198359
2006-02-15,1.007085505398777,1.0339586967795151
2006-02-16,1.0421101222328353,1.061854759919591
2006-02-17,1.0511859762705416,1.0357955951649782
2006-02-21,1.0366055028029646,0.9986885163385598
2006-02-22,1.0014919177164936,1.0374361291852972
2006-02-23,1.0323642124293946,1.0268849716717958
2006-02-24,1.0263082054817216,1.0337781508921675
2006-02-27,1.042502868464376,1.0684979451912446
2006-02-28,1.0581831833573587,1.0204261376597001
2006-03-01,1.0298035120448457,1.063770943388056
2006-03-02,1.048957091850333,1.0612595861877152
2006-03-03,1.0445566181940613,1.0426135972237252
2006-03-06,1.0506273735402973,1.0148596688041764
2006-03-07,1.0085831533125857,0.9977958026191086
2006-03-08,0.9888546362409145,0.998417558242185
2006-03-09,1.0060027564418865,0.9671664634452457
2006-03-10,0.9670797449585631,0.9718950373503142
2006-03-13,0.984083901293459,0.9808904589290786
2006-03-14,0.9753915219547384,1.0285468853785094
2006-03-15,1.0403591469355948,1.0522028273758213
2006-03-16,1.0639464311741507,1.0223137329904106
2006-03-17,1.0285169375321193,1.0335514335862588
2006-03-20,1.0427579961623783,1.0387699079973671
2006-03-21,1.0376160821602594,1.007465780377567
2006-03-22,0.9910333630309954,1.013333551378606
2006-03-23,1.0052933704296951,1.0023660804522387
2006-03-24,1.0133942339492834,1.0179015347239821
2006-03-27,1.0158762925132894,1.0185374330220764
2006-03-28,1.0189661445003413,1.0038658823019506
2006-03-29,1.0107905275072315,1.0586983097193383
2006-03-30,1.0634193028639802,1.0668444732853544
2006-03-31,1.074359208707327,1.0564674932830969
2006-04-03,1.077345407895631,1.0611600607704492
2006-04-04,1.064726726954175,1.0785430712171995
2006-04-05,1.0887798088940859,1.108276816896106
2006-04-06,1.1106341675397104,1.1197570787237305
2006-04-07,1.1280581116826058,1.0873935855030907
2006-04-10,1.0900061508966716,1.07857232816474
2006-04-11,1.0877220687034692,1.0502437205984336
2006-04-12,1.0512281561716958,1.0500118679059152
2006-04-13,1.0490555146592597,1.0626497419863359
2006-04-17,1.0600457367304899,1.0287659643151237
2006-04-18,1.0368609077510114,1.0870316991891533
2006-04-19,1.0923754991413908,1.1001226864645457
2006-04-20,1.100538259899831,1.0894186897663873
2006-04-21,1.1037647948534668,1.0504708806784222
2006-04-24,1.0454033452253308,1.044837585230393
2006-04-25,1.0534199399853337,1.034734715639936
2006-04-26,1.0397026353772347,1.035186940554651
2006-04-27,1.021673133516747,1.0612262017808198
2006-04-28,1.0392384441851354,1.030011175358943
2006-05-01,1.0406457498787063,1.0032807581917194
2006-05-02,1.0141753720294937,1.0083241546332136
2006-05-03,1.0127176565651983,1.0009504000657035
2006-05-04,1.0042893147607548,1.0263891475101072
2006-05-05,1.0451660706648367,1.04875920059929
2006-05-08,1.0481372731019172,1.0504330116763685
2006-05-09,1.0439311437905439,1.0421044134436546
2006-05-10,1.0325701399387555,1.0114954723917506
2006-05-11,1.0090852865946565,0.9439077514732804
2006-05-12,0.9304434971833907,0.9063344409387983
2006-05-15,0.8950516158199795,0.9037914756794243
2006-05-16,0.9048068123548287,0.8846298745841044
2006-05-17,0.8638618052397441,0.8437166199532848
2006-05-18,0.8577220900419009,0.8239663919753354
2006-05-19,0.827842687982551,0.8447427749252086
2006-05-22,0.8240000775553113,0.818347254777829
2006-05-23,0.8380382609213197,0.7928509538205136
2006-05-24,0.7906397614896463,0.8090847237597671
2006-05-25,0.8238151868066028,0.8385328460000315
2006-05-26,0.846846979507207,0.8483606651119182
2006-05-30,0.8365035112876882,0.7924955290410719
2006-05-31,0.7989428242218917,0.8044039705905175
2006-06-01,0.8063593549710736,0.8603225514425131
2006-06-02,0.8753219271311667,0.8534955228232717
2006-06-05,0.8423595334873549,0.7969920199223438
2006-06-06,0.803388374037731,0.7930734066657216
2006-06-07,0.7978465195841741,0.7769700717767197
2006-06-08,0.7626915858518741,0.7707554540125058
2006-06-09,0.7798656454750573,0.754247331404103
2006-06-12,0.7578420340456113,0.708737373994494
2006-06-13,0.7130981864468868,0.7032664261287725
2006-06-14,0.7063663584391834,0.7213719572804967
2006-06-15,0.7322144337134456,0.7818066714585141
2006-06-16,0.7746960497970966,0.7659412622696402
2006-06-19,0.7737665404364328,0.7446705994535338
2006-06-20,0.7458160410286768,0.7431512702018257
2006-06-21,0.7462101603693828,0.7789581545561988
2006-06-22,0.7749939690542605,0.7500751807609625
2006-06-23,0.7453899668760783,0.7444731432901605
2006-06-26,0.7476609025791479,0.7512324048635535
2006-06-27,0.7508748928592431,0.7083787510902203
2006-06-28,0.7140670488726858,0.723491145791426
2006-06-29,0.7341381066706542,0.790173422384999
2006-06-30,0.79688483443514,0.7739420229966639
2006-07-03,0.7815779278572931,0.7895880181402353
2006-07-05,0.7699942184021813,0.7411893579342291
2006-07-06,0.7441563814220591,0.7371174665252469
2006-07-07,0.725278916683453,0.7112310337282014
2006-07-10,0.7179871973483362,0.6926589044443352
2006-07-11,0.6859340695349807,0.7085437904764375
2006-07-12,0.700455159845322,0.6644205749544949
2006-07-13,0.6496461088139177,0.6331872186308924
2006-07-14,0.6334879023205222,0.6121054940880425
2006-07-17,0.612125885699995,0.6195425474005258
2006-07-18,0.6237894106271381,0.6238844948029716
2006-07-19,0.6175727322622123,0.6463757633451239
2006-07-20,0.6546135340650477,0.6146601246042808
2006-07-21,0.6026244703553151,0.5953768263905079
2006-07-24,0.6043669102668147,0.6326265839393201
2006-07-25,0.6332200150638987,0.6412943127005992
2006-07-26,0.6335606862266037,0.6385992414149146
2006-07-27,0.6500752273506835,0.6257416249368304
2006-07-28,0.6375799198919823,0.6659004997172535
2006-07-31,0.6610058728023875,0.6641775760249271
2006-08-01,0.649036095828775,0.6315701872060172
2006-08-02,0.6385791986130075,0.6509583727472191
2006-08-03,0.6331681227463298,0.6630242501382875
2006-08-04,0.6786139233214838,0.6531804826536748
2006-08-07,0.6497672704197863,0.6400180313499703
2006-08-08,0.6459444414983163,0.6273815231670165
2006-08-09,0.6512798014150198,0.6273358771112174
2006-08-10,0.6226018061014341,0.640199123768055
2006-08-11,0.6332824930640939,0.6274626091908589
2006-08-14,0.6448120641942324,0.636395544213936
2006-08-15,0.6623335341571954,0.6877527967409092
2006-08-16,0.7036681413381104,0.7355617111630911
2006-08-17,0.7281002316910578,0.7398272029471685
2006-08-18,0.7368521627132099,0.7432389853461975
2006-08-21,0.7283602707138475,0.7210240290147828
2006-08-22,0.7194616996752506,0.7236156145894149
2006-08-23,0.7268676476138995,0.7048691001791559
2006-08-24,0.714435442528644,0.7107655106246369
2006-08-25,0.7045042203226294,0.7135586422839412
2006-08-28,0.7125869965027798,0.7302456538339009
2006-08-29,0.7294659418239842,0.7343186550220357
2006-08-30,0.7393033734886615,0.7453494377365701
2006-08-31,0.747907272018471,0.7415744763493519
2006-09-01,0.7546150855502246,0.754670035452854
2006-09-05,0.7549956514823409,0.7742965379494493
2006-09-06,0.7554761179391679,0.7284916342248968
2006-09-07,0.7219735256742422,0.7176789910505774
2006-09-08,0.7228413779631163,0.7306945001356978
2006-09-11,0.7141994515367496,0.7422756206411022
2006-09-12,0.7447633087414633,0.7866926478608646
2006-09-13,0.7857356358925798,0.7980592274683378
2006-09-14,0.792388829743866,0.8002877416891844
2006-09-15,0.8166236767975512,0.8090550036152304
2006-09-18,0.8072895093504393,0.8079764267195692
2006-09-19,0.8164154716904465,0.7906409468199818
2006-09-20,0.8121851519673059,0.8257409299705241
2006-09-21,0.8306502571681169,0.8091897211181687
2006-09-22,0.8062975391698926,0.7899939722357222
2006-09-25,0.8027672118848251,0.8305251480768243
2006-09-26,0.8293475676783378,0.8431465889703903
2006-09-27,0.8371841129860681,0.837061760421968
2006-09-28,0.8408980180222003,0.8453531635301915
2006-09-29,0.8517765988910415,0.8331684836978389
2006-10-02,0.8270629475751288,0.8003918238850867
2006-10-03,0.7948366264750611,0.8106474195531275
2006-10-04,0.8059643770962135,0.8702775426267597
2006-10-05,0.8682365719989834,0.8824005719820921
2006-10-06,0.871047595409511,0.87450431188392
2006-10-09,0.8715227624766737,0.8833987208070666
2006-10-10,0.8863832009321336,0.8861227241759889
2006-10-11,0.874951103331794,0.8821653857162538
2006-10-12,0.8939550718989898,0.9243453610897872
2006-10-13,0.9221032962717907,0.9375354632447539
2006-10-16,0.938804574396557,0.9374017684132261
2006-10-17,0.9215295215536927,0.9074830999831246
2006-10-18,0.9204802879964691,0.8923526668017285
2006-10-19,0.8893196097768745,0.9004263352509795
2006-10-20,0.9000499481341466,0.9047531416592384
2006-10-23,0.8989770018277052,0.9298197236831315
2006-10-24,0.92597234450258,0.9096150898835813
2006-10-25,0.9146324540296962,0.9294134744334269
2006-10-26,0.9354353764441955,0.956674550708344
2006-10-27,0.9495771893257323,0.9125232787710778
2006-10-30,0.9092411590105505,0.9279543240580659
2006-10-31,0.9372657986257563,0.9347983412343988
2006-11-01,0.9441357548056183,0.8933994607792588
2006-11-02,0.8845662514509511,0.8965276582988887
2006-11-03,0.9026009289876465,0.8859698361311826
2006-11-06,0.8981561543576984,0.9296195528132823
2006-11-07,0.9285065620247046,0.9437524667091084
2006-11-08,0.9282060552541792,0.9560145866737134
2006-11-09,0.9724979411257567,0.939088160337539
2006-11-10,0.9434877511865389,0.9561000983070673
2006-11-13,0.9568961395685587,0.9829771183058862
2006-11-14,0.9848513042112558,1.0142628347389304
2006-11-15,1.0140090729221833,1.0246311400966859
2006-11-16,1.0328223023291632,1.037764673481533
2006-11-17,1.0195355197735216,1.03447347805953
2006-11-20,1.0254409050333437,1.0389404203655803
2006-11-21,1.0446054946397199,1.0468391723444344
2006-11-22,1.058103330890427,1.064899161198716
2006-11-24,1.0392266373373642,1.0563027514385521
2006-11-27,1.047797257934613,0.985321514268753
2006-11-28,0.9753348975952391,0.9929849467445645
2006-11-29,1.004801428829244,1.0130149447506709
2006-11-30,1.0101673144158794,1.0095928546791066
2006-12-01,1.0081225010762391,0.9815047463536589
2006-12-04,0.9935020283075037,1.0220626148113823
2006-12-05,1.0328273115729136,1.0295654822012825
2006-12-06,1.0232311038532356,1.0189351341674444
2006-12-07,1.0243370296945107,0.9811181068850071
2006-12-08,0.9746474211567692,0.9946965798149646
2006-12-11,0.9942807868032068,1.0030999193909276
2006-12-12,1.0034197181018503,0.9858507764948351
2006-12-13,1.0051726503185785,0.987236155960139
2006-12-14,0.9919384804500352,1.019657623261989
2006-12-15,1.044335268157025,1.0272707230286693
2006-12-18,1.0342878477932416,0.99630467807932
2006-12-19,0.9718899780126662,0.9854498560396071
2006-12-20,0.9892445045057926,0.972661419742929
2006-12-21,0.9765384364494337,0.9526838343506724
2006-12-22,0.9506836809461547,0.9233375331327248
2006-12-26,0.9201793543554775,0.9303669227231198
2006-12-27,0.9356124558669052,0.9453172602910564
2006-12-28,0.9355621563504434,0.9373268512536218
2006-12-29,0.9372708946736019,0.933282722429224
2007-01-03,0.9525260340866197,0.9362185556318907
2007-01-04,0.9418616402105878,0.9891606608930906
2007-01-05,0.980272973556031,0.9757673090985389
2007-01-08,0.9771466123529938,0.9779688944110997
2007-01-09,0.9851282007248728,0.9911162436882902
2007-01-10,0.9822238471586036,1.0240094583855388
2007-01-11,1.0313622978744352,1.0549089460427448
2007-01-12,1.0497939016230429,1.0711170944133035
2007-01-16,1.0705298741390352,1.0660955299103703
2007-01-17,1.052821796576511,1.0396965624400665
2007-01-18,1.029551387233596,0.9811297602195692
2007-01-19,0.9711033316557566,0.9853470774556948
2007-01-22,0.9907259894789167,0.9551311252417848
2007-01-23,0.9512044270464819,0.9452982969237187
2007-01-24,0.9641247111926172,0.9916017731538553
2007-01-25,0.9979863303789951,0.9495133654883746
2007-01-26,0.9581375787039714,0.9409584031875006
2007-01-29,0.9375082251771336,0.9435160513068114
2007-01-30,0.9513817824151796,0.9469760497784616
2007-01-31,0.9412746088349135,0.9692716625692989
2007-02-01,0.9839872815993934,0.9669449232174832
2007-02-02,0.9733903937160792,0.9769676669925405
2007-02-05,0.9738697899255148,0.9716900949583791
2007-02-06,0.9776809724631351,0.9670518885546538
2007-02-07,0.9831024969259823,0.9953180969802091
2007-02-08,0.9890653117252696,0.9937903512300509
2007-02-09,1.0010812635552584,0.9515414094476173
2007-02-12,0.9536696176285916,0.9393591280729975
2007-02-13,0.9448928404314396,0.9471380985781932
2007-02-14,0.9609507609818703,0.9963125461543396
2007-02-15,0.9967359697731636,1.0093640549962084
2007-02-16,1.0008878957494147,1.0053071879532864
2007-02-20,0.9988434526942636,1.0245860520272425
2007-02-21,1.0129605228265723,1.0326628689372035
2007-02-22,1.0429107888279858,1.043949795023155
2007-02-23,1.0419360195432144,1.0319472625835715
2007-02-26,1.0461724374166121,1.0153598341606558
2007-02-27,0.9671457207581473,0.8933146908927571
2007-02-28,0.8908202122828494,0.9006815073867945
2007-03-01,0.8503473352579086,0.8860214736409209
2007-03-02,0.8665810833546389,0.8440574526980673
2007-03-05,0.8437046283318478,0.8241561653663819
2007-03-06,0.8489992075560792,0.8673523775305331
2007-03-07,0.8635415987481202,0.8562009283783987
2007-03-08,0.8817347100642292,0.8705507238109468
2007-03-09,0.8897918023822128,0.8669668981894216
2007-03-12,0.8639808339526265,0.883606068031334
2007-03-13,0.8695026939371788,0.8320565845887972
2007-03-14,0.8348535436228427,0.8613705225815401
2007-03-15,0.8614996005238579,0.8632000142432047
2007-03-16,0.8609246126724948,0.8585650119796042
2007-03-19,0.8729308279888167,0.8815932711579941
2007-03-20,0.8831200991679075,0.8944356172958239
2007-03-21,0.9050849817477415,0.9534263637975098
2007-03-22,0.9536770939946576,0.942177993063899
2007-03-23,0.9424595590511651,0.932422040444566
2007-03-26,0.9351038559105279,0.9455529450736658
2007-03-27,0.9375900142271648,0.9243555261239411
2007-03-28,0.9111567280194037,0.893715263394646
2007-03-29,0.9128761276167676,0.8944974938679976
2007-03-30,0.8958502804737057,0.8947178357769859
2007-04-02,0.8997353714870833,0.8954226201421617
2007-04-03,0.908939250140448,0.9296855389913422
2007-04-04,0.9308029547841719,0.9373432489200305
2007-04-05,0.9359525400731674,0.9540194330728253
2007-04-09,0.962792886913633,0.945619874415668
2007-04-10,0.9434519287914357,0.9585166984086427
2007-04-11,0.9556628563279681,0.9279576122922154
2007-04-12,0.9230179851703476,0.9509219098098634
2007-04-13,0.947645746869037,0.9553939077074523
2007-04-16,0.9657849694948775,0.9816975724096804
2007-04-17,0.9840333761246917,0.9823998028496903
2007-04-18,0.9721110916999381,0.9774935276615877
2007-04-19,0.962377531262348,0.9766548092810933
2007-04-20,1.002180918601746,0.9972084484536923
2007-04-23,1.0010053737728926,1.0033325835197213
2007-04-24,1.0129019721026193,1.0166528755799402
2007-04-25,1.0275491853122487,1.0528279729327947
2007-04-26,1.0662384504664402,1.065775807531436
2007-04-27,1.0598310015784582,1.0673776941600446
2007-04-30,1.0682014951538124,1.0269987855683407
2007-05-01,1.0341409892964772,1.035514957942033
2007-05-02,1.0369558905098173,1.0616972033358492
2007-05-03,1.0660907068581984,1.0707823800771419
2007-05-04,1.0817902792041934,1.0699081905349748
2007-05-07,1.070138263924858,1.069453867295173
2007-05-08,1.0590566244271362,1.075003396971621
2007-05-09,1.0599043797684449,1.083756532793026
2007-05-10,1.0675560479785107,1.0312733737437896
2007-05-11,1.0413025579069868,1.0695073366302477
2007-05-14,1.0746533096366442,1.0504408944299448
2007-05-15,1.0491839756169932,1.0223990648033459
2007-05-16,1.032999732834976,1.0540964257039798
2007-05-17,1.0496436936294817,1.041720868029047
2007-05-18,1.0515661318349072,1.0612203216963196
2007-05-21,1.0652577118676714,1.0842603732648934
2007-05-22,1.0878067838460121,1.092366030876707
2007-05-23,1.09703936203386,1.070793118255539
2007-05-24,1.0699742612773504,1.0196467329987464
2007-05-25,1.0335966136055046,1.042779304717202
2007-05-29,1.0453569931603277,1.0593810592314652
2007-05-30,1.0413561183145719,1.0885436925196654
2007-05-31,1.0974188306306958,1.1048843439979155
2007-06-01,1.1156823464391525,1.104005791962267
2007-06-04,1.0927060256813712,1.112341528361587
2007-06-05,1.1031101132214096,1.108997671304177
2007-06-06,1.0948980990559796,1.0780887597517437
2007-06-07,1.0671830232428332,1.022303137848105
2007-06-08,1.025933129445963,1.060778753391733
2007-06-11,1.0580816698634892,1.0527235295375068
2007-06-12,1.0359610140013062,1.0331299402910246
2007-06-13,1.0443699440454535,1.0704801954047667
2007-06-14,1.0707207543184785,1.0874894808397628
2007-06-15,1.1198707961169736,1.116810265561252
2007-06-18,1.125623308859437,1.1192234809838841
2007-06-19,1.1096031494533993,1.113740183720211
2007-06-20,1.118970334621064,1.0789111421729356
2007-06-21,1.0787968522801588,1.1103340346454524
2007-06-22,1.1020801148843022,1.0762862027573015
2007-06-25,1.079599692572838,1.0601617512858643
2007-06-26,1.077675102859867,1.051914462772641
2007-06-27,1.0398347589546846,1.091009197839136
2007-06-28,1.0883688708784462,1.087744941689893
2007-06-29,1.108964327503807,1.0907071113092077
2007-07-02,1.1057820520015367,1.123824578189061
2007-07-03,1.1291518435782948,1.1420393998899734
2007-07-05,1.1459903054947913,1.1687836577459858
2007-07-06,1.1677994604736606,1.180629643976978
2007-07-09,1.1827190089656723,1.1812259194552261
2007-07-10,1.162792960899845,1.1495458256151274
2007-07-11,1.1439759467408634,1.1698169782094379
2007-07-12,1.1843451219751455,1.234598426284294
2007-07-13,1.2300687812986661,1.2539021472826473
2007-07-16,1.2500088976276047,1.245201453570046
2007-07-17,1.2507778362209814,1.269558686857069
2007-07-18,1.24806125351712,1.2612583196054437
2007-07-19,1.28733675541801,1.288078122399313
2007-07-20,1.2765285936698423,1.254930886563148
2007-07-23,1.2690890217682576,1.25460603228189
2007-07-24,1.226707883850799,1.1880198315850763
2007-07-25,1.2178272366045553,1.2056924900404025
2007-07-26,1.1796315860617428,1.1608318585383626
2007-07-27,1.164290853274478,1.1064457255661682
2007-07-30,1.1154686931444615,1.135727938402469
2007-07-31,1.1673584519672087,1.060588325190374
2007-08-01,1.055253765484823,1.0810532662574588
2007-08-02,1.0903888044063077,1.1161734762613431
2007-08-03,1.110411547432439,1.0337197766893826
2007-08-06,1.054009825101574,1.0912081426527902
2007-08-07,1.07236023233179,1.1021229581578802
2007-08-08,1.123051315428575,1.1447831861338786
2007-08-09,1.097006190019249,1.057575394473864
2007-08-10,1.0280231510512834,1.0374773257788772
2007-08-13,1.0633478817235695,1.0514012850087493
2007-08-14,1.0581037226072783,0.9963129901641884
2007-08-15,0.989184098906522,0.9385096959418937
2007-08-16,0.9158488456086744,0.9094069986359605
2007-08-17,0.9637956021771202,0.9720370303719303
2007-08-20,0.9752588659505552,0.9778217075938161
2007-08-21,0.9693239271135797,1.0045939478560548
2007-08-22,1.0299120518375138,1.0446471227995302
2007-08-23,1.052867394074374,1.0357732906983426
2007-08-24,1.0303863918620448,1.082169402443766
2007-08-27,1.0709581388018747,1.0583648685154856
2007-08-28,1.0374453412863798,0.9796041927233583
2007-08-29,1.0024206334405485,1.0657836462982306
2007-08-30,1.0456129163831844,1.07901790013755
2007-08-31,1.118441660408337,1.1193076004309195
2007-09-04,1.119768463013379,1.1720385855234952
2007-09-05,1.1596282521133627,1.1258345170517006
2007-09-06,1.137862023109855,1.1321170903923254
2007-09-07,1.0865272066245828,1.0633135084666545
2007-09-10,1.091081552955518,1.0649949764077067
2007-09-11,1.0856738010942535,1.1113333718244187
2007-09-12,1.1062256166460902,1.1103580657276861
2007-09-13,1.1363052687784014,1.1254576614830891
2007-09-14,1.1006775286213135,1.1278086308686939
2007-09-17,1.1149590225177368,1.09700925355584
2007-09-18,1.1144241190427795,1.183578729253387
2007-09-19,1.2041751243995629,1.1929090090365626
2007-09-20,1.1827858087291572,1.1766094581086255
2007-09-21,1.1935357620988418,1.2050268414138778
2007-09-24,1.2138542353670405,1.2177419734954582
2007-09-25,1.2039679115933168,1.2511293519374183
2007-09-26,1.2710104911651958,1.2709535436790929
2007-09-27,1.2893372439071256,1.284467020208827
2007-09-28,1.2838937508877293,1.2736928033778716
2007-10-01,1.2758830412883089,1.3199255094501579
2007-10-02,1.3178398357831247,1.3168031996899099
2007-10-03,1.301596926253178,1.2917355598260556
2007-10-04,1.2987508322988235,1.2953417498461963
2007-10-05,1.3278917967165857,1.3764503772722363
2007-10-08,1.3786414934307891,1.4014257405932649
2007-10-09,1.4110821683972865,1.4157238896026505
2007-10-10,1.4179879782327875,1.4258340944202963
2007-10-11,1.4483057421288574,1.3528105107336625
2007-10-12,1.373135105502762,1.4224280845367065
2007-10-15,1.4298078841571322,1.3837220719975323
2007-10-16,1.3619159009901882,1.3675478740294622
2007-10-17,1.4271674169342865,1.4195875695977611
2007-10-18,1.3976921405801603,1.4343928029868787
2007-10-19,1.4362127677844343,1.3220869640543569
2007-10-22,1.3027924052028805,1.36939556888659
2007-10-23,1.415171210644833,1.4600937082226306
2007-10-24,1.4234311352813045,1.4258822250417893
2007-10-25,1.4290387210048483,1.3717041453193641
2007-10-26,1.4457026491810856,1.4330767725381393
2007-10-29,1.4488744216349412,1.449176318985093
2007-10-30,1.436179533984177,1.4561110367719317
2007-10-31,1.4684232531234267,1.5172314675891891
2007-11-01,1.485168198077641,1.4315467903551773
2007-11-02,1.458939529325206,1.4632187672785941
2007-11-05,1.421364654487636,1.435197494774524
2007-11-06,1.4575295729590505,1.4801846886108458
2007-11-07,1.4422681301368685,1.371307305076019
2007-11-08,1.3634145694942537,1.25063307848114
2007-11-09,1.1705890942489456,1.1237309797870476
2007-11-12,1.1143290469419354,1.0368343756019278
2007-11-13,1.0796807936472634,1.1700312384672291
2007-11-14,1.2113181996524707,1.1193491978951349
2007-11-15,1.1146136713685824,1.095370730935588
2007-11-16,1.118032178886356,1.1345965417616466
2007-11-19,1.1200824423765927,1.0882709646051267
2007-11-20,1.1036461955089125,1.1015546110967929
2007-11-21,1.0668093869938382,1.0623805987836143
2007-11-23,1.0826188606619922,1.0974454264662363
2007-11-26,1.104029231968286,1.0320885091075653
2007-11-27,1.0596569386207506,1.1010386503771932
2007-11-28,1.136325796363278,1.2015503928630125
2007-11-29,1.1824350374385193,1.2123157970624494
2007-11-30,1.2467872870963177,1.1871647269019456
2007-12-03,1.1713252960929006,1.149465396196105
2007-12-04,1.1251665814778653,1.1343798890617756
2007-12-05,1.1737867008122773,1.2005449958572723
2007-12-06,1.2007120667709192,1.248159642056806
2007-12-07,1.2474445491498944,1.2512501655439359
2007-12-10,1.2536700742887537,1.2588095199590728
2007-12-11,1.2634842737874767,1.1670341757532772
2007-12-12,1.2361408168804475,1.1941277758511761
2007-12-13,1.1624649585049527,1.1813989668457032
2007-12-14,1.1533593328171803,1.1424060942032808
2007-12-17,1.129258850338952,1.0571570193802593
2007-12-18,1.0894530617727285,1.0695154371829962
2007-12-19,1.0665546937952952,1.071000071239356
2007-12-20,1.110291891176545,1.1317944209475594
2007-12-21,1.1822271822305899,1.2004059751128398
2007-12-24,1.2022065256276286,1.2281589964886814
2007-12-26,1.215165305866485,1.241344633842173
2007-12-27,1.2270062896938903,1.1868652685719527
2007-12-28,1.207569162027698,1.18726368780254
2007-12-31,1.1713167667081237,1.1490859793726098
2008-01-02,1.1495978615424025,1.0898824857625018
2008-01-03,1.0909103084268479,1.0922419548078166
2008-01-04,1.049623709861426,0.9530410196710202
2008-01-07,0.9639421535585273,0.9432360975243412
2008-01-08,0.9543779867301895,0.8737263287950833
2008-01-09,0.8800844651695707,0.9265461167252561
2008-01-10,0.9000766463077321,0.9314865438619461
2008-01-11,0.9129884356401496,0.8728555174223763
2008-01-14,0.9101643816901749,0.9221958006851586
2008-01-15,0.8888805599495422,0.8443961368510577
2008-01-16,0.8204511127327663,0.8146515684387861
2008-01-17,0.8274556301308628,0.7740167579501989
2008-01-18,0.7990553744657577,0.7753832841692065
2008-01-22,0.6444278329255422,0.7053381931296712
2008-01-23,0.6223759183076755,0.691446259637302
2008-01-24,0.7042671730683993,0.734570742112786
2008-01-25,0.775275996742382,0.6852768412954917
2008-01-28,0.6838068424491618,0.7029551333218014
2008-01-29,0.7112483714782287,0.7053471787306735
2008-01-30,0.6964952508577725,0.7056629727540481
2008-01-31,0.6747223935458929,0.7415481385377316
2008-02-01,0.7468557738776253,0.7577096709354727
2008-02-04,0.7565965126004027,0.7246803275150598
2008-02-05,0.6885356569479137,0.6593535374564476
2008-02-06,0.6741016419783368,0.6217502725691103
2008-02-07,0.6024837794282383,0.6337930165202085
2008-02-08,0.6346883958400606,0.6554458692063716
2008-02-11,0.6625106989322083,0.6764450712818871
2008-02-12,0.6869819369600081,0.661416719361757
2008-02-13,0.686493049387166,0.7087161965155564
2008-02-14,0.7085365467648628,0.6668381334793753
2008-02-15,0.6537007960435461,0.658153389043007
2008-02-19,0.6820436571145204,0.639341125324517
2008-02-20,0.6301945419311038,0.6630903052289207
2008-02-21,0.6790283016214314,0.6383649911821997
2008-02-22,0.6452324065902765,0.6455740528641204
2008-02-25,0.6448784061828536,0.6581497178542511
2008-02-26,0.6446486936416558,0.6638005339593366
2008-02-27,0.6494154995473778,0.672497261191486
2008-02-28,0.6656815501839048,0.6657928505969538
2008-02-29,0.6449782600649586,0.6112179202185806
2008-03-03,0.60954408420371,0.5981219315023721
2008-03-04,0.58861672018398,0.6082070785140158
2008-03-05,0.6107782196478178,0.6180456385941011
2008-03-06,0.613399390790837,0.5743071435064346
2008-03-07,0.5628391287939445,0.5687174639918007
2008-03-10,0.566531322250613,0.5338880526747297
2008-03-11,0.5633616913258344,0.5997237020441065
2008-03-12,0.6048882385139585,0.593193761820628
2008-03-13,0.5731108227990225,0.6075016605916412
2008-03-14,0.6146089004186126,0.5685676355420497
2008-03-17,0.5351979137557684,0.5413275353347852
2008-03-18,0.5698330760643305,0.6134116089987958
2008-03-19,0.6173872266661934,0.5651771136440117
2008-03-20,0.5690027955485052,0.6008166819656711
2008-03-24,0.6089502925298587,0.665012257397314
2008-03-25,0.6668563460970978,0.6756204647565115
2008-03-26,0.6656621136264602,0.666978600163438
2008-03-27,0.6555350238820952,0.6234299348411564
2008-03-28,0.6343939181686213,0.6117934501699194
2008-03-31,0.6171345096454938,0.6262435105533615
2008-04-01,0.6515174161423927,0.7046282247773268
2008-04-02,0.7048236286442334,0.6964284742538268
2008-04-03,0.6892324716681432,0.7029707176446249
2008-04-04,0.7080652554351666,0.7145531873123541
2008-04-07,0.728535129403066,0.7079022508461724
2008-04-08,0.6990925217116309,0.6906188323115712
2008-04-09,0.6928215400314375,0.6676019134677477
2008-04-10,0.6682112508275858,0.6964268852920216
2008-04-11,0.6725479163658845,0.6355602417425783
2008-04-14,0.6332275823172876,0.6267884282046426
2008-04-15,0.6355033163228474,0.6302051478339084
2008-04-16,0.654023021566597,0.6853787250065714
2008-04-17,0.68499207128629,0.6781183709340759
2008-04-18,0.7312332471516348,0.7437935409865781
2008-04-21,0.7348988808757978,0.7580599351645013
2008-04-22,0.7436566577364946,0.7203234959997004
2008-04-23,0.738374513197583,0.7486067138816248
2008-04-24,0.7500252405975603,0.7691095810855628
2008-04-25,0.7667500585221291,0.7612856048873295
2008-04-28,0.7632887260540473,0.766224645432813
2008-04-29,0.7594143739015686,0.7778305725084617
2008-04-30,0.7841670576260508,0.7578529037942869
2008-05-01,0.7624799736041262,0.8318721214683233
2008-05-02,0.8515228381724522,0.8326887357897416
2008-05-05,0.8310423537879515,0.8243766671428521
2008-05-06,0.8150073753932914,0.8419907895100659
2008-05-07,0.8376162211496048,0.7917238068176389
2008-05-08,0.802700083346998,0.8099178696096869
2008-05-09,0.7895296662778517,0.800929512402445
2008-05-12,0.8118836518278745,0.8455778696586057
2008-05-13,0.8459865344180834,0.8494316614220947
2008-05-14,0.8591775679076268,0.8443942932907037
2008-05-15,0.8416442157034777,0.8867570694372862
2008-05-16,0.8898044695011672,0.885915304391945
2008-05-19,0.8862645159223373,0.8659775397553925
2008-05-20,0.855180567430254,0.8448215606140547
2008-05-21,0.8503210633054008,0.788280688454873
2008-05-22,0.7949122959728663,0.7974476692374505
2008-05-23,0.790722312002587,0.7895322317187584
2008-05-27,0.7965052668003881,0.8331884626972393
2008-05-28,0.842022121554931,0.8382645826189347
2008-05-29,0.8400895291751043,0.8614183265646637
2008-05-30,0.8728722057950186,0.8780846979173561
2008-06-02,0.8699544944544965,0.8441693560589795
2008-06-03,0.8541518390980126,0.830599526159128
2008-06-04,0.8241375763487087,0.8604840419403151
2008-06-05,0.8674290808736977,0.902933271254151
2008-06-06,0.8775649273879895,0.8180314646883982
2008-06-09,0.8238296940119545,0.8040886198794707
2008-06-10,0.7802356467099522,0.7943925862313183
2008-06-11,0.7896264591182303,0.7357072829019369
2008-06-12,0.7552995491237432,0.734655011742335
2008-06-13,0.7504744975634985,0.7823001420056965
2008-06-16,0.7676841265434083,0.8035701112924115
2008-06-17,0.8096230740898983,0.7882915239128584
2008-06-18,0.7759268803189547,0.7617504465828699
2008-06-19,0.7573795029031635,0.7979525452658953
2008-06-20,0.7730367802343936,0.7326029223643831
2008-06-23,0.7417790276776072,0.7145817761383576
2008-06-24,0.7070337359675295,0.7032898858783894
2008-06-25,0.7111195193418332,0.7362631567466636
2008-06-26,0.6958882520952768,0.6478910456751478
2008-06-27,0.6465726388323233,0.6476935177245711
2008-06-30,0.6443967093435748,0.6277046865843752
2008-07-01,0.6119025907267093,0.6527351006180676
2008-07-02,0.6588645586257315,0.6029022339579547
2008-07-03,0.615198550612988,0.6024271434712832
2008-07-07,0.6200158567572874,0.6123034576543241
2008-07-08,0.6146818166151979,0.6564854778095339
2008-07-09,0.6515065733914059,0.6013663979996543
2008-07-10,0.6085032125574558,0.6211808568611562
2008-07-11,0.601329199708971,0.5918112948105115
2008-07-14,0.6150745087578099,0.5777794248284946
2008-07-15,0.5668083515518353,0.5774672640180546
2008-07-16,0.578430037618592,0.6208762500463247
2008-07-17,0.627819260173811,0.6300701078121252
2008-07-18,0.6031587661547404,0.5988368327701544
2008-07-21,0.6070900449890042,0.5948062488434968
2008-07-22,0.5629241205847202,0.5949242839144102
2008-07-23,0.5963902012404847,0.6179147676717596
2008-07-24,0.6271081141023295,0.588316246025434
2008-07-25,0.6006495575070773,0.6167643395410215
2008-07-28,0.6112658219516157,0.572836942937293
2008-07-29,0.5824244718517634,0.6132567122874584
2008-07-30,0.617725510400142,0.6199812204597844
2008-07-31,0.60220470883901,0.6155369644717377
2008-08-01,0.6136019171586911,0.5925109399011731
2008-08-04,0.5914068800546521,0.5709069860353654
2008-08-05,0.5906249981495818,0.6329702012217664
2008-08-06,0.6297603760146165,0.6581875910821058
2008-08-07,0.645159981133887,0.6419299789280998
2008-08-08,0.6419894942129833,0.6886512051338392
2008-08-11,0.6835691315455042,0.7040597711487188
2008-08-12,0.701328218092026,0.7032920019157934
2008-08-13,0.6997263749084549,0.7037230514697544
2008-08-14,0.691242544405328,0.727008374754517
2008-08-15,0.7301574536415303,0.7187969158415384
2008-08-18,0.7235746762766616,0.6906698221019811
2008-08-19,0.681708022622281,0.6644956393056567
2008-08-20,0.6778685463812548,0.6683470808207139
2008-08-21,0.6545366648321133,0.6611146358612061
2008-08-22,0.6702310971489279,0.6864287919999654
2008-08-25,0.6722602293472759,0.6417766735473925
2008-08-26,0.6416612560355613,0.6377770265683155
2008-08-27,0.6382813221764981,0.6514291100854089
2008-08-28,0.6571112140659177,0.6661756538291564
2008-08-29,0.6457149292331333,0.6216979414255329
2008-09-02,0.6529820509624069,0.5970849202917315
2008-09-03,0.594318107915625,0.5801247448750154
2008-09-04,0.5669891505997685,0.5249363576879241
2008-09-05,0.5102889940939327,0.5185286250523989
2008-09-08,0.5410531797299009,0.5126627374051308
2008-09-09,0.5142630884622809,0.4760428489642684
2008-09-10,0.4909002859379604,0.4893152436070077
2008-09-11,0.46942351008080546,0.517591530783103
2008-09-12,0.5020457117411338,0.5112613144824393
2008-09-15,0.4716860022007215,0.458076060533452
2008-09-16,0.4427923073956721,0.47202202803322296
2008-09-17,0.4535252066567278,0.39789077647294013
2008-09-18,0.423960461597179,0.44596059427875456
2008-09-19,0.4953352833441347,0.4822629700920345
2008-09-22,0.47995549179413644,0.41647577218850806
2008-09-23,0.42605146551311696,0.4026237437247967
2008-09-24,0.4091967413567044,0.4117880528837752
2008-09-25,0.4221155430015595,0.43108464845355143
2008-09-26,0.3964953180151799,0.41761165928188443
2008-09-29,0.3922161255627055,0.2899057409759255
2008-09-30,0.3155711715770341,0.3486984598854424
2008-10-01,0.3396506617168218,0.3283850581020629
2008-10-02,0.31774607642144287,0.28309745903815037
2008-10-03,0.2971842478840358,0.27047305431612534
2008-10-06,0.24838697824350464,0.23800928011345282
2008-10-07,0.24043950696444136,0.196385953249688
2008-10-08,0.18241637134629665,0.19581664161211462
2008-10-09,0.20409662160416545,0.1702333637111084
2008-10-10,0.15406141307612306,0.1670589953484943
2008-10-13,0.19414378471357666,0.23363109422153092
2008-10-14,0.2537874012806767,0.19867750385485683
2008-10-15,0.1928245410976588,0.14687714855791392
2008-10-16,0.15105834120304854,0.17147124795468136
2008-10-17,0.16301909208649443,0.17057697324025925
2008-10-20,0.1775122952680922,0.1866816161939567
2008-10-21,0.17704844201226244,0.1584997105167512
2008-10-22,0.15452105065572133,0.1414258252315893
2008-10-23,0.14242649712203206,0.14201553389622895
2008-10-24,0.11099870558629688,0.1263543118769765
2008-10-27,0.12010605105619902,0.11614379197085159
2008-10-28,0.1280841316780768,0.15582942429001564
2008-10-29,0.1538620419985427,0.15730883525662465
2008-10-30,0.16853276176340926,0.16871635897845383
2008-10-31,0.16274558242010606,0.16874723462446697
2008-11-03,0.16807362435518594,0.16859339195045037
2008-11-04,0.17934146008151314,0.18522567696664916
2008-11-05,0.17765802846828568,0.1541298141658812
2008-11-06,0.14626513636118235,0.1338165526883075
2008-11-07,0.13908111078438884,0.14339621227853258
2008-11-10,0.15225045953947589,0.13565823859380258
2008-11-11,0.13086811725062628,0.12736509113097766
2008-11-12,0.12063076230365932,0.10892557970306896
2008-11-13,0.10956702284123533,0.13009620464224017
2008-11-14,0.12018810678657776,0.11120425061970937
2008-11-17,0.10491047313110144,0.10334941419257364
2008-11-18,0.10495340033930861,0.10427605746534492
2008-11-19,0.10380211117726543,0.08580001220303017
2008-11-20,0.08313713868651589,0.07383721227844312
2008-11-21,0.07876011026895188,0.08449768333601025
2008-11-24,0.08923768943534012,0.10089627050324645
2008-11-25,0.10348152516437334,0.0976312229027005
2008-11-26,0.0935837520284024,0.11002175541065835
2008-11-28,0.10675008057348921,0.10787646581346819
2008-12-01,0.1078313723834428,0.08198043865527091
2008-12-02,0.08619033588704728,0.09081561832707646
2008-12-03,0.08449448746957271,0.09875512938740952
2008-12-04,0.09315032335016692,0.08906967712353595
2008-12-05,0.08564419222794807,0.10047354869973352
2008-12-08,0.10680610606131975,0.11269681759271417
2008-12-09,0.10703627868571204,0.10905190326232747
2008-12-10,0.11198255438118711,0.1116337091963145
2008-12-11,0.10842536709881608,0.10021885874428112
2008-12-12,0.09537088362978477,0.1064298160218756
2008-12-15,0.10644618201546598,0.09978407731493372
2008-12-16,0.10302242006039189,0.11556896566204673
2008-12-17,0.11055493290063234,0.1105574087267524
2008-12-18,0.11090353065005285,0.10472510074569415
2008-12-19,0.10858281697570805,0.10788038059571425
2008-12-22,0.1065377634322677,0.1003873207333122
2008-12-23,0.10173574273469786,0.09876794575128295
2008-12-24,0.09958564110870005,0.0989599173061023
2008-12-26,0.10023960637696468,0.09915365549123036
2008-12-29,0.0992426961348308,0.09598535447693517
2008-12-30,0.09815433067048791,0.10289334386249867
2008-12-31,0.10308673544631357,0.10545906000790556
2009-01-02,0.10569958096931095,0.11898005050101537
2009-01-05,0.11638820797289089,0.11851576706607378
2009-01-06,0.12180056384093366,0.12178692675448702
2009-01-07,0.11470968152179338,0.11152872939702703
2009-01-08,0.10963170781070469,0.11513177727245698
2009-01-09,0.11510569975835075,0.10690021467501805
2009-01-12,0.10740881479195427,0.10105416001707103
2009-01-13,0.10095892471551035,0.10135303078716253
2009-01-14,0.09654240253578862,0.0915183042921384
2009-01-15,0.09065878108207115,0.09614981195382544
2009-01-16,0.09993115897908499,0.09962440838981503
2009-01-20,0.09854505360228423,0.08429877527469293
2009-01-21,0.08872245689483611,0.09538413637954309
2009-01-22,0.08959832507105818,0.09097893188054215
2009-01-23,0.08639149454176899,0.09251089835895648
2009-01-26,0.09283804045982862,0.09448344074249511
2009-01-27,0.09474305500653867,0.09676479667856823
2009-01-28,0.10144667955771886,0.10693779197215011
2009-01-29,0.10217917023448465,0.0986374816253055
2009-01-30,0.10067578160000151,0.09264645567009235
2009-02-02,0.08975356732250275,0.09608261758431788
2009-02-03,0.09677528682548574,0.10082044986851249
2009-02-04,0.10077332497905628,0.10067898512180083
2009-02-05,0.09686711210037427,0.10768548687837054
2009-02-06,0.1074640580937204,0.11598391318252281
2009-02-09,0.1157256994600697,0.11701794921413472
2009-02-10,0.11363556545393051,0.10279544062621158
2009-02-11,0.1033369764432739,0.10214347990243912
2009-02-12,0.09834734312018645,0.10580145206524962
2009-02-13,0.10524644103031897,0.10419475533232374
2009-02-17,0.09422917188626041,0.09169950462517587
2009-02-18,0.0932486666207101,0.09200999755304771
2009-02-19,0.09325792232191579,0.08702989750035504
2009-02-20,0.08459028311214103,0.08796954790720114
2009-02-23,0.08959583722851042,0.07791267130087819
2009-02-24,0.07989663671623569,0.08675476163227959
2009-02-25,0.08393246914351671,0.08431452766370506
2009-02-26,0.08586777492799383,0.07678581291536568
2009-02-27,0.07464451823519766,0.0746554168579895
2009-03-02,0.0710150529150499,0.06665852550811142
2009-03-03,0.06955599172481768,0.06728249726073257
2009-03-04,0.07015504773473152,0.07283287348464279
2009-03-05,0.06961043750451634,0.06584785820646562
2009-03-06,0.06729292177872727,0.06393969862315034
2009-03-09,0.06285902447047469,0.060164872361640656
2009-03-10,0.06300137682957653,0.07224681609770645
2009-03-11,0.0733680882257529,0.07483318310696951
2009-03-12,0.07399639600485487,0.08243416609981236
2009-03-13,0.0820111538114271,0.08317014449020019
2009-03-16,0.0850165368018754,0.07807470843434208
2009-03-17,0.07934666986429123,0.08765028387932819
2009-03-18,0.08607189878371145,0.09078111778601199
2009-03-19,0.09379388256308877,0.09000362294667145
2009-03-20,0.0906992122269652,0.08608684467045892
2009-03-23,0.09169386463626443,0.10224276295271623
2009-03-24,0.09875245471197516,0.09602126385211199
2009-03-25,0.09810483061945413,0.09645906000414975
2009-03-26,0.1004973252951758,0.10699681018219846
2009-03-27,0.10252288923606738,0.09952268347271795
2009-03-30,0.09457124197761017,0.0922083329866054
2009-03-31,0.0948390140694653,0.09581964307241643
2009-04-01,0.09087400771792821,0.09904449921513993
2009-04-02,0.1041984500085157,0.10903364256346688
2009-04-03,0.11207128816455869,0.11451034820156135
2009-04-06,0.11061780826413449,0.11354729822472835
2009-04-07,0.10911566218573834,0.10382221842809632
2009-04-08,0.1072660747263537,0.10997837859099859
2009-04-09,0.11538080190666217,0.12005783679869471
2009-04-13,0.118244766604692,0.11897998071800692
2009-04-14,0.11600884758611968,0.11506256740462624
2009-04-15,0.11210115448779631,0.1134291046940006
2009-04-16,0.11790762175872446,0.12288567483396876
2009-04-17,0.12130571087318943,0.12302413559926491
2009-04-20,0.11650129761852361,0.11098477036238433
2009-04-21,0.10953980524984021,0.1158427659989401
2009-04-22,0.11397439035852282,0.11744916833242218
2009-04-23,0.11873221798705322,0.11964961391561285
2009-04-24,0.12177293080749443,0.12732111998069431
2009-04-27,0.12354082299526938,0.12623092252342216
2009-04-28,0.1242431453714837,0.12391229447165919
2009-04-29,0.12696667698604647,0.12943203038235776
2009-04-30,0.13388899478235974,0.13265253710313263
2009-05-01,0.13313651868447515,0.13319529925496174
2009-05-04,0.13629541569923978,0.14213795878346677
2009-05-05,0.14086019731119526,0.14078055762249544
2009-05-06,0.1436197333357813,0.1406353753340424
2009-05-07,0.1423900262005247,0.13033961534788333
2009-05-08,0.13292413025077313,0.13142934635877615
2009-05-11,0.12596983532855743,0.13161721809711793
2009-05-12,0.13335852996950814,0.12624367079882493
2009-05-13,0.1226246661771115,0.11594079501668544
2009-05-14,0.11809894665802904,0.12102938287521142
2009-05-15,0.1198785822632865,0.11971172028889293
2009-05-18,0.1228260697019734,0.12969656244283717
2009-05-19,0.12809741294077237,0.1310496400707932
2009-05-20,0.13192846987632198,0.1297127452804949
2009-05-21,0.12550110783553842,0.12232485660006837
2009-05-22,0.12344652511283011,0.12107585557074711
2009-05-26,0.11781707990893739,0.13385079526841479
2009-05-27,0.1326521025425566,0.13070094748238914
2009-05-28,0.13331464173803947,0.13577801427602182
2009-05-29,0.135950670588034,0.1400437839636699
2009-06-01,0.14460925851636194,0.15224572109854767
2009-06-02,0.1500732996496556,0.153075727993183
2009-06-03,0.15051132005830922,0.1514267487843311
2009-06-04,0.15162210957582248,0.15663031662590357
2009-06-05,0.16004007336639373,0.15659841047346873
2009-06-08,0.15307211963898135,0.15495380447296514
2009-06-09,0.1569346388550769,0.15891910953412555
2009-06-10,0.161354661030142,0.1567461862402629
2009-06-11,0.15630326090041402,0.15716065550411326
2009-06-12,0.1544871729579613,0.15480862130619333
2009-06-15,0.1493826593165114,0.144509386160585
2009-06-16,0.1463830981810701,0.1402573832090372
2009-06-17,0.14187513730141146,0.1438396866954103
2009-06-18,0.14385365912582945,0.14310002355174084
2009-06-19,0.14660735848842504,0.14815127978867504
2009-06-22,0.14342197059167122,0.13474060943998015
2009-06-23,0.13498748431785512,0.13401767663030648
2009-06-24,0.13738534303166722,0.14033177232071478
2009-06-25,0.1378554546491568,0.14845352589875774
2009-06-26,0.14584453605569703,0.14960613789693403
2009-06-29,0.1505927491513889,0.1505815415346721
2009-06-30,0.15081999454647693,0.14845020746039633
2009-07-01,0.1511767767577328,0.14953925978659083
2009-07-02,0.14442530148908597,0.13892775506676946
2009-07-06,0.1357343250658009,0.137269061407225
2009-07-07,0.13716022641373501,0.12680754231744626
2009-07-08,0.1288559914239839,0.12852572030080958
2009-07-09,0.12996618649625752,0.12935603527571587
2009-07-10,0.12781276663634436,0.13055849407540596
2009-07-13,0.13143080117514105,0.13816349826546193
2009-07-14,0.13721532567754188,0.13950886330192727
2009-07-15,0.14542809942133325,0.1534766431105238
2009-07-16,0.15170082077446956,0.15878014023048304
2009-07-17,0.15805518470761637,0.1612684477934881
2009-07-20,0.16345967854830742,0.16646262686534805
2009-07-21,0.16797789669463878,0.16924486153067103
2009-07-22,0.16904987830011636,0.1730197375913613
2009-07-23,0.1718197369545967,0.18492488352838551
2009-07-24,0.17713313547687493,0.18372494825739272
2009-07-27,0.18294497493851766,0.18365550129072444
2009-07-28,0.18063666565022862,0.18556882722824555
2009-07-29,0.1824883804026636,0.18337205126104256
2009-07-30,0.18828204311294652,0.18671958540248138
2009-07-31,0.18608133587360007,0.18430270189191514
2009-08-03,0.18970177638419194,0.19274348539744895
2009-08-04,0.18945588162069338,0.19267648513018173
2009-08-05,0.19375307878039874,0.18750592816277417
2009-08-06,0.18867146437737092,0.1823937743434672
2009-08-07,0.1893099089884934,0.1887927582709487
2009-08-10,0.18634968769055588,0.18547452746411652
2009-08-11,0.18306478845291851,0.1799095223842345
2009-08-12,0.1800272601179303,0.18818901276021266
2009-08-13,0.19117094670965326,0.19118966184042943
2009-08-14,0.18929251028425273,0.18504739553546531
2009-08-17,0.17522499443487408,0.1690426768549312
2009-08-18,0.17170387163417866,0.1759473031318864
2009-08-19,0.16985507146029685,0.17894603301716366
2009-08-20,0.17818866243682588,0.18469828404197502
2009-08-21,0.1867664444459263,0.19267356029097965
2009-08-24,0.19388824406732344,0.1914436412038939
2009-08-25,0.19334506582687283,0.19308037226387278
2009-08-26,0.19191172577010857,0.19189483687650732
2009-08-27,0.1915086713702661,0.1931281697807359
2009-08-28,0.20029253414804843,0.1936087001608613
2009-08-31,0.18821519625973776,0.18708921036435752
2009-09-01,0.18524970265633403,0.1768536445486488
2009-09-02,0.1742031142283288,0.17616732440763427
2009-09-03,0.1783743983301587,0.17991070881087137
2009-09-04,0.18106219177440153,0.1905838633472165
2009-09-08,0.1952406912170321,0.196283273232584
2009-09-09,0.19659620355121735,0.20125462101709998
2009-09-10,0.20095710276282058,0.20720299631121847
2009-09-11,0.20662973543844534,0.20677147183021752
2009-09-14,0.2023017312865498,0.20954621613076527
2009-09-15,0.2085381795434904,0.21150273257297292
2009-09-16,0.21381863149697827,0.22040713331217204
2009-09-17,0.21949025335642622,0.21921109254973523
2009-09-18,0.22210753008171347,0.22060025059257685
2009-09-21,0.21748911334713797,0.2227968832903899
2009-09-22,0.22600407472167075,0.2235562037217852
2009-09-23,0.2257214403860025,0.21953234939592262
2009-09-24,0.22275594357470427,0.2137202215356989
2009-09-25,0.20884212210782957,0.20770631256650807
2009-09-28,0.21085615717954007,0.21880629866228812
2009-09-29,0.21856638685362115,0.21599175355039832
2009-09-30,0.21825544591060717,0.2162955080588619
2009-10-01,0.2130002821027791,0.19644031604824114
2009-10-02,0.1929490395678228,0.19486684492848652
2009-10-05,0.19696906886574772,0.1993442958061098
2009-10-06,0.20251230519617627,0.20982014853469338
2009-10-07,0.2083112967324722,0.21154831003668373
2009-10-08,0.21534098738219873,0.2140797386349415
2009-10-09,0.2123750844586998,0.2175998224519667
2009-10-12,0.21939423130299712,0.2181173965082991
2009-10-13,0.2178484223517497,0.21817688444577554
2009-10-14,0.22564754534261533,0.22710029003123738
2009-10-15,0.22450039633375415,0.22654516191753435
2009-10-16,0.2241673827425729,0.22093719609064796
2009-10-19,0.22164895163339735,0.22737935320085897
2009-10-20,0.23092277786885318,0.22695842618926357
2009-10-21,0.22628976652453345,0.22575029628522134
2009-10-22,0.22401065150729182,0.2292377845206142
2009-10-23,0.23339349489709252,0.22523656944793552
2009-10-26,0.2262482864801946,0.22238612784109782
2009-10-27,0.2223848307536864,0.2129241481627473
2009-10-28,0.2092527756307884,0.19789879242051717
2009-10-29,0.2021256708757771,0.20812545799658874
2009-10-30,0.20681618271591132,0.1919116370606011
2009-11-02,0.1918072605005758,0.19374632857910612
2009-11-03,0.1898226132889996,0.19568859953203985
2009-11-04,0.1983757296439251,0.19601760313105898
2009-11-05,0.20272353422945633,0.21015834201133934
2009-11-06,0.20594202515921636,0.21342241865961353
2009-11-09,0.2180646783754111,0.2272974363670474
2009-11-10,0.22609189836983895,0.2289363683600533
2009-11-11,0.23338409134003943,0.23252159067645864
2009-11-12,0.23310515148072772,0.22848197143178195
2009-11-13,0.23105381851505608,0.23429443956725923
2009-11-16,0.23666047820653113,0.24157726464632218
2009-11-17,0.23926305986999863,0.24321393216174486
2009-11-18,0.2410588865199627,0.23880913492733552
2009-11-19,0.2335440894806943,0.22735177439213652
2009-11-20,0.22239096977214806,0.22375699195569182
2009-11-23,0.23071330133017656,0.23450664320852527
2009-11-24,0.23385931862378317,0.2316899517017251
2009-11-25,0.23332078358618513,0.23438814473871014
2009-11-27,0.2145791134735596,0.22263862566705697
2009-11-30,0.22161111131864958,0.22319284832144637
2009-12-01,0.2289412813243046,0.23071783886950326
2009-12-02,0.23213138174702624,0.23172726240235164
2009-12-03,0.23335010905565806,0.22844064766593117
2009-12-04,0.2382199575260613,0.23152542646800386
2009-12-07,0.23121155785215128,0.22813338503687602
2009-12-08,0.22371747116505056,0.22375269019100757
2009-12-09,0.2226443822788518,0.22996625822608668
2009-12-10,0.23378279116975217,0.2334980334384875
2009-12-11,0.2370870851831604,0.23038988546476527
2009-12-14,0.2342352637551966,0.23679253328633856
2009-12-15,0.23374458681875995,0.23233516710151864
2009-12-16,0.2350753858478285,0.23313739977548886
2009-12-17,0.2294046642554222,0.22424167336390083
2009-12-18,0.23014403266005118,0.23514298226288372
2009-12-21,0.23934981035230393,0.2433565418912637
2009-12-22,0.2452228900225758,0.24744328563725437
2009-12-23,0.24860699728348112,0.2522834708143204
2009-12-24,0.2538413235282192,0.2593889815656089
2009-12-28,0.2613072889332049,0.2626491012150024
2009-12-29,0.26318534809746114,0.2598410528042036
2009-12-30,0.2599864391427565,0.2623851290504431
2009-12-31,0.2635575645464625,0.25445540419765483
2010-01-04,0.26353247963097204,0.265106242680375
2010-01-05,0.26523995154427177,0.26561395486830464
2010-01-06,0.2652834981880806,0.26117209152561877
2010-01-07,0.2609544651588322,0.26024512965856916
2010-01-08,0.25771518530928655,0.2665707811258053
2010-01-11,0.2679214071491489,0.26365078150771937
2010-01-12,0.25872250371829153,0.25324878607581525
2010-01-13,0.25575863802611865,0.26301566089226186
2010-01-14,0.2605337014696441,0.26294362023496304
2010-01-15,0.26316405471157783,0.25352060950376726
2010-01-19,0.25533997247060847,0.2659864612085425
2010-01-20,0.2602257559573431,0.2542641157878324
2010-01-21,0.25684894612798054,0.24688845472438153
2010-01-22,0.24339926900508266,0.22455212879800837
2010-01-25,0.2288797056052874,0.22718394090147723
2010-01-26,0.2255650692919858,0.22754034628404818
2010-01-27,0.22661650926832191,0.2330234124786821
2010-01-28,0.22782969650120732,0.21466001710466973
2010-01-29,0.22040251865653673,0.20325428073427323
2010-02-01,0.2048749323184984,0.2100029370591568
2010-02-02,0.20989012604963136,0.21562112116926577
2010-02-03,0.2119707039190729,0.21820110857294883
2010-02-04,0.2133710492114782,0.19926769507496256
2010-02-05,0.20132310165738423,0.20364554960480521
2010-02-08,0.20282567925921277,0.19955200552312183
2010-02-09,0.20685310924065342,0.20590447703689688
2010-02-10,0.20533236055707035,0.20429748535268008
2010-02-11,0.20343799889087677,0.21627600491046906
2010-02-12,0.21039099991321564,0.21716099977493286
2010-02-16,0.22226600348949432,0.22557300329208374
2010-02-17,0.22859400510787964,0.22940100729465485
2010-02-18,0.22916699945926666,0.23375000059604645
2010-02-19,0.2321610003709793,0.23375000059604645
2010-02-22,0.2365099936723709,0.23210899531841278
2010-02-23,0.2308329939842224,0.22304700314998627
2010-02-24,0.22697900235652924,0.22979199886322021
2010-02-25,0.22244800627231598,0.2296610027551651
2010-02-26,0.22898399829864502,0.2325260043144226
2010-03-01,0.2354689985513687,0.24250000715255737
2010-03-02,0.24463500082492828,0.2439579963684082
2010-03-03,0.24669300019741058,0.24531300365924835
2010-03-04,0.2461719959974289,0.24802100658416748
2010-03-05,0.2533070147037506,0.2589839994907379
2010-03-08,0.2592189908027649,0.26036500930786133
2010-03-09,0.2589319944381714,0.2649739980697632
2010-03-10,0.2653389871120453,0.2714579999446869
2010-03-11,0.2698180079460144,0.2739579975605011
2010-03-12,0.276978999376297,0.27458301186561584
2010-03-15,0.2727600038051605,0.27273398637771606
2010-03-16,0.2754170000553131,0.27789101004600525
2010-03-17,0.2786720097064972,0.27981799840927124
2010-03-18,0.28078100085258484,0.2826560139656067
2010-03-19,0.2776559889316559,0.2776559889316559
2010-03-22,0.2744010090827942,0.2851560115814209
2010-03-23,0.28710898756980896,0.2911199927330017
2010-03-24,0.2890630066394806,0.28697898983955383
2010-03-25,0.29398399591445923,0.28518199920654297
2010-03-26,0.28924500942230225,0.28666698932647705
2010-03-29,0.2909899950027466,0.29059898853302
2010-03-30,0.29299500584602356,0.2936460077762604
2010-03-31,0.2903650104999542,0.28968799114227295
2010-04-01,0.29291701316833496,0.2891150116920471
2010-04-05,0.29122400283813477,0.2974739968776703
2010-04-06,0.29520800709724426,0.2997399866580963
2010-04-07,0.2987239956855774,0.2980470061302185
2010-04-08,0.2950260043144226,0.29911500215530396
2010-04-09,0.3001039922237396,0.30450499057769775
2010-04-12,0.30554699897766113,0.3057290017604828
2010-04-13,0.3047400116920471,0.3103390038013458
2010-04-14,0.314765989780426,0.3212760090827942
2010-04-15,0.32093799114227295,0.32557299733161926
2010-04-16,0.32213500142097473,0.3139840066432953
2010-04-19,0.31104201078414917,0.31349000334739685
2010-04-20,0.31835898756980896,0.31812500953674316
2010-04-21,0.3245829939842224,0.32372400164604187
2010-04-22,0.3142710030078888,0.32851600646972656
2010-04-23,0.32882800698280334,0.33286499977111816
2010-04-26,0.33309900760650635,0.330390989780426
2010-04-27,0.32718798518180847,0.3100000023841858
2010-04-28,0.314765989780426,0.3107289969921112
2010-04-29,0.31505200266838074,0.3265889883041382
2010-04-30,0.32609400153160095,0.307343989610672
2010-05-03,0.3109380006790161,0.31989601254463196
2010-05-04,0.3077859878540039,0.29161500930786133
2010-05-05,0.28247401118278503,0.28682300448417664
2010-05-06,0.28091099858283997,0.25872400403022766
2010-05-07,0.25187501311302185,0.2398959994316101
2010-05-10,0.2701820135116577,0.27567699551582336
2010-05-11,0.267890989780426,0.2754949927330017
2010-05-12,0.2792710065841675,0.29033899307250977
2010-05-13,0.28755199909210205,0.277213990688324
2010-05-14,0.2704170048236847,0.2601560056209564
2010-05-17,0.2626819908618927,0.26367199420928955
2010-05-18,0.27010399103164673,0.2535940110683441
2010-05-19,0.24921900033950806,0.2469010055065155
2010-05-20,0.2319529950618744,0.2219270020723343
2010-05-21,0.20841099321842194,0.22364600002765656
2010-05-24,0.2248699963092804,0.22549499571323395
2010-05-25,0.20874999463558197,0.2239059954881668
2010-05-26,0.2273699939250946,0.2169789969921112
2010-05-27,0.2314320057630539,0.24046899378299713
2010-05-28,0.24205699563026428,0.2371090054512024
2010-06-01,0.234608992934227,0.2305469959974289
2010-06-02,0.234375,0.24677099287509918
2010-06-03,0.2485940009355545,0.2531769871711731
2010-06-04,0.23729200661182404,0.2281769961118698
2010-06-07,0.2303909957408905,0.21494799852371216
2010-06-08,0.21648399531841278,0.21375000476837158
2010-06-09,0.21807299554347992,0.2090359926223755
2010-06-10,0.2163279950618744,0.22638000547885895
2010-06-11,0.2193489968776703,0.23229199647903442
2010-06-14,0.23919300734996796,0.23242199420928955
2010-06-15,0.23627600073814392,0.2494010031223297
2010-06-16,0.2491929978132248,0.2544269859790802
2010-06-17,0.2584109902381897,0.25697898864746094
2010-06-18,0.25830700993537903,0.2576819956302643
2010-06-21,0.26708298921585083,0.25091099739074707
2010-06-22,0.25380200147628784,0.24497400224208832
2010-06-23,0.2458849996328354,0.24169300496578217
2010-06-24,0.2388020008802414,0.22997400164604187
2010-06-25,0.2329690009355545,0.22981800138950348
2010-06-28,0.23000000417232513,0.22776000201702118
2010-06-29,0.217057004570961,0.20234400033950806
2010-06-30,0.19932299852371216,0.19234399497509003
2010-07-01,0.1934109926223755,0.19046899676322937
2010-07-02,0.1909639984369278,0.18942700326442719
2010-07-06,0.19666700065135956,0.19041700661182404
2010-07-07,0.19205699861049652,0.20841099321842194
2010-07-08,0.21341100335121155,0.21192699670791626
2010-07-09,0.2113800048828125,0.2178650051355362
2010-07-12,0.217057004570961,0.22033900022506714
2010-07-13,0.22549499571323395,0.22786499559879303
2010-07-14,0.22981800138950348,0.2315099984407425
2010-07-15,0.2305469959974289,0.2323179990053177
2010-07-16,0.23028600215911865,0.21362000703811646
2010-07-19,0.2148440033197403,0.21843799948692322
2010-07-20,0.20760400593280792,0.22533899545669556
2010-07-21,0.2338539958000183,0.21744799613952637
2010-07-22,0.22593800723552704,0.23210899531841278
2010-07-23,0.2288540005683899,0.23815099895000458
2010-07-26,0.23919300734996796,0.24338500201702118
2010-07-27,0.2469789981842041,0.24333299696445465
2010-07-28,0.2428389936685562,0.2383590042591095
2010-07-29,0.2416670024394989,0.232682004570961
2010-07-30,0.22677099704742432,0.23427100479602814
2010-08-02,0.24294300377368927,0.24687500298023224
2010-08-03,0.24640600383281708,0.2443230003118515
2010-08-04,0.24752600491046906,0.25137999653816223
2010-08-05,0.24760399758815765,0.24989600479602814
2010-08-06,0.24091100692749023,0.24872399866580963
2010-08-09,0.2521350085735321,0.2530730068683624
2010-08-10,0.24739600718021393,0.24770799279212952
2010-08-11,0.23455700278282166,0.22731800377368927
2010-08-12,0.21369799971580505,0.22091099619865417
2010-08-13,0.21908900141716003,0.21650999784469604
2010-08-16,0.21328100562095642,0.21773399412631989
2010-08-17,0.22260400652885437,0.22601599991321564
2010-08-18,0.2248699963092804,0.22804699838161469
2010-08-19,0.22481800615787506,0.21966099739074707
2010-08-20,0.21744799613952637,0.2189060002565384
2010-08-23,0.22380200028419495,0.21286499500274658
2010-08-24,0.20591099560260773,0.20065100491046906
2010-08-25,0.19674499332904816,0.2066670060157776
2010-08-26,0.2093230038881302,0.19992199540138245
2010-08-27,0.20341099798679352,0.20653599500656128
2010-08-30,0.203358992934227,0.19984400272369385
2010-08-31,0.19687500596046448,0.198853999376297
2010-09-01,0.2065100073814392,0.21552099287509918
2010-09-02,0.21684899926185608,0.22291700541973114
2010-09-03,0.22968800365924835,0.23427100479602814
2010-09-07,0.2311200052499771,0.22856800258159637
2010-09-08,0.2311200052499771,0.23664100468158722
2010-09-09,0.24401000142097473,0.23963500559329987
2010-09-10,0.2413800060749054,0.24221399426460266
2010-09-13,0.24854199588298798,0.25289100408554077
2010-09-14,0.2518230080604553,0.2560940086841583
2010-09-15,0.2540630102157593,0.2604430019855499
2010-09-16,0.26028600335121155,0.26411500573158264
2010-09-17,0.26950499415397644,0.26692700386047363
2010-09-20,0.2699219882488251,0.28083300590515137
2010-09-21,0.28106799721717834,0.27994799613952637
2010-09-22,0.2768230140209198,0.27862000465393066
2010-09-23,0.2729170024394989,0.277785986661911
2010-09-24,0.28770801424980164,0.29351601004600525
2010-09-27,0.294869989156723,0.2901560068130493
2010-09-28,0.2928909957408905,0.29088500142097473
2010-09-29,0.28859400749206543,0.2885420024394989
2010-09-30,0.29291701316833496,0.2846350073814392
2010-10-01,0.29130199551582336,0.2837499976158142
2010-10-04,0.28091099858283997,0.27390599250793457
2010-10-05,0.2836199998855591,0.2942970097064972
2010-10-06,0.29307299852371216,0.2867969870567322
2010-10-07,0.29166701436042786,0.28960898518562317
2010-10-08,0.29012998938560486,0.29544299840927124
2010-10-11,0.2962760031223297,0.29604199528694153
2010-10-12,0.2940889894962311,0.3021880090236664
2010-10-13,0.30776000022888184,0.30953100323677063
2010-10-14,0.30989599227905273,0.30781298875808716
2010-10-15,0.3188279867172241,0.3274480104446411
2010-10-18,0.3279690146446228,0.3274480104446411
2010-10-19,0.3144789934158325,0.314426988363266
2010-10-20,0.3174999952316284,0.3209640085697174
2010-10-21,0.3274480104446411,0.3232029974460602
2010-10-22,0.32359400391578674,0.32950499653816223
2010-10-25,0.33346399664878845,0.33450499176979065
2010-10-26,0.329245001077652,0.3365100026130676
2010-10-27,0.33221399784088135,0.33997398614883423
2010-10-28,0.3446879982948303,0.3419269919395447
2010-10-29,0.3418489992618561,0.340285986661911
2010-11-01,0.34375,0.34106799960136414
2010-11-02,0.3492709994316101,0.3514060080051422
2010-11-03,0.353177011013031,0.35648399591445923
2010-11-04,0.3689059913158417,0.3691149950027466
2010-11-05,0.3700000047683716,0.3695569932460785
2010-11-08,0.36768200993537903,0.3704949915409088
2010-11-09,0.3757550120353699,0.36450499296188354
2010-11-10,0.3664320111274719,0.3700779974460602
2010-11-11,0.3528650104999542,0.36385399103164673
2010-11-12,0.3578389883041382,0.34533900022506714
2010-11-15,0.3512499928474426,0.34164100885391235
2010-11-16,0.334322988986969,0.32468798756599426
2010-11-17,0.3252600133419037,0.3277600109577179
2010-11-18,0.3383069932460785,0.3429949879646301
2010-11-19,0.34187498688697815,0.34380200505256653
2010-11-22,0.339713990688324,0.3528650104999542
2010-11-23,0.3424220085144043,0.33619800209999084
2010-11-24,0.345755010843277,0.3558329939842224
2010-11-26,0.3496350049972534,0.35359400510787964
2010-11-29,0.3476560115814209,0.3486720025539398
2010-11-30,0.33760398626327515,0.3354170024394989
2010-12-01,0.3508070111274719,0.35674500465393066
2010-12-02,0.3583329916000366,0.36757799983024597
2010-12-03,0.36315101385116577,0.3706510066986084
2010-12-06,0.370728999376297,0.3700000047683716
2010-12-07,0.38367199897766113,0.3703390061855316
2010-12-08,0.37400999665260315,0.37546899914741516
2010-12-09,0.38174501061439514,0.37585899233818054
2010-12-10,0.37843799591064453,0.38374999165534973
2010-12-13,0.3885680139064789,0.37924501299858093
2010-12-14,0.3822399973869324,0.3808329999446869
2010-12-15,0.3805209994316101,0.37695300579071045
2010-12-16,0.377344012260437,0.3848179876804352
2010-12-17,0.3860419988632202,0.3859899938106537
2010-12-20,0.38802099227905273,0.3870309889316559
2010-12-21,0.391510009765625,0.3934110105037689
2010-12-22,0.39346399903297424,0.39382800459861755
2010-12-23,0.39177098870277405,0.3908329904079437
2010-12-27,0.3876819908618927,0.3909899890422821
2010-12-28,0.39390599727630615,0.3892970085144043
2010-12-29,0.39273399114608765,0.39161500334739685
2010-12-30,0.39177098870277405,0.38867199420928955
2010-12-31,0.387813001871109,0.3851040005683899
2011-01-03,0.3953390121459961,0.4025000035762787
2011-01-04,0.40755200386047363,0.40187498927116394
2011-01-05,0.39789101481437683,0.4118489921092987
2011-01-06,0.4133070111274719,0.41557300090789795
2011-01-07,0.4176819920539856,0.41460898518562317
2011-01-10,0.41145798563957214,0.41927099227905273
2011-01-11,0.4243749976158142,0.4211980104446411
2011-01-12,0.427031010389328,0.4297400116920471
2011-01-13,0.43127599358558655,0.4310939908027649
2011-01-14,0.43088498711586,0.4404430091381073
2011-01-18,0.42919299006462097,0.44395801424980164
2011-01-19,0.44622400403022766,0.4290890097618103
2011-01-20,0.4239580035209656,0.4194529950618744
2011-01-21,0.4255729913711548,0.4098699986934662
2011-01-24,0.4121609926223755,0.4267970025539398
2011-01-25,0.42104199528694153,0.4282810091972351
2011-01-26,0.43104198575019836,0.4349220097064972
2011-01-27,0.4400259852409363,0.4433070123195648
2011-01-28,0.4434640109539032,0.4098699986934662
2011-01-31,0.4114840030670166,0.41593798995018005
2011-02-01,0.42552098631858826,0.4390360116958618
2011-02-02,0.43671900033950806,0.4370569884777069
2011-02-03,0.4346350133419037,0.4387499988079071
2011-02-04,0.4398699998855591,0.44666698575019836
2011-02-07,0.4494529962539673,0.45315098762512207
2011-02-08,0.45330700278282166,0.46281298995018005
2011-02-09,0.45974001288414,0.46000000834465027
2011-02-10,0.45234400033950806,0.4622400104999542
2011-02-11,0.4579690098762512,0.47171899676322937
2011-02-14,0.4716149866580963,0.47468799352645874
2011-02-15,0.4720570147037506,0.4734640121459961
2011-02-16,0.47718799114227295,0.4822140038013458
2011-02-17,0.4751040041446686,0.4817970097064972
2011-02-18,0.4820829927921295,0.4790630042552948
2011-02-22,0.45994800329208374,0.43687498569488525
2011-02-23,0.4367449879646301,0.4260939955711365
2011-02-24,0.4290890097618103,0.43216100335121155
2011-02-25,0.44020798802375793,0.4506770074367523
2011-02-28,0.45583298802375793,0.45395800471305847
2011-03-01,0.4600520133972168,0.4321349859237671
2011-03-02,0.431302011013031,0.4382289946079254
2011-03-03,0.4509899914264679,0.46437498927116394
2011-03-04,0.46458300948143005,0.45750001072883606
2011-03-07,0.4632290005683899,0.4392710030078888
2011-03-08,0.4367710053920746,0.4438540041446686
2011-03-09,0.44020798802375793,0.43489599227905273
2011-03-10,0.41947901248931885,0.41499999165534973
2011-03-11,0.4080730080604553,0.42192700505256653
2011-03-14,0.41505199670791626,0.4178130030632019
2011-03-15,0.38062500953674316,0.4007290005683899
2011-03-16,0.39072901010513306,0.3713020086288452
2011-03-17,0.388280987739563,0.38098999857902527
2011-03-18,0.3943229913711548,0.3789060115814209
2011-03-21,0.39552098512649536,0.400052011013031
2011-03-22,0.40192699432373047,0.3989579975605011
2011-03-23,0.39406299591064453,0.4050000011920929
2011-03-24,0.41447898745536804,0.427031010389328
2011-03-25,0.431302011013031,0.43015599250793457
2011-03-28,0.43599000573158264,0.42286500334739685
2011-03-29,0.4203130006790161,0.4350000023841858
2011-03-30,0.44166699051856995,0.4414060115814209
2011-03-31,0.4395830035209656,0.44328099489212036
2011-04-01,0.44963499903678894,0.44395801424980164
2011-04-04,0.4477599859237671,0.4399479925632477
2011-04-05,0.43666699528694153,0.43494799733161926
2011-04-06,0.4453650116920471,0.4382289946079254
2011-04-07,0.4385420083999634,0.43812501430511475
2011-04-08,0.44416698813438416,0.43156298995018005
2011-04-11,0.43656298518180847,0.42765599489212036
2011-04-12,0.42161500453948975,0.4192189872264862
2011-04-13,0.4282810091972351,0.42921900749206543
2011-04-14,0.4202600121498108,0.4268749952316284
2011-04-15,0.421875,0.42411500215530396
2011-04-18,0.41182300448417664,0.41593798995018005
2011-04-19,0.4185419976711273,0.42343801259994507
2011-04-20,0.44578099250793457,0.45161500573158264
2011-04-21,0.4657289981842041,0.4630729854106903
2011-04-25,0.46474000811576843,0.46650999784469604
2011-04-26,0.47031301259994507,0.47453099489212036
2011-04-27,0.4765630066394806,0.484375
2011-04-28,0.47963500022888184,0.4836460053920746
2011-04-29,0.47989600896835327,0.4813019931316376
2011-05-02,0.48338499665260315,0.4786979854106903
2011-05-03,0.47718799114227295,0.47150999307632446
2011-05-04,0.47145798802375793,0.46875
2011-05-05,0.46187499165534973,0.46171900629997253
2011-05-06,0.47578099370002747,0.4657289981842041
2011-05-09,0.46791699528694153,0.47078099846839905
2011-05-10,0.47541698813438416,0.48286500573158264
2011-05-11,0.48140600323677063,0.4724479913711548
2011-05-12,0.4675000011920929,0.4807809889316559
2011-05-13,0.47755199670791626,0.4637500047683716
2011-05-16,0.45765599608421326,0.4396350085735321
2011-05-17,0.43302100896835327,0.44322898983955383
2011-05-18,0.4416149854660034,0.454010009765625
2011-05-19,0.45927101373672485,0.4579170048236847
2011-05-20,0.4563539922237396,0.4478130042552948
2011-05-23,0.42942699790000916,0.4283849895000458
2011-05-24,0.4316670000553131,0.4203130006790161
2011-05-25,0.4182809889316559,0.42500001192092896
2011-05-26,0.4208329916000366,0.43296900391578674
2011-05-27,0.43510401248931885,0.439426988363266
2011-05-31,0.4520829916000366,0.4605729877948761
2011-06-01,0.4575519859790802,0.4311459958553314
2011-06-02,0.4330730140209198,0.43364599347114563
2011-06-03,0.41843798756599426,0.41395801305770874
2011-06-06,0.41203099489212036,0.4039579927921295
2011-06-07,0.40708300471305847,0.4016149938106537
2011-06-08,0.39885398745536804,0.392969012260437
2011-06-09,0.3931249976158142,0.3946880102157593
2011-06-10,0.38932299613952637,0.37656301259994507
2011-06-13,0.3781769871711731,0.3768230080604553
2011-06-14,0.3853130042552948,0.3908329904079437
2011-06-15,0.38025999069213867,0.3694790005683899
2011-06-16,0.3696880042552948,0.3643229901790619
2011-06-17,0.3746350109577179,0.36161500215530396
2011-06-20,0.35807299613952637,0.36640599370002747
2011-06-21,0.37114599347114563,0.3908329904079437
2011-06-22,0.3856250047683716,0.38203099370002747
2011-06-23,0.3694790005683899,0.3926039934158325
2011-06-24,0.38677099347114563,0.3719269931316376
2011-06-27,0.37369799613952637,0.38999998569488525
2011-06-28,0.3928129971027374,0.4074999988079071
2011-06-29,0.4110940098762512,0.4126040041446686
2011-06-30,0.4169270098209381,0.4282810091972351
2011-07-01,0.4296880066394806,0.4481250047683716
2011-07-05,0.44963499903678894,0.45458298921585083
2011-07-06,0.45343801379203796,0.45942699909210205
2011-07-07,0.46953099966049194,0.4780209958553314
2011-07-08,0.4658850133419037,0.4740630090236664
2011-07-11,0.45958301424980164,0.44864600896835327
2011-07-12,0.4480209946632385,0.4377079904079437
2011-07-13,0.4474479854106903,0.4435420036315918
2011-07-14,0.4474479854106903,0.4282810091972351
2011-07-15,0.4430209994316101,0.4453130066394806
2011-07-18,0.43864598870277405,0.43796899914741516
2011-07-19,0.4511460065841675,0.46885401010513306
2011-07-20,0.47630199790000916,0.46229198575019836
2011-07-21,0.46369799971580505,0.47166699171066284
2011-07-22,0.4712499976158142,0.486301988363266
2011-07-25,0.4742709994316101,0.48343798518180847
2011-07-26,0.48182299733161926,0.48609399795532227
2011-07-27,0.4772399961948395,0.4492189884185791
2011-07-28,0.4500519931316376,0.45161500573158264
2011-07-29,0.4405210018157959,0.4472399950027466
2011-08-01,0.4634380042552948,0.4411979913711548
2011-08-02,0.4344789981842041,0.40770798921585083
2011-08-03,0.4087499976158142,0.4182809889316559
2011-08-04,0.40104201436042786,0.3613539934158325
2011-08-05,0.37333300709724426,0.35338500142097473
2011-08-08,0.3222399950027466,0.29130199551582336
2011-08-09,0.30281299352645874,0.3311980068683624
2011-08-10,0.30900999903678894,0.29213500022888184
2011-08-11,0.30349001288414,0.32963499426841736
2011-08-12,0.33713498711586,0.33802101016044617
2011-08-15,0.34224000573158264,0.3526040017604828
2011-08-16,0.3430210053920746,0.3435420095920563
2011-08-17,0.34562501311302185,0.33796900510787964
2011-08-18,0.3104169964790344,0.28895801305770874
2011-08-19,0.2791149914264679,0.2727600038051605
2011-08-22,0.2919270098209381,0.2752079963684082
2011-08-23,0.2810940146446228,0.3092710077762604
2011-08-24,0.3076559901237488,0.3165630102157593
2011-08-25,0.3158850073814392,0.30135399103164673
2011-08-26,0.2986460030078888,0.3231250047683716
2011-08-29,0.33333298563957214,0.35062500834465027
2011-08-30,0.34687501192092896,0.3577600121498108
2011-08-31,0.3643749952316284,0.35984399914741516
2011-09-01,0.3621880114078522,0.34968799352645874
2011-09-02,0.33000001311302185,0.32520800828933716
2011-09-06,0.3022400140762329,0.32515600323677063
2011-09-07,0.33927100896835327,0.34973999857902527
2011-09-08,0.34416699409484863,0.34489598870277405
2011-09-09,0.33854201436042786,0.32218798995018005
2011-09-12,0.31156298518180847,0.33427101373672485
2011-09-13,0.33812499046325684,0.34724000096321106
2011-09-14,0.3532809913158417,0.3622399866580963
2011-09-15,0.3747920095920563,0.3786979913711548
2011-09-16,0.38166698813438416,0.38859400153160095
2011-09-19,0.3748440146446228,0.3895829916000366
2011-09-20,0.3952080011367798,0.3840630054473877
2011-09-21,0.3900519907474518,0.364531010389328
2011-09-22,0.3368229866027832,0.3290629982948303
2011-09-23,0.3206770122051239,0.3393230140209198
2011-09-26,0.34458300471305847,0.350832998752594
2011-09-27,0.36927101016044617,0.3615629971027374
2011-09-28,0.3666670024394989,0.34453099966049194
2011-09-29,0.36192700266838074,0.334322988986969
2011-09-30,0.32109400629997253,0.30833300948143005
2011-10-03,0.29958298802375793,0.28416699171066284
2011-10-04,0.27531298995018005,0.3014580011367798
2011-10-05,0.2993749976158142,0.3243750035762787
2011-10-06,0.32395800948143005,0.34104201197624207
2011-10-07,0.3400520086288452,0.3340100049972534
2011-10-10,0.3510420024394989,0.3682810068130493
2011-10-11,0.3657290041446686,0.37614598870277405
2011-10-12,0.38734400272369385,0.38218799233436584
2011-10-13,0.37989598512649536,0.3924480080604553
2011-10-14,0.4073440134525299,0.4140630066394806
2011-10-17,0.408176988363266,0.394896000623703
2011-10-18,0.3934899866580963,0.40921899676322937
2011-10-19,0.4039579927921295,0.3856250047683716
2011-10-20,0.3847399950027466,0.38072898983955383
2011-10-21,0.3922399878501892,0.39427098631858826
2011-10-24,0.39890599250793457,0.41890600323677063
2011-10-25,0.4144270122051239,0.39515599608421326
2011-10-26,0.40104201436042786,0.39359399676322937
2011-10-27,0.42104199528694153,0.42531299591064453
2011-10-28,0.41749998927116394,0.4267190098762512
2011-10-31,0.4153130054473877,0.4055730104446411
2011-11-01,0.37630200386047363,0.37416699528694153
2011-11-02,0.3849479854106903,0.3833850026130676
2011-11-03,0.3927600085735321,0.40671899914741516
2011-11-04,0.4007290005683899,0.4004170000553131
2011-11-07,0.40046900510787964,0.4093230068683624
2011-11-08,0.41802099347114563,0.4229690134525299
2011-11-09,0.3983849883079529,0.3792189955711365
2011-11-10,0.3903129994869232,0.3776560127735138
2011-11-11,0.38838499784469604,0.39885398745536804
2011-11-14,0.3965100049972534,0.39208298921585083
2011-11-15,0.38911500573158264,0.4046880006790161
2011-11-16,0.39604198932647705,0.3847399950027466
2011-11-17,0.38197898864746094,0.3582809865474701
2011-11-18,0.35822901129722595,0.34968799352645874
2011-11-21,0.3361459970474243,0.3293749988079071
2011-11-22,0.3265100121498108,0.3322399854660034
2011-11-23,0.32541701197624207,0.310155987739563
2011-11-25,0.30677101016044617,0.3031249940395355
2011-11-28,0.325313001871109,0.33442699909210205
2011-11-29,0.33338499069213867,0.32838499546051025
2011-11-30,0.3552600145339966,0.36442700028419495
2011-12-01,0.3648439943790436,0.37224000692367554
2011-12-02,0.38322898745536804,0.36869800090789795
2011-12-05,0.3864060044288635,0.38078099489212036
2011-12-06,0.3826040029525757,0.3778649866580963
2011-12-07,0.375,0.37843799591064453
2011-12-08,0.37083300948143005,0.3591670095920563
2011-12-09,0.36234399676322937,0.3761979937553406
2011-12-12,0.36458298563957214,0.36385399103164673
2011-12-13,0.3707810044288635,0.3515630066394806
2011-12-14,0.3473440110683441,0.335207998752594
2011-12-15,0.3446879982948303,0.33260399103164673
2011-12-16,0.3380729854106903,0.33677101135253906
2011-12-19,0.34135401248931885,0.3274480104446411
2011-12-20,0.34296900033950806,0.3565100133419037
2011-12-21,0.35041698813438416,0.3416669964790344
2011-12-22,0.3430210053920746,0.3499999940395355
2011-12-23,0.35197898745536804,0.3590629994869232
2011-12-27,0.35770800709724426,0.3618229925632477
2011-12-28,0.36093801259994507,0.35020801424980164
2011-12-29,0.3511979877948761,0.357030987739563
2011-12-30,0.3549480140209198,0.35411500930786133
2012-01-03,0.37406298518180847,0.3742710053920746
2012-01-04,0.3725000023841858,0.3787499964237213
2012-01-05,0.3768230080604553,0.38807299733161926
2012-01-06,0.38911500573158264,0.39208298921585083
2012-01-09,0.39531299471855164,0.3888019919395447
2012-01-10,0.40135401487350464,0.39677101373672485
2012-01-11,0.39677101373672485,0.3995310068130493
2012-01-12,0.4027079939842224,0.4042710065841675
2012-01-13,0.39802101254463196,0.39963498711586
2012-01-17,0.4108330011367798,0.4103649854660034
2012-01-18,0.413332998752594,0.4266670048236847
2012-01-19,0.4327079951763153,0.4352079927921295
2012-01-20,0.4293749928474426,0.4332810044288635
2012-01-23,0.43317699432373047,0.433228999376297
2012-01-24,0.4277079999446869,0.43083301186561584
2012-01-25,0.4444270133972168,0.4472920000553131
2012-01-26,0.45302098989486694,0.44255200028419495
2012-01-27,0.4399999976158142,0.446927011013031
2012-01-30,0.4355210065841675,0.4476560056209564
2012-01-31,0.4540629982948303,0.4492189884185791
2012-02-01,0.45692700147628784,0.4602600038051605
2012-02-02,0.46479201316833496,0.4650000035762787
2012-02-03,0.4778650104999542,0.483489990234375
2012-02-06,0.4780209958553314,0.48302099108695984
2012-02-07,0.48177099227905273,0.4851039946079254
2012-02-08,0.48583298921585083,0.49317699670791626
2012-02-09,0.49854201078414917,0.5041149854660034
2012-02-10,0.4934380054473877,0.49333301186561584
2012-02-13,0.5043749809265137,0.5066149830818176
2012-02-14,0.5037500262260437,0.5110419988632202
2012-02-15,0.5183849930763245,0.4996350109577179
2012-02-16,0.5011460185050964,0.5205209851264954
2012-02-17,0.5209900140762329,0.5160940289497375
2012-02-21,0.5180730223655701,0.5204690098762512
2012-02-22,0.5172920227050781,0.5135939717292786
2012-02-23,0.5153650045394897,0.5233330130577087
2012-02-24,0.5277079939842224,0.5284379720687866
2012-02-27,0.5193750262260437,0.5309900045394897
2012-02-28,0.5320829749107361,0.546875
2012-02-29,0.5485420227050781,0.539687991142273
2012-03-01,0.545989990234375,0.5528129935264587
2012-03-02,0.5509380102157593,0.5511459708213806
2012-03-05,0.5505729913711548,0.5339580178260803
2012-03-06,0.5189579725265503,0.5186460018157959
2012-03-07,0.525833010673523,0.5304170250892639
2012-03-08,0.5394269824028015,0.5472400188446045
2012-03-09,0.5504689812660217,0.5538539886474609
2012-03-12,0.553176999092102,0.5547400116920471
2012-03-13,0.5644789934158325,0.5859900116920471
2012-03-14,0.5877079963684082,0.5925520062446594
2012-03-15,0.5974479913711548,0.5970829725265503
2012-03-16,0.6000000238418579,0.5957810282707214
2012-03-19,0.5987499952316284,0.6087499856948853
2012-03-20,0.5994269847869873,0.6120830178260803
2012-03-21,0.6126559972763062,0.6118749976158142
2012-03-22,0.6009899973869324,0.6081770062446594
2012-03-23,0.6105729937553406,0.6073439717292786
2012-03-26,0.6186460256576538,0.6390630006790161
2012-03-27,0.639739990234375,0.641510009765625
2012-03-28,0.6427080035209656,0.6340100169181824
2012-03-29,0.6250519752502441,0.6274999976158142
2012-03-30,0.6354169845581055,0.6231250166893005
2012-04-02,0.6214060187339783,0.6421350240707397
2012-04-03,0.6449480056762695,0.6421880125999451
2012-04-04,0.6271349787712097,0.6159899830818176
2012-04-05,0.612604022026062,0.627240002155304
2012-04-09,0.6033849716186523,0.6128129959106445
2012-04-10,0.6116669774055481,0.5832290053367615
2012-04-11,0.5993750095367432,0.5916669964790344
2012-04-12,0.5951560139656067,0.6115099787712097
2012-04-13,0.605364978313446,0.5838540196418762
2012-04-16,0.5935940146446228,0.5654690265655518
2012-04-17,0.5724999904632568,0.5988019704818726
2012-04-18,0.5934380292892456,0.5944269895553589
2012-04-19,0.5881770253181458,0.5752080082893372
2012-04-20,0.583541989326477,0.5690100193023682
2012-04-23,0.5543749928474426,0.5546879768371582
2012-04-24,0.5511980056762695,0.5448960065841675
2012-04-25,0.5787500143051147,0.5881770253181458
2012-04-26,0.5873439908027649,0.5986980199813843
2012-04-27,0.6060420274734497,0.6089580059051514
2012-04-30,0.6035419702529907,0.5963019728660583
2012-05-01,0.5930209755897522,0.5996879935264587
2012-05-02,0.5899999737739563,0.6036459803581238
2012-05-03,0.6057289838790894,0.5848960280418396
2012-05-04,0.5689060091972351,0.5419790148735046
2012-05-07,0.5316669940948486,0.5427600145339966
2012-05-08,0.5323439836502075,0.5367709994316101
2012-05-09,0.5184900164604187,0.5338019728660583
2012-05-10,0.5391150116920471,0.5283330082893372
2012-05-11,0.5219789743423462,0.5278130173683167
2012-05-14,0.5151039958000183,0.5132290124893188
2012-05-15,0.5190629959106445,0.5087500214576721
2012-05-16,0.5141670107841492,0.4977079927921295
2012-05-17,0.49854201078414917,0.46708300709724426
2012-05-18,0.47145798802375793,0.4483329951763153
2012-05-21,0.45093798637390137,0.48604199290275574
2012-05-22,0.4896880090236664,0.48427098989486694
2012-05-23,0.4722920060157776,0.48697900772094727
2012-05-24,0.48958298563957214,0.47822898626327515
2012-05-25,0.4790630042552948,0.4755209982395172
2012-05-29,0.48906299471855164,0.4932290017604828
2012-05-30,0.48020800948143005,0.48124998807907104
2012-05-31,0.4795829951763153,0.47437500953674316
2012-06-01,0.4497919976711273,0.43708300590515137
2012-06-04,0.44093799591064453,0.44645801186561584
2012-06-05,0.44239598512649536,0.4526039958000183
2012-06-06,0.46312499046325684,0.48354199528694153
2012-06-07,0.4980210065841675,0.4781250059604645
2012-06-08,0.4751040041446686,0.4921880066394806
2012-06-11,0.5023959875106812,0.46864598989486694
2012-06-12,0.4724999964237213,0.48343798518180847
2012-06-13,0.47968798875808716,0.47395798563957214
2012-06-14,0.47343799471855164,0.4792709946632385
2012-06-15,0.4826039969921112,0.4969789981842041
2012-06-18,0.491457998752594,0.5097919702529907
2012-06-19,0.5183330178260803,0.5265629887580872
2012-06-20,0.5294790267944336,0.5284379720687866
2012-06-21,0.5263540148735046,0.48885399103164673
2012-06-22,0.49281299114227295,0.5040630102157593
2012-06-25,0.4911459982395172,0.47416698932647705
2012-06-26,0.47895801067352295,0.4833329916000366
2012-06-27,0.48885399103164673,0.4921880066394806
2012-06-28,0.4808329939842224,0.47447898983955383
2012-06-29,0.503125011920929,0.5208330154418945
2012-07-02,0.5223960280418396,0.5249999761581421
2012-07-03,0.5259379744529724,0.5375000238418579
2012-07-05,0.5370830297470093,0.5393750071525574
2012-07-06,0.5321879982948303,0.5181249976158142
2012-07-09,0.5174999833106995,0.5163540244102478
2012-07-10,0.5248960256576538,0.5005210041999817
2012-07-11,0.49958300590515137,0.4936459958553314
2012-07-12,0.481563001871109,0.4793750047683716
2012-07-13,0.48302099108695984,0.5002080202102661
2012-07-16,0.4975000023841858,0.4964579939842224
2012-07-17,0.5055209994316101,0.5040630102157593
2012-07-18,0.5009379982948303,0.5245829820632935
2012-07-19,0.5358330011367798,0.5416669845581055
2012-07-20,0.5420830249786377,0.5208330154418945
2012-07-23,0.4902079999446869,0.5015630125999451
2012-07-24,0.5043749809265137,0.49010398983955383
2012-07-25,0.4788540005683899,0.47916701436042786
2012-07-26,0.5007290244102478,0.4979169964790344
2012-07-27,0.5095829963684082,0.5356249809265137
2012-07-30,0.5384380221366882,0.5323960185050964
2012-07-31,0.5356249809265137,0.5327079892158508
2012-08-01,0.543749988079071,0.5274999737739563
2012-08-02,0.5151039958000183,0.5219789743423462
2012-08-03,0.5475000143051147,0.5516669750213623
2012-08-06,0.5607290267944336,0.5640630125999451
2012-08-07,0.5724999904632568,0.5780209898948669
2012-08-08,0.5737500190734863,0.5770829916000366
2012-08-09,0.5772920250892639,0.581978976726532
2012-08-10,0.5771880149841309,0.5843750238418579
2012-08-13,0.5839580297470093,0.5879169702529907
2012-08-14,0.5945829749107361,0.5887500047683716
2012-08-15,0.5872920155525208,0.5929170250892639
2012-08-16,0.6001039743423462,0.6141669750213623
2012-08-17,0.6182289719581604,0.6226040124893188
2012-08-20,0.6214579939842224,0.625
2012-08-21,0.6310420036315918,0.617812991142273
2012-08-22,0.6131250262260437,0.6244789958000183
2012-08-23,0.6175000071525574,0.6106250286102295
2012-08-24,0.605417013168335,0.6214579939842224
2012-08-27,0.6295830011367798,0.6244789958000183
2012-08-28,0.6225000023841858,0.6243749856948853
2012-08-29,0.6251040101051331,0.6245830059051514
2012-08-30,0.6162499785423279,0.605521023273468
2012-08-31,0.6187499761581421,0.6184380054473877
2012-09-04,0.614687979221344,0.6158329844474792
2012-09-05,0.6144790053367615,0.6130210161209106
2012-09-06,0.6248959898948669,0.6535419821739197
2012-09-07,0.6502079963684082,0.6507290005683899
2012-09-10,0.6467710137367249,0.6267709732055664
2012-09-11,0.6264579892158508,0.6240630149841309
2012-09-12,0.6301040053367615,0.6294789910316467
2012-09-13,0.6311460137367249,0.6545829772949219
2012-09-14,0.6625000238418579,0.6713539958000183
2012-09-17,0.6735420227050781,0.6726040244102478
2012-09-18,0.6675000190734863,0.6738539934158325
2012-09-19,0.6745830178260803,0.6783329844474792
2012-09-20,0.6684380173683167,0.6767709851264954
2012-09-21,0.6866670250892639,0.6767709851264954
2012-09-24,0.6597920060157776,0.6642709970474243
2012-09-25,0.6703130006790161,0.6376039981842041
2012-09-26,0.6339579820632935,0.6208329796791077
2012-09-27,0.6255210041999817,0.6471880078315735
2012-09-28,0.6402080059051514,0.6316670179367065
2012-10-01,0.640625,0.628957986831665
2012-10-02,0.636667013168335,0.6330209970474243
2012-10-03,0.6387500166893005,0.6449999809265137
2012-10-04,0.6494789719581604,0.6524999737739563
2012-10-05,0.6620830297470093,0.6412500143051147
2012-10-08,0.6307290196418762,0.6242709755897522
2012-10-09,0.6186460256576538,0.5921880006790161
2012-10-10,0.5941669940948486,0.5849999785423279
2012-10-11,0.599166989326477,0.5797920227050781
2012-10-12,0.5804169774055481,0.5796880125999451
2012-10-15,0.5857290029525757,0.5912500023841858
2012-10-16,0.5944790244102478,0.6169790029525757
2012-10-17,0.6072919964790344,0.6151040196418762
2012-10-18,0.6096879839897156,0.5940629839897156
2012-10-19,0.5920829772949219,0.5511459708213806
2012-10-22,0.550000011920929,0.5597919821739197
2012-10-23,0.5466669797897339,0.5432289838790894
2012-10-24,0.5532289743423462,0.5378130078315735
2012-10-25,0.5495830178260803,0.5378130078315735
2012-10-26,0.5385419726371765,0.5434380173683167
2012-10-31,0.5411459803581238,0.5329170227050781
2012-11-01,0.5426040291786194,0.5555210113525391
2012-11-02,0.5630210041999817,0.535207986831665
2012-11-05,0.5382289886474609,0.5483329892158508
2012-11-06,0.550728976726532,0.5516669750213623
2012-11-07,0.5339580178260803,0.5120829939842224
2012-11-08,0.515625,0.4881249964237213
2012-11-09,0.48885399103164673,0.4934380054473877
2012-11-12,0.5028129816055298,0.4941670000553131
2012-11-13,0.4826039969921112,0.48343798518180847
2012-11-14,0.49031299352645874,0.46614599227905273
2012-11-15,0.4671880006790161,0.4619790017604828
2012-11-16,0.4625000059604645,0.4671880006790161
2012-11-19,0.4828130006790161,0.5008329749107361
2012-11-20,0.5007290244102478,0.5009379982948303
2012-11-21,0.5022919774055481,0.5044789910316467
2012-11-23,0.5136460065841675,0.5276039838790894
2012-11-26,0.5239580273628235,0.534375011920929
2012-11-27,0.5333330035209656,0.5283330082893372
2012-11-28,0.521041989326477,0.5425000190734863
2012-11-29,0.5510420203208923,0.5518749952316284
2012-11-30,0.5520830154418945,0.5498960018157959
2012-12-03,0.5623959898948669,0.5471879839897156
2012-12-04,0.5473960041999817,0.543645977973938
2012-12-05,0.542917013168335,0.5268750190734863
2012-12-06,0.5220829844474792,0.536562979221344
2012-12-07,0.5454170107841492,0.527396023273468
2012-12-10,0.5234379768371582,0.5320829749107361
2012-12-11,0.5440629720687866,0.5526040196418762
2012-12-12,0.5612499713897705,0.5488539934158325
2012-12-13,0.5462499856948853,0.5364580154418945
2012-12-14,0.5262500047683716,0.5212500095367432
2012-12-17,0.5220829844474792,0.5415629744529724
2012-12-18,0.5498960018157959,0.5666670203208923
2012-12-19,0.5712500214576721,0.558542013168335
2012-12-20,0.5620830059051514,0.5589579939842224
2012-12-21,0.5332289934158325,0.5415629744529724
2012-12-24,0.5387499928474426,0.5369790196418762
2012-12-26,0.5386459827423096,0.5242710113525391
2012-12-27,0.5251039862632751,0.5213540196418762
2012-12-28,0.5106250047683716,0.5062500238418579
2012-12-31,0.503853976726532,0.5392709970474243
2013-01-02,0.578125,0.5895829796791077
2013-01-03,0.5894790291786194,0.5810419917106628
2013-01-04,0.5814579725265503,0.5753129720687866
2013-01-07,0.5703129768371582,0.5759379863739014
2013-01-08,0.5752080082893372,0.5726040005683899
2013-01-09,0.5744789838790894,0.5784379839897156
2013-01-10,0.589896023273468,0.5886459946632385
2013-01-11,0.5880209803581238,0.5908330082893372
2013-01-14,0.5814579725265503,0.5832290053367615
2013-01-15,0.5752080082893372,0.5745829939842224
2013-01-16,0.5779169797897339,0.5810419917106628
2013-01-17,0.5888540148735046,0.5899999737739563
2013-01-18,0.5842710137367249,0.586667001247406
2013-01-22,0.5882290005683899,0.5890629887580872
2013-01-23,0.5985419750213623,0.5986459851264954
2013-01-24,0.5752080082893372,0.5747920274734497
2013-01-25,0.5807290077209473,0.5833330154418945
2013-01-28,0.5840629935264587,0.5874999761581421
2013-01-29,0.5851039886474609,0.5874999761581421
2013-01-30,0.5913540124893188,0.5842710137367249
2013-01-31,0.5833330154418945,0.5805209875106812
2013-02-01,0.5922920107841492,0.5995830297470093
2013-02-04,0.5894790291786194,0.5690630078315735
2013-02-05,0.5761460065841675,0.5940629839897156
2013-02-06,0.5880209803581238,0.5885419845581055
2013-02-07,0.5903130173683167,0.5899999737739563
2013-02-08,0.5994790196418762,0.6079170107841492
2013-02-11,0.6092709898948669,0.6077079772949219
2013-02-12,0.6066669821739197,0.6006249785423279
2013-02-13,0.6060420274734497,0.6076040267944336
2013-02-14,0.5992709994316101,0.6063539981842041
2013-02-15,0.6071879863739014,0.6011459827423096
2013-02-19,0.605417013168335,0.6142709851264954
2013-02-20,0.6141669750213623,0.5862500071525574
2013-02-21,0.5798959732055664,0.567188024520874
2013-02-22,0.5769789814949036,0.5838540196418762
2013-02-25,0.5957289934158325,0.5620830059051514
2013-02-26,0.5655210018157959,0.5688539743423462
2013-02-27,0.569582998752594,0.5861459970474243
2013-02-28,0.5861459970474243,0.5839580297470093
2013-03-01,0.5767710208892822,0.5899999737739563
2013-03-04,0.5841670036315918,0.597603976726532
2013-03-05,0.6091669797897339,0.6238539814949036
2013-03-06,0.6302080154418945,0.6198959946632385
2013-03-07,0.6216670274734497,0.6253129839897156
2013-03-08,0.6310420036315918,0.6260420083999634
2013-03-11,0.6248959898948669,0.6324999928474426
2013-03-12,0.6268749833106995,0.6247919797897339
2013-03-13,0.6270830035209656,0.6228129863739014
2013-03-14,0.6294789910316467,0.6291670203208923
2013-03-15,0.6302080154418945,0.6232290267944336
2013-03-18,0.6069790124893188,0.6189579963684082
2013-03-19,0.6248959898948669,0.616457998752594
2013-03-20,0.6290630102157593,0.628229022026062
2013-03-21,0.612500011920929,0.6081249713897705
2013-03-22,0.6150000095367432,0.6248959898948669
2013-03-25,0.6310420036315918,0.6185420155525208
2013-03-26,0.6258329749107361,0.6280210018157959
2013-03-27,0.6161460280418396,0.6313539743423462
2013-03-28,0.6309379935264587,0.6349999904632568
2013-04-01,0.6369789838790894,0.6227080225944519
2013-04-02,0.6309379935264587,0.636771023273468
2013-04-03,0.6381250023841858,0.6198959946632385
2013-04-04,0.6192709803581238,0.6202080249786377
2013-04-05,0.5909379720687866,0.6050000190734863
2013-04-08,0.605521023273468,0.6142709851264954
2013-04-09,0.6193749904632568,0.6263539791107178
2013-04-10,0.6329169869422913,0.6630210280418396
2013-04-11,0.6585419774055481,0.6618750095367432
2013-04-12,0.6576039791107178,0.6611459851264954
2013-04-15,0.6529170274734497,0.6209380030632019
2013-04-16,0.6332290172576904,0.6468750238418579
2013-04-17,0.6294789910316467,0.6090630292892456
2013-04-18,0.6141669750213623,0.5827080011367798
2013-04-19,0.5873960256576538,0.6068750023841858
2013-04-22,0.6135420203208923,0.6255210041999817
2013-04-23,0.6369789838790894,0.6439579725265503
2013-04-24,0.6389579772949219,0.6423959732055664
2013-04-25,0.6486459970474243,0.6528130173683167
2013-04-26,0.6487500071525574,0.6472920179367065
2013-04-29,0.6528130173683167,0.6644790172576904
2013-04-30,0.6675000190734863,0.6790630221366882
2013-05-01,0.6790630221366882,0.6704170107841492
2013-05-02,0.6730210185050964,0.6946880221366882
2013-05-03,0.7152079939842224,0.7189580202102661
2013-05-06,0.7231249809265137,0.7282289862632751
2013-05-07,0.7316669821739197,0.7264580130577087
2013-05-08,0.7246879935264587,0.7378129959106445
2013-05-09,0.7323960065841675,0.7352079749107361
2013-05-10,0.7384380102157593,0.7477080225944519
2013-05-13,0.7440630197525024,0.7506250143051147
2013-05-14,0.7505210041999817,0.761667013168335
2013-05-15,0.7582290172576904,0.7672920227050781
2013-05-16,0.768854022026062,0.7644789814949036
2013-05-17,0.7754169702529907,0.7860419750213623
2013-05-20,0.7798960208892822,0.7825000286102295
2013-05-21,0.7819790244102478,0.7854170203208923
2013-05-22,0.7879170179367065,0.7662500143051147
2013-05-23,0.7442709803581238,0.7579169869422913
2013-05-24,0.7437499761581421,0.7574999928474426
2013-05-28,0.7839580178260803,0.7731249928474426
2013-05-29,0.7635419964790344,0.7614579796791077
2013-05-30,0.761667013168335,0.7738540172576904
2013-05-31,0.7642710208892822,0.7517709732055664
2013-06-03,0.7534379959106445,0.7561460137367249
2013-06-04,0.7604169845581055,0.7447919845581055
2013-06-05,0.7369790077209473,0.7162500023841858
2013-06-06,0.7182289958000183,0.7250000238418579
2013-06-07,0.7355210185050964,0.755312979221344
2013-06-10,0.7601040005683899,0.7556250095367432
2013-06-11,0.7332289814949036,0.7337499856948853
2013-06-12,0.7471879720687866,0.7083330154418945
2013-06-13,0.7052080035209656,0.7337499856948853
2013-06-14,0.7347919940948486,0.7208330035209656
2013-06-17,0.737500011920929,0.7408329844474792
2013-06-18,0.7441669702529907,0.7583330273628235
2013-06-19,0.7594789862632751,0.7344790101051331
2013-06-20,0.7086459994316101,0.680312991142273
2013-06-21,0.6808329820632935,0.6707289814949036
2013-06-24,0.6544790267944336,0.6499999761581421
2013-06-25,0.6691669821739197,0.6638540029525757
2013-06-26,0.6816669702529907,0.6819790005683899
2013-06-27,0.6926040053367615,0.6895830035209656
2013-06-28,0.6841670274734497,0.691457986831665
2013-07-01,0.7082290053367615,0.706250011920929
2013-07-02,0.7058330178260803,0.7065629959106445
2013-07-03,0.6997920274734497,0.7161459922790527
2013-07-05,0.7279170155525208,0.7319790124893188
2013-07-08,0.7435420155525208,0.734375
2013-07-09,0.7444790005683899,0.7478129863739014
2013-07-10,0.7451040148735046,0.7604169845581055
2013-07-11,0.7846879959106445,0.8078129887580872
2013-07-12,0.8080210089683533,0.8162500262260437
2013-07-15,0.8188539743423462,0.8226040005683899
2013-07-16,0.8240630030632019,0.8193749785423279
2013-07-17,0.8263540267944336,0.8252080082893372
2013-07-18,0.8247920274734497,0.8191670179367065
2013-07-19,0.7979170083999634,0.7942709922790527
2013-07-22,0.8027080297470093,0.800000011920929
2013-07-23,0.8046879768371582,0.7821879982948303
2013-07-24,0.805417001247406,0.7895830273628235
2013-07-25,0.8012499809265137,0.8038539886474609
2013-07-26,0.7952079772949219,0.817188024520874
2013-07-29,0.8130210041999817,0.8134379982948303
2013-07-30,0.8223959803581238,0.8255209922790527
2013-07-31,0.8307290077209473,0.8307290077209473
2013-08-01,0.847603976726532,0.8560420274734497
2013-08-02,0.8566669821739197,0.8703129887580872
2013-08-05,0.8672919869422913,0.8721879720687866
2013-08-06,0.8683329820632935,0.8566669821739197
2013-08-07,0.8486459851264954,0.8517709970474243
2013-08-08,0.8659380078315735,0.8631250262260437
2013-08-09,0.8605210185050964,0.8538540005683899
2013-08-12,0.8436459898948669,0.8591669797897339
2013-08-13,0.8627079725265503,0.8734380006790161
2013-08-14,0.8729169964790344,0.8637499809265137
2013-08-15,0.8353130221366882,0.8204169869422913
2013-08-16,0.8206250071525574,0.8174999952316284
2013-08-19,0.8204169869422913,0.8142709732055664
2013-08-20,0.8198959827423096,0.8254169821739197
2013-08-21,0.8182290196418762,0.817188024520874
2013-08-22,0.8267710208892822,0.840520977973938
2013-08-23,0.8590630292892456,0.8582289814949036
2013-08-26,0.859375,0.8589580059051514
2013-08-27,0.8286460041999817,0.8048959970474243
2013-08-28,0.8043749928474426,0.8153129816055298
2013-08-29,0.8149999976158142,0.8321880102157593
2013-08-30,0.8345829844474792,0.8166670203208923
2013-09-03,0.8364580273628235,0.8301039934158325
2013-09-04,0.8380209803581238,0.8571879863739014
2013-09-05,0.8584380149841309,0.8609380125999451
2013-09-06,0.8693749904632568,0.864063024520874
2013-09-09,0.8742709755897522,0.894478976726532
2013-09-10,0.910207986831665,0.9080209732055664
2013-09-11,0.8901039958000183,0.9034379720687866
2013-09-12,0.903020977973938,0.8993750214576721
2013-09-13,0.9037500023841858,0.902292013168335
2013-09-16,0.9244790077209473,0.8946880102157593
2013-09-17,0.8997920155525208,0.9126039743423462
2013-09-18,0.916458010673523,0.9461460113525391
2013-09-19,0.9536460041999817,0.9519789814949036
2013-09-20,0.9592710137367249,0.9415630102157593
2013-09-23,0.9547920227050781,0.9362499713897705
2013-09-24,0.9427080154418945,0.9364579916000366
2013-09-25,0.9378129839897156,0.9276040196418762
2013-09-26,0.9385420083999634,0.9488540291786194
2013-09-27,0.9331250190734863,0.9443749785423279
2013-09-30,0.9154170155525208,0.9384379982948303
2013-10-01,0.9380210041999817,0.9665629863739014
2013-10-02,0.945937991142273,0.964792013168335
2013-10-03,0.9613540172576904,0.9312499761581421
2013-10-04,0.9307289719581604,0.9552080035209656
2013-10-07,0.9309380054473877,0.9315630197525024
2013-10-08,0.9312499761581421,0.878853976726532
2013-10-09,0.8836460113525391,0.8691669702529907
2013-10-10,0.8969789743423462,0.9243749976158142
2013-10-11,0.9173960089683533,0.9452080130577087
2013-10-14,0.9284380078315735,0.964792013168335
2013-10-15,0.9629169702529907,0.9544789791107178
2013-10-16,0.9672920107841492,0.9870830178260803
2013-10-17,0.9730209708213806,1.003021001815796
2013-10-18,1.0309380292892456,1.0526039600372314
2013-10-21,1.0586459636688232,1.0586459636688232
2013-10-22,1.0703129768371582,1.0622919797897339
2013-10-23,1.0485420227050781,1.0452079772949219
2013-10-24,1.0459380149841309,1.0582289695739746
2013-10-25,1.0885419845581055,1.0793750286102295
2013-10-28,1.0809379816055298,1.0815629959106445
2013-10-29,1.0919790267944336,1.086771011352539
2013-10-30,1.0985419750213623,1.0833330154418945
2013-10-31,1.0760420560836792,1.0763540267944336
2013-11-01,1.0857290029525757,1.0758329629898071
2013-11-04,1.087499976158142,1.0810420513153076
2013-11-05,1.0688539743423462,1.0856250524520874
2013-11-06,1.0982290506362915,1.0837500095367432
2013-11-07,1.084375023841858,1.0236459970474243
2013-11-08,1.0343749523162842,1.0640629529953003
2013-11-11,1.0573960542678833,1.0589580535888672
2013-11-12,1.0496879816055298,1.0641670227050781
2013-11-13,1.0439579486846924,1.1022919416427612
2013-11-14,1.0934380292892456,1.1108330488204956
2013-11-15,1.1145830154418945,1.118541955947876
2013-11-18,1.1179169416427612,1.08760404586792
2013-11-19,1.0846879482269287,1.0768749713897705
2013-11-20,1.0862499475479126,1.0693750381469727
2013-11-21,1.0819790363311768,1.1020829677581787
2013-11-22,1.1079169511795044,1.1194789409637451
2013-11-25,1.1306250095367432,1.1268750429153442
2013-11-26,1.128957986831665,1.1455210447311401
2013-11-27,1.1521879434585571,1.1684379577636719
2013-11-29,1.1825000047683716,1.1876039505004883
2013-12-02,1.1943750381469727,1.1802079677581787
2013-12-03,1.1769789457321167,1.1767710447311401
2013-12-04,1.1619789600372314,1.179792046546936
2013-12-05,1.1836459636688232,1.1761460304260254
2013-12-06,1.2044789791107178,1.2004170417785645
2013-12-09,1.2145830392837524,1.214792013168335
2013-12-10,1.2086460590362549,1.21260404586792
2013-12-11,1.2118749618530273,1.1672919988632202
2013-12-12,1.1677080392837524,1.1578129529953003
2013-12-13,1.1731250286102295,1.152292013168335
2013-12-16,1.1689579486846924,1.1720830202102661
2013-12-17,1.1720830202102661,1.164687991142273
2013-12-18,1.1677080392837524,1.2048959732055664
2013-12-19,1.1982289552688599,1.1940629482269287
2013-12-20,1.2000000476837158,1.2300000190734863
2013-12-23,1.2605210542678833,1.2697919607162476
2013-12-24,1.2698960304260254,1.2715630531311035
2013-12-26,1.2776039838790894,1.2839579582214355
2013-12-27,1.2883330583572388,1.2745829820632935
2013-12-30,1.2679170370101929,1.2679170370101929
2013-12-31,1.2753130197525024,1.2928129434585571
2014-01-02,1.27510404586792,1.262603998184204
2014-01-03,1.262395977973938,1.235103964805603
2014-01-06,1.2361459732055664,1.221979022026062
2014-01-07,1.2378129959106445,1.2536460161209106
2014-01-08,1.2555210590362549,1.2630209922790527
2014-01-09,1.2763539552688599,1.25
2014-01-10,1.260208010673523,1.2625000476837158
2014-01-13,1.2573959827423096,1.206354022026062
2014-01-14,1.2190630435943604,1.2754169702529907
2014-01-15,1.2905210256576538,1.3052079677581787
2014-01-16,1.3034379482269287,1.3079169988632202
2014-01-17,1.2955210208892822,1.2846879959106445
2014-01-21,1.3091670274734497,1.313438057899475
2014-01-22,1.3236459493637085,1.325624942779541
2014-01-23,1.3118749856948853,1.3096879720687866
2014-01-24,1.2902079820632935,1.2320829629898071
2014-01-27,1.2335419654846191,1.1962499618530273
2014-01-28,1.1777080297470093,1.1958329677581787
2014-01-29,1.164167046546936,1.1581250429153442
2014-01-30,1.1997920274734497,1.2191669940948486
2014-01-31,1.179582953453064,1.2106250524520874
2014-02-03,1.2039580345153809,1.130416989326477
2014-02-04,1.144374966621399,1.152500033378601
2014-02-05,1.140625,1.1418750286102295
2014-02-06,1.1535420417785645,1.1856249570846558
2014-02-07,1.2064579725265503,1.2485419511795044
2014-02-10,1.2491669654846191,1.2714580297470093
2014-02-11,1.278749942779541,1.315000057220459
2014-02-12,1.3229169845581055,1.3212499618530273
2014-02-13,1.292917013168335,1.3552080392837524
2014-02-14,1.3533329963684082,1.3591669797897339
2014-02-18,1.3660420179367065,1.380416989326477
2014-02-19,1.3722920417785645,1.350208044052124
2014-02-20,1.3533329963684082,1.3697919845581055
2014-02-21,1.382707953453064,1.3627079725265503
2014-02-24,1.371042013168335,1.386667013168335
2014-02-25,1.3922920227050781,1.3816670179367065
2014-02-26,1.3937499523162842,1.3770829439163208
2014-02-27,1.3785419464111328,1.4041670560836792
2014-02-28,1.4043749570846558,1.397083044052124
2014-03-03,1.3591669797897339,1.3664580583572388
2014-03-04,1.412708044052124,1.4214580059051514
2014-03-05,1.428125023841858,1.4331250190734863
2014-03-06,1.4416669607162476,1.4277080297470093
2014-03-07,1.4431250095367432,1.4072920083999634
2014-03-10,1.4049999713897705,1.410207986831665
2014-03-11,1.4214580059051514,1.3927079439163208
2014-03-12,1.3743749856948853,1.4083329439163208
2014-03-13,1.4239579439163208,1.3485419750213623
2014-03-14,1.3339580297470093,1.3208329677581787
2014-03-17,1.3454170227050781,1.3560420274734497
2014-03-18,1.3602080345153809,1.4047919511795044
2014-03-19,1.4060419797897339,1.3816670179367065
2014-03-20,1.368749976158142,1.3925000429153442
2014-03-21,1.415416955947876,1.3414579629898071
2014-03-24,1.3581249713897705,1.3077080249786377
2014-03-25,1.3287500143051147,1.3197920322418213
2014-03-26,1.3402080535888672,1.269582986831665
2014-03-27,1.2645829916000366,1.2470829486846924
2014-03-28,1.259374976158142,1.2552080154418945
2014-03-31,1.283750057220459,1.2802079916000366
2014-04-01,1.300832986831665,1.3495830297470093
2014-04-02,1.3668750524520874,1.3602080345153809
2014-04-03,1.3643749952316284,1.328125
2014-04-04,1.351667046546936,1.222707986831665
2014-04-07,1.1983330249786377,1.1860419511795044
2014-04-08,1.1904170513153076,1.2191669940948486
2014-04-09,1.2320829629898071,1.2816669940948486
2014-04-10,1.2841670513153076,1.1633330583572388
2014-04-11,1.131458044052124,1.1227079629898071
2014-04-14,1.1504169702529907,1.1479170322418213
2014-04-15,1.1591670513153076,1.1593749523162842
2014-04-16,1.1891670227050781,1.2043750286102295
2014-04-17,1.1924999952316284,1.2050000429153442
2014-04-21,1.2145830392837524,1.2322920560836792
2014-04-22,1.2439579963684082,1.2625000476837158
2014-04-23,1.261667013168335,1.228124976158142
2014-04-24,1.2897919416427612,1.2643749713897705
2014-04-25,1.2410420179367065,1.2033330202102661
2014-04-28,1.2193750143051147,1.216249942779541
2014-04-29,1.2258330583572388,1.2431249618530273
2014-04-30,1.2277079820632935,1.2541669607162476
2014-05-01,1.2597919702529907,1.2654169797897339
2014-05-02,1.2764580249786377,1.259166955947876
2014-05-05,1.2354170083999634,1.2770830392837524
2014-05-06,1.2714580297470093,1.2277079820632935
2014-05-07,1.2370829582214355,1.2166670560836792
2014-05-08,1.2045830488204956,1.212499976158142
2014-05-09,1.2112499475479126,1.226667046546936
2014-05-12,1.2489579916000366,1.2864580154418945
2014-05-13,1.2910419702529907,1.289167046546936
2014-05-14,1.2785420417785645,1.2699999809265137
2014-05-15,1.2685420513153076,1.240625023841858
2014-05-16,1.2433329820632935,1.2637499570846558
2014-05-19,1.252500057220459,1.2908329963684082
2014-05-20,1.289167046546936,1.2766669988632202
2014-05-21,1.2825000286102295,1.3127080202102661
2014-05-22,1.316249966621399,1.3289580345153809
2014-05-23,1.334583044052124,1.3587499856948853
2014-05-27,1.3777079582214355,1.4097919464111328
2014-05-28,1.4085420370101929,1.3964580297470093
2014-05-29,1.4120830297470093,1.4247920513153076
2014-05-30,1.4247920513153076,1.4235420227050781
2014-06-02,1.4291670322418213,1.4199999570846558
2014-06-03,1.4054169654846191,1.417917013168335
2014-06-04,1.4066669940948486,1.4329169988632202
2014-06-05,1.4375,1.4702080488204956
2014-06-06,1.4874999523162842,1.4939579963684082
2014-06-09,1.4970829486846924,1.4912500381469727
2014-06-10,1.486875057220459,1.4997919797897339
2014-06-11,1.4829169511795044,1.497499942779541
2014-06-12,1.4885419607162476,1.4583330154418945
2014-06-13,1.4770829677581787,1.4683330059051514
2014-06-16,1.4637500047683716,1.4737499952316284
2014-06-17,1.4714579582214355,1.4758330583572388
2014-06-18,1.481874942779541,1.5027079582214355
2014-06-19,1.5081249475479126,1.4968750476837158
2014-06-20,1.5002080202102661,1.5022920370101929
2014-06-23,1.5018750429153442,1.503957986831665
2014-06-24,1.503957986831665,1.4997919797897339
2014-06-25,1.4887499809265137,1.5270830392837524
2014-06-26,1.53125,1.53125
2014-06-27,1.5252079963684082,1.5464580059051514
2014-06-30,1.5491670370101929,1.5579169988632202
2014-07-01,1.5735419988632202,1.6102080345153809
2014-07-02,1.6122920513153076,1.6164580583572388
2014-07-03,1.632707953453064,1.6475000381469727
2014-07-07,1.6414580345153809,1.6316670179367065
2014-07-08,1.6239579916000366,1.5747920274734497
2014-07-09,1.5864579677581787,1.6104170083999634
2014-07-10,1.5483330488204956,1.5952080488204956
2014-07-11,1.6045830249786377,1.6229170560836792
2014-07-14,1.6447919607162476,1.6539579629898071
2014-07-15,1.6608330011367798,1.636667013168335
2014-07-16,1.6716669797897339,1.6552079916000366
2014-07-17,1.6412500143051147,1.5891669988632202
2014-07-18,1.6162500381469727,1.6643749475479126
2014-07-21,1.6527080535888672,1.6583329439163208
2014-07-22,1.6825000047683716,1.691249966621399
2014-07-23,1.7066669464111328,1.7229169607162476
2014-07-24,1.7314579486846924,1.7168749570846558
2014-07-25,1.6920830011367798,1.6958329677581787
2014-07-28,1.7004170417785645,1.6979169845581055
2014-07-29,1.708541989326477,1.6893750429153442
2014-07-30,1.7166670560836792,1.709583044052124
2014-07-31,1.6666669845581055,1.605417013168335
2014-08-01,1.5954170227050781,1.5868749618530273
2014-08-04,1.597499966621399,1.6193749904632568
2014-08-05,1.6010420322418213,1.5814579725265503
2014-08-06,1.5520830154418945,1.5787500143051147
2014-08-07,1.599166989326477,1.5635420083999634
2014-08-08,1.571666955947876,1.5968749523162842
2014-08-11,1.6145830154418945,1.6258330345153809
2014-08-12,1.6202080249786377,1.6220829486846924
2014-08-13,1.6439579725265503,1.6747920513153076
2014-08-14,1.6804169416427612,1.700624942779541
2014-08-15,1.7274999618530273,1.7237499952316284
2014-08-18,1.7504169940948486,1.7654169797897339
2014-08-19,1.7777080535888672,1.7958329916000366
2014-08-20,1.7897919416427612,1.7958329916000366
2014-08-21,1.7985420227050781,1.806041955947876
2014-08-22,1.8066669702529907,1.8131250143051147
2014-08-25,1.840000033378601,1.8333330154418945
2014-08-26,1.8408329486846924,1.8395830392837524
2014-08-27,1.8408329486846924,1.839792013168335
2014-08-28,1.8214579820632935,1.8322919607162476
2014-08-29,1.8460420370101929,1.8537499904632568
2014-09-02,1.8679169416427612,1.8691669702529907
2014-09-03,1.882707953453064,1.8370829820632935
2014-09-04,1.8493750095367432,1.8312499523162842
2014-09-05,1.840000033378601,1.8595830202102661
2014-09-08,1.8591669797897339,1.8689579963684082
2014-09-09,1.868749976158142,1.8235419988632202
2014-09-10,1.8300000429153442,1.865833044052124
2014-09-11,1.8429169654846191,1.8643749952316284
2014-09-12,1.8583329916000366,1.8350000381469727
2014-09-15,1.840000033378601,1.7797919511795044
2014-09-16,1.7610419988632202,1.8279169797897339
2014-09-17,1.8260420560836792,1.8368749618530273
2014-09-18,1.8524999618530273,1.8764580488204956
2014-09-19,1.9018750190734863,1.8722920417785645
2014-09-22,1.8595830202102661,1.8214579820632935
2014-09-23,1.7987500429153442,1.8056249618530273
2014-09-24,1.8097920417785645,1.8641669750213623
2014-09-25,1.8447920083999634,1.7458330392837524
2014-09-26,1.7637499570846558,1.8016669750213623
2014-09-29,1.747499942779541,1.7956249713897705
2014-09-30,1.8104170560836792,1.802291989326477
2014-10-01,1.7881250381469727,1.7160420417785645
2014-10-02,1.7141669988632202,1.7152080535888672
2014-10-03,1.7450000047683716,1.7668750286102295
2014-10-06,1.7804169654846191,1.7547919750213623
2014-10-07,1.7293750047683716,1.6806249618530273
2014-10-08,1.6839580535888672,1.7777080535888672
2014-10-09,1.7708330154418945,1.6891670227050781
2014-10-10,1.6595829725265503,1.5627080202102661
2014-10-13,1.556249976158142,1.4895830154418945
2014-10-14,1.5202080011367798,1.492292046546936
2014-10-15,1.4229170083999634,1.4604170322418213
2014-10-16,1.3691669702529907,1.4377080202102661
2014-10-17,1.4914580583572388,1.4939579963684082
2014-10-20,1.4885419607162476,1.5583330392837524
2014-10-21,1.6143749952316284,1.6802079677581787
2014-10-22,1.6960419416427612,1.6541670560836792
2014-10-23,1.7041670083999634,1.7297919988632202
2014-10-24,1.7370829582214355,1.769582986831665
2014-10-27,1.760208010673523,1.7762500047683716
2014-10-28,1.7979170083999634,1.855625033378601
2014-10-29,1.8364579677581787,1.8333330154418945
2014-10-30,1.8089580535888672,1.8447920083999634
2014-10-31,1.9377080202102661,1.9208329916000366
2014-11-03,1.9306249618530273,1.9406249523162842
2014-11-04,1.9189579486846924,1.9199999570846558
2014-11-05,1.9554170370101929,1.9197920560836792
2014-11-06,1.9168750047683716,1.9362499713897705
2014-11-07,1.9479169845581055,1.9314579963684082
2014-11-10,1.9341670274734497,1.9512499570846558
2014-11-11,1.9541670083999634,1.9697920083999634
2014-11-12,1.946666955947876,1.980625033378601
2014-11-13,1.9914580583572388,2.006042003631592
2014-11-14,2.005000114440918,2.024583101272583
2014-11-17,2.0102078914642334,2.005625009536743
2014-11-18,2.0118749141693115,2.0506250858306885
2014-11-19,2.0447919368743896,2.024583101272583
2014-11-20,1.9977079629898071,2.0514578819274902
2014-11-21,2.105833053588867,2.0662500858306885
2014-11-24,2.0799999237060547,2.112916946411133
2014-11-25,2.1204171180725098,2.1197919845581055
2014-11-26,2.126667022705078,2.1631250381469727
2014-11-28,2.1806249618530273,2.1954169273376465
2014-12-01,2.17520809173584,2.114375114440918
2014-12-02,2.1247920989990234,2.137083053588867
2014-12-03,2.152292013168335,2.1564579010009766
2014-12-04,2.1468749046325684,2.1500000953674316
2014-12-05,2.162708044052124,2.1514580249786377
2014-12-08,2.1337499618530273,2.1050000190734863
2014-12-09,2.030208110809326,2.1254169940948486
2014-12-10,2.112916946411133,2.0225000381469727
2014-12-11,2.0416669845581055,2.0541670322418213
2014-12-12,1.9939579963684082,1.9862500429153442
2014-12-15,2.0158329010009766,1.9266669750213623
2014-12-16,1.8883329629898071,1.8310420513153076
2014-12-17,1.834583044052124,1.9293750524520874
2014-12-18,2.014167070388794,2.0708329677581787
2014-12-19,2.077083110809326,2.0939579010009766
2014-12-22,2.087291955947876,2.112916946411133
2014-12-23,2.1362500190734863,2.092708110809326
2014-12-24,2.099375009536743,2.09708309173584
2014-12-26,2.112499952316284,2.139583110809326
2014-12-29,2.1337499618530273,2.140000104904175
2014-12-30,2.118957996368408,2.0958330631256104
2014-12-31,2.104374885559082,2.030208110809326
2015-01-02,2.059375047683716,2.0135419368743896
2015-01-05,1.984375,1.9229170083999634
2015-01-06,1.929792046546936,1.8466670513153076
2015-01-07,1.8818750381469727,1.9177080392837524
2015-01-08,1.9670829772949219,2.027082920074463
2015-01-09,2.046041965484619,1.9860420227050781
2015-01-12,1.9993749856948853,1.9249999523162842
2015-01-13,1.9793750047683716,1.9233330488204956
2015-01-14,1.8622920513153076,1.8937499523162842
2015-01-15,1.915416955947876,1.8185420036315918
2015-01-16,1.8095829486846924,1.8833329677581787
2015-01-20,1.9149999618530273,1.9249999523162842
2015-01-21,1.9075000286102295,1.9545830488204956
2015-01-22,1.9791669845581055,2.063333034515381
2015-01-23,2.063333034515381,2.077083110809326
2015-01-26,2.0708329677581787,2.072499990463257
2015-01-27,1.9739580154418945,1.9120830297470093
2015-01-28,1.9997919797897339,1.8791669607162476
2015-01-29,1.8727079629898071,1.933542013168335
2015-01-30,1.9268749952316284,1.8891669511795044
2015-02-02,1.8993749618530273,1.9387500286102295
2015-02-03,1.9550000429153442,1.9916670322418213
2015-02-04,1.9666670560836792,1.9864579439163208
2015-02-05,2.000624895095825,2.0391669273376465
2015-02-06,2.047916889190674,2.0020830631256104
2015-02-09,1.978124976158142,1.9800000190734863
2015-02-10,2.016458034515381,2.07479190826416
2015-02-11,2.082292079925537,2.0981249809265137
2015-02-12,2.1358330249786377,2.1714580059051514
2015-02-13,2.1887500286102295,2.226249933242798
2015-02-17,2.225832939147949,2.2322919368743896
2015-02-18,2.224792003631592,2.241874933242798
2015-02-19,2.2364580631256104,2.275624990463257
2015-02-20,2.2702078819274902,2.3193750381469727
2015-02-23,2.3179171085357666,2.3285419940948486
2015-02-24,2.3183329105377197,2.3333330154418945
2015-02-25,2.321042060852051,2.3145830631256104
2015-02-26,2.3212499618530273,2.349792003631592
2015-02-27,2.34708309173584,2.3187499046325684
2015-03-02,2.331249952316284,2.3812499046325684
2015-03-03,2.360416889190674,2.34708309173584
2015-03-04,2.32479190826416,2.321042060852051
2015-03-05,2.338749885559082,2.331249952316284
2015-03-06,2.324583053588867,2.251041889190674
2015-03-09,2.267082929611206,2.272707939147949
2015-03-10,2.222707986831665,2.1468749046325684
2015-03-11,2.152708053588867,2.1091670989990234
2015-03-12,2.1031250953674316,2.149583101272583
2015-03-13,2.14395809173584,2.121875047683716
2015-03-16,2.1454169750213623,2.203125
2015-03-17,2.18416690826416,2.21541690826416
2015-03-18,2.196458101272583,2.2791669368743896
2015-03-19,2.2870829105377197,2.290208101272583
2015-03-20,2.344791889190674,2.337707996368408
2015-03-23,2.3304169178009033,2.318125009536743
2015-03-24,2.3177080154418945,2.2945830821990967
2015-03-25,2.306457996368408,2.1343750953674316
2015-03-26,2.084167003631592,2.116874933242798
2015-03-27,2.11270809173584,2.13729190826416
2015-03-30,2.180417060852051,2.2141671180725098
2015-03-31,2.193958044052124,2.145625114440918
2015-04-01,2.1427080631256104,2.109375
2015-04-02,2.113542079925537,2.112916946411133
2015-04-06,2.07479190826416,2.163749933242798
2015-04-07,2.1610419750213623,2.153749942779541
2015-04-08,2.155416965484619,2.2049999237060547
2015-04-09,2.2029170989990234,2.246042013168335
2015-04-10,2.2456250190734863,2.2729170322418213
2015-04-13,2.2789580821990967,2.256042003631592
2015-04-14,2.251041889190674,2.2366669178009033
2015-04-15,2.2558329105377197,2.276249885559082
2015-04-16,2.2608330249786377,2.2683329582214355
2015-04-17,2.203749895095825,2.162292003631592
2015-04-20,2.195625066757202,2.258958101272583
2015-04-21,2.2991669178009033,2.287916898727417
2015-04-22,2.3056249618530273,2.325000047683716
2015-04-23,2.302917003631592,2.352916955947876
2015-04-24,2.425416946411133,2.444999933242798
2015-04-27,2.4749999046325684,2.429374933242798
2015-04-28,2.43416690826416,2.4135420322418213
2015-04-29,2.3731250762939453,2.367500066757202
2015-04-30,2.328125,2.2562499046325684
2015-05-01,2.282083034515381,2.3475000858306885
2015-05-04,2.366874933242798,2.355833053588867
2015-05-05,2.3293750286102295,2.2441670894622803
2015-05-06,2.253541946411133,2.1962499618530273
2015-05-07,2.193958044052124,2.2339580059051514
2015-05-08,2.303333044052124,2.31583309173584
2015-05-11,2.3222920894622803,2.290416955947876
2015-05-12,2.249375104904175,2.2608330249786377
2015-05-13,2.290208101272583,2.2725000381469727
2015-05-14,2.3293750286102295,2.3731250762939453
2015-05-15,2.3918750286102295,2.3729169368743896
2015-05-18,2.3612499237060547,2.402082920074463
2015-05-19,2.4114580154418945,2.3952078819274902
2015-05-20,2.400624990463257,2.399167060852051
2015-05-21,2.387500047683716,2.436875104904175
2015-05-22,2.428541898727417,2.4302079677581787
2015-05-26,2.412916898727417,2.3460419178009033
2015-05-27,2.366457939147949,2.4589579105377197
2015-05-28,2.443958044052124,2.44083309173584
2015-05-29,2.436666965484619,2.399583101272583
2015-06-01,2.4372920989990234,2.4206249713897705
2015-06-02,2.3952078819274902,2.3985419273376465
2015-06-03,2.4327080249786377,2.4195830821990967
2015-06-04,2.380000114440918,2.366874933242798
2015-06-05,2.3564579486846924,2.3489580154418945
2015-06-08,2.344374895095825,2.277082920074463
2015-06-09,2.2604169845581055,2.2658329010009766
2015-06-10,2.287916898727417,2.3556249141693115
2015-06-11,2.3808329105377197,2.368541955947876
2015-06-12,2.329792022705078,2.308332920074463
2015-06-15,2.2579169273376465,2.2764580249786377
2015-06-16,2.266249895095825,2.3112499713897705
2015-06-17,2.323957920074463,2.330625057220459
2015-06-18,2.350208044052124,2.4291670322418213
2015-06-19,2.436042070388794,2.392082929611206
2015-06-22,2.44979190826416,2.44979190826416
2015-06-23,2.4583330154418945,2.4558329582214355
2015-06-24,2.446458101272583,2.4181249141693115
2015-06-25,2.4452080726623535,2.402292013168335
2015-06-26,2.400207996368408,2.357707977294922
2015-06-29,2.274583101272583,2.191041946411133
2015-06-30,2.2366669178009033,2.2160420417785645
2015-07-01,2.2760419845581055,2.261457920074463
2015-07-02,2.281874895095825,2.2699999809265137
2015-07-06,2.2231249809265137,2.250833034515381
2015-07-07,2.2572920322418213,2.26229190826416
2015-07-08,2.217292070388794,2.1489579677581787
2015-07-09,2.2356250286102295,2.1427080631256104
2015-07-10,2.2249999046325684,2.2422919273376465
2015-07-13,2.2989580631256104,2.356874942779541
2015-07-14,2.3702080249786377,2.4041669368743896
2015-07-15,2.417917013168335,2.4156250953674316
2015-07-16,2.4739580154418945,2.509999990463257
2015-07-17,2.5760419368743896,2.6247920989990234
2015-07-20,2.646667003631592,2.6541669368743896
2015-07-21,2.6583330631256104,2.6468749046325684
2015-07-22,2.52791690826416,2.559999942779541
2015-07-23,2.567500114440918,2.5293750762939453
2015-07-24,2.568958044052124,2.4574999809265137
2015-07-27,2.413749933242798,2.3943750858306885
2015-07-28,2.428541898727417,2.4574999809265137
2015-07-29,2.471874952316284,2.484999895095825
2015-07-30,2.467292070388794,2.519582986831665
2015-07-31,2.542707920074463,2.5118749141693115
2015-08-03,2.5133330821990967,2.4887499809265137
2015-08-04,2.4816670417785645,2.472707986831665
2015-08-05,2.5137500762939453,2.530625104904175
2015-08-06,2.5356249809265137,2.4091670513153076
2015-08-07,2.390625,2.399583101272583
2015-08-10,2.4447920322418213,2.4806249141693115
2015-08-11,2.440624952316284,2.3860421180725098
2015-08-12,2.3379170894622803,2.407083034515381
2015-08-13,2.4166669845581055,2.396250009536743
2015-08-14,2.3802080154418945,2.4091670513153076
2015-08-17,2.390625,2.4683330059051514
2015-08-18,2.4543750286102295,2.428957939147949
2015-08-19,2.40625,2.3833329677581787
2015-08-20,2.316667079925537,2.1870830059051514
2015-08-21,2.09375,1.9149999618530273
2015-08-24,1.5635420083999634,1.6881250143051147
2015-08-25,1.8645830154418945,1.6658329963684082
2015-08-26,1.8081250190734863,1.90625
2015-08-27,1.9958330392837524,2.0552079677581787
2015-08-28,2.0225000381469727,2.053541898727417
2015-08-31,2.019792079925537,1.9772919416427612
2015-09-01,1.8287500143051147,1.7979170083999634
2015-09-02,1.8891669511795044,1.9441670179367065
2015-09-03,1.9679169654846191,1.9120830297470093
2015-09-04,1.8354170322418213,1.8481249809265137
2015-09-08,1.9529169797897339,2.005000114440918
2015-09-09,2.0737500190734863,1.9352079629898071
2015-09-10,1.927291989326477,1.9970829486846924
2015-09-11,1.9704170227050781,2.0293750762939453
2015-09-14,2.0520830154418945,2.0112500190734863
2015-09-15,2.026249885559082,2.08145809173584
2015-09-16,2.085624933242798,2.1162500381469727
2015-09-17,2.1139578819274902,2.1220829486846924
2015-09-18,2.024791955947876,2.032291889190674
2015-09-21,2.063333034515381,2.0495829582214355
2015-09-22,1.9547920227050781,1.9591670036315918
2015-09-23,1.9729169607162476,1.962291955947876
2015-09-24,1.9043749570846558,1.9395829439163208
2015-09-25,2.0054171085357666,1.8925000429153442
2015-09-28,1.8662500381469727,1.7293750047683716
2015-09-29,1.7418750524520874,1.7037500143051147
2015-09-30,1.7745829820632935,1.816457986831665
2015-10-01,1.8279169797897339,1.8418749570846558
2015-10-02,1.7679170370101929,1.9375
2015-10-05,1.9827079772949219,2.0258328914642334
2015-10-06,2.0110421180725098,1.9968750476837158
2015-10-07,2.0325000286102295,2.0289580821990967
2015-10-08,2.0072920322418213,2.0537500381469727
2015-10-09,2.056457996368408,2.078749895095825
2015-10-12,2.094583034515381,2.096250057220459
2015-10-13,2.0604169368743896,2.0552079677581787
2015-10-14,2.055833101272583,2.0464580059051514
2015-10-15,2.068542003631592,2.1464579105377197
2015-10-16,2.1606249809265137,2.1731250286102295
2015-10-19,2.1631250381469727,2.212083101272583
2015-10-20,2.1987500190734863,2.175416946411133
2015-10-21,2.209583044052124,2.1404170989990234
2015-10-22,2.193958044052124,2.267292022705078
2015-10-23,2.4502079486846924,2.4558329582214355
2015-10-26,2.4527080059051514,2.463124990463257
2015-10-27,2.443125009536743,2.4791669845581055
2015-10-28,2.490417003631592,2.5366671085357666
2015-10-29,2.5037500858306885,2.527292013168335
2015-10-30,2.530625104904175,2.4927079677581787
2015-11-02,2.5112500190734863,2.5777080059051514
2015-11-03,2.561875104904175,2.602292060852051
2015-11-04,2.628124952316284,2.603332996368408
2015-11-05,2.6112499237060547,2.5804169178009033
2015-11-06,2.569582939147949,2.5889580249786377
2015-11-09,2.558958053588867,2.505625009536743
2015-11-10,2.465625047683716,2.487916946411133
2015-11-11,2.5068750381469727,2.476875066757202
2015-11-12,2.444999933242798,2.4049999713897705
2015-11-13,2.3747920989990234,2.2635419368743896
2015-11-16,2.256042003631592,2.357917070388794
2015-11-17,2.3722920417785645,2.366041898727417
2015-11-18,2.3927080631256104,2.501667022705078
2015-11-19,2.5058329105377197,2.5054171085357666
2015-11-20,2.540416955947876,2.5552079677581787
2015-11-23,2.558332920074463,2.53458309173584
2015-11-24,2.485416889190674,2.5266671180725098
2015-11-25,2.5364580154418945,2.532291889190674
2015-11-27,2.550416946411133,2.5414578914642334
2015-11-30,2.5668749809265137,2.5254170894622803
2015-12-01,2.5537500381469727,2.600416898727417
2015-12-02,2.605417013168335,2.5531249046325684
2015-12-03,2.5733330249786377,2.422916889190674
2015-12-04,2.443542003631592,2.5893750190734863
2015-12-07,2.59708309173584,2.5577080249786377
2015-12-08,2.4766669273376465,2.5579171180725098
2015-12-09,2.521667003631592,2.4387500286102295
2015-12-10,2.45645809173584,2.4733328819274902
2015-12-11,2.3877079486846924,2.3037500381469727
2015-12-14,2.3137500286102295,2.355417013168335
2015-12-15,2.415832996368408,2.3954169750213623
2015-12-16,2.446042060852051,2.5012500286102295
2015-12-17,2.53458309173584,2.397083044052124
2015-12-18,2.3712499141693115,2.2654170989990234
2015-12-21,2.321458101272583,2.3327078819274902
2015-12-22,2.3691670894622803,2.3768749237060547
2015-12-23,2.4141669273376465,2.4312500953674316
2015-12-24,2.4291670322418213,2.4262499809265137
2015-12-28,2.4091670513153076,2.4256250858306885
2015-12-29,2.467708110809326,2.536250114440918
2015-12-30,2.5316669940948486,2.4714579582214355
2015-12-31,2.444582939147949,2.3797919750213623
2016-01-04,2.221250057220459,2.234375
2016-01-05,2.2604169845581055,2.2143750190734863
2016-01-06,2.103749990463257,2.1549999713897705
2016-01-07,2.014583110809326,1.9500000476837158
2016-01-08,1.992292046546936,1.9039579629898071
2016-01-11,1.9435420036315918,1.9206249713897705
2016-01-12,1.9722919464111328,1.9854170083999634
2016-01-13,2.0093750953674316,1.7777080535888672
2016-01-14,1.8002079725265503,1.8927079439163208
2016-01-15,1.7037500143051147,1.71875
2016-01-19,1.7860419750213623,1.7260420322418213
2016-01-20,1.6449999809265137,1.7104170322418213
2016-01-21,1.731874942779541,1.7166670560836792
2016-01-22,1.8177080154418945,1.8645830154418945
2016-01-25,1.8479169607162476,1.7806249856948853
2016-01-26,1.8041670322418213,1.8314579725265503
2016-01-27,1.7981250286102295,1.695207953453064
2016-01-28,1.774791955947876,1.7620830535888672
2016-01-29,1.7660419940948486,1.8768750429153442
2016-02-01,1.846250057220459,1.8875000476837158
2016-02-02,1.8652080297470093,1.7677079439163208
2016-02-03,1.8010419607162476,1.7427079677581787
2016-02-04,1.7254170179367065,1.7395830154418945
2016-02-05,1.7229169607162476,1.5606249570846558
2016-02-08,1.4735419750213623,1.4893749952316284
2016-02-09,1.4279170036315918,1.4720829725265503
2016-02-10,1.5260419845581055,1.4895830154418945
2016-02-11,1.4333330392837524,1.4860420227050781
2016-02-12,1.5325000286102295,1.549375057220459
2016-02-16,1.621250033378601,1.652500033378601
2016-02-17,1.6943750381469727,1.7666670083999634
2016-02-18,1.7854169607162476,1.7066669464111328
2016-02-19,1.6872919797897339,1.7243750095367432
2016-02-22,1.7712500095367432,1.8058329820632935
2016-02-23,1.7739579677581787,1.7158329486846924
2016-02-24,1.6577080488204956,1.7668750286102295
2016-02-25,1.7785420417785645,1.8156249523162842
2016-02-26,1.8570829629898071,1.8114579916000366
2016-02-29,1.8072919845581055,1.7635420560836792
2016-03-01,1.8118749856948853,1.9322919845581055
2016-03-02,1.9249999523162842,1.9343750476837158
2016-03-03,1.9293750524520874,1.9235420227050781
2016-03-04,1.9308329820632935,1.9268749952316284
2016-03-07,1.896875023841858,1.8910419940948486
2016-03-08,1.8508330583572388,1.8410420417785645
2016-03-09,1.865833044052124,1.8762500286102295
2016-03-10,1.90625,1.8691669702529907
2016-03-11,1.929582953453064,1.9660420417785645
2016-03-14,1.9462499618530273,1.9774999618530273
2016-03-15,1.9574999809265137,1.9762500524520874
2016-03-16,1.9587500095367432,2.0266671180725098
2016-03-17,2.0112500190734863,2.0208330154418945
2016-03-18,2.0374999046325684,2.0325000286102295
2016-03-21,2.023750066757202,2.0566670894622803
2016-03-22,2.0233330726623535,2.075000047683716
2016-03-23,2.063957929611206,2.025624990463257
2016-03-24,1.9927079677581787,2.0250000953674316
2016-03-28,2.045417070388794,2.0177080631256104
2016-03-29,2.006666898727417,2.1141669750213623
2016-03-30,2.152708053588867,2.1458330154418945
2016-03-31,2.1410419940948486,2.1333329677581787
2016-04-01,2.100832939147949,2.2043750286102295
2016-04-04,2.2010419368743896,2.1770830154418945
2016-04-05,2.1272919178009033,2.118541955947876
2016-04-06,2.125,2.2200000286102295
2016-04-07,2.1822919845581055,2.124166965484619
2016-04-08,2.162708044052124,2.1191670894622803
2016-04-11,2.146667003631592,2.0964579582214355
2016-04-12,2.100416898727417,2.1454169750213623
2016-04-13,2.1977078914642334,2.2291669845581055
2016-04-14,2.2297921180725098,2.2306249141693115
2016-04-15,2.2233328819274902,2.2135419845581055
2016-04-18,2.1952080726623535,2.2462499141693115
2016-04-19,2.268749952316284,2.2074999809265137
2016-04-20,2.204582929611206,2.2129170894622803
2016-04-21,2.211667060852051,2.2135419845581055
2016-04-22,2.128541946411133,2.113332986831665
2016-04-25,2.090208053588867,2.1116669178009033
2016-04-26,2.123958110809326,2.0827078819274902
2016-04-27,2.019582986831665,2.032707929611206
2016-04-28,2.039375066757202,1.9606250524520874
2016-04-29,1.9539580345153809,1.9293750524520874
2016-05-02,1.941457986831665,1.980417013168335
2016-05-03,1.9389580488204956,1.9277080297470093
2016-05-04,1.8922920227050781,1.8895829916000366
2016-05-05,1.9075000286102295,1.8885420560836792
2016-05-06,1.8583329916000366,1.9158329963684082
2016-05-09,1.9177080392837524,1.9327080249786377
2016-05-10,1.9533330202102661,2.0137500762939453
2016-05-11,2.003957986831665,1.9587500095367432
2016-05-12,1.974166989326477,1.931249976158142
2016-05-13,1.9299999475479126,1.9079170227050781
2016-05-16,1.915624976158142,1.9814579486846924
2016-05-17,1.9791669845581055,1.9054169654846191
2016-05-18,1.8947919607162476,1.9270830154418945
2016-05-19,1.9035420417785645,1.8966670036315918
2016-05-20,1.9197920560836792,1.9600000381469727
2016-05-23,1.965000033378601,1.9504170417785645
2016-05-24,1.9839580059051514,2.0697920322418213
2016-05-25,2.0935420989990234,2.114375114440918
2016-05-26,2.121458053588867,2.132082939147949
2016-05-27,2.135624885559082,2.1641669273376465
2016-05-31,2.176042079925537,2.1770830154418945
2016-06-01,2.157291889190674,2.177917003631592
2016-06-02,2.1631250381469727,2.1902079582214355
2016-06-03,2.1777079105377197,2.160207986831665
2016-06-06,2.1700000762939453,2.183332920074463
2016-06-07,2.1904170513153076,2.167917013168335
2016-06-08,2.1797919273376465,2.177500009536743
2016-06-09,2.1514580249786377,2.167917013168335
2016-06-10,2.1095829010009766,2.0950000286102295
2016-06-13,2.0597920417785645,2.041249990463257
2016-06-14,2.024583101272583,2.0422921180725098
2016-06-15,2.0556249618530273,2.0239579677581787
2016-06-16,1.9941669702529907,2.0385420322418213
2016-06-17,2.030208110809326,1.96875
2016-06-20,2.039375066757202,2.004167079925537
2016-06-21,2.016458034515381,2.024167060852051
2016-06-22,2.0299999713897705,2.0110421180725098
2016-06-23,2.0577080249786377,2.0958330631256104
2016-06-24,1.875,1.8391669988632202
2016-06-27,1.7972919940948486,1.7320829629898071
2016-06-28,1.7847919464111328,1.8406250476837158
2016-06-29,1.8856250047683716,1.9362499713897705
2016-06-30,1.9479169845581055,2.006666898727417
2016-07-01,2.003124952316284,2.0341670513153076
2016-07-05,2.0079169273376465,1.9981249570846558
2016-07-06,1.9708329439163208,2.045207977294922
2016-07-07,2.054374933242798,2.0645830631256104
2016-07-08,2.095207929611206,2.1600000858306885
2016-07-11,2.1845829486846924,2.1968750953674316
2016-07-12,2.23770809173584,2.2314579486846924
2016-07-13,2.2495830059051514,2.2158329486846924
2016-07-14,2.2597920894622803,2.2608330249786377
2016-07-15,2.2754170894622803,2.2481250762939453
2016-07-18,2.254167079925537,2.292917013168335
2016-07-19,2.2708330154418945,2.269166946411133
2016-07-20,2.303957939147949,2.346874952316284
2016-07-21,2.3539578914642334,2.3329169750213623
2016-07-22,2.3383328914642334,2.359999895095825
2016-07-25,2.3547921180725098,2.3620829582214355
2016-07-26,2.3597919940948486,2.369999885559082
2016-07-27,2.4281249046325684,2.416249990463257
2016-07-28,2.4295830726623535,2.442500114440918
2016-07-29,2.4600000381469727,2.4585421085357666
2016-08-01,2.464582920074463,2.4970829486846924
2016-08-02,2.4864580631256104,2.44083309173584
2016-08-03,2.4354169368743896,2.4639580249786377
2016-08-04,2.4633328914642334,2.486042022705078
2016-08-05,2.526249885559082,2.5579171180725098
2016-08-08,2.5622920989990234,2.5497920513153076
2016-08-09,2.5541670322418213,2.566667079925537
2016-08-10,2.568542003631592,2.546875
2016-08-11,2.5708329677581787,2.579792022705078
2016-08-12,2.5645830631256104,2.584583044052124
2016-08-15,2.59375,2.6170830726623535
2016-08-16,2.601875066757202,2.5758330821990967
2016-08-17,2.5758330821990967,2.5879170894622803
2016-08-18,2.579792022705078,2.59041690826416
2016-08-19,2.5762500762939453,2.5868749618530273
2016-08-22,2.574583053588867,2.5893750190734863
2016-08-23,2.620832920074463,2.6047921180725098
2016-08-24,2.6010420322418213,2.5545830726623535
2016-08-25,2.534374952316284,2.5425000190734863
2016-08-26,2.545833110809326,2.5547919273376465
2016-08-29,2.5562500953674316,2.561875104904175
2016-08-30,2.552500009536743,2.538749933242798
2016-08-31,2.527708053588867,2.532083034515381
2016-09-01,2.533750057220459,2.543333053588867
2016-09-02,2.5885419845581055,2.573124885559082
2016-09-06,2.5885419845581055,2.620832920074463
2016-09-07,2.628957986831665,2.625624895095825
2016-09-08,2.6041669845581055,2.580625057220459
2016-09-09,2.5177080631256104,2.384999990463257
2016-09-12,2.3491671085357666,2.5072920322418213
2016-09-13,2.473750114440918,2.448124885559082
2016-09-14,2.4543750286102295,2.4795830249786377
2016-09-15,2.483333110809326,2.594583034515381
2016-09-16,2.588124990463257,2.5916669368743896
2016-09-19,2.6114580631256104,2.5577080249786377
2016-09-20,2.5833330154418945,2.5718750953674316
2016-09-21,2.6041669845581055,2.646667003631592
2016-09-22,2.6962499618530273,2.7085421085357666
2016-09-23,2.700000047683716,2.659791946411133
2016-09-26,2.6139578819274902,2.59375
2016-09-27,2.5908329486846924,2.6672921180725098
2016-09-28,2.676875114440918,2.681874990463257
2016-09-29,2.670417070388794,2.625
2016-09-30,2.649167060852051,2.678957939147949
2016-10-03,2.6697919368743896,2.672916889190674
2016-10-04,2.6918749809265137,2.657707929611206
2016-10-05,2.681874990463257,2.6854169368743896
2016-10-06,2.675416946411133,2.6812500953674316
2016-10-07,2.6897919178009033,2.663749933242798
2016-10-10,2.703125,2.7114579677581787
2016-10-11,2.7058329582214355,2.599375009536743
2016-10-12,2.6020829677581787,2.5939579010009766
2016-10-13,2.539792060852051,2.563541889190674
2016-10-14,2.5981249809265137,2.5693750381469727
2016-10-17,2.5687499046325684,2.5516669750213623
2016-10-18,2.640625,2.6170830726623535
2016-10-19,2.6122920513153076,2.6181249618530273
2016-10-20,2.60604190826416,2.6070830821990967
2016-10-21,2.61270809173584,2.6354169845581055
2016-10-24,2.6887500286102295,2.7314579486846924
2016-10-25,2.7339580059051514,2.704166889190674
2016-10-26,2.652082920074463,2.652292013168335
2016-10-27,2.6847920417785645,2.6152079105377197
2016-10-28,2.59041690826416,2.569999933242798
2016-10-31,2.5950000286102295,2.555417060852051
2016-11-01,2.5718750953674316,2.5029170513153076
2016-11-02,2.4945828914642334,2.4377079010009766
2016-11-03,2.4277079105377197,2.367500066757202
2016-11-04,2.3456249237060547,2.340625047683716
2016-11-07,2.453958034515381,2.5083329677581787
2016-11-08,2.5,2.557499885559082
2016-11-09,2.4668750762939453,2.5933330059051514
2016-11-10,2.6247920989990234,2.4700000286102295
2016-11-11,2.431874990463257,2.467916965484619
2016-11-14,2.4725000858306885,2.384582996368408
2016-11-15,2.444999933242798,2.494999885559082
2016-11-16,2.457292079925537,2.5356249809265137
2016-11-17,2.5339579582214355,2.594374895095825
2016-11-18,2.5991671085357666,2.5652079582214355
2016-11-21,2.58145809173584,2.642292022705078
2016-11-22,2.674375057220459,2.6660420894622803
2016-11-23,2.6404170989990234,2.633958101272583
2016-11-25,2.6464579105377197,2.659374952316284
2016-11-28,2.647291898727417,2.644582986831665
2016-11-29,2.6468749046325684,2.6700000762939453
2016-11-30,2.675416946411133,2.5835421085357666
2016-12-01,2.5704169273376465,2.441667079925537
2016-12-02,2.443958044052124,2.451457977294922
2016-12-05,2.491041898727417,2.508125066757202
2016-12-06,2.5274999141693115,2.526249885559082
2016-12-07,2.511457920074463,2.619999885559082
2016-12-08,2.626667022705078,2.6360421180725098
2016-12-09,2.665832996368408,2.6977078914642334
2016-12-12,2.6608328819274902,2.660207986831665
2016-12-13,2.689167022705078,2.764167070388794
2016-12-14,2.769582986831665,2.743957996368408
2016-12-15,2.751457929611206,2.760624885559082
2016-12-16,2.7735419273376465,2.7270829677581787
2016-12-19,2.738542079925537,2.7604169845581055
2016-12-20,2.782083034515381,2.793750047683716
2016-12-21,2.7947919368743896,2.7839579582214355
2016-12-22,2.785207986831665,2.7597920894622803
2016-12-23,2.748542070388794,2.7683329582214355
2016-12-27,2.7833330631256104,2.8087499141693115
2016-12-28,2.8258330821990967,2.7437500953674316
2016-12-29,2.7422919273376465,2.730417013168335
2016-12-30,2.746042013168335,2.650624990463257
2017-01-03,2.7002079486846924,2.714792013168335
2017-01-04,2.727292060852051,2.7610421180725098
2017-01-05,2.7587499618530273,2.809999942779541
2017-01-06,2.8152079582214355,2.8812499046325684
2017-01-09,2.8883330821990967,2.910417079925537
2017-01-10,2.9091670513153076,2.9270830154418945
2017-01-11,2.9291670322418213,2.949583053588867
2017-01-12,2.920417070388794,2.9345829486846924
2017-01-13,2.944166898727417,2.9683330059051514
2017-01-17,2.941667079925537,2.9404170513153076
2017-01-18,2.954166889190674,2.9604170322418213
2017-01-19,2.96875,2.952500104904175
2017-01-20,2.9916670322418213,2.9716670513153076
2017-01-23,2.9625000953674316,2.978332996368408
2017-01-24,2.9945828914642334,3.040416955947876
2017-01-25,3.095417022705078,3.129167079925537
2017-01-26,3.1433329582214355,3.142082929611206
2017-01-27,3.1583330631256104,3.157083034515381
2017-01-30,3.1237499713897705,3.0854170322418213
2017-01-31,3.0537500381469727,3.0683329105377197
2017-02-01,3.12833309173584,3.126667022705078
2017-02-02,3.110832929611206,3.1187500953674316
2017-02-03,3.1312499046325684,3.1458330154418945
2017-02-06,3.1304171085357666,3.1575000286102295
2017-02-07,3.1741669178009033,3.190000057220459
2017-02-08,3.1787500381469727,3.2079169750213623
2017-02-09,3.2166669368743896,3.2412500381469727
2017-02-10,3.2637500762939453,3.2733330726623535
2017-02-13,3.3041670322418213,3.3308329582214355
2017-02-14,3.3329169750213623,3.3620829582214355
2017-02-15,3.357917070388794,3.4200000762939453
2017-02-16,3.428333044052124,3.4170830249786377
2017-02-17,3.40291690826416,3.4600000381469727
2017-02-21,3.4841670989990234,3.515000104904175
2017-02-22,3.504167079925537,3.5154170989990234
2017-02-23,3.5308330059051514,3.4774999618530273
2017-02-24,3.427500009536743,3.4962499141693115
2017-02-27,3.477916955947876,3.506666898727417
2017-02-28,3.507082939147949,3.4791669845581055
2017-03-01,3.5399999618530273,3.5916669368743896
2017-03-02,3.5899999141693115,3.5350000858306885
2017-03-03,3.5266671180725098,3.553333044052124
2017-03-06,3.515000104904175,3.528749942779541
2017-03-07,3.5062499046325684,3.5112500190734863
2017-03-08,3.5199999809265137,3.5291669368743896
2017-03-09,3.5283329486846924,3.5399999618530273
2017-03-10,3.5854170322418213,3.578749895095825
2017-03-13,3.5754170417785645,3.5995829105377197
2017-03-14,3.575000047683716,3.5729169845581055
2017-03-15,3.5975000858306885,3.6354169845581055
2017-03-16,3.660417079925537,3.6333329677581787
2017-03-17,3.641666889190674,3.6245830059051514
2017-03-20,3.6245830059051514,3.6354169845581055
2017-03-21,3.675832986831665,3.4733328819274902
2017-03-22,3.475416898727417,3.5416669845581055
2017-03-23,3.528749942779541,3.5133330821990967
2017-03-24,3.5466670989990234,3.5325000286102295
2017-03-27,3.4604170322418213,3.5512499809265137
2017-03-28,3.550832986831665,3.617917060852051
2017-03-29,3.6212499141693115,3.665832996368408
2017-03-30,3.6645829677581787,3.68416690826416
2017-03-31,3.667917013168335,3.675416946411133
2017-04-03,3.6862499713897705,3.6675000190734863
2017-04-04,3.6354169845581055,3.68416690826416
2017-04-05,3.702083110809326,3.642082929611206
2017-04-06,3.654582977294922,3.6449999809265137
2017-04-07,3.6424999237060547,3.6408329010009766
2017-04-10,3.6533329486846924,3.6449999809265137
2017-04-11,3.6308329105377197,3.5991671085357666
2017-04-12,3.5950000286102295,3.5516669750213623
2017-04-13,3.5374999046325684,3.509582996368408
2017-04-17,3.5391669273376465,3.592916965484619
2017-04-18,3.5595829486846924,3.5824999809265137
2017-04-19,3.6237499713897705,3.5950000286102295
2017-04-20,3.6387500762939453,3.6820828914642334
2017-04-21,3.694166898727417,3.680417060852051
2017-04-24,3.8020830154418945,3.814167022705078
2017-04-25,3.8520829677581787,3.898750066757202
2017-04-26,3.9024999141693115,3.881666898727417
2017-04-27,3.9108328819274902,3.949583053588867
2017-04-28,3.997499942779541,3.97208309173584
2017-05-01,4.008749961853027,4.072082996368408
2017-05-02,4.092082977294922,4.096250057220459
2017-05-03,4.071249961853027,4.055832862854004
2017-05-04,4.05791711807251,4.059999942779541
2017-05-05,4.08916711807251,4.1041669845581055
2017-05-08,4.110416889190674,4.128749847412109
2017-05-09,4.1483330726623535,4.174167156219482
2017-05-10,4.178750038146973,4.180832862854004
2017-05-11,4.147082805633545,4.170833110809326
2017-05-12,4.176249980926514,4.1979169845581055
2017-05-15,4.202083110809326,4.2370829582214355
2017-05-16,4.267083168029785,4.290417194366455
2017-05-17,4.189582824707031,3.9658329486846924
2017-05-18,3.9600000381469727,4.066249847412109
2017-05-19,4.105833053588867,4.115417003631592
2017-05-22,4.144166946411133,4.22208309173584
2017-05-23,4.256667137145996,4.232500076293945
2017-05-24,4.267917156219482,4.290832996368408
2017-05-25,4.337916851043701,4.403749942779541
2017-05-26,4.400416851043701,4.422500133514404
2017-05-30,4.4116668701171875,4.431666851043701
2017-05-31,4.47208309173584,4.426249980926514
2017-06-01,4.452499866485596,4.4791669845581055
2017-06-02,4.5233330726623535,4.632082939147949
2017-06-05,4.62833309173584,4.62833309173584
2017-06-06,4.611667156219482,4.575832843780518
2017-06-07,4.608333110809326,4.625833034515381
2017-06-08,4.654582977294922,4.638332843780518
2017-06-09,4.65500020980835,4.302917003631592
2017-06-12,4.183332920074463,4.224999904632568
2017-06-13,4.290832996368408,4.323750019073486
2017-06-14,4.374582767486572,4.265832901000977
2017-06-15,4.1354169845581055,4.2083330154418945
2017-06-16,4.199999809265137,4.157917022705078
2017-06-19,4.273749828338623,4.359167098999023
2017-06-20,4.348750114440918,4.2604169845581055
2017-06-21,4.2866668701171875,4.384167194366455
2017-06-22,4.403749942779541,4.379167079925537
2017-06-23,4.363749980926514,4.428332805633545
2017-06-26,4.50124979019165,4.3695831298828125
2017-06-27,4.318749904632568,4.129167079925537
2017-06-28,4.172500133514404,4.302499771118164
2017-06-29,4.249582767486572,4.0833330154418945
2017-06-30,4.118750095367432,4.069167137145996
2017-07-03,4.141666889190674,3.9583330154418945
2017-07-05,3.9887499809265137,4.071249961853027
2017-07-06,3.9770829677581787,3.963749885559082
2017-07-07,4.0029168128967285,4.082499980926514
2017-07-10,4.097917079925537,4.167916774749756
2017-07-11,4.149582862854004,4.202083110809326
2017-07-12,4.307499885559082,4.3516669273376465
2017-07-13,4.368750095367432,4.3804168701171875
2017-07-14,4.4320831298828125,4.483333110809326
2017-07-17,4.497917175292969,4.485833168029785
2017-07-18,4.4766669273376465,4.574999809265137
2017-07-19,4.6145830154418945,4.658750057220459
2017-07-20,4.6929168701171875,4.676249980926514
2017-07-21,4.618332862854004,4.6691670417785645
2017-07-24,4.667916774749756,4.730000019073486
2017-07-25,4.68625020980835,4.698332786560059
2017-07-26,4.728332996368408,4.740417003631592
2017-07-27,4.8358330726623535,4.655832767486572
2017-07-28,4.573750019073486,4.640832901000977
2017-07-31,4.678750038146973,4.580417156219482
2017-08-01,4.62624979019165,4.610416889190674
2017-08-02,4.697500228881836,4.644166946411133
2017-08-03,4.6616668701171875,4.595832824707031
2017-08-04,4.622917175292969,4.613749980926514
2017-08-07,4.640832901000977,4.6954169273376465
2017-08-08,4.6745829582214355,4.677917003631592
2017-08-09,4.563333034515381,4.65958309173584
2017-08-10,4.581250190734863,4.357082843780518
2017-08-11,4.37833309173584,4.456666946411133
2017-08-14,4.560417175292969,4.630000114440918
2017-08-15,4.655832767486572,4.638332843780518
2017-08-16,4.670833110809326,4.662499904632568
2017-08-17,4.605833053588867,4.375833034515381
2017-08-18,4.382500171661377,4.360416889190674
2017-08-21,4.367917060852051,4.352499961853027
2017-08-22,4.4166669845581055,4.546249866485596
2017-08-23,4.4716668128967285,4.49541711807251
2017-08-24,4.5283331871032715,4.457917213439941
2017-08-25,4.50333309173584,4.427917003631592
2017-08-28,4.466667175292969,4.466667175292969
2017-08-29,4.350417137145996,4.521667003631592
2017-08-30,4.529582977294922,4.678332805633545
2017-08-31,4.716249942779541,4.81125020980835
2017-09-01,4.847917079925537,4.80791711807251
2017-09-05,4.762083053588867,4.679166793823242
2017-09-06,4.717082977294922,4.719583034515381
2017-09-07,4.7470831871032715,4.74875020980835
2017-09-08,4.730833053588867,4.631667137145996
2017-09-11,4.736249923706055,4.779167175292969
2017-09-12,4.824999809265137,4.819582939147949
2017-09-13,4.7916669845581055,4.839582920074463
2017-09-14,4.786250114440918,4.7579169273376465
2017-09-15,4.7529168128967285,4.796249866485596
2017-09-18,4.81708288192749,4.78458309173584
2017-09-19,4.8070831298828125,4.804999828338623
2017-09-20,4.802499771118164,4.764999866485596
2017-09-21,4.750833034515381,4.673333168029785
2017-09-22,4.627082824707031,4.6616668701171875
2017-09-25,4.604582786560059,4.515417098999023
2017-09-26,4.5808329582214355,4.546249866485596
2017-09-27,4.618750095367432,4.669582843780518
2017-09-28,4.635832786560059,4.6616668701171875
2017-09-29,4.690000057220459,4.7604169845581055
2017-10-02,4.784999847412109,4.773749828338623
2017-10-03,4.7916669845581055,4.803750038146973
2017-10-04,4.7758331298828125,4.816249847412109
2017-10-05,4.872499942779541,4.954999923706055
2017-10-06,4.908332824707031,4.972917079925537
2017-10-09,4.995832920074463,4.960416793823242
2017-10-10,5.007500171661377,4.970832824707031
2017-10-11,4.964582920074463,5.014166831970215
2017-10-12,4.992917060852051,4.9870829582214355
2017-10-13,5.044582843780518,5.042916774749756
2017-10-16,5.0808329582214355,5.09499979019165
2017-10-17,5.088749885559082,5.112916946411133
2017-10-18,5.127082824707031,5.093332767486572
2017-10-19,5.005833148956299,5.037083148956299
2017-10-20,5.097499847412109,5.073750019073486
2017-10-23,5.105833053588867,4.9791669845581055
2017-10-24,5.0029168128967285,5.00458288192749
2017-10-25,4.970832824707031,4.943749904632568
2017-10-26,4.936666965484619,4.897916793823242
2017-10-27,5.130833148956299,5.320000171661377
2017-10-30,5.306666851043701,5.357916831970215
2017-10-31,5.405832767486572,5.414583206176758
2017-11-01,5.482500076293945,5.40749979019165
2017-11-02,5.391250133514404,5.380000114440918
2017-11-03,5.437082767486572,5.53000020980835
2017-11-06,5.520417213439941,5.586249828338623
2017-11-07,5.573750019073486,5.595417022705078
2017-11-08,5.590000152587891,5.665417194366455
2017-11-09,5.527500152587891,5.574583053588867
2017-11-10,5.537083148956299,5.5729169845581055
2017-11-13,5.514166831970215,5.589582920074463
2017-11-14,5.533332824707031,5.533332824707031
2017-11-15,5.462500095367432,5.452083110809326
2017-11-16,5.537917137145996,5.65625
2017-11-17,5.662083148956299,5.592916965484619
2017-11-20,5.6016669273376465,5.579166889190674
2017-11-21,5.657083034515381,5.755000114440918
2017-11-22,5.775416851043701,5.77791690826416
2017-11-24,5.800000190734863,5.842916965484619
2017-11-27,5.835416793823242,5.8333330154418945
2017-11-28,5.872917175292969,5.87624979019165
2017-11-29,5.861667156219482,5.574166774749756
2017-11-30,5.644166946411133,5.712500095367432
2017-12-01,5.602083206176758,5.636250019073486
2017-12-04,5.74666690826416,5.441667079925537
2017-12-05,5.4320831298828125,5.449583053588867
2017-12-06,5.389166831970215,5.521667003631592
2017-12-07,5.525000095367432,5.576250076293945
2017-12-08,5.699999809265137,5.650000095367432
2017-12-11,5.658750057220459,5.779582977294922
2017-12-12,5.771249771118164,5.7579169273376465
2017-12-13,5.823332786560059,5.7866668701171875
2017-12-14,5.8204169273376465,5.7783331871032715
2017-12-15,5.845832824707031,5.966249942779541
2017-12-18,6.083749771118164,6.1195831298828125
2017-12-19,6.086667060852051,6.019999980926514
2017-12-20,6.077499866485596,5.994999885559082
2017-12-21,6.016250133514404,5.9920830726623535
2017-12-22,5.966667175292969,5.97208309173584
2017-12-26,5.876667022705078,5.875417232513428
2017-12-27,5.875833034515381,5.875417232513428
2017-12-28,5.927499771118164,5.891250133514404
2017-12-29,5.913332939147949,5.78000020980835
2018-01-02,5.870832920074463,6.076666831970215
2018-01-03,6.101250171661377,6.25458288192749
2018-01-04,6.327917098999023,6.291250228881836
2018-01-05,6.379167079925537,6.481249809265137
2018-01-08,6.480416774749756,6.553332805633545
2018-01-09,6.593332767486572,6.558332920074463
2018-01-10,6.467082977294922,6.511666774749756
2018-01-11,6.544582843780518,6.642083168029785
2018-01-12,6.6195831298828125,6.782917022705078
2018-01-16,6.920000076293945,6.730416774749756
2018-01-17,6.820000171661377,6.942500114440918
2018-01-18,6.912083148956299,6.949166774749756
2018-01-19,7.008749961853027,7.015832901000977
2018-01-22,6.999166965484619,7.235000133514404
2018-01-23,7.3045830726623535,7.418333053588867
2018-01-24,7.458749771118164,7.267917156219482
2018-01-25,7.419582843780518,7.258749961853027
2018-01-26,7.375,7.582917213439941
2018-01-29,7.537917137145996,7.482500076293945
2018-01-30,7.274167060852051,7.291250228881836
2018-01-31,7.418749809265137,7.381249904632568
2018-02-01,7.217916965484619,7.196667194366455
2018-02-02,7.116250038146973,6.757082939147949
2018-02-05,6.5729169845581055,5.977083206176758
2018-02-06,5.700832843780518,6.437917232513428
2018-02-07,6.377500057220459,6.183332920074463
2018-02-08,6.2470831871032715,5.417082786560059
2018-02-09,5.633333206176758,5.672082901000977
2018-02-12,5.865832805633545,5.9895830154418945
2018-02-13,5.884582996368408,6.0625
2018-02-14,5.9716668128967285,6.417500019073486
2018-02-15,6.5833330154418945,6.7529168128967285
2018-02-16,6.703750133514404,6.677499771118164
2018-02-20,6.600832939147949,6.7108330726623535
2018-02-21,6.8070831298828125,6.650416851043701
2018-02-22,6.7470831871032715,6.65166711807251
2018-02-23,6.802499771118164,7.047916889190674
2018-02-26,7.158750057220459,7.3308329582214355
2018-02-27,7.34375,7.068333148956299
2018-02-28,7.18625020980835,6.926249980926514
2018-03-01,6.941667079925537,6.592916965484619
2018-03-02,6.361667156219482,6.774167060852051
2018-03-05,6.678750038146973,6.986667156219482
2018-03-06,7.0908331871032715,7.074999809265137
2018-03-07,6.920416831970215,7.1279168128967285
2018-03-08,7.207499980926514,7.234167098999023
2018-03-09,7.3983330726623535,7.655416965484619
2018-03-12,7.7291669845581055,7.769999980926514
2018-03-13,7.7291669845581055,7.487916946411133
2018-03-14,7.582499980926514,7.462500095367432
2018-03-15,7.485000133514404,7.429166793823242
2018-03-16,7.4716668128967285,7.380000114440918
2018-03-19,7.187082767486572,6.9166669845581055
2018-03-20,6.918333053588867,6.96750020980835
2018-03-21,6.9166669845581055,6.866666793823242
2018-03-22,6.599999904632568,6.364999771118164
2018-03-23,6.341667175292969,5.850832939147949
2018-03-26,6.2083330154418945,6.509167194366455
2018-03-27,6.662083148956299,5.885000228881836
2018-03-28,5.782083034515381,5.6820831298828125
2018-03-29,5.7683329582214355,5.99666690826416
2018-04-02,5.855000019073486,5.46416711807251
2018-04-03,5.6145830154418945,5.647500038146973
2018-04-04,5.3179168701171875,5.914583206176758
2018-04-05,6.0908331871032715,6.007500171661377
2018-04-06,5.8204169273376465,5.55916690826416
2018-04-09,5.7058329582214355,5.670416831970215
2018-04-10,5.935417175292969,6.045000076293945
2018-04-11,5.941667079925537,5.943333148956299
2018-04-12,6.0625,6.15166711807251
2018-04-13,6.250417232513428,6.060417175292969
2018-04-16,6.18416690826416,6.194167137145996
2018-04-17,6.380000114440918,6.59041690826416
2018-04-18,6.599999904632568,6.636250019073486
2018-04-19,6.540417194366455,6.4558329582214355
2018-04-20,6.40625,6.146249771118164
2018-04-23,6.2316670417785645,6.097917079925537
2018-04-24,6.178332805633545,5.709167003631592
2018-04-25,5.736667156219482,5.7316670417785645
2018-04-26,5.949583053588867,6.087082862854004
2018-04-27,6.353332996368408,6.101250171661377
2018-04-30,6.142083168029785,5.971250057220459
2018-05-01,5.9191670417785645,6.165417194366455
2018-05-02,6.206250190734863,6.05791711807251
2018-05-03,5.977083206176758,6.058332920074463
2018-05-04,5.9816670417785645,6.399167060852051
2018-05-07,6.494166851043701,6.551249980926514
2018-05-08,6.516250133514404,6.529582977294922
2018-05-09,6.574999809265137,6.748332977294922
2018-05-10,6.8125,6.9583330154418945
2018-05-11,6.922916889190674,6.9375
2018-05-14,6.981249809265137,6.968332767486572
2018-05-15,6.802499771118164,6.742917060852051
2018-05-16,6.758333206176758,6.8670830726623535
2018-05-17,6.797082901000977,6.789583206176758
2018-05-18,6.712082862854004,6.680832862854004
2018-05-21,6.834167003631592,6.797500133514404
2018-05-22,6.884582996368408,6.762083053588867
2018-05-23,6.612500190734863,6.9320831298828125
2018-05-24,6.929999828338623,6.926249980926514
2018-05-25,6.928750038146973,6.943749904632568
2018-05-29,6.848750114440918,6.855000019073486
2018-05-30,6.925000190734863,7.00124979019165
2018-05-31,6.991250038146973,6.986249923706055
2018-06-01,7.081250190734863,7.31125020980835
2018-06-04,7.362500190734863,7.49875020980835
2018-06-05,7.558750152587891,7.576250076293945
2018-06-06,7.599999904632568,7.701250076293945
2018-06-07,7.711249828338623,7.522500038146973
2018-06-08,7.403749942779541,7.517499923706055
2018-06-11,7.49875020980835,7.576250076293945
2018-06-12,7.607500076293945,7.696249961853027
2018-06-13,7.724999904632568,7.6875
2018-06-14,7.797500133514404,7.921249866485596
2018-06-15,7.829999923706055,7.84250020980835
2018-06-18,7.6875,7.824999809265137
2018-06-19,7.523749828338623,7.755000114440918
2018-06-20,7.857500076293945,7.917500019073486
2018-06-21,7.972499847412109,7.712500095367432
2018-06-22,7.789999961853027,7.635000228881836
2018-06-25,7.452499866485596,7.147500038146973
2018-06-26,7.216249942779541,7.226250171661377
2018-06-27,7.317500114440918,6.93625020980835
2018-06-28,6.902500152587891,7.106249809265137
2018-06-29,7.208749771118164,7.138750076293945
2018-07-02,6.957499980926514,7.298749923706055
2018-07-03,7.377500057220459,7.047500133514404
2018-07-05,7.18625020980835,7.306250095367432
2018-07-06,7.351250171661377,7.635000228881836
2018-07-09,7.760000228881836,7.847499847412109
2018-07-10,7.881249904632568,7.866250038146973
2018-07-11,7.6875,7.75124979019165
2018-07-12,7.846250057220459,8.133749961853027
2018-07-13,8.135000228881836,8.157500267028809
2018-07-16,8.163749694824219,8.102499961853027
2018-07-17,7.849999904632568,8.2524995803833
2018-07-18,8.25,8.199999809265137
2018-07-19,8.119999885559082,8.078749656677246
2018-07-20,8.145000457763672,8.067500114440918
2018-07-23,7.996250152587891,8.137499809265137
2018-07-24,8.393750190734863,8.241250038146973
2018-07-25,8.2524995803833,8.585000038146973
2018-07-26,8.239999771118164,8.210000038146973
2018-07-27,8.354999542236328,7.867499828338623
2018-07-30,7.868750095367432,7.528749942779541
2018-07-31,7.608749866485596,7.678750038146973
2018-08-01,7.75,7.783750057220459
2018-08-02,7.612500190734863,8.09375
2018-08-03,8.136249542236328,8.166250228881836
2018-08-06,8.15625,8.31624984741211
2018-08-07,8.381250381469727,8.397500038146973
2018-08-08,8.369999885559082,8.420000076293945
2018-08-09,8.412500381469727,8.412500381469727
2018-08-10,8.244999885559082,8.2162504196167
2018-08-13,8.261249542236328,8.192500114440918
2018-08-14,8.282500267028809,8.34375
2018-08-15,8.154999732971191,8.039999961853027
2018-08-16,8.217499732971191,8.113750457763672
2018-08-17,8.048749923706055,8.112500190734863
2018-08-20,8.171250343322754,8.0962495803833
2018-08-21,8.167499542236328,8.180000305175781
2018-08-22,8.125,8.274999618530273
2018-08-23,8.233750343322754,8.233750343322754
2018-08-24,8.321249961853027,8.462499618530273
2018-08-27,8.598750114440918,8.717499732971191
2018-08-28,8.789999961853027,8.756250381469727
2018-08-29,8.801250457763672,9.0625
2018-08-30,9.007499694824219,9.011249542236328
2018-08-31,8.977499961853027,9.037500381469727
2018-09-04,8.958749771118164,8.930000305175781
2018-09-05,8.875,8.574999809265137
2018-09-06,8.59000015258789,8.3412504196167
2018-09-07,8.170000076293945,8.258749961853027
2018-09-10,8.386249542236328,8.331250190734863
2018-09-11,8.2212495803833,8.516249656677246
2018-09-12,8.481249809265137,8.442500114440918
2018-09-13,8.587499618530273,8.692500114440918
2018-09-14,8.723750114440918,8.626250267028809
2018-09-17,8.577500343322754,8.262499809265137
2018-09-18,8.279999732971191,8.458749771118164
2018-09-19,8.462499618530273,8.4399995803833
2018-09-20,8.602499961853027,8.704999923706055
2018-09-21,8.782500267028809,8.56624984741211
2018-09-24,8.388750076293945,8.640000343322754
2018-09-25,8.623749732971191,8.675000190734863
2018-09-26,8.682499885559082,8.666250228881836
2018-09-27,8.795000076293945,8.90625
2018-09-28,8.829999923706055,8.892499923706055
2018-10-01,9.0625,8.943750381469727
2018-10-02,8.920000076293945,8.892499923706055
2018-10-03,9.001250267028809,8.918749809265137
2018-10-04,8.8125,8.40999984741211
2018-10-05,8.399999618530273,8.09375
2018-10-08,7.980000019073486,7.948750019073486
2018-10-09,7.958749771118164,8.010000228881836
2018-10-10,7.87375020980835,6.971250057220459
2018-10-11,6.87624979019165,6.68874979019165
2018-10-12,7.222499847412109,7.253749847412109
2018-10-15,7.182499885559082,6.980000019073486
2018-10-16,7.204999923706055,7.581250190734863
2018-10-17,7.710000038146973,7.606249809265137
2018-10-18,7.507500171661377,7.078750133514404
2018-10-19,7.223750114440918,7.050000190734863
2018-10-22,7.176249980926514,7.15625
2018-10-23,6.773749828338623,7.077499866485596
2018-10-24,7.051249980926514,6.114999771118164
2018-10-25,6.386250019073486,6.742499828338623
2018-10-26,6.050000190734863,6.21875
2018-10-29,6.497499942779541,5.886250019073486
2018-10-30,5.78000020980835,6.113749980926514
2018-10-31,6.40625,6.526249885559082
2018-11-01,6.583749771118164,6.81125020980835
2018-11-02,6.743750095367432,6.506249904632568
2018-11-05,6.510000228881836,6.442500114440918
2018-11-06,6.426249980926514,6.578750133514404
2018-11-07,6.81374979019165,7.183750152587891
2018-11-08,7.098750114440918,7.06125020980835
2018-11-09,6.864999771118164,6.702499866485596
2018-11-12,6.5625,6.113749980926514
2018-11-13,6.183750152587891,6.111249923706055
2018-11-14,6.284999847412109,5.956250190734863
2018-11-15,5.923749923706055,6.275000095367432
2018-11-16,6.09499979019165,6.206250190734863
2018-11-19,6.114999771118164,5.611249923706055
2018-11-20,5.215000152587891,5.300000190734863
2018-11-21,5.503749847412109,5.418749809265137
2018-11-23,5.284999847412109,5.298749923706055
2018-11-26,5.522500038146973,5.662499904632568
2018-11-27,5.577499866485596,5.721250057220459
2018-11-28,5.849999904632568,6.263750076293945
2018-11-29,6.190000057220459,6.206250190734863
2018-11-30,6.230000019073486,6.336249828338623
2018-12-03,6.760000228881836,6.661250114440918
2018-12-04,6.568749904632568,5.928750038146973
2018-12-06,5.551249980926514,6.014999866485596
2018-12-07,5.949999809265137,5.426249980926514
2018-12-10,5.394999980926514,5.596250057220459
2018-12-11,5.866250038146973,5.65625
2018-12-12,5.902500152587891,5.798749923706055
2018-12-13,5.912499904632568,5.800000190734863
2018-12-14,5.611249923706055,5.362500190734863
2018-12-17,5.308750152587891,5.016250133514404
2018-12-18,5.135000228881836,5.099999904632568
2018-12-19,5.088749885559082,4.731249809265137
2018-12-20,4.683750152587891,4.541250228881836
2018-12-21,4.581250190734863,4.102499961853027
2018-12-24,4.0,3.7987499237060547
2018-12-26,3.9124999046325684,4.482500076293945
2018-12-27,4.324999809265137,4.546249866485596
2018-12-28,4.625,4.527500152587891
2018-12-31,4.670000076293945,4.630000114440918
2019-01-02,4.347499847412109,4.696249961853027
2019-01-03,4.497499942779541,4.241250038146973
2019-01-04,4.443749904632568,4.783750057220459
2019-01-07,4.808750152587891,4.93625020980835
2019-01-08,5.086249828338623,5.078750133514404
2019-01-09,5.139999866485596,5.198750019073486
2019-01-10,5.079999923706055,5.24875020980835
2019-01-11,5.15500020980835,5.18625020980835
2019-01-14,5.053750038146973,5.051249980926514
2019-01-15,5.117499828338623,5.331250190734863
2019-01-16,5.371250152587891,5.338749885559082
2019-01-17,5.287499904632568,5.463749885559082
2019-01-18,5.590000152587891,5.613749980926514
2019-01-22,5.50124979019165,5.303750038146973
2019-01-23,5.368750095367432,5.308750152587891
2019-01-24,5.352499961853027,5.402500152587891
2019-01-25,5.53249979019165,5.59499979019165
2019-01-28,5.37624979019165,5.388750076293945
2019-01-29,5.398749828338623,5.236249923706055
2019-01-30,5.412499904632568,5.628749847412109
2019-01-31,5.727499961853027,5.87624979019165
2019-02-01,5.792500019073486,5.801249980926514
2019-02-04,5.808750152587891,6.013750076293945
2019-02-05,6.046249866485596,6.172500133514404
2019-02-06,6.184999942779541,6.12375020980835
2019-02-07,5.958749771118164,5.87375020980835
2019-02-08,5.713749885559082,5.903749942779541
2019-02-11,5.971250057220459,5.889999866485596
2019-02-12,6.016250133514404,6.144999980926514
2019-02-13,6.232500076293945,6.15749979019165
2019-02-14,6.087500095367432,6.179999828338623
2019-02-15,6.31374979019165,6.253749847412109
2019-02-19,6.195000171661377,6.291250228881836
2019-02-20,6.306250095367432,6.286250114440918
2019-02-21,6.233749866485596,6.215000152587891
2019-02-22,6.257500171661377,6.349999904632568
2019-02-25,6.50124979019165,6.420000076293945
2019-02-26,6.369999885559082,6.440000057220459
2019-02-27,6.353750228881836,6.420000076293945
2019-02-28,6.363749980926514,6.380000114440918
2019-03-01,6.514999866485596,6.507500171661377
2019-03-04,6.621250152587891,6.508749961853027
2019-03-05,6.522500038146973,6.525000095367432
2019-03-06,6.541250228881836,6.412499904632568
2019-03-07,6.360000133514404,6.178750038146973
2019-03-08,5.96750020980835,6.143750190734863
2019-03-11,6.216249942779541,6.527500152587891
2019-03-12,6.578750133514404,6.633749961853027
2019-03-13,6.733749866485596,6.777500152587891
2019-03-14,6.789999961853027,6.747499942779541
2019-03-15,6.826250076293945,6.914999961853027
2019-03-18,6.921249866485596,6.977499961853027
2019-03-19,7.067500114440918,7.047500133514404
2019-03-20,7.043749809265137,7.12624979019165
2019-03-21,7.059999942779541,7.456250190734863
2019-03-22,7.358749866485596,6.96875
2019-03-25,6.882500171661377,6.925000190734863
2019-03-26,7.086249828338623,7.019999980926514
2019-03-27,7.048749923706055,6.882500171661377
2019-03-28,6.933750152587891,6.926249980926514
2019-03-29,7.078750133514404,7.082499980926514
2019-04-01,7.287499904632568,7.361249923706055
2019-04-02,7.386250019073486,7.442500114440918
2019-04-03,7.567500114440918,7.571249961853027
2019-04-04,7.572500228881836,7.559999942779541
2019-04-05,7.632500171661377,7.673749923706055
2019-04-08,7.635000228881836,7.733749866485596
2019-04-09,7.65500020980835,7.648749828338623
2019-04-10,7.682499885559082,7.772500038146973
2019-04-11,7.801249980926514,7.713749885559082
2019-04-12,7.8125,7.808750152587891
2019-04-15,7.808750152587891,7.815000057220459
2019-04-16,7.893750190734863,7.891250133514404
2019-04-17,8.045000076293945,7.96999979019165
2019-04-18,8.010000228881836,7.994999885559082
2019-04-22,7.893750190734863,8.0625
2019-04-23,8.126250267028809,8.368749618530273
2019-04-24,8.387499809265137,8.287500381469727
2019-04-25,8.4712495803833,8.380000114440918
2019-04-26,8.351249694824219,8.40999984741211
2019-04-29,8.407500267028809,8.454999923706055
2019-04-30,8.25,8.261249542236328
2019-05-01,8.414999961853027,8.166250228881836
2019-05-02,8.168749809265137,8.06624984741211
2019-05-03,8.267499923706055,8.446249961853027
2019-05-06,7.913750171661377,8.295000076293945
2019-05-07,8.026249885559082,7.8125
2019-05-08,7.733749866485596,7.743750095367432
2019-05-09,7.494999885559082,7.621250152587891
2019-05-10,7.53000020980835,7.642499923706055
2019-05-13,7.059999942779541,6.852499961853027
2019-05-14,6.952499866485596,7.067500114440918
2019-05-15,6.932499885559082,7.361249923706055
2019-05-16,7.375,7.591249942779541
2019-05-17,7.361249923706055,7.355000019073486
2019-05-20,7.047500133514404,6.986249923706055
2019-05-21,7.158750057220459,7.196249961853027
2019-05-22,7.072500228881836,7.102499961853027
2019-05-23,6.857500076293945,6.767499923706055
2019-05-24,6.883749961853027,6.757500171661377
2019-05-28,6.817500114440918,6.684999942779541
2019-05-29,6.56125020980835,6.517499923706055
2019-05-30,6.566249847412109,6.59499979019165
2019-05-31,6.358749866485596,6.277500152587891
2019-06-03,6.227499961853027,5.87624979019165
2019-06-04,6.050000190734863,6.352499961853027
2019-06-05,6.536250114440918,6.492499828338623
2019-06-06,6.525000095367432,6.642499923706055
2019-06-07,6.75,7.021249771118164
2019-06-10,7.170000076293945,7.277500152587891
2019-06-11,7.507500171661377,7.304999828338623
2019-06-12,7.241250038146973,7.181250095367432
2019-06-13,7.266250133514404,7.298749923706055
2019-06-14,7.183750152587891,7.203750133514404
2019-06-17,7.24875020980835,7.335000038146973
2019-06-18,7.59375,7.652500152587891
2019-06-19,7.691249847412109,7.742499828338623
2019-06-20,8.061249732971191,7.954999923706055
2019-06-21,7.913750171661377,7.918749809265137
2019-06-24,7.961249828338623,7.916250228881836
2019-06-25,7.897500038146973,7.511250019073486
2019-06-26,7.652500152587891,7.606249809265137
2019-06-27,7.68874979019165,7.68874979019165
2019-06-28,7.747499942779541,7.721250057220459
2019-07-01,8.162500381469727,8.0287504196167
2019-07-02,8.020000457763672,8.126250267028809
2019-07-03,8.177499771118164,8.306249618530273
2019-07-05,8.136249542236328,8.2524995803833
2019-07-08,8.098750114440918,8.078749656677246
2019-07-09,7.958749771118164,8.199999809265137
2019-07-10,8.350000381469727,8.442500114440918
2019-07-11,8.483750343322754,8.420000076293945
2019-07-12,8.443750381469727,8.561249732971191
2019-07-15,8.619999885559082,8.633749961853027
2019-07-16,8.606249809265137,8.511249542236328
2019-07-17,8.515000343322754,8.385000228881836
2019-07-18,8.261249542236328,8.421250343322754
2019-07-19,8.587499618530273,8.217499732971191
2019-07-22,8.279999732971191,8.411250114440918
2019-07-23,8.551250457763672,8.573749542236328
2019-07-24,8.479999542236328,8.756250381469727
2019-07-25,8.667499542236328,8.506250381469727
2019-07-26,8.662500381469727,8.758749961853027
2019-07-29,8.744999885559082,8.677499771118164
2019-07-30,8.477499961853027,8.561249732971191
2019-07-31,8.62874984741211,8.199999809265137
2019-08-01,8.244999885559082,8.085000038146973
2019-08-02,7.900000095367432,7.715000152587891
2019-08-05,7.242499828338623,6.90500020980835
2019-08-06,7.090000152587891,7.18874979019165
2019-08-07,6.951250076293945,7.293749809265137
2019-08-08,7.40500020980835,7.776249885559082
2019-08-09,7.65749979019165,7.546249866485596
2019-08-12,7.409999847412109,7.293749809265137
2019-08-13,7.28000020980835,7.772500038146973
2019-08-14,7.393750190734863,7.076250076293945
2019-08-15,7.112500190734863,7.046249866485596
2019-08-16,7.222499847412109,7.371250152587891
2019-08-19,7.683750152587891,7.716249942779541
2019-08-20,7.676249980926514,7.557499885559082
2019-08-21,7.753749847412109,7.75
2019-08-22,7.795000076293945,7.675000190734863
2019-08-23,7.516250133514404,6.972499847412109
2019-08-26,7.18625020980835,7.255000114440918
2019-08-27,7.40625,7.211249828338623
2019-08-28,7.138750076293945,7.283750057220459
2019-08-29,7.552499771118164,7.614999771118164
2019-08-30,7.739999771118164,7.56125020980835
2019-09-03,7.411250114440918,7.341249942779541
2019-09-04,7.547500133514404,7.650000095367432
2019-09-05,7.902500152587891,8.072500228881836
2019-09-06,8.106249809265137,8.050000190734863
2019-09-09,8.12125015258789,7.99875020980835
2019-09-10,7.867499828338623,7.932499885559082
2019-09-11,7.96875,8.146249771118164
2019-09-12,8.297499656677246,8.2475004196167
2019-09-13,8.212499618530273,8.15999984741211
2019-09-16,7.99875020980835,8.047499656677246
2019-09-17,8.045000076293945,8.1537504196167
2019-09-18,8.107500076293945,8.148750305175781
2019-09-19,8.19124984741211,8.1850004196167
2019-09-20,8.220000267028809,7.927499771118164
2019-09-23,7.909999847412109,7.934999942779541
2019-09-24,8.043749809265137,7.621250152587891
2019-09-25,7.59499979019165,7.864999771118164
2019-09-26,7.841249942779541,7.786250114440918
2019-09-27,7.818749904632568,7.503749847412109
2019-09-30,7.574999809265137,7.703750133514404
2019-10-01,7.789999961853027,7.517499923706055
2019-10-02,7.366250038146973,7.132500171661377
2019-10-03,7.127500057220459,7.367499828338623
2019-10-04,7.463749885559082,7.677499771118164
2019-10-07,7.607500076293945,7.606249809265137
2019-10-08,7.454999923706055,7.260000228881836
2019-10-09,7.449999809265137,7.480000019073486
2019-10-10,7.481249809265137,7.643750190734863
2019-10-11,7.902500152587891,7.929999828338623
2019-10-14,7.90625,7.93874979019165
2019-10-15,8.010000228881836,8.239999771118164
2019-10-16,8.15250015258789,8.178750038146973
2019-10-17,8.319999694824219,8.234999656677246
2019-10-18,8.202500343322754,7.99875020980835
2019-10-21,8.12874984741211,8.210000038146973
2019-10-22,8.295000076293945,8.020000457763672
2019-10-23,7.963749885559082,8.057499885559082
2019-10-24,8.233750343322754,8.288749694824219
2019-10-25,8.161250114440918,8.477499961853027
2019-10-28,8.607500076293945,8.736249923706055
2019-10-29,8.693750381469727,8.53499984741211
2019-10-30,8.579999923706055,8.654999732971191
2019-10-31,8.7212495803833,8.661250114440918
2019-11-01,8.776249885559082,8.896249771118164
2019-11-04,9.076250076293945,9.055000305175781
2019-11-05,9.0962495803833,9.06624984741211
2019-11-06,9.043749809265137,9.008749961853027
2019-11-07,9.151249885559082,9.100000381469727
2019-11-08,9.046250343322754,9.207500457763672
2019-11-11,9.071249961853027,9.168749809265137
2019-11-12,9.1899995803833,9.243749618530273
2019-11-13,9.1537504196167,9.229999542236328
2019-11-14,9.148750305175781,9.227499961853027
2019-11-15,9.388750076293945,9.401249885559082
2019-11-18,9.388750076293945,9.449999809265137
2019-11-19,9.55875015258789,9.488750457763672
2019-11-20,9.418749809265137,9.322500228881836
2019-11-21,9.289999961853027,9.25
2019-11-22,9.319999694824219,9.274999618530273
2019-11-25,9.390000343322754,9.5962495803833
2019-11-26,9.613750457763672,9.6537504196167
2019-11-27,9.72249984741211,9.848750114440918
2019-11-29,9.776249885559082,9.717499732971191
2019-12-02,9.717499732971191,9.404999732971191
2019-12-03,9.037500381469727,9.193750381469727
2019-12-04,9.336250305175781,9.329999923706055
2019-12-05,9.427499771118164,9.37874984741211
2019-12-06,9.585000038146973,9.668749809265137
2019-12-09,9.636249542236328,9.550000190734863
2019-12-10,9.556249618530273,9.5287504196167
2019-12-11,9.585000038146973,9.672499656677246
2019-12-12,9.641249656677246,9.893750190734863
2019-12-13,9.869999885559082,9.982500076293945
2019-12-16,10.177499771118164,10.268750190734863
2019-12-17,10.321249961853027,10.282500267028809
2019-12-18,10.331250190734863,10.306249618530273
2019-12-19,10.332500457763672,10.516249656677246
2019-12-20,10.6537504196167,10.641249656677246
2019-12-23,10.7524995803833,10.720000267028809
2019-12-24,10.743749618530273,10.729999542236328
2019-12-26,10.7787504196167,11.008749961853027
2019-12-27,11.126250267028809,10.976249694824219
2019-12-30,10.9662504196167,10.757499694824219
2019-12-31,10.662500381469727,10.818750381469727
2020-01-02,11.088749885559082,11.354999542236328
2020-01-03,10.911250114440918,11.046250343322754
2020-01-06,10.7837495803833,11.256250381469727
2020-01-07,11.267499923706055,11.242500305175781
2020-01-08,11.244999885559082,11.501250267028809
2020-01-09,11.7787504196167,11.791250228881836
2020-01-10,11.923749923706055,11.694999694824219
2020-01-13,11.8412504196167,12.103750228881836
2020-01-14,12.072500228881836,11.962499618530273
2020-01-15,11.97249984741211,11.970000267028809
2020-01-16,12.138750076293945,12.303750038146973
2020-01-17,12.463749885559082,12.487500190734863
2020-01-21,12.37874984741211,12.481249809265137
2020-01-22,12.6537504196167,12.56624984741211
2020-01-23,12.541250228881836,12.682499885559082
2020-01-24,12.862500190734863,12.353750228881836
2020-01-27,11.53125,11.59000015258789
2020-01-28,11.831250190734863,12.12874984741211
2020-01-29,12.328749656677246,12.172499656677246
2020-01-30,11.949999809265137,12.3100004196167
2020-01-31,12.460000038146973,11.704999923706055
2020-02-03,11.888750076293945,12.242500305175781
2020-02-04,12.75,13.078749656677246
2020-02-05,13.569999694824219,13.229999542236328
2020-02-06,13.313750267028809,13.552499771118164
2020-02-07,13.3725004196167,13.3774995803833
2020-02-10,13.2475004196167,13.859999656677246
2020-02-11,14.087499618530273,13.869999885559082
2020-02-12,14.111249923706055,14.276249885559082
2020-02-13,13.973750114440918,14.2212495803833
2020-02-14,14.27750015258789,14.317500114440918
2020-02-18,14.114999771118164,14.342499732971191
2020-02-19,14.601249694824219,14.757499694824219
2020-02-20,14.662500381469727,14.337499618530273
2020-02-21,14.132499694824219,13.517499923706055
2020-02-24,12.03499984741211,11.960000038146973
2020-02-25,12.241250038146973,10.992500305175781
2020-02-26,11.15999984741211,11.143750190734863
2020-02-27,10.287500381469727,9.477499961853027
2020-02-28,8.551250457763672,9.625
2020-03-02,9.9087495803833,10.938750267028809
2020-03-03,11.046250343322754,9.9087495803833
2020-03-04,10.442500114440918,11.111249923706055
2020-03-05,10.279999732971191,10.136249542236328
2020-03-06,9.0912504196167,9.604999542236328
2020-03-09,7.691249847412109,7.653749942779541
2020-03-10,8.4975004196167,8.845000267028809
2020-03-11,8.22249984741211,7.707499980926514
2020-03-12,6.1875,5.59499979019165
2020-03-13,6.53000020980835,7.105000019073486
2020-03-16,5.057499885559082,4.65625
2020-03-17,4.922500133514404,5.414999961853027
2020-03-18,4.537499904632568,4.913750171661377
2020-03-19,4.856249809265137,5.027500152587891
2020-03-20,5.37375020980835,4.43874979019165
2020-03-23,4.491250038146973,4.452499866485596
2020-03-24,5.153749942779541,5.445000171661377
2020-03-25,5.525000095367432,5.318749904632568
2020-03-26,5.478750228881836,6.184999942779541
2020-03-27,5.703750133514404,5.542500019073486
2020-03-30,5.697500228881836,6.125
2020-03-31,6.076250076293945,5.954999923706055
2020-04-01,5.449999809265137,5.216249942779541
2020-04-02,5.150000095367432,5.525000095367432
2020-04-03,5.482500076293945,5.302499771118164
2020-04-06,5.888750076293945,6.412499904632568
2020-04-07,6.987500190734863,6.400000095367432
2020-04-08,6.586249828338623,6.808750152587891
2020-04-09,6.991250038146973,6.833749771118164
2020-04-13,6.75,7.071249961853027
2020-04-14,7.506249904632568,7.988749980926514
2020-04-15,7.613749980926514,7.723750114440918
2020-04-16,7.976250171661377,8.137499809265137
2020-04-17,8.458749771118164,8.3412504196167
2020-04-20,8.148750305175781,8.071249961853027
2020-04-21,7.832499980926514,7.178750038146973
2020-04-22,7.628749847412109,7.81374979019165
2020-04-23,7.903749942779541,7.762499809265137
2020-04-24,7.817500114440918,8.137499809265137
2020-04-27,8.397500038146973,8.296250343322754
2020-04-28,8.52750015258789,7.847499847412109
2020-04-29,8.381250381469727,8.663749694824219
2020-04-30,8.801250457763672,8.7212495803833
2020-05-01,8.164999961853027,7.93874979019165
2020-05-04,7.817500114440918,8.21875
2020-05-05,8.4662504196167,8.481249809265137
2020-05-06,8.692500114440918,8.648750305175781
2020-05-07,8.978750228881836,8.986249923706055
2020-05-08,9.193750381469727,9.348750114440918
2020-05-11,9.18375015258789,9.581250190734863
2020-05-12,9.68375015258789,9.011249542236328
2020-05-13,9.073749542236328,8.670000076293945
2020-05-14,8.505000114440918,8.957500457763672
2020-05-15,8.588749885559082,9.111249923706055
2020-05-18,9.5,9.638750076293945
2020-05-19,9.672499656677246,9.5649995803833
2020-05-20,9.901249885559082,10.125
2020-05-21,10.154999732971191,9.813750267028809
2020-05-22,9.761249542236328,9.90250015258789
2020-05-26,10.381250381469727,9.861249923706055
2020-05-27,9.763750076293945,10.0
2020-05-28,9.824999809265137,9.936249732971191
2020-05-29,10.005000114440918,10.3462495803833
2020-06-01,10.257499694824219,10.473750114440918
2020-06-02,10.529999732971191,10.682499885559082
2020-06-03,10.768750190734863,10.827500343322754
2020-06-04,10.7787504196167,10.607500076293945
2020-06-05,10.737500190734863,11.236249923706055
2020-06-08,11.198749542236328,11.486249923706055
2020-06-09,11.361249923706055,11.742500305175781
2020-06-10,11.994999885559082,12.166250228881836
2020-06-11,11.572500228881836,10.375
2020-06-12,11.036250114440918,10.600000381469727
2020-06-15,10.135000228881836,10.973750114440918
2020-06-16,11.673749923706055,11.553750038146973
2020-06-17,11.771249771118164,11.666250228881836
2020-06-18,11.617500305175781,11.756250381469727
2020-06-19,12.12125015258789,11.739999771118164
2020-06-22,11.738750457763672,12.157500267028809
2020-06-23,12.421250343322754,12.475000381469727
2020-06-24,12.362500190734863,11.739999771118164
2020-06-25,11.738750457763672,12.051250457763672
2020-06-26,12.0024995803833,11.1850004196167
2020-06-29,11.151249885559082,11.542499542236328
2020-06-30,11.539999961853027,12.206250190734863
2020-07-01,12.232500076293945,12.642499923706055
2020-07-02,13.036250114440918,12.911250114440918
2020-07-06,13.412500381469727,13.859999656677246
2020-07-07,13.818750381469727,13.587499618530273
2020-07-08,13.803750038146973,14.109999656677246
2020-07-09,14.426250457763672,14.462499618530273
2020-07-10,14.427499771118164,14.768750190734863
2020-07-13,15.256250381469727,13.856249809265137
2020-07-14,13.448749542236328,14.149999618530273
2020-07-15,14.357500076293945,14.220000267028809
2020-07-16,13.755000114440918,13.914999961853027
2020-07-17,14.020000457763672,13.979999542236328
2020-07-20,14.100000381469727,15.170000076293945
2020-07-21,15.448749542236328,14.6850004196167
2020-07-22,14.771249771118164,14.854999542236328
2020-07-23,14.788749694824219,13.69124984741211
2020-07-24,13.063750267028809,13.286250114440918
2020-07-27,13.573749542236328,14.0
2020-07-28,13.885000228881836,13.473750114440918
2020-07-29,13.711250305175781,13.932499885559082
2020-07-30,13.612500190734863,14.1587495803833
2020-07-31,14.914999961853027,14.922499656677246
2020-08-03,15.28125,15.478750228881836
2020-08-04,15.414999961853027,15.680000305175781
2020-08-05,15.768750190734863,15.805000305175781
2020-08-06,15.763750076293945,16.40999984741211
2020-08-07,16.327499389648438,15.873749732971191
2020-08-10,15.9087495803833,15.65999984741211
2020-08-11,15.444999694824219,14.771249771118164
2020-08-12,15.137499809265137,15.876250267028809
2020-08-13,16.010000228881836,15.987500190734863
2020-08-14,16.082500457763672,15.94124984741211
2020-08-17,16.233749389648438,16.467500686645508
2020-08-18,16.678749084472656,16.951250076293945
2020-08-19,16.948749542236328,16.6200008392334
2020-08-20,16.46875,17.303749084472656
2020-08-21,17.332500457763672,17.665000915527344
2020-08-24,18.2762508392334,17.99250030517578
2020-08-25,17.853750228881836,18.412500381469727
2020-08-26,18.658750534057617,19.591249465942383
2020-08-27,19.822500228881836,19.41374969482422
2020-08-28,19.6612491607666,19.7137508392334
2020-08-31,19.8174991607666,20.170000076293945
2020-09-01,20.739999771118164,21.217500686645508
2020-09-02,21.934999465942383,21.81624984741211
2020-09-03,20.841249465942383,18.466249465942383
2020-09-04,18.172500610351562,17.704999923706055
2020-09-08,15.618749618530273,15.202500343322754
2020-09-09,16.12874984741211,16.508750915527344
2020-09-10,17.065000534057617,15.553750038146973
2020-09-11,15.875,15.213749885559082
2020-09-14,15.875,15.9975004196167
2020-09-15,16.666250228881836,16.677499771118164
2020-09-16,16.81624984741211,15.876250267028809
2020-09-17,14.651249885559082,15.145000457763672
2020-09-18,15.357500076293945,14.5600004196167
2020-09-21,13.9037504196167,14.732500076293945
2020-09-22,15.149999618530273,15.537500381469727
2020-09-23,15.481249809265137,14.098750114440918
2020-09-24,13.711250305175781,14.305000305175781
2020-09-25,14.383749961853027,15.307499885559082
2020-09-28,16.1612491607666,16.21500015258789
2020-09-29,16.184999465942383,16.045000076293945
2020-09-30,16.073749542236328,16.362499237060547
2020-10-01,17.071250915527344,17.12874984741211
2020-10-02,16.014999389648438,15.7162504196167
2020-10-05,16.05875015258789,16.707500457763672
2020-10-06,16.548749923706055,15.8100004196167
2020-10-07,16.271249771118164,16.641250610351562
2020-10-08,17.056249618530273,16.886249542236328
2020-10-09,17.1924991607666,17.637500762939453
2020-10-12,18.549999237060547,19.282499313354492
2020-10-13,19.649999618530273,19.28499984741211
2020-10-14,19.457500457763672,18.80875015258789
2020-10-15,17.877500534057617,18.420000076293945
2020-10-16,18.758750915527344,18.137500762939453
2020-10-19,18.5049991607666,17.236249923706055
2020-10-20,17.372499465942383,17.34749984741211
2020-10-21,17.386249542236328,17.302499771118164
2020-10-22,17.462499618530273,17.311250686645508
2020-10-23,17.426250457763672,17.412500381469727
2020-10-26,16.971250534057617,16.618749618530273
2020-10-27,16.783750534057617,17.011249542236328
2020-10-28,16.177499771118164,15.015000343322754
2020-10-29,15.242500305175781,15.7787504196167
2020-10-30,15.443750381469727,14.681249618530273
2020-11-02,14.973750114440918,14.686249732971191
2020-11-03,14.9975004196167,15.425000190734863
2020-11-04,16.948749542236328,17.510000228881836
2020-11-05,18.707500457763672,18.861249923706055
2020-11-06,18.733749389648438,18.924999237060547
2020-11-09,19.459999084472656,17.770000457763672
2020-11-10,17.142499923706055,16.811250686645508
2020-11-11,17.258750915527344,17.94124984741211
2020-11-12,18.106250762939453,17.678749084472656
2020-11-13,17.97249984741211,18.142499923706055
2020-11-16,18.09375,18.559999465942383
2020-11-17,18.600000381469727,18.388750076293945
2020-11-18,18.282499313354492,17.962499618530273
2020-11-19,17.863750457763672,18.407499313354492
2020-11-20,18.381250381469727,18.033750534057617
2020-11-23,18.227500915527344,18.037500381469727
2020-11-24,18.227500915527344,18.774999618530273
2020-11-25,18.96500015258789,19.12874984741211
2020-11-27,19.5049991607666,19.6512508392334
2020-11-30,19.71500015258789,19.752500534057617
2020-12-01,20.2237491607666,20.528749465942383
2020-12-02,20.2762508392334,20.611249923706055
2020-12-03,20.6612491607666,20.69499969482422
2020-12-04,20.700000762939453,20.948749542236328
2020-12-07,20.987499237060547,21.303749084472656
2020-12-08,21.206249237060547,21.498750686645508
2020-12-09,21.479999542236328,20.05875015258789
2020-12-10,19.6299991607666,20.30500030517578
2020-12-11,19.956249237060547,20.162500381469727
2020-12-14,20.403749465942383,20.592500686645508
2020-12-15,21.072500228881836,21.232500076293945
2020-12-16,21.346250534057617,21.5887508392334
2020-12-17,21.956249237060547,22.03125
2020-12-18,22.19499969482422,21.791250228881836
2020-12-21,21.196250915527344,21.709999084472656
2020-12-22,21.912500381469727,21.881250381469727
2020-12-23,21.8799991607666,21.551250457763672
2020-12-24,21.613750457763672,21.831249237060547
2020-12-28,22.395000457763672,22.486249923706055
2020-12-29,22.793750762939453,22.552499771118164
2020-12-30,22.806249618530273,22.548749923706055
2020-12-31,22.533750534057617,22.725000381469727
2021-01-04,23.010000228881836,21.731250762939453
2021-01-05,21.53499984741211,22.2762508392334
2021-01-06,21.237499237060547,21.354999542236328
2021-01-07,21.921249389648438,22.897499084472656
2021-01-08,23.41374969482422,23.78499984741211
2021-01-11,23.10124969482422,22.733749389648438
2021-01-12,22.764999389648438,22.635000228881836
2021-01-13,22.696250915527344,23.075000762939453
2021-01-14,23.1875,22.7237491607666
2021-01-15,22.676250457763672,22.171249389648438
2021-01-19,22.681249618530273,23.13249969482422
2021-01-20,23.9637508392334,24.7450008392334
2021-01-21,25.0625,25.360000610351562
2021-01-22,25.102500915527344,25.1299991607666
2021-01-25,25.940000534057617,25.827499389648438
2021-01-26,25.93000030517578,25.854999542236328
2021-01-27,25.315000534057617,23.770000457763672
2021-01-28,23.97249984741211,24.1200008392334
2021-01-29,23.725000381469727,22.61750030517578
2021-02-01,23.387500762939453,24.280000686645508
2021-02-02,24.97249984741211,25.454999923706055
2021-02-03,25.982500076293945,25.162500381469727
2021-02-04,25.510000228881836,26.052499771118164
2021-02-05,26.299999237060547,26.325000762939453
2021-02-08,26.739999771118164,26.84000015258789
2021-02-09,26.6200008392334,26.827499389648438
2021-02-10,27.19499969482422,26.637500762939453
2021-02-11,27.040000915527344,27.0674991607666
2021-02-12,26.895000457763672,27.52750015258789
2021-02-16,27.739999771118164,27.297500610351562
2021-02-17,26.5575008392334,26.917499542236328
2021-02-18,26.014999389648438,26.55500030517578
2021-02-19,26.90999984741211,26.204999923706055
2021-02-22,25.135000228881836,24.174999237060547
2021-02-23,22.94499969482422,23.959999084472656
2021-02-24,23.309999465942383,24.537500381469727
2021-02-25,23.905000686645508,21.975000381469727
2021-02-26,22.59749984741211,22.30500030517578
2021-03-01,23.34000015258789,24.25
2021-03-02,24.385000228881836,23.087499618530273
2021-03-03,22.842500686645508,21.084999084472656
2021-03-04,20.99250030517578,20.042499542236328
2021-03-05,20.572500228881836,20.940000534057617
2021-03-08,20.81999969482422,19.149999618530273
2021-03-09,20.61750030517578,21.405000686645508
2021-03-10,22.315000534057617,21.22249984741211
2021-03-11,22.2549991607666,22.69499969482422
2021-03-12,21.792499542236328,22.1299991607666
2021-03-15,22.202499389648438,22.837499618530273
2021-03-16,23.334999084472656,23.212499618530273
2021-03-17,22.530000686645508,23.5049991607666
2021-03-18,22.40250015258789,21.34749984741211
2021-03-19,21.3125,21.6200008392334
2021-03-22,22.072500228881836,22.772499084472656
2021-03-23,23.012500762939453,22.475000381469727
2021-03-24,22.772499084472656,21.34000015258789
2021-03-25,20.954999923706055,21.225000381469727
2021-03-26,21.18000030517578,22.162500381469727
2021-03-29,22.059999465942383,22.149999618530273
2021-03-30,21.737499237060547,21.834999084472656
2021-03-31,22.197500228881836,22.815000534057617
2021-04-01,23.65999984741211,23.975000381469727
2021-04-05,24.552499771118164,25.415000915527344
2021-04-06,25.34000015258789,25.354999542236328
2021-04-07,25.25749969482422,25.542499542236328
2021-04-08,26.229999542236328,26.34000015258789
2021-04-09,26.0049991607666,26.8174991607666
2021-04-12,26.575000762939453,26.712499618530273
2021-04-13,27.094999313354492,27.627500534057617
2021-04-14,27.697500228881836,26.657499313354492
2021-04-15,27.342500686645508,27.834999084472656
2021-04-16,27.977500915527344,27.952499389648438
2021-04-19,27.537500381469727,27.190000534057617
2021-04-20,27.012500762939453,26.594999313354492
2021-04-21,26.25,27.267499923706055
2021-04-22,27.167499542236328,26.274999618530273
2021-04-23,26.43000030517578,27.264999389648438
2021-04-26,27.327499389648438,27.80500030517578
2021-04-27,27.86750030517578,27.440000534057617
2021-04-28,27.34749984741211,27.157499313354492
2021-04-29,27.96500015258789,27.43000030517578
2021-04-30,26.822500228881836,26.915000915527344
2021-05-03,27.190000534057617,26.475000381469727
2021-05-04,25.862499237060547,25.079999923706055
2021-05-05,25.510000228881836,24.787500381469727
2021-05-06,24.717500686645508,25.329999923706055
2021-05-07,25.99250030517578,25.950000762939453
2021-05-10,25.622499465942383,24.0
2021-05-11,22.647499084472656,23.8799991607666
2021-05-12,22.7549991607666,22.0625
2021-05-13,22.649999618530273,22.52750015258789
2021-05-14,23.219999313354492,23.99250030517578
2021-05-17,23.627500534057617,23.587499618530273
2021-05-18,23.802499771118164,23.092500686645508
2021-05-19,21.912500381469727,23.177499771118164
2021-05-20,23.517499923706055,24.517499923706055
2021-05-21,24.885000228881836,24.112499237060547
2021-05-24,24.637500762939453,25.31999969482422
2021-05-25,25.6875,25.4424991607666
2021-05-26,25.59000015258789,25.700000762939453
2021-05-27,25.592500686645508,25.399999618530273
2021-05-28,25.69499969482422,25.647499084472656
2021-06-01,25.962499618530273,25.397499084472656
2021-06-02,25.487499237060547,25.530000686645508
2021-06-03,24.872499465942383,24.727500915527344
2021-06-04,25.157499313354492,25.9950008392334
2021-06-07,25.857500076293945,26.225000381469727
2021-06-08,26.645000457763672,26.2549991607666
2021-06-09,26.59000015258789,26.28499984741211
2021-06-10,26.357500076293945,27.09000015258789
2021-06-11,27.104999542236328,27.30500030517578
2021-06-14,27.40999984741211,28.06999969482422
2021-06-15,28.0049991607666,27.549999237060547
2021-06-16,27.655000686645508,27.2549991607666
2021-06-17,26.989999771118164,28.272499084472656
2021-06-18,27.852500915527344,27.59749984741211
2021-06-21,27.657499313354492,28.102500915527344
2021-06-22,28.077499389648438,28.887500762939453
2021-06-23,28.892499923706055,28.9375
2021-06-24,29.434999465942383,29.469999313354492
2021-06-25,29.622499465942383,29.377500534057617
2021-06-28,29.6924991607666,30.417499542236328
2021-06-29,30.389999389648438,30.760000228881836
2021-06-30,30.72249984741211,30.625
2021-07-01,30.520000457763672,30.639999389648438
2021-07-02,31.15999984741211,31.68000030517578
2021-07-06,31.862499237060547,32.10499954223633
2021-07-07,32.724998474121094,32.310001373291016
2021-07-08,30.922500610351562,31.75
2021-07-09,31.56999969482422,32.287498474121094
2021-07-12,32.70000076293945,32.692501068115234
2021-07-13,32.595001220703125,32.67499923706055
2021-07-14,33.34000015258789,32.852500915527344
2021-07-15,32.852500915527344,32.17250061035156
2021-07-16,32.415000915527344,31.38249969482422
2021-07-19,30.452499389648438,30.6299991607666
2021-07-20,30.860000610351562,31.639999389648438
2021-07-21,31.577499389648438,32.36249923706055
2021-07-22,32.462501525878906,33.04249954223633
2021-07-23,33.42499923706055,34.13999938964844
2021-07-26,34.005001068115234,34.282501220703125
2021-07-27,34.20750045776367,33.162498474121094
2021-07-28,33.46500015258789,33.525001525878906
2021-07-29,33.369998931884766,33.689998626708984
2021-07-30,32.587501525878906,33.185001373291016
2021-08-02,33.6349983215332,33.17499923706055
2021-08-03,33.36000061035156,33.752498626708984
2021-08-04,33.772499084472656,33.91999816894531
2021-08-05,34.13999938964844,34.557498931884766
2021-08-06,34.1974983215332,34.10749816894531
2021-08-09,34.227500915527344,34.290000915527344
2021-08-10,34.442501068115234,33.77750015258789
2021-08-11,34.125,33.595001220703125
2021-08-12,33.45249938964844,33.94499969482422
2021-08-13,34.04499816894531,34.28499984741211
2021-08-16,33.98500061035156,34.345001220703125
2021-08-17,33.5525016784668,33.442501068115234
2021-08-18,33.275001525878906,32.470001220703125
2021-08-19,31.934999465942383,32.932498931884766
2021-08-20,33.23749923706055,33.95000076293945
2021-08-23,34.25749969482422,35.462501525878906
2021-08-24,35.65250015258789,35.8125
2021-08-25,35.872501373291016,35.852500915527344
2021-08-26,35.66749954223633,35.244998931884766
2021-08-27,35.42250061035156,36.275001525878906
2021-08-30,36.5,37.477500915527344
2021-08-31,37.55500030517578,37.372501373291016
2021-09-01,37.70750045776367,37.57749938964844
2021-09-02,37.98749923706055,37.525001525878906
2021-09-03,37.17499923706055,37.86249923706055
2021-09-07,37.88750076293945,38.01750183105469
2021-09-08,37.95249938964844,37.627498626708984
2021-09-09,37.682498931884766,37.224998474121094
2021-09-10,37.75,36.38750076293945
2021-09-13,37.0724983215332,36.30500030517578
2021-09-14,36.73749923706055,35.99250030517578
2021-09-15,36.122501373291016,36.790000915527344
2021-09-16,36.38750076293945,36.86249923706055
2021-09-17,36.724998474121094,35.560001373291016
2021-09-20,33.85499954223633,33.372501373291016
2021-09-21,33.845001220703125,33.415000915527344
2021-09-22,33.71500015258789,34.39250183105469
2021-09-23,34.727500915527344,35.34749984741211
2021-09-24,34.68000030517578,35.4474983215332
2021-09-27,34.5525016784668,34.592498779296875
2021-09-28,33.28499984741211,31.707500457763672
2021-09-29,31.989999771118164,31.497499465942383
2021-09-30,31.94499969482422,31.142499923706055
2021-10-01,31.3125,31.709999084472656
2021-10-04,31.274999618530273,29.760000228881836
2021-10-05,29.99250030517578,30.905000686645508
2021-10-06,30.065000534057617,31.514999389648438
2021-10-07,32.33000183105469,32.36750030517578
2021-10-08,32.66749954223633,31.8700008392334
2021-10-11,31.46500015258789,31.162500381469727
2021-10-12,31.542499542236328,30.844999313354492
2021-10-13,31.44499969482422,31.5674991607666
2021-10-14,32.52750015258789,33.310001373291016
2021-10-15,33.650001525878906,33.9275016784668
2021-10-18,33.5625,34.94499969482422
2021-10-19,35.2599983215332,35.712501525878906
2021-10-20,35.872501373291016,35.599998474121094
2021-10-21,35.36000061035156,36.23749923706055
2021-10-22,35.86750030517578,35.31999969482422
2021-10-25,35.747501373291016,36.380001068115234
2021-10-26,37.08000183105469,36.720001220703125
2021-10-27,36.88999938964844,37.0099983215332
2021-10-28,37.57749938964844,38.224998474121094
2021-10-29,37.29750061035156,38.790000915527344
2021-11-01,38.95000076293945,39.17250061035156
2021-11-02,39.00749969482422,39.69499969482422
2021-11-03,39.834999084472656,40.95500183105469
2021-11-04,41.35749816894531,42.48249816894531
2021-11-05,43.1150016784668,42.63999938964844
2021-11-08,42.625,42.46500015258789
2021-11-09,42.8125,41.59000015258789
2021-11-10,40.68000030517578,39.76750183105469
2021-11-11,40.6875,40.09000015258789
2021-11-12,40.45249938964844,41.36249923706055
2021-11-15,41.727500915527344,41.349998474121094
2021-11-16,41.0724983215332,42.20500183105469
2021-11-17,42.3025016784668,42.255001068115234
2021-11-18,42.91999816894531,43.54750061035156
2021-11-19,44.10749816894531,44.28499984741211
2021-11-22,44.8224983215332,42.75
2021-11-23,42.36249923706055,42.16749954223633
2021-11-24,41.32749938964844,42.557498931884766
2021-11-26,41.69499969482422,40.209999084472656
2021-11-29,41.54999923706055,42.70750045776367
2021-11-30,42.41999816894531,40.872501373291016
2021-12-01,42.21500015258789,38.775001525878906
2021-12-02,38.35499954223633,39.505001068115234
2021-12-03,40.0,37.52000045776367
2021-12-06,37.647499084472656,38.397499084472656
2021-12-07,40.442501068115234,41.86000061035156
2021-12-08,41.97249984741211,42.442501068115234
2021-12-09,42.037498474121094,40.61000061035156
2021-12-10,41.442501068115234,41.86750030517578
2021-12-13,41.86750030517578,40.067501068115234
2021-12-14,38.529998779296875,38.875
2021-12-15,38.7400016784668,41.4474983215332
2021-12-16,41.752498626708984,38.28499984741211
2021-12-17,37.20750045776367,37.70000076293945
2021-12-20,36.255001068115234,36.5724983215332
2021-12-21,37.540000915527344,39.01750183105469
2021-12-22,38.89500045776367,40.40999984741211
2021-12-23,40.54249954223633,41.369998931884766
2021-12-27,41.772499084472656,43.34749984741211
2021-12-28,43.689998626708984,42.837501525878906
2021-12-29,42.82749938964844,42.77000045776367
2021-12-30,42.692501068115234,42.369998931884766
2021-12-31,42.157501220703125,41.58250045776367
2022-01-03,41.95750045776367,42.782501220703125
2022-01-04,42.95750045776367,41.119998931884766
2022-01-05,40.595001220703125,37.337501525878906
2022-01-06,36.75749969482422,37.23500061035156
2022-01-07,37.224998474121094,36.01750183105469
2022-01-10,34.587501525878906,36.150001525878906
2022-01-11,35.85749816894531,37.7400016784668
2022-01-12,38.49250030517578,38.16999816894531
2022-01-13,38.564998626708984,35.400001525878906
2022-01-14,34.54499816894531,35.935001373291016
2022-01-18,34.244998931884766,33.345001220703125
2022-01-19,33.68000030517578,32.185001373291016
2022-01-20,33.0099983215332,30.940000534057617
2022-01-21,30.309999465942383,28.334999084472656
2022-01-24,26.924999237060547,28.7450008392334
2022-01-25,27.075000762939453,26.625
2022-01-26,28.4950008392334,26.575000762939453
2022-01-27,27.700000762939453,25.780000686645508
2022-01-28,26.200000762939453,28.184999465942383
2022-01-31,28.524999618530273,30.915000915527344
2022-02-01,31.209999084472656,31.5049991607666
2022-02-02,32.61000061035156,32.25
2022-02-03,29.65999984741211,28.3700008392334
2022-02-04,28.434999465942383,29.350000381469727
2022-02-07,29.53499984741211,28.684999465942383
2022-02-08,28.399999618530273,29.65999984741211
2022-02-09,30.780000686645508,31.5
2022-02-10,29.655000686645508,29.40999984741211
2022-02-11,29.389999389648438,26.639999389648438
2022-02-14,26.450000762939453,26.71500015258789
2022-02-15,27.915000915527344,28.649999618530273
2022-02-16,28.135000228881836,28.645000457763672
2022-02-17,27.81999969482422,26.104999542236328
2022-02-18,26.295000076293945,25.219999313354492
2022-02-22,24.520000457763672,24.440000534057617
2022-02-23,25.1200008392334,22.56999969482422
2022-02-24,20.3799991607666,24.780000686645508
2022-02-25,25.0,25.954999923706055
2022-02-28,25.229999542236328,26.229999542236328
2022-03-01,25.959999084472656,25.020000457763672
2022-03-02,25.334999084472656,26.21500015258789
2022-03-03,26.875,25.1200008392334
2022-03-04,24.584999084472656,24.045000076293945
2022-03-07,24.024999618530273,21.360000610351562
2022-03-08,21.19499969482422,21.065000534057617
2022-03-09,22.700000762939453,23.31999969482422
2022-03-10,22.450000762939453,22.56999969482422
2022-03-11,23.170000076293945,21.170000076293945
2022-03-14,20.905000686645508,19.93000030517578
2022-03-15,20.434999465942383,21.774999618530273
2022-03-16,22.579999923706055,24.219999313354492
2022-03-17,23.795000076293945,25.030000686645508
2022-03-18,24.729999542236328,26.584999084472656
2022-03-21,26.43000030517578,26.395000457763672
2022-03-22,26.53499984741211,27.954999923706055
2022-03-23,27.280000686645508,26.774999618530273
2022-03-24,27.21500015258789,28.510000228881836
2022-03-25,28.520000457763672,28.46500015258789
2022-03-28,28.459999084472656,29.760000228881836
2022-03-29,30.760000228881836,31.28499984741211
2022-03-30,30.84000015258789,30.344999313354492
2022-03-31,30.31999969482422,29.09000015258789
2022-04-01,29.21500015258789,28.96500015258789
2022-04-04,29.190000534057617,30.774999618530273
2022-04-05,30.40999984741211,28.739999771118164
2022-04-06,27.40999984741211,26.850000381469727
2022-04-07,26.614999771118164,27.024999618530273
2022-04-08,26.610000610351562,25.920000076293945
2022-04-11,24.915000915527344,24.079999923706055
2022-04-12,25.079999923706055,23.770000457763672
2022-04-13,23.829999923706055,25.19499969482422
2022-04-14,25.209999084472656,23.5
2022-04-18,23.235000610351562,23.565000534057617
2022-04-19,23.364999771118164,25.079999923706055
2022-04-20,25.28499984741211,23.950000762939453
2022-04-21,24.81999969482422,22.545000076293945
2022-04-22,22.524999618530273,20.7549991607666
2022-04-25,20.405000686645508,21.524999618530273
2022-04-26,21.110000610351562,19.104999542236328
2022-04-27,19.084999084472656,19.020000457763672
2022-04-28,19.915000915527344,21.030000686645508
2022-04-29,20.19499969482422,18.264999389648438
2022-05-02,18.125,19.125
2022-05-03,19.094999313354492,19.170000076293945
2022-05-04,19.2450008392334,21.06999969482422
2022-05-05,20.25,17.93000030517578
2022-05-06,17.545000076293945,17.30500030517578
2022-05-09,16.280000686645508,15.260000228881836
2022-05-10,16.360000610351562,15.78499984741211
2022-05-11,15.425000190734863,14.380000114440918
2022-05-12,13.71500015258789,14.265000343322754
2022-05-13,14.925000190734863,15.8149995803833
2022-05-16,15.5649995803833,15.324999809265137
2022-05-17,16.21500015258789,16.479999542236328
2022-05-18,15.729999542236328,14.074999809265137
2022-05-19,13.770000457763672,13.789999961853027
2022-05-20,14.324999809265137,13.670000076293945
2022-05-23,13.824999809265137,14.345000267028809
2022-05-24,13.574999809265137,13.449999809265137
2022-05-25,13.220000267028809,13.989999771118164
2022-05-26,13.880000114440918,15.15999984741211
2022-05-27,15.649999618530273,16.645000457763672
2022-05-31,16.649999618530273,16.524999618530273
2022-06-01,16.854999542236328,16.139999389648438
2022-06-02,15.960000038146973,17.450000762939453
2022-06-03,16.56999969482422,16.06999969482422
2022-06-06,16.809999465942383,16.270000457763672
2022-06-07,15.710000038146973,16.665000915527344
2022-06-08,16.540000915527344,16.325000762939453
2022-06-09,16.03499984741211,14.994999885559082
2022-06-10,14.130000114440918,13.395000457763672
2022-06-13,12.135000228881836,11.539999961853027
2022-06-14,11.819999694824219,11.614999771118164
2022-06-15,12.029999732971191,12.449999809265137
2022-06-16,11.494999885559082,10.930000305175781
2022-06-17,11.03499984741211,11.335000038146973
2022-06-21,11.90999984741211,12.1899995803833
2022-06-22,11.854999542236328,12.145000457763672
2022-06-23,12.470000267028809,12.664999961853027
2022-06-24,13.055000305175781,13.989999771118164
2022-06-27,14.175000190734863,13.65999984741211
2022-06-28,13.729999542236328,12.414999961853027
2022-06-29,12.390000343322754,12.4399995803833
2022-06-30,12.029999732971191,12.0
2022-07-01,11.800000190734863,12.194999694824219
2022-07-05,11.704999923706055,12.824999809265137
2022-07-06,12.885000228881836,13.069999694824219
2022-07-07,13.1899995803833,13.880000114440918
2022-07-08,13.494999885559082,13.944999694824219
2022-07-11,13.600000381469727,13.055000305175781
2022-07-12,13.220000267028809,12.675000190734863
2022-07-13,11.920000076293945,12.595000267028809
2022-07-14,12.234999656677246,12.725000381469727
2022-07-15,13.135000228881836,13.395000457763672
2022-07-18,13.805000305175781,13.085000038146973
2022-07-19,13.574999809265137,14.229999542236328
2022-07-20,14.329999923706055,14.944999694824219
2022-07-21,15.005000114440918,15.579999923706055
2022-07-22,15.4399995803833,14.765000343322754
2022-07-25,14.765000343322754,14.545000076293945
2022-07-26,14.244999885559082,13.664999961853027
2022-07-27,14.300000190734863,15.369999885559082
2022-07-28,15.34000015258789,15.8100004196167
2022-07-29,16.065000534057617,16.68000030517578
2022-08-01,16.389999389648438,16.655000686645508
2022-08-02,16.270000457763672,16.5
2022-08-03,16.774999618530273,17.81999969482422
2022-08-04,17.844999313354492,18.075000762939453
2022-08-05,17.21500015258789,17.645000457763672
2022-08-08,17.799999237060547,17.46500015258789
2022-08-09,17.139999389648438,16.864999771118164
2022-08-10,18.06999969482422,18.25
2022-08-11,18.665000915527344,17.975000381469727
2022-08-12,18.299999237060547,18.989999771118164
2022-08-15,18.825000762939453,19.44499969482422
2022-08-16,19.280000686645508,19.31999969482422
2022-08-17,18.7549991607666,18.649999618530273
2022-08-18,18.6299991607666,18.774999618530273
2022-08-19,18.239999771118164,17.674999237060547
2022-08-22,16.94499969482422,16.28499984741211
2022-08-23,16.21500015258789,16.229999542236328
2022-08-24,16.149999618530273,16.354999542236328
2022-08-25,16.639999389648438,17.21500015258789
2022-08-26,17.174999237060547,15.119999885559082
2022-08-29,14.675000190734863,14.654999732971191
2022-08-30,14.895000457763672,14.164999961853027
2022-08-31,14.579999923706055,13.904999732971191
2022-09-01,13.539999961853027,13.920000076293945
2022-09-02,14.319999694824219,13.34000015258789
2022-09-06,13.380000114440918,13.03499984741211
2022-09-07,13.09000015258789,13.805000305175781
2022-09-08,13.515000343322754,14.029999732971191
2022-09-09,14.34000015258789,14.920000076293945
2022-09-12,15.149999618530273,15.46500015258789
2022-09-13,14.119999885559082,12.920000076293945
2022-09-14,13.0649995803833,13.210000038146973
2022-09-15,12.9399995803833,12.545000076293945
2022-09-16,12.104999542236328,12.300000190734863
2022-09-19,11.970000267028809,12.595000267028809
2022-09-20,12.265000343322754,12.295000076293945
2022-09-21,12.404999732971191,11.619999885559082
2022-09-22,11.425000190734863,11.1899995803833
2022-09-23,10.899999618530273,10.654999732971191
2022-09-26,10.579999923706055,10.510000228881836
2022-09-27,10.90999984741211,10.520000457763672
2022-09-28,10.515000343322754,11.135000228881836
2022-09-29,10.654999732971191,10.194999694824219
2022-09-30,10.079999923706055,9.65999984741211
2022-10-03,9.850000381469727,10.329999923706055
2022-10-04,10.949999809265137,11.289999961853027
2022-10-05,10.835000038146973,11.289999961853027
2022-10-06,11.149999618530273,11.005000114440918
2022-10-07,10.4399995803833,9.75
2022-10-10,9.760000228881836,9.444999694824219
2022-10-11,9.260000228881836,9.069999694824219
2022-10-12,9.114999771118164,9.050000190734863
2022-10-13,8.260000228881836,9.654999732971191
2022-10-14,9.925000190734863,8.78499984741211
2022-10-17,9.404999732971191,9.649999618530273
2022-10-18,10.4350004196167,9.890000343322754
2022-10-19,9.704999923706055,9.770000457763672
2022-10-20,9.664999961853027,9.604999542236328
2022-10-21,9.489999771118164,10.28499984741211
2022-10-24,10.3149995803833,10.635000228881836
2022-10-25,10.739999771118164,11.274999618530273
2022-10-26,10.59000015258789,10.529999732971191
2022-10-27,10.395000457763672,9.949999809265137
2022-10-28,9.875,10.850000381469727
2022-10-31,10.59000015258789,10.475000381469727
2022-11-01,10.869999885559082,10.149999618530273
2022-11-02,10.140000343322754,9.100000381469727
2022-11-03,8.824999809265137,8.574999809265137
2022-11-04,9.0649995803833,8.975000381469727
2022-11-07,9.079999923706055,9.260000228881836
2022-11-08,9.425000190734863,9.460000038146973
2022-11-09,9.265000343322754,8.800000190734863
2022-11-10,10.074999809265137,10.725000381469727
2022-11-11,10.71500015258789,11.335000038146973
2022-11-14,11.085000038146973,11.03499984741211
2022-11-15,11.824999809265137,11.479999542236328
2022-11-16,11.25,11.015000343322754
2022-11-17,10.475000381469727,10.930000305175781
2022-11-18,11.279999732971191,10.920000076293945
2022-11-21,10.760000228881836,10.59000015258789
2022-11-22,10.664999961853027,11.03499984741211
2022-11-23,11.024999618530273,11.364999771118164
2022-11-25,11.170000076293945,11.130000114440918
2022-11-28,10.899999618530273,10.640000343322754
2022-11-29,10.65999984741211,10.385000228881836
2022-11-30,10.425000190734863,11.779999732971191
2022-12-01,11.850000381469727,11.845000267028809
2022-12-02,11.225000381469727,11.704999923706055
2022-12-05,11.4399995803833,11.114999771118164
2022-12-06,11.09000015258789,10.40999984741211
2022-12-07,10.279999732971191,10.28499984741211
2022-12-08,10.4350004196167,10.649999618530273
2022-12-09,10.524999618530273,10.444999694824219
2022-12-12,10.454999923706055,10.824999809265137
2022-12-13,12.09000015258789,11.164999961853027
2022-12-14,11.104999542236328,10.899999618530273
2022-12-15,10.430000305175781,9.819999694824219
2022-12-16,9.739999771118164,9.529999732971191
2022-12-19,9.550000190734863,9.135000228881836
2022-12-20,9.0,9.095000267028809
2022-12-21,9.204999923706055,9.489999771118164
2022-12-22,9.114999771118164,8.770000457763672
2022-12-23,8.604999542236328,8.795000076293945
2022-12-27,8.729999542236328,8.420000076293945
2022-12-28,8.375,8.079999923706055
2022-12-29,8.335000038146973,8.649999618530273
2022-12-30,8.380000114440918,8.649999618530273
2023-01-03,8.869999885559082,8.454999923706055
2023-01-04,8.664999961853027,8.585000038146973
2023-01-05,8.404999732971191,8.180000305175781
2023-01-06,8.324999809265137,8.819999694824219
2023-01-09,9.039999961853027,9.005000114440918
2023-01-10,8.90999984741211,9.244999885559082
2023-01-11,9.34000015258789,9.704999923706055
2023-01-12,9.760000228881836,9.854999542236328
2023-01-13,9.585000038146973,10.050000190734863
2023-01-17,10.029999732971191,10.104999542236328
2023-01-18,10.289999961853027,9.729999542236328
2023-01-19,9.53499984741211,9.425000190734863
2023-01-20,9.59000015258789,10.194999694824219
2023-01-23,10.274999618530273,10.864999771118164
2023-01-24,10.680000305175781,10.800000190734863
2023-01-25,10.279999732971191,10.720000267028809
2023-01-26,11.109999656677246,11.34000015258789
2023-01-27,11.180000305175781,11.664999961853027
2023-01-30,11.274999618530273,10.96500015258789
2023-01-31,10.970000267028809,11.454999923706055
2023-02-01,11.430000305175781,12.194999694824219
2023-02-02,12.979999542236328,13.454999923706055
2023-02-03,12.604999542236328,12.760000228881836
2023-02-06,12.425000190734863,12.4350004196167
2023-02-07,12.414999961853027,13.204999923706055
2023-02-08,13.024999618530273,12.494999885559082
2023-02-09,13.024999618530273,12.15999984741211
2023-02-10,11.880000114440918,11.90999984741211
2023-02-13,12.069999694824219,12.475000381469727
2023-02-14,12.270000457763672,12.744999885559082
2023-02-15,12.510000228881836,13.029999732971191
2023-02-16,12.414999961853027,12.28499984741211
2023-02-17,12.015000343322754,12.020000457763672
2023-02-21,11.550000190734863,11.175000190734863
2023-02-22,11.225000381469727,11.1850004196167
2023-02-23,11.595000267028809,11.46500015258789
2023-02-24,10.875,10.885000228881836
2023-02-27,11.239999771118164,11.119999885559082
2023-02-28,11.039999961853027,11.0649995803833
2023-03-01,11.029999732971191,10.795000076293945
2023-03-02,10.505000114440918,11.055000305175781
2023-03-03,11.25,11.729999542236328
2023-03-06,11.880000114440918,11.779999732971191
2023-03-07,11.779999732971191,11.34000015258789
2023-03-08,11.375,11.494999885559082
2023-03-09,11.555000305175781,10.890000343322754
2023-03-10,10.90999984741211,10.4399995803833
2023-03-13,10.234999656677246,10.664999961853027
2023-03-14,11.0600004196167,11.390000343322754
2023-03-15,11.085000038146973,11.555000305175781
2023-03-16,11.4399995803833,12.470000267028809
2023-03-17,12.46500015258789,12.28499984741211
2023-03-20,12.21500015258789,12.414999961853027
2023-03-21,12.654999732971191,12.9399995803833
2023-03-22,12.854999542236328,12.34000015258789
2023-03-23,12.800000190734863,12.779999732971191
2023-03-24,12.720000267028809,12.90999984741211
2023-03-27,12.994999885559082,12.645000457763672
2023-03-28,12.569999694824219,12.4350004196167
2023-03-29,12.880000114440918,13.114999771118164
2023-03-30,13.40999984741211,13.470000267028809
2023-03-31,13.5,14.130000114440918
2023-04-03,13.84000015258789,14.029999732971191
2023-04-04,14.079999923706055,13.890000343322754
2023-04-05,13.734999656677246,13.444999694824219
2023-04-06,13.229999542236328,13.71500015258789
2023-04-10,13.319999694824219,13.6850004196167
2023-04-11,13.680000305175781,13.420000076293945
2023-04-12,13.670000076293945,13.0649995803833
2023-04-13,13.265000343322754,13.8149995803833
2023-04-14,13.604999542236328,13.734999656677246
2023-04-17,13.675000190734863,13.75
2023-04-18,14.03499984741211,13.760000228881836
2023-04-19,13.4350004196167,13.729999542236328
2023-04-20,13.335000038146973,13.40999984741211
2023-04-21,13.350000381469727,13.4350004196167
2023-04-24,13.404999732971191,13.354999542236328
2023-04-25,13.140000343322754,12.600000381469727
2023-04-26,13.010000228881836,12.8100004196167
2023-04-27,13.279999732971191,13.845000267028809
2023-04-28,13.819999694824219,14.125
2023-05-01,14.069999694824219,14.085000038146973
2023-05-02,14.069999694824219,13.710000038146973
2023-05-03,13.75,13.4399995803833
2023-05-04,13.390000343322754,13.289999961853027
2023-05-05,13.5600004196167,14.104999542236328
2023-05-08,14.050000190734863,14.220000267028809
2023-05-09,13.994999885559082,13.944999694824219
2023-05-10,14.260000228881836,14.395000457763672
2023-05-11,14.454999923706055,14.515000343322754
2023-05-12,14.59000015258789,14.364999771118164
2023-05-15,14.425000190734863,14.585000038146973
2023-05-16,14.489999771118164,14.640000343322754
2023-05-17,14.774999618530273,15.164999961853027
2023-05-18,15.199999809265137,15.979999542236328
2023-05-19,16.014999389648438,15.869999885559082
2023-05-22,15.84000015258789,16.03499984741211
2023-05-23,15.779999732971191,15.414999961853027
2023-05-24,15.135000228881836,15.164999961853027
2023-05-25,16.18000030517578,16.260000228881836
2023-05-26,16.405000686645508,17.489999771118164
2023-05-30,18.155000686645508,17.735000610351562
2023-05-31,17.485000610351562,17.375
2023-06-01,17.3700008392334,18.0049991607666
2023-06-02,18.280000686645508,18.40999984741211
2023-06-05,18.3799991607666,18.450000762939453
2023-06-06,18.344999313354492,18.43000030517578
2023-06-07,18.469999313354492,17.489999771118164
2023-06-08,17.510000228881836,18.09000015258789
2023-06-09,18.34000015258789,18.309999465942383
2023-06-12,18.575000762939453,19.2450008392334
2023-06-13,19.684999465942383,19.674999237060547
2023-06-14,19.674999237060547,20.094999313354492
2023-06-15,19.8700008392334,20.799999237060547
2023-06-16,21.204999923706055,20.399999618530273
2023-06-20,20.145000457763672,20.299999237060547
2023-06-21,20.040000915527344,19.424999237060547
2023-06-22,19.184999465942383,20.06999969482422
2023-06-23,19.415000915527344,19.475000381469727
2023-06-26,19.3799991607666,18.704999923706055
2023-06-27,18.924999237060547,19.6299991607666
2023-06-28,19.334999084472656,19.75
2023-06-29,19.68000030517578,19.614999771118164
2023-06-30,20.200000762939453,20.5
2023-07-03,20.600000381469727,20.639999389648438
2023-07-05,20.360000610351562,20.625
2023-07-06,19.985000610351562,20.139999389648438
2023-07-07,20.094999313354492,19.934999465942383
2023-07-10,19.8799991607666,19.950000762939453
2023-07-11,20.010000228881836,20.235000610351562
2023-07-12,20.915000915527344,20.985000610351562
2023-07-13,21.510000228881836,22.030000686645508
2023-07-14,22.110000610351562,22.010000228881836
2023-07-17,22.139999389648438,22.6200008392334
2023-07-18,22.510000228881836,23.15999984741211
2023-07-19,23.364999771118164,23.15999984741211
2023-07-20,22.579999923706055,21.53499984741211
2023-07-21,21.940000534057617,21.344999313354492
2023-07-24,21.489999771118164,21.43000030517578
2023-07-25,21.540000915527344,21.860000610351562
2023-07-26,21.65999984741211,21.635000228881836
2023-07-27,22.55500030517578,21.450000762939453
2023-07-28,22.149999618530273,22.610000610351562
2023-07-31,22.665000915527344,22.655000686645508
2023-08-01,22.395000457763672,22.479999542236328
2023-08-02,21.844999313354492,21.010000228881836
2023-08-03,20.55500030517578,20.860000610351562
2023-08-04,21.19499969482422,20.56999969482422
2023-08-07,20.864999771118164,21.079999923706055
2023-08-08,20.645000457763672,20.540000915527344
2023-08-09,20.579999923706055,19.854999542236328
2023-08-10,20.329999923706055,19.94499969482422
2023-08-11,19.514999389648438,19.545000076293945
2023-08-14,19.415000915527344,20.19499969482422
2023-08-15,20.03499984741211,19.575000762939453
2023-08-16,19.459999084472656,18.924999237060547
2023-08-17,19.125,18.28499984741211
2023-08-18,17.764999389648438,18.200000762939453
2023-08-21,18.434999465942383,19.079999923706055
2023-08-22,19.485000610351562,18.9950008392334
2023-08-23,19.174999237060547,19.889999389648438
2023-08-24,20.440000534057617,18.579999923706055
2023-08-25,18.71500015258789,19.020000457763672
2023-08-28,19.475000381469727,19.44499969482422
2023-08-29,19.399999618530273,20.684999465942383
2023-08-30,20.71500015258789,21.030000686645508
2023-08-31,21.020000457763672,21.219999313354492
2023-09-01,21.604999542236328,21.145000457763672
2023-09-05,20.985000610351562,21.200000762939453
2023-09-06,21.06999969482422,20.639999389648438
2023-09-07,19.8700008392334,20.190000534057617
2023-09-08,20.155000686645508,20.25
2023-09-11,20.7450008392334,20.940000534057617
2023-09-12,20.670000076293945,20.270000457763672
2023-09-13,20.290000915527344,20.469999313354492
2023-09-14,20.75,20.950000762939453
2023-09-15,20.725000381469727,19.875
2023-09-18,19.71500015258789,19.920000076293945
2023-09-19,19.704999923706055,19.799999237060547
2023-09-20,19.885000228881836,18.875
2023-09-21,18.274999618530273,17.799999237060547
2023-09-22,18.065000534057617,17.815000534057617
2023-09-25,17.655000686645508,18.049999237060547
2023-09-26,17.655000686645508,17.2450008392334
2023-09-27,17.405000686645508,17.350000381469727
2023-09-28,17.19499969482422,17.770000457763672
2023-09-29,18.290000915527344,17.809999465942383
2023-10-02,17.834999084472656,18.235000610351562
2023-10-03,17.854999542236328,17.270000457763672
2023-10-04,17.389999389648438,17.969999313354492
2023-10-05,17.94499969482422,17.780000686645508
2023-10-06,17.325000762939453,18.674999237060547
2023-10-09,18.30500030517578,18.950000762939453
2023-10-10,19.0049991607666,19.260000228881836
2023-10-11,19.469999313354492,19.670000076293945
2023-10-12,19.735000610351562,19.440000534057617
2023-10-13,19.545000076293945,18.704999923706055
2023-10-16,18.90999984741211,19.334999084472656
2023-10-17,18.760000228881836,19.149999618530273
2023-10-18,18.735000610351562,18.34000015258789
2023-10-19,18.575000762939453,17.850000381469727
2023-10-20,17.760000228881836,17.045000076293945
2023-10-23,16.834999084472656,17.19499969482422
2023-10-24,17.450000762939453,17.68000030517578
2023-10-25,17.315000534057617,16.385000228881836
2023-10-26,16.190000534057617,15.430000305175781
2023-10-27,15.789999961853027,15.649999618530273
2023-10-30,15.975000381469727,16.155000686645508
2023-10-31,16.15999984741211,16.389999389648438
2023-11-01,16.5,17.235000610351562
2023-11-02,17.8799991607666,18.149999618530273
2023-11-03,18.350000381469727,18.790000915527344
2023-11-06,18.905000686645508,19.0049991607666
2023-11-07,19.174999237060547,19.540000915527344
2023-11-08,19.600000381469727,19.575000762939453
2023-11-09,19.670000076293945,19.110000610351562
2023-11-10,19.375,20.385000228881836
2023-11-13,20.125,20.200000762939453
2023-11-14,21.235000610351562,21.469999313354492
2023-11-15,21.809999465942383,21.530000686645508
2023-11-16,21.3799991607666,21.565000534057617
2023-11-17,21.440000534057617,21.579999923706055
2023-11-20,21.575000762939453,22.350000381469727
2023-11-21,22.045000076293945,21.94499969482422
2023-11-22,22.28499984741211,22.200000762939453
2023-11-24,22.125,22.09000015258789
2023-11-27,22.0049991607666,22.024999618530273
2023-11-28,21.899999618530273,22.200000762939453
2023-11-29,22.6200008392334,22.1200008392334
2023-11-30,22.149999618530273,21.934999465942383
2023-12-01,21.7450008392334,22.1200008392334
2023-12-04,21.454999923706055,21.489999771118164
2023-12-05,21.155000686645508,21.645000457763672
2023-12-06,22.139999389648438,21.260000228881836
2023-12-07,21.739999771118164,22.149999618530273
2023-12-08,21.825000762939453,22.415000915527344
2023-12-11,22.334999084472656,22.985000610351562
2023-12-12,22.989999771118164,23.540000915527344
2023-12-13,23.690000534057617,24.3700008392334
2023-12-14,24.625,24.329999923706055
2023-12-15,24.469999313354492,24.6200008392334
2023-12-18,24.7450008392334,25.135000228881836
2023-12-19,25.209999084472656,25.510000228881836
2023-12-20,25.239999771118164,24.270000457763672
2023-12-21,24.94499969482422,25.075000762939453
2023-12-22,25.299999237060547,25.174999237060547
2023-12-26,25.31999969482422,25.635000228881836
2023-12-27,25.674999237060547,25.770000457763672
2023-12-28,25.959999084472656,25.704999923706055
2023-12-29,25.690000534057617,25.350000381469727
2024-01-02,24.674999237060547,24.065000534057617
2024-01-03,23.584999084472656,23.295000076293945
2024-01-04,22.934999465942383,22.905000686645508
2024-01-05,22.93000030517578,22.989999771118164
2024-01-08,23.19499969482422,24.375
2024-01-09,23.829999923706055,24.53499984741211
2024-01-10,24.584999084472656,25.020000457763672
2024-01-11,25.225000381469727,25.139999389648438
2024-01-12,25.334999084472656,25.170000076293945
2024-01-16,24.940000534057617,25.155000686645508
2024-01-17,24.53499984741211,24.719999313354492
2024-01-18,25.295000076293945,25.780000686645508
2024-01-19,26.15999984741211,27.270000457763672
2024-01-22,27.704999923706055,27.3799991607666
2024-01-23,27.5049991607666,27.704999923706055
2024-01-24,28.475000381469727,28.15999984741211
2024-01-25,28.6299991607666,28.239999771118164
2024-01-26,27.84000015258789,27.719999313354492
2024-01-29,27.80500030517578,28.53499984741211
2024-01-30,28.344999313354492,27.96500015258789
2024-01-31,27.094999313354492,26.31999969482422
2024-02-01,26.645000457763672,27.25
2024-02-02,27.59000015258789,28.6200008392334
2024-02-05,28.594999313354492,28.475000381469727
2024-02-06,28.690000534057617,28.309999465942383
2024-02-07,28.844999313354492,29.155000686645508
2024-02-08,29.155000686645508,29.274999618530273
2024-02-09,29.514999389648438,30.135000228881836
2024-02-12,30.104999542236328,29.780000686645508
2024-02-13,28.1200008392334,28.3700008392334
2024-02-14,28.899999618530273,29.270000457763672
2024-02-15,29.405000686645508,29.514999389648438
2024-02-16,29.579999923706055,28.704999923706055
2024-02-20,28.290000915527344,28.040000915527344
2024-02-21,27.485000610351562,27.690000534057617
2024-02-22,29.389999389648438,30.084999084472656
2024-02-23,30.415000915527344,29.809999465942383
2024-02-26,29.969999313354492,29.770000457763672
2024-02-27,29.979999542236328,29.954999923706055
2024-02-28,29.514999389648438,29.469999313354492
2024-02-29,30.040000915527344,30.18000030517578
2024-03-01,30.375,31.565000534057617
2024-03-04,31.545000076293945,31.190000534057617
2024-03-05,30.549999237060547,29.520000457763672
2024-03-06,30.3700008392334,30.065000534057617
2024-03-07,30.774999618530273,31.405000686645508
2024-03-08,31.459999084472656,30.030000686645508
2024-03-11,29.704999923706055,29.68000030517578
2024-03-12,30.145000457763672,30.940000534057617
2024-03-13,30.719999313354492,30.219999313354492
2024-03-14,30.434999465942383,29.975000381469727
2024-03-15,29.344999313354492,28.8799991607666
2024-03-18,29.940000534057617,29.69499969482422
2024-03-19,29.270000457763672,29.899999618530273
2024-03-20,30.03499984741211,30.850000381469727
2024-03-21,31.875,31.25
2024-03-22,31.135000228881836,31.315000534057617
2024-03-25,30.739999771118164,30.9950008392334
2024-03-26,31.30500030517578,30.704999923706055
2024-03-27,31.28499984741211,30.975000381469727
2024-03-28,30.94499969482422,30.780000686645508
2024-04-01,30.959999084472656,30.969999313354492
2024-04-02,29.934999465942383,30.139999389648438
2024-04-03,29.700000762939453,30.34000015258789
2024-04-04,31.174999237060547,28.90999984741211
2024-04-05,29.200000762939453,29.93000030517578
2024-04-08,30.104999542236328,29.950000762939453
2024-04-09,30.405000686645508,30.260000228881836
2024-04-10,29.18000030517578,29.46500015258789
2024-04-11,29.80500030517578,30.850000381469727
2024-04-12,29.940000534057617,29.360000610351562
2024-04-15,30.100000381469727,27.885000228881836
2024-04-16,27.844999313354492,27.889999389648438
2024-04-17,28.270000457763672,26.854999542236328
2024-04-18,26.94499969482422,26.375
2024-04-19,26.139999389648438,24.739999771118164
2024-04-22,25.190000534057617,25.459999084472656
2024-04-23,25.809999465942383,26.594999313354492
2024-04-24,27.15999984741211,26.854999542236328
2024-04-25,25.450000762939453,26.424999237060547
2024-04-26,27.014999389648438,27.639999389648438
2024-04-29,28.040000915527344,27.969999313354492
2024-04-30,27.649999618530273,26.3700008392334
2024-05-01,26.075000762939453,25.799999237060547
2024-05-02,26.459999084472656,26.7549991607666
2024-05-03,28.165000915527344,28.350000381469727
2024-05-06,28.709999084472656,29.280000686645508
2024-05-07,29.360000610351562,29.280000686645508
2024-05-08,28.75,29.225000381469727
2024-05-09,29.25,29.385000228881836
2024-05-10,29.68000030517578,29.584999084472656
2024-05-13,29.959999084472656,29.780000686645508
2024-05-14,29.68000030517578,30.334999084472656
2024-05-15,30.844999313354492,31.735000610351562
2024-05-16,31.68000030517578,31.540000915527344
2024-05-17,31.545000076293945,31.469999313354492
2024-05-20,31.510000228881836,32.119998931884766
2024-05-21,31.719999313354492,32.28499984741211
2024-05-22,32.345001220703125,32.26499938964844
2024-05-23,33.25,31.78499984741211
2024-05-24,32.125,32.67499923706055
2024-05-28,32.93000030517578,33.029998779296875
2024-05-29,32.119998931884766,32.34000015258789
2024-05-30,32.125,31.299999237060547
2024-05-31,31.299999237060547,31.264999389648438
2024-06-03,31.864999771118164,31.56999969482422
2024-06-04,31.5,31.80500030517578
2024-06-05,32.560001373291016,33.724998474121094
2024-06-06,33.869998931884766,33.685001373291016
2024-06-07,33.560001373291016,33.560001373291016
2024-06-10,33.29499816894531,33.915000915527344
2024-06-11,33.65999984741211,34.6150016784668
2024-06-12,35.505001068115234,35.97999954223633
2024-06-13,36.78499984741211,36.55500030517578
2024-06-14,36.474998474121094,37.084999084472656
2024-06-17,37.13999938964844,38.43000030517578
2024-06-18,38.415000915527344,38.45000076293945
2024-06-20,38.72999954223633,37.54499816894531
2024-06-21,37.45000076293945,37.20000076293945
2024-06-24,36.90999984741211,35.939998626708984
2024-06-25,36.39500045776367,37.13999938964844
2024-06-26,36.79999923706055,37.22999954223633
2024-06-27,37.15999984741211,37.5
2024-06-28,37.64500045776367,36.90999984741211
2024-07-01,37.08000183105469,37.51499938964844
2024-07-02,37.14500045776367,38.665000915527344
2024-07-03,38.474998474121094,39.6150016784668
2024-07-05,39.78499984741211,40.814998626708984
2024-07-08,40.904998779296875,41.084999084472656
2024-07-09,41.459999084472656,41.17499923706055
2024-07-10,41.65999984741211,42.46500015258789
2024-07-11,42.48500061035156,39.67499923706055
2024-07-12,39.755001068115234,40.31999969482422
2024-07-15,40.73500061035156,40.619998931884766
2024-07-16,40.970001220703125,40.650001525878906
2024-07-17,38.665000915527344,37.07500076293945
2024-07-18,37.904998779296875,36.52000045776367
2024-07-19,36.400001525878906,35.529998779296875
2024-07-22,36.82500076293945,37.08000183105469
2024-07-23,36.8650016784668,36.68000030517578
2024-07-24,35.1150016784668,32.724998474121094
2024-07-25,32.779998779296875,31.635000228881836
2024-07-26,32.5,32.540000915527344
2024-07-29,33.1349983215332,32.72999954223633
2024-07-30,33.13999938964844,31.395000457763672
2024-07-31,33.4900016784668,34.13999938964844
2024-08-01,34.290000915527344,31.68000030517578
2024-08-02,29.825000762939453,29.3700008392334
2024-08-05,24.665000915527344,26.809999465942383
2024-08-06,27.065000534057617,27.479999542236328
2024-08-07,28.78499984741211,26.594999313354492
2024-08-08,27.725000381469727,29.030000686645508
2024-08-09,28.719999313354492,29.424999237060547
2024-08-12,29.614999771118164,29.625
2024-08-13,30.479999542236328,31.780000686645508
2024-08-14,31.9950008392334,31.834999084472656
2024-08-15,33.064998626708984,34.22999954223633
2024-08-16,33.810001373291016,34.31999969482422
2024-08-19,34.34000015258789,35.650001525878906
2024-08-20,35.45000076293945,35.43000030517578
2024-08-21,35.59000015258789,35.915000915527344
2024-08-22,36.43000030517578,34.189998626708984
2024-08-23,35.099998474121094,35.26499938964844
2024-08-26,35.1349983215332,34.22999954223633
2024-08-27,33.8650016784668,34.52000045776367
2024-08-28,34.400001525878906,33.349998474121094
2024-08-29,33.724998474121094,33.17499923706055
2024-08-30,34.060001373291016,34.30500030517578
2024-09-03,33.630001068115234,31.174999237060547
2024-09-04,30.520000457763672,30.90999984741211
2024-09-05,30.56999969482422,31.010000228881836
2024-09-06,30.80500030517578,28.4950008392334
2024-09-09,29.28499984741211,29.55500030517578
2024-09-10,29.889999389648438,30.350000381469727
2024-09-11,30.59000015258789,32.28499984741211
2024-09-12,32.314998626708984,33.2400016784668
2024-09-13,33.07500076293945,33.67499923706055
2024-09-16,33.209999084472656,33.224998474121094
2024-09-17,33.849998474121094,33.244998931884766
2024-09-18,33.5099983215332,32.810001373291016
2024-09-19,35.150001525878906,35.290000915527344
2024-09-20,35.07500076293945,35.064998626708984
2024-09-23,35.310001373291016,35.32500076293945
2024-09-24,35.63999938964844,35.82500076293945
2024-09-25,35.56999969482422,35.834999084472656
2024-09-26,37.459999084472656,36.595001220703125
2024-09-27,36.810001373291016,35.96500015258789
2024-09-30,35.72999954223633,36.244998931884766
2024-10-01,36.13999938964844,34.709999084472656
2024-10-02,34.505001068115234,34.84000015258789
2024-10-03,34.3650016784668,34.7599983215332
2024-10-04,36.0,35.98500061035156
2024-10-07,35.525001525878906,34.79999923706055
2024-10-08,35.33000183105469,36.310001373291016
2024-10-09,36.2599983215332,37.185001373291016
2024-10-10,36.65999984741211,37.05500030517578
2024-10-11,36.584999084472656,37.150001525878906
2024-10-14,37.720001220703125,38.099998474121094
2024-10-15,38.17499923706055,36.58000183105469
2024-10-16,36.619998931884766,36.560001373291016
2024-10-17,37.790000915527344,36.66999816894531
2024-10-18,37.22999954223633,37.31999969482422
2024-10-21,37.029998779296875,37.525001525878906
2024-10-22,36.904998779296875,37.6349983215332
2024-10-23,37.084999084472656,35.89500045776367
2024-10-24,36.709999084472656,36.75
2024-10-25,37.349998474121094,37.369998931884766
2024-10-28,38.095001220703125,37.404998779296875
2024-10-29,37.46500015258789,38.439998626708984
2024-10-30,38.275001525878906,37.584999084472656
2024-10-31,36.654998779296875,34.724998474121094
2024-11-01,35.040000915527344,35.46500015258789
2024-11-04,35.31999969482422,35.1349983215332
2024-11-05,35.474998474121094,36.470001220703125
2024-11-06,38.33000183105469,39.43000030517578
2024-11-07,40.08000183105469,41.275001525878906
2024-11-08,41.11000061035156,41.375
2024-11-11,41.665000915527344,41.29999923706055
2024-11-12,41.27000045776367,41.07500076293945
2024-11-13,40.93000030517578,40.89500045776367
2024-11-14,40.79499816894531,40.029998779296875
2024-11-15,38.6349983215332,37.1349983215332
2024-11-18,37.46500015258789,37.8849983215332
2024-11-19,37.275001525878906,38.64500045776367
2024-11-20,38.57500076293945,38.599998474121094
2024-11-21,39.275001525878906,38.97999954223633
2024-11-22,38.81999969482422,39.125
2024-11-25,40.08000183105469,39.30500030517578
2024-11-26,39.64500045776367,39.915000915527344
2024-11-27,39.64500045776367,38.95000076293945
2024-11-29,39.064998626708984,39.94499969482422
2024-12-02,40.2400016784668,41.2400016784668
2024-12-03,40.900001525878906,41.60499954223633
2024-12-04,42.435001373291016,43.125
2024-12-05,43.125,42.77000045776367
2024-12-06,42.88999938964844,43.869998931884766
2024-12-09,43.625,42.845001220703125
2024-12-10,43.125,42.380001068115234
2024-12-11,43.439998626708984,44.64500045776367
2024-12-12,44.064998626708984,43.7599983215332
2024-12-13,44.709999084472656,44.70000076293945
2024-12-16,45.36000061035156,46.64500045776367
2024-12-17,46.165000915527344,46.02000045776367
2024-12-18,45.82500076293945,41.04499816894531
2024-12-19,42.1349983215332,40.46500015258789
2024-12-20,39.529998779296875,41.51499938964844
2024-12-23,41.724998474121094,42.529998779296875
2024-12-24,42.974998474121094,44.220001220703125
2024-12-26,43.810001373291016,44.125
2024-12-27,43.185001373291016,42.33000183105469
2024-12-30,40.599998474121094,40.630001068115234
2024-12-31,40.900001525878906,39.564998626708984
2025-01-02,40.27000045776367,39.314998626708984
2025-01-03,39.994998931884766,41.20000076293945
2025-01-06,42.48500061035156,42.60499954223633
2025-01-07,42.86000061035156,40.310001373291016
2025-01-08,40.279998779296875,40.34000015258789
2025-01-10,39.400001525878906,38.415000915527344
2025-01-13,37.025001525878906,38.01499938964844
2025-01-14,38.7400016784668,37.880001068115234
2025-01-15,39.654998779296875,40.439998626708984
2025-01-16,41.005001068115234,39.6150016784668
2025-01-17,41.845001220703125,41.56999969482422
2025-01-21,42.224998474121094,42.2599983215332
2025-01-22,43.41999816894531,43.900001525878906
2025-01-23,43.27000045776367,44.16999816894531
2025-01-24,44.21500015258789,43.375
2025-01-27,38.790000915527344,39.56999969482422
2025-01-28,39.790000915527344,41.32500076293945
2025-01-29,41.45500183105469,41.06999969482422
2025-01-30,41.73500061035156,41.584999084472656
2025-01-31,42.459999084472656,41.36000061035156
2025-02-03,39.26499938964844,40.36000061035156
2025-02-04,40.45500183105469,41.82500076293945
2025-02-05,41.17499923706055,42.369998931884766
2025-02-06,42.47999954223633,43.005001068115234
2025-02-07,43.130001068115234,41.3650016784668
2025-02-10,42.3650016784668,42.81999969482422
2025-02-11,42.03499984741211,42.51499938964844
2025-02-12,41.13999938964844,42.599998474121094
2025-02-13,42.9900016784668,44.39500045776367
2025-02-14,44.404998779296875,44.915000915527344
2025-02-18,45.314998626708984,45.19499969482422
2025-02-19,45.0,45.20000076293945
2025-02-20,45.025001525878906,44.650001525878906
2025-02-21,44.8849983215332,41.85499954223633
2025-02-24,42.25,40.349998474121094
2025-02-25,40.165000915527344,38.810001373291016
2025-02-26,39.290000915527344,39.060001373291016
2025-02-27,39.86000061035156,35.81999969482422
2025-02-28,35.72999954223633,37.459999084472656
2025-03-03,38.185001373291016,35.040000915527344
2025-03-04,34.380001068115234,34.654998779296875
2025-03-05,34.775001525878906,36.005001068115234
2025-03-06,34.19499969482422,33.02000045776367
2025-03-07,32.779998779296875,33.70500183105469
2025-03-10,32.0,29.905000686645508
2025-03-11,29.700000762939453,29.55500030517578
2025-03-12,30.969999313354492,30.565000534057617
2025-03-13,30.399999618530273,28.895000457763672
2025-03-14,29.854999542236328,30.94499969482422
2025-03-17,30.940000534057617,31.545000076293945
2025-03-18,30.885000228881836,29.954999923706055
2025-03-19,30.34000015258789,31.1200008392334
2025-03-20,30.329999923706055,30.799999237060547
2025-03-21,29.764999389648438,31.09000015258789
2025-03-24,32.529998779296875,33.064998626708984
2025-03-25,33.2400016784668,33.654998779296875
2025-03-26,33.31999969482422,31.690000534057617
2025-03-27,31.299999237060547,31.149999618530273
2025-03-28,30.770000457763672,28.670000076293945
2025-03-31,27.360000610351562,28.649999618530273
2025-04-01,28.34000015258789,29.309999465942383
2025-04-02,28.094999313354492,29.96500015258789
2025-04-03,26.21500015258789,25.149999618530273
2025-04-04,22.9950008392334,20.545000076293945
2025-04-07,18.375,20.625
2025-04-08,22.69499969482422,19.450000762939453
2025-04-09,19.3799991607666,26.30500030517578
2025-04-10,24.34000015258789,23.06999969482422
2025-04-11,22.834999084472656,24.290000915527344
2025-04-14,25.950000762939453,24.799999237060547
2025-04-15,24.979999542236328,24.895000457763672
2025-04-16,23.415000915527344,22.645000457763672
2025-04-17,23.045000076293945,22.579999923706055
2025-04-21,21.684999465942383,20.93000030517578
2025-04-22,21.729999542236328,22.530000686645508
2025-04-23,24.6200008392334,24.024999618530273
2025-04-24,24.3700008392334,26.06999969482422
2025-04-25,26.020000457763672,26.93000030517578
2025-04-28,27.010000228881836,26.90999984741211
2025-04-29,26.520000457763672,27.434999465942383
2025-04-30,25.979999542236328,27.440000534057617
2025-05-01,28.780000686645508,28.385000228881836
2025-05-02,29.31999969482422,29.71500015258789
2025-05-05,28.950000762939453,29.200000762939453
2025-05-06,28.030000686645508,28.3700008392334
2025-05-07,28.479999542236328,28.700000762939453
2025-05-08,29.600000381469727,29.55500030517578
2025-05-09,29.899999618530273,29.485000610351562
2025-05-12,32.92499923706055,33.05500030517578
2025-05-13,33.334999084472656,34.56999969482422
2025-05-14,34.80500030517578,35.18000030517578
2025-05-15,34.7400016784668,35.290000915527344
2025-05-16,35.55500030517578,35.724998474121094
2025-05-19,34.23500061035156,35.81999969482422
2025-05-20,35.290000915527344,35.44499969482422
2025-05-21,34.619998931884766,33.970001220703125
2025-05-22,34.08000183105469,34.14500045776367
2025-05-23,32.54499816894531,33.15999984741211
2025-05-27,34.494998931884766,35.470001220703125
2025-05-28,35.66999816894531,35.01499938964844
2025-05-29,36.5,35.185001373291016
2025-05-30,35.064998626708984,35.0
2025-06-02,34.599998474121094,35.80500030517578
2025-06-03,35.880001068115234,36.63999938964844
2025-06-04,36.790000915527344,36.935001373291016
2025-06-05,37.224998474121094,36.07500076293945
2025-06-06,37.1349983215332,37.10499954223633
2025-06-09,37.154998779296875,37.27000045776367
2025-06-10,37.35499954223633,37.9900016784668
2025-06-11,38.29499816894531,37.599998474121094
2025-06-12,37.29999923706055,37.845001220703125
2025-06-13,36.54999923706055,36.415000915527344
2025-06-16,37.11000061035156,37.900001525878906
2025-06-17,37.34000015258789,36.779998779296875
2025-06-18,36.959999084472656,36.72999954223633
2025-06-20,37.380001068115234,36.224998474121094
2025-06-23,36.3650016784668,37.349998474121094
2025-06-24,38.45500183105469,39.04999923706055
2025-06-25,39.439998626708984,39.2400016784668
2025-06-26,39.709999084472656,40.314998626708984
2025-06-27,40.51499938964844,40.709999084472656
2025-06-30,41.400001525878906,41.5
2025-07-01,41.060001373291016,40.44499969482422
2025-07-02,40.22999954223633,41.25
2025-07-03,41.744998931884766,42.404998779296875
2025-07-07,41.79999923706055,41.459999084472656
2025-07-08,41.7400016784668,41.51499938964844
2025-07-09,41.98500061035156,42.375
2025-07-10,42.51499938964844,42.18000030517578
2025-07-11,41.65999984741211,41.86000061035156
2025-07-14,41.814998626708984,42.30500030517578
2025-07-15,43.21500015258789,42.415000915527344
2025-07-16,42.529998779296875,42.53499984741211
2025-07-17,42.685001373291016,43.525001525878906
2025-07-18,43.81999969482422,43.375
2025-07-21,43.57500076293945,44.03499984741211
2025-07-22,44.064998626708984,43.349998474121094
2025-07-23,43.59000015258789,43.91999816894531
2025-07-24,44.224998474121094,44.209999084472656
2025-07-25,44.154998779296875,44.459999084472656
2025-07-28,44.79499816894531,44.89500045776367
2025-07-29,45.494998931884766,44.689998626708984
2025-07-30,44.869998931884766,44.845001220703125
2025-07-31,46.35499954223633,44.10499954223633
2025-08-01,42.625,41.459999084472656
2025-08-04,42.61000061035156,43.72999954223633
2025-08-05,44.025001525878906,42.81999969482422
2025-08-06,43.01499938964844,44.41999816894531
2025-08-07,45.44499969482422,44.869998931884766
2025-08-08,45.119998931884766,46.08000183105469
2025-08-11,46.1150016784668,45.67499923706055
2025-08-12,46.209999084472656,47.36000061035156
2025-08-13,48.025001525878906,47.43000030517578
2025-08-14,46.91999816894531,47.29999923706055
2025-08-15,47.23500061035156,46.630001068115234
2025-08-18,46.400001525878906,46.56999969482422
2025-08-19,46.3849983215332,44.66999816894531
2025-08-20,44.415000915527344,43.85499954223633
2025-08-21,43.474998474121094,43.244998931884766
2025-08-22,43.5099983215332,45.189998626708984
2025-08-25,44.810001373291016,44.79499816894531
2025-08-26,44.654998779296875,45.314998626708984
2025-08-27,45.06999969482422,45.52000045776367
2025-08-28,45.63999938964844,46.349998474121094
2025-08-29,45.709999084472656,44.68000030517578
2025-09-02,42.55500030517578,43.540000915527344
2025-09-03,44.3650016784668,44.55500030517578
2025-09-04,44.70000076293945,45.7599983215332
2025-09-05,46.970001220703125,45.90999984741211
2025-09-08,46.45500183105469,46.564998626708984
2025-09-09,46.75,46.94499969482422
2025-09-10,47.724998474121094,46.994998931884766
2025-09-11,47.595001220703125,47.78499984741211
2025-09-12,47.97999954223633,48.380001068115234
2025-09-15,48.81999969482422,49.6150016784668
2025-09-16,49.834999084472656,49.47999954223633
2025-09-17,49.44499969482422,49.165000915527344
2025-09-18,50.380001068115234,50.4900016784668
2025-09-19,50.939998626708984,51.4900016784668
2025-09-22,51.209999084472656,52.36000061035156
2025-09-23,52.39500045776367,51.30500030517578
2025-09-24,51.60499954223633,50.70500183105469
2025-09-25,49.70000076293945,50.025001525878906
2025-09-26,50.20000076293945,50.625
2025-09-29,51.39500045776367,51.29999923706055
2025-09-30,51.20500183105469,51.70000076293945
2025-10-01,50.8650016784668,52.43000030517578
2025-10-02,53.404998779296875,53.06999969482422
2025-10-03,53.220001220703125,52.349998474121094
2025-10-06,53.70000076293945,53.52000045776367
2025-10-07,53.849998474121094,52.654998779296875
2025-10-08,52.86000061035156,54.439998626708984
2025-10-09,54.439998626708984,54.224998474121094
2025-10-10,54.3650016784668,48.53499984741211
2025-10-13,51.029998779296875,51.6150016784668
2025-10-14,49.8650016784668,50.564998626708984
2025-10-15,52.06999969482422,51.599998474121094
2025-10-16,52.34000015258789,51.025001525878906
2025-10-17,50.459999084472656,51.994998931884766
2025-10-20,52.80500030517578,53.94499969482422
2025-10-21,53.95000076293945,53.8849983215332
2025-10-22,53.724998474121094,52.29999923706055
2025-10-23,52.1349983215332,53.61000061035156
2025-10-24,54.994998931884766,55.279998779296875
2025-10-27,57.2599983215332,58.21500015258789
2025-10-28,58.82500076293945,59.54499816894531
2025-10-29,60.28499984741211,60.30500030517578
2025-10-30,59.29499816894531,57.54499816894531
2025-10-31,59.744998931884766,58.36000061035156
2025-11-03,60.0,59.15999984741211
2025-11-04,56.68000030517578,55.540000915527344
2025-11-05,55.34000015258789,56.619998931884766
2025-11-06,56.185001373291016,53.44499969482422
2025-11-07,52.5099983215332,52.88999938964844
2025-11-10,55.21500015258789,56.35499954223633
2025-11-11,55.6349983215332,55.88999938964844
2025-11-12,56.76499938964844,55.775001525878906
2025-11-13,54.78499984741211,52.33000183105469
2025-11-14,49.9900016784668,52.369998931884766
2025-11-17,51.70500183105469,51.025001525878906
2025-11-18,49.98500061035156,49.18000030517578
2025-11-19,49.32500076293945,50.025001525878906
2025-11-20,52.95000076293945,46.45000076293945
2025-11-21,46.849998474121094,47.47999954223633
2025-11-24,48.70000076293945,51.08000183105469
2025-11-25,50.63999938964844,52.0099983215332
2025-11-26,52.90999984741211,53.369998931884766
2025-11-28,53.81999969482422,54.540000915527344
2025-12-01,53.11000061035156,54.04999923706055
2025-12-02,54.630001068115234,55.29999923706055
2025-12-03,54.65999984741211,55.689998626708984
2025-12-04,56.040000915527344,55.5099983215332
2025-12-05,55.86000061035156,56.150001525878906
2025-12-08,56.56999969482422,55.79999923706055
2025-12-09,55.45000076293945,56.0099983215332
2025-12-10,55.650001525878906,56.650001525878906
2025-12-11,55.630001068115234,56.11000061035156
2025-12-12,55.11000061035156,52.81999969482422
2025-12-15,54.060001373291016,52.02000045776367
2025-12-16,51.43000030517578,52.33000183105469
2025-12-17,52.650001525878906,49.400001525878906
2025-12-18,51.66999816894531,51.5099983215332
2025-12-19,52.20000076293945,53.52000045776367
2025-12-22,54.810001373291016,54.25
2025-12-23,53.970001220703125,55.0099983215332
2025-12-24,54.869998931884766,55.36000061035156
2025-12-26,55.52000045776367,55.310001373291016
2025-12-29,54.290000915527344,54.4900016784668
2025-12-30,54.20000076293945,54.099998474121094
2025-12-31,54.130001068115234,52.720001220703125
