date,open,close
1985-10-01,0.5007156603287055,0.5323134478435763
1985-10-02,0.4828504731950009,0.513320873588419
1985-10-03,0.4831973016454771,0.513689588735379
1985-10-04,0.4725612415433897,0.5023823373889823
1985-10-07,0.4481763617186457,0.4764586435979004
1985-10-08,0.4350289716800115,0.46248158420851493
1985-10-09,0.45271430653765204,0.4812829565645517
1985-10-10,0.46255243886614417,0.4917419267047768
1985-10-11,0.482799750291727,0.5132669498035934
1985-10-14,0.5104045850797404,0.5426137946246905
1985-10-15,0.512787419818811,0.5451469987484909
1985-10-16,0.5252173616922604,0.5583613352260187
1985-10-17,0.5308126448811888,0.5643097101660085
1985-10-18,0.5247182248829468,0.5578307002629801
1985-10-21,0.5156432517600358,0.5481830486816947
1985-10-22,0.5257273540913625,0.5589035108235659
1985-10-23,0.5340780762924366,0.5677812074466744
1985-10-24,0.5396593441075636,0.5737146825691785
1985-10-25,0.5173097166548201,0.5499546762622471
1985-10-28,0.5158248325281959,0.548376088149839
1985-10-29,0.5370483165822331,0.5709388854960238
1985-10-30,0.5419454402281483,0.5761450433596746
1985-10-31,0.5376018957621526,0.5715273984291402
1985-11-01,0.5484361215806829,0.5830453207892913
1985-11-04,0.5448366103368617,0.579218661484303
1985-11-05,0.5501985114156119,0.5849189266774308
1985-11-06,0.5632483108750387,0.598792237009595
1985-11-07,0.5664216882136002,0.6021658711221959
1985-11-08,0.5898316724365443,0.627053148279652
1985-11-11,0.6064512560434392,0.6447215148845692
1985-11-12,0.6276054970820897,0.6672106996174889
1985-11-13,0.6171682129142763,0.6561147680106272
1985-11-14,0.6270977727303887,0.6666709351930437
1985-11-15,0.6320343342114769,0.6719190196263621
1985-11-18,0.6283039936170027,0.6679532749516861
1985-11-19,0.6374951249149527,0.6777244148988228
1985-11-20,0.6314031470088924,0.6712480011968168
1985-11-21,0.6529437655282684,0.6941479458584335
1985-11-22,0.6583221756037949,0.699865761852726
1985-11-25,0.6446906411553945,0.6853740059989886
1985-11-26,0.6571693561047358,0.6986401933896134
1985-11-27,0.685789090676531,0.7290659835002705
1985-11-29,0.6901900810671033,0.7337446994948813
1985-12-02,0.6754728695908302,0.7180987546917268
1985-12-03,0.6758636596491221,0.718514205654806
1985-12-04,0.7194031497576415,0.7648012662228785
1985-12-05,0.7278153577737559,0.7737443287388294
1985-12-06,0.7018707492544451,0.7461624791821372
1985-12-09,0.7103101089047605,0.7551344067429852
1985-12-10,0.7181453394088657,0.7634640814361061
1985-12-11,0.738072126795927,0.7846483537464412
1985-12-12,0.747730428725438,0.7949161452451876
1985-12-13,0.7881528709083819,0.8378894557954006
1985-12-16,0.796438180435635,0.8466976118614761
1985-12-17,0.776671091513023,0.8256831158273026
1985-12-18,0.7692856436191505,0.8178316073890094
1985-12-19,0.7827158257994724,0.8321093045892155
1985-12-20,0.788287017228968,0.838032067453242
1985-12-23,0.7604466735043416,0.8084348518449317
1985-12-24,0.7479375693164815,0.7951363574952581
1985-12-26,0.7529993191175177,0.8005175302888997
1985-12-27,0.7723800504102878,0.8211212874979548
1985-12-30,0.7801004886817667,0.8293289259657761
1985-12-31,0.7859182071406654,0.835513773009319
1986-01-02,0.7669905414301519,0.8153916721998898
1986-01-03,0.7542479806153992,0.801844988884244
1986-01-06,0.7504909130695433,0.7978508306472061
1986-01-07,0.7921725952559833,0.8421628458576319
1986-01-08,0.7626048881438113,0.8107292611613256
1986-01-09,0.7210582620211979,0.7665608247615575
1986-01-10,0.7335457713360913,0.7798363614883816
1986-01-13,0.7251961156933573,0.7709597987290452
1986-01-14,0.7262658459016782,0.7720970345308571
1986-01-15,0.7656231993481465,0.8139380436523501
1986-01-16,0.7918698933592843,0.8418410418817089
1986-01-17,0.7862965131222474,0.8359159520848914
1986-01-20,0.7652049662707027,0.8134934178715024
1986-01-21,0.7558391161135681,0.8035365333876865
1986-01-22,0.7299476759018042,0.7760112073379437
1986-01-23,0.7237539130680727,0.7694265855448393
1986-01-24,0.7390125006270963,0.7856480701044293
1986-01-27,0.7487746383927837,0.7960262500258753
1986-01-28,0.768923769318058,0.8174468969192504
1986-01-29,0.7872394126955333,0.8369183535725871
1986-01-30,0.7714040120406838,0.8200836559818753
1986-01-31,0.7838857525614659,0.8333530598733866
1986-02-03,0.8067583194779863,0.8576690058703085
1986-02-04,0.8128455573221267,0.8641403803875967
1986-02-05,0.8326393162085155,0.8851832294003101
1986-02-06,0.8492482464333835,0.9028402703388517
1986-02-07,0.8633672244434432,0.917850230002643
1986-02-10,0.8762234643259571,0.9315177661321751
1986-02-11,0.8783544462649928,0.933783224221734
1986-02-12,0.8856340414849558,0.9415222001265425
1986-02-13,0.894771516005325,0.9512362972716717
1986-02-14,0.9135166064914673,0.9711643014013364
1986-02-18,0.9243027687185487,0.9826311271050274
1986-02-19,0.902265757015363,0.9592034642430527
1986-02-20,0.9077269318463292,0.9650092678834656
1986-02-21,0.9306237309487948,0.9893509752445134
1986-02-24,0.9114660201626882,0.9689843123072132
1986-02-25,0.8954073852929251,0.9519122932503836
1986-02-26,0.8848431084425733,0.9406813550558538
1986-02-27,0.9159395325036863,0.9737401267681474
1986-02-28,0.913526346835252,0.9711746564119622
1986-03-03,0.8997009533532581,0.9564768080016228
1986-03-04,0.9147996784320234,0.9725283419189834
1986-03-05,0.9084841684034978,0.965814290043777
1986-03-06,0.9188156785268696,0.9767977727085543
1986-03-07,0.9165944089446022,0.9744363293513592
1986-03-10,0.9498462294641418,1.009786514356981
1986-03-11,1.0075885153266708,1.0711726416725802
1986-03-12,1.0336009933126984,1.098826643615734
1986-03-13,1.041332121542471,1.1070456466343521
1986-03-14,1.040599069901206,1.106266335585137
1986-03-17,1.026593572545728,1.0913770178011388
1986-03-18,1.0525928070397779,1.119016940518427
1986-03-19,1.0488580602408781,1.1150465115846884
1986-03-20,1.055267870667135,1.1218608147079112
1986-03-21,1.059131275458591,1.1259680206291427
1986-03-24,1.0389581680094357,1.1045218841673246
1986-03-25,1.0468089301142849,1.1128680705867557
1986-03-26,1.0413881819096,1.10710524470503
1986-03-27,1.0646293221908703,1.1318130229814627
1986-03-31,1.0745370251417867,1.1423459540157148
1986-04-01,1.0651209957752485,1.1323357237508818
1986-04-02,1.0747051381100077,1.142524675795022
1986-04-03,1.0696214741286543,1.1371202059212098
1986-04-04,1.032943448695115,1.0981276044798955
1986-04-07,1.0117727945768291,1.0756209709158275
1986-04-08,1.071015227585483,1.1386019125400149
1986-04-09,1.0731764951687381,1.1408995674569788
1986-04-10,1.1311749909501299,1.2025580728827252
1986-04-11,1.150733620338755,1.2233509544916585
1986-04-14,1.1786507500999963,1.2530298017387114
1986-04-15,1.200918369041352,1.276702624366545
1986-04-16,1.2927590001586315,1.3743388815790223
1986-04-17,1.2960175851209723,1.3778031003639033
1986-04-18,1.2612694780726856,1.3408622052923003
1986-04-21,1.2813984352930585,1.362261405414059
1986-04-22,1.2646317990470703,1.3444367063763218
1986-04-23,1.2543863132698752,1.3335446766456944
1986-04-24,1.3109973008147235,1.393728114779116
1986-04-25,1.3252271881310704,1.408855982708826
1986-04-28,1.3106892626789983,1.3934006378194628
1986-04-29,1.2694592582698483,1.3495688036259152
1986-04-30,1.1884455850630329,1.2634427422223584
1986-05-01,1.1716253672972041,1.2455610803895123
1986-05-02,1.1893881780998496,1.264444817829524
1986-05-05,1.237823921724939,1.3159371112221712
1986-05-06,1.2368505499819034,1.3149023146107996
1986-05-07,1.2156869420973675,1.2924031719348321
1986-05-08,1.2362021698411652,1.3142130182784197
1986-05-09,1.2534000484522991,1.3324961733390748
1986-05-12,1.2488446031861609,1.3276532555551794
1986-05-13,1.2315953806742532,1.3093155165239958
1986-05-14,1.2299209481045474,1.3075354184663945
1986-05-15,1.200164711536548,1.2759014071155959
1986-05-16,1.181766048771295,1.2563416921151631
1986-05-19,1.1883804149922645,1.2633734595779043
1986-05-20,1.2268096574792824,1.3042277890647278
1986-05-21,1.2362759527724467,1.3142914573001125
1986-05-22,1.2872478931657132,1.3684799947950348
1986-05-23,1.2995466235505932,1.3815548396500494
1986-05-27,1.3234819000753866,1.4070005578120057
1986-05-28,1.3260223724587161,1.4097013473432014
1986-05-29,1.3331278799851725,1.4172552497068769
1986-05-30,1.3705697504346654,1.457059898795739
1986-06-02,1.341407808128741,1.4260576847956987
1986-06-03,1.3427240525981232,1.4274569912029356
1986-06-04,1.3349708090576922,1.4192144772814248
1986-06-05,1.3475438171206233,1.4325809081762573
1986-06-06,1.3350427810679246,1.419290991103441
1986-06-09,1.2533500175381322,1.3324429852115016
1986-06-10,1.2407515650318366,1.3190495041953152
1986-06-11,1.2855692290972582,1.366695398208892
1986-06-12,1.2928792083751404,1.3744666755652266
1986-06-13,1.340363288100546,1.4249472500687617
1986-06-16,1.3011801844510618,1.3832914868214596
1986-06-17,1.2465159041119773,1.3251776033409959
1986-06-18,1.2436523081218545,1.3221332994066377
1986-06-19,1.26186425913801,1.3414945201661481
1986-06-20,1.2684824219545252,1.3485303238095505
1986-06-23,1.2671324691518167,1.3470951818961459
1986-06-24,1.2961612728382468,1.377955855530667
1986-06-25,1.3245316538122098,1.4081165565220681
1986-06-26,1.3170014760184985,1.4001111849672534
1986-06-27,1.3137778096775803,1.3966840883521707
1986-06-30,1.3375080958188077,1.4219118801609167
1986-07-01,1.3543583766763658,1.4398255022244468
1986-07-02,1.3694784877635282,1.455899771719636
1986-07-03,1.382700503201752,1.4699561657631968
1986-07-07,1.208283857533846,1.284532913860421
1986-07-08,1.1072990841931196,1.1771754710326592
1986-07-09,1.1533466989203152,1.2261289320534605
1986-07-10,1.1278341738344844,1.1990064326638488
1986-07-11,1.0958014767285742,1.164952304161093
1986-07-14,1.0184748768331304,1.0827459897563414
1986-07-15,0.9559504826573293,1.0162759779811907
1986-07-16,0.9778262648338069,1.0395322368866768
1986-07-17,0.9986325037977303,1.0616514587865327
1986-07-18,0.9839068494642448,1.0459965383375407
1986-07-21,0.9697310746773884,1.0309261977220867
1986-07-22,0.9757737570628308,1.0373502050972643
1986-07-23,0.9707183766048204,1.0319758035856401
1986-07-24,0.9723105702632737,1.0336684730248376
1986-07-25,0.9912335719430396,1.053785615478687
1986-07-28,0.9354801990488785,0.9945139119839002
1986-07-29,0.9099385355897692,0.9673604354366454
1986-07-30,0.9154465951337535,0.9732160824616679
1986-07-31,0.918504413908897,0.9764668656586802
1986-08-01,0.9082383988416358,0.9655530111319804
1986-08-04,0.8763211129324703,0.9316215768785289
1986-08-05,0.8636167321012687,0.9181154829038862
1986-08-06,0.8391684686471109,0.8921244056435357
1986-08-07,0.8414359160699911,0.8945349409055745
1986-08-08,0.869721755389437,0.924605765220115
1986-08-11,0.9269546693123247,0.9854503765518776
1986-08-12,0.9574660684820557,1.0178872052300718
1986-08-13,0.9916570838287535,1.054235853188327
1986-08-14,1.0143475488082936,1.078358205659795
1986-08-15,1.0053196084674958,1.0687605548761518
1986-08-18,0.9946345789866164,1.0574012439260145
1986-08-19,0.9846291620277087,1.046764432616753
1986-08-20,1.007196306198111,1.070755682088447
1986-08-21,1.0118376033552465,1.075689869468485
1986-08-22,1.0302520464539349,1.0952663606242583
1986-08-25,1.0085441431429145,1.072188574622202
1986-08-26,1.0331675977675108,1.098365898535806
1986-08-27,1.0503883495773472,1.116673370214113
1986-08-28,1.0503812444093974,1.1166658166727552
1986-08-29,1.04270587819663,1.1085060945472318
1986-09-02,0.9935203217282308,1.0562166711834595
1986-09-03,1.0026037279246256,1.065873288009449
1986-09-04,1.0337223246305571,1.0989556315768818
1986-09-05,0.997870532942022,1.0608414035685836
1986-09-08,0.9349672836155598,0.9939686288933284
1986-09-09,0.9193793879390046,0.9773970551447344
1986-09-10,0.8996189934473924,0.9563896759953104
1986-09-11,0.7820708151596975,0.8314235903910032
1986-09-12,0.7236429142589338,0.7693085821279688
1986-09-15,0.7217537785867482,0.7673002320746766
1986-09-16,0.7257254183794787,0.7715225031941243
1986-09-17,0.7443630135312583,0.7913362284693507
1986-09-18,0.7725613246523915,0.8213140010966385
1986-09-19,0.7775442543739989,0.8266113798499409
1986-09-22,0.8052066023815011,0.8560193672766889
1986-09-23,0.7952361190692093,0.8454196941105877
1986-09-24,0.7891974870558255,0.8389999927072148
1986-09-25,0.7612560199978078,0.8092952723521595
1986-09-26,0.7603775519902631,0.808361368400345
1986-09-29,0.7260087112681314,0.771823673351673
1986-09-30,0.7571424604879493,0.8049221256361869
1986-10-01,0.7694844161890401,0.8180429235518492
1986-10-02,0.7683483907947457,0.8168352089897007
1986-10-03,0.7735507484290277,0.822365862709223
1986-10-06,0.7825436062022814,0.8319262170310849
1986-10-07,0.7676394216495831,0.8160815001685535
1986-10-08,0.7840791143986643,0.8335586238578897
1986-10-09,0.7819979347684536,0.8313461108643635
1986-10-10,0.7934916051322256,0.843565092183423
1986-10-13,0.8067954468847932,0.8577084762114471
1986-10-14,0.8113815339554551,0.862583969458637
1986-10-15,0.8305748781676245,0.8829885144783023
1986-10-16,0.8266523752320263,0.8788184810096983
1986-10-17,0.8139181431345369,0.8652806519971107
1986-10-20,0.7945747915408553,0.8447166333424441
1986-10-21,0.7911999236887344,0.8411287936068154
1986-10-22,0.7971655879379802,0.8474709225969662
1986-10-23,0.8283011963201645,0.8805713513667546
1986-10-24,0.8246531300200222,0.87669307292642
1986-10-27,0.8206683298312315,0.8724568109208131
1986-10-28,0.8330230580258462,0.8855911873414112
1986-10-29,0.8437433118913412,0.8969879455198031
1986-10-30,0.8725013033107875,0.9275607172112097
1986-10-31,0.8666412429645017,0.9213308562848408
1986-11-03,0.8721463194672507,0.9271833320230617
1986-11-04,0.892578859345343,0.9489052724624091
1986-11-05,0.8960766905785508,0.9526238352141742
1986-11-06,0.8814686595860479,0.9370939607566422
1986-11-07,0.8719349952233839,0.9269586721097052
1986-11-10,0.8603974171083009,0.9146930122296595
1986-11-11,0.8788395170958582,0.9342989055692208
1986-11-12,0.8825720132431256,0.9382669418233905
1986-11-13,0.8427549353801943,0.8959371972606599
1986-11-14,0.8439203735362775,0.8971761806843176
1986-11-17,0.83802933743141,0.8909133892663412
1986-11-18,0.7931030285691123,0.8431519943986919
1986-11-19,0.7738458014439292,0.8226795351187413
1986-11-20,0.8028222534793039,0.8534845534381174
1986-11-21,0.8295205054704529,0.8818676053272384
1986-11-24,0.856882224056102,0.9109559920369552
1986-11-25,0.8791369079846999,0.9346150633848017
1986-11-26,0.8985994288844995,0.9553057715545817
1986-11-28,0.9177901101548326,0.9757074855867971
1986-12-01,0.8971377228392702,0.9537518241822166
1986-12-02,0.9335266256978411,0.9924370578958471
1986-12-03,0.9559174458940665,1.0162408564246845
1986-12-04,0.9535285547774602,1.0137012137341228
1986-12-05,0.9352184748013704,0.9942356715620134
1986-12-08,0.9121618623202128,0.9697240657588693
1986-12-09,0.8935668915953401,0.9499556547357162
1986-12-10,0.8947627952069632,0.9512270261451381
1986-12-11,0.8783326142574366,0.9337600144998565
1986-12-12,0.858051486877825,0.9121990414827381
1986-12-15,0.8415539915989548,0.8946604676204518
1986-12-16,0.8484055124672769,0.9019443554341353
1986-12-17,0.8225272547699054,0.8744330437846669
1986-12-18,0.8188383752482922,0.870511376594269
1986-12-19,0.8341633188621862,0.8868034046242392
1986-12-22,0.8392292338118773,0.8921890054092878
1986-12-23,0.8164431310026662,0.867964979858885
1986-12-24,0.8158634879840125,0.8673487583219444
1986-12-26,0.8178552283255736,0.8694661879380452
1986-12-29,0.7930711732789163,0.8431181288724063
1986-12-30,0.792842669815308,0.8428752056403316
1986-12-31,0.7904295605486844,0.8403098165073126
1987-01-02,0.8144339738122486,0.8658290342993058
1987-01-05,0.8917588211657225,0.9480334855674862
1987-01-06,0.9213497744137031,0.9794917833528404
1987-01-07,0.9934858853598029,1.0561800616993517
1987-01-08,1.04588622559173,1.1118871385635394
1987-01-09,1.0715625617596782,1.1391837863747514
1987-01-12,1.1184308223103807,1.1890096802798817
1987-01-13,1.1245062094999514,1.195468456304067
1987-01-14,1.1881935853314973,1.2631748399844662
1987-01-15,1.220142243236508,1.297139625971441
1987-01-16,1.183183131405127,1.257848200104546
1987-01-19,1.2686465706465775,1.3487048311460461
1987-01-20,1.2694985071335632,1.3496105292990326
1987-01-21,1.2171748505423448,1.2939849752159622
1987-01-22,1.2984846560655994,1.3804258564401697
1987-01-23,1.2704653438291964,1.3506383784671938
1987-01-26,1.2098360199554563,1.2861830258815197
1987-01-27,1.2648434486570121,1.3446617121880606
1987-01-28,1.2862967675018062,1.3674688481072028
1987-01-29,1.2422592148066152,1.3206522945878232
1987-01-30,1.2626621462796128,1.3423427581762353
1987-02-02,1.3445287976103282,1.4293756251024519
1987-02-03,1.3734621420185265,1.4601348154770109
1987-02-04,1.419490354373475,1.5090676497339908
1987-02-05,1.44663848391768,1.5379289688121538
1987-02-06,1.4457911657804317,1.5370281804510249
1987-02-09,1.4201064570982704,1.5097226317759873
1987-02-10,1.3874976094325946,1.4750559945876742
1987-02-11,1.4750899855412007,1.5681759095920789
1987-02-12,1.4815192673132915,1.5750109128053054
1987-02-13,1.551381153991938,1.6492814513907257
1987-02-17,1.6697756402385762,1.7751472514303008
1987-02-18,1.6023864704347888,1.7035054711392248
1987-02-19,1.5660372990550355,1.6648624761693624
1987-02-20,1.534302752750694,1.631125313349398
1987-02-23,1.5082910061985981,1.603472088997498
1987-02-24,1.538983476615978,1.6361014154699056
1987-02-25,1.590591338229582,1.6909660041535057
1987-02-26,1.6218327774556498,1.7241789422491636
1987-02-27,1.6361110202912494,1.7393582171853148
1987-03-02,1.5900369909133214,1.690376674610612
1987-03-03,1.5760696008705701,1.675527868910882
1987-03-04,1.646244406485796,1.7501310732609738
1987-03-05,1.6830126315537421,1.7892195664072805
1987-03-06,1.671645041556128,1.777134621787554
1987-03-09,1.6215538800127631,1.7238824449130907
1987-03-10,1.673794911996787,1.7794201603423758
1987-03-11,1.69596008168506,1.8029840686312775
1987-03-12,1.6802860198937775,1.786320891233643
1987-03-13,1.6356582902668015,1.7388769175189578
1987-03-16,1.6231869128612504,1.7256185307096672
1987-03-17,1.7068524112113295,1.814563761348239
1987-03-18,1.7099930823733174,1.8179026253527784
1987-03-19,1.7619422686384085,1.8731300780657318
1987-03-20,1.8135087066416966,1.9279506290916824
1987-03-23,1.8004210475534388,1.9140370699893001
1987-03-24,1.8217646532582878,1.9367275692932435
1987-03-25,1.8212852541085116,1.9362179175397052
1987-03-26,1.8350255556052424,1.9508253042136778
1987-03-27,1.7863332331683461,1.899060240538857
1987-03-30,1.6376105856920107,1.7409524130373528
1987-03-31,1.6957181418674871,1.8027268611407465
1987-04-01,1.6958274373925444,1.8028430537873654
1987-04-02,1.7383152418183176,1.8480120617835194
1987-04-03,1.8402665195213572,1.956397000474145
1987-04-06,1.8265077771935128,1.9417700092557793
1987-04-07,1.7257138515219947,1.8346154575873284
1987-04-08,1.775811768263602,1.8878748159485164
1987-04-09,1.7594435913810864,1.8704737211524687
1987-04-10,1.746118495949093,1.85630774222624
1987-04-13,1.6245005914312052,1.7270151092957493
1987-04-14,1.5118821892002634,1.6072898945045186
1987-04-15,1.5801483413561834,1.6798639993393392
1987-04-16,1.612743209958516,1.7145157753120055
1987-04-20,1.5692803928202506,1.6683102261812337
1987-04-21,1.6333778692854328,1.7364525899987642
1987-04-22,1.6145144662238617,1.7163988071488805
1987-04-23,1.6088362150260407,1.710362228482957
1987-04-24,1.51886589883858,1.6147143128937302
1987-04-27,1.4972655555967542,1.591750874566052
1987-04-28,1.5394209311907852,1.6365664757255372
1987-04-29,1.5629827212299983,1.6616151384434283
1987-04-30,1.6293626692676577,1.7321840097753287
1987-05-01,1.6549943871072825,1.7594332236074013
1987-05-04,1.6707318432937346,1.7761637959194359
1987-05-05,1.7582047688194649,1.8691567223819285
1987-05-06,1.7450936419543208,1.855218214562705
1987-05-07,1.7641339755253593,1.8754600931662975
1987-05-08,1.7728610716614832,1.8847379148961645
1987-05-11,1.7406824200075672,1.85052862134699
1987-05-12,1.73249946361868,1.8418292774397858
1987-05-13,1.7679377854673872,1.8795039434901581
1987-05-14,1.779456852979177,1.8917499246506404
1987-05-15,1.6993619341282638,1.8066005958273879
1987-05-18,1.6319069115837825,1.7348888071418753
1987-05-19,1.5257610806278408,1.6220446168617348
1987-05-20,1.5309258686588898,1.6275353301387754
1987-05-21,1.5544262142611038,1.652518670953037
1987-05-22,1.5276084665872836,1.624008582576175
1987-05-26,1.6159074685709554,1.7178797152589815
1987-05-27,1.6356507913879725,1.738868945421497
1987-05-28,1.6916987468116533,1.798453821150322
1987-05-29,1.7086594047657495,1.8164847856847919
1987-06-01,1.6287850240071198,1.731569912065531
1987-06-02,1.5922155155017863,1.6926926755404343
1987-06-03,1.6240402663331606,1.7265257352667678
1987-06-04,1.6362113987615496,1.7394649300641971
1987-06-05,1.6203711064339315,1.7226250321104777
1987-06-08,1.6679928859227557,1.7732519959555892
1987-06-09,1.7189237900223415,1.8273969075512109
1987-06-10,1.732897054681358,1.842251958586341
1987-06-11,1.7223179841338838,1.831005293134716
1987-06-12,1.740390581859919,1.85021836667973
1987-06-15,1.7186753464704134,1.827132785906534
1987-06-16,1.7596949393257144,1.8707409304722757
1987-06-17,1.763786720806245,1.8750909248509096
1987-06-18,1.7919444645253322,1.9050255700600556
1987-06-19,1.7821062243995327,1.894566485319947
1987-06-22,1.8048773522454074,1.9187745909081906
1987-06-23,1.7742211709957945,1.886183843640597
1987-06-24,1.775137574431006,1.88715807694477
1987-06-25,1.7587099303851057,1.8696937622950551
1987-06-26,1.7499719101678788,1.860404327117203
1987-06-29,1.7392048856310613,1.848957846792527
1987-06-30,1.6983894366394283,1.805566728640247
1987-07-01,1.7038674857803253,1.8113904714481575
1987-07-02,1.7275649586015007,1.8365833792440476
1987-07-06,1.689678992663792,1.7963066099096379
1987-07-07,1.6547771687483999,1.75920229762942
1987-07-08,1.6441665300810546,1.7479220719437902
1987-07-09,1.6588752099196478,1.763558946718126
1987-07-10,1.6781665757108208,1.784067698993159
1987-07-13,1.7222747450339035,1.8309593254204708
1987-07-14,1.8452796168745036,1.961726450594952
1987-07-15,1.8410918444912538,1.957274407783572
1987-07-16,1.873333008543182,1.991550158591337
1987-07-17,1.8673798593840372,1.9852213344591916
1987-07-20,1.809098930828892,1.9232625732685624
1987-07-21,1.7895772560282315,1.9025089782761493
1987-07-22,1.8009093525438005,1.9145561895887306
1987-07-23,1.7405787585299364,1.8504184182857748
1987-07-24,1.781153765977484,1.893553921769936
1987-07-27,1.784969627120416,1.8976105837887611
1987-07-28,1.7995989507717183,1.9131630945836744
1987-07-29,1.8257273023381142,1.9409402823385906
1987-07-30,1.8765694487523175,1.9949908351727992
1987-07-31,1.8694735741070279,1.9874471735756758
1987-08-03,1.8368334630833025,1.9527473001472508
1987-08-04,1.8539785414682923,1.9709743230102283
1987-08-05,1.9202045188508388,2.0413795073301504
1987-08-06,2.0244348696184082,2.152187340563501
1987-08-07,2.0795326934372977,2.2107621263939605
1987-08-10,2.14892337387956,2.2845317231550926
1987-08-11,2.2216943789305073,2.361894960758411
1987-08-12,2.1780451527303994,2.3154912391751266
1987-08-13,2.158337777806555,2.294540225406612
1987-08-14,2.157101653026958,2.293226094662309
1987-08-17,2.16746359768346,2.304241932439074
1987-08-18,2.0742652961962382,2.205162328726939
1987-08-19,2.118701436399453,2.2524026227191536
1987-08-20,2.2271925343271777,2.3677400786324156
1987-08-21,2.2786861466417916,2.422483208286316
1987-08-24,2.2419989348993523,2.3834808408317714
1987-08-25,2.280531412271901,2.4244449198675073
1987-08-26,2.293839854999567,2.438593195216319
1987-08-27,2.27558334655549,2.4191846052212065
1987-08-28,2.2164312787372618,2.356299731305484
1987-08-31,2.238564970077782,2.379830174797591
1987-09-01,2.1514066815051507,2.287171740532153
1987-09-02,2.1141430574829494,2.247556586156149
1987-09-03,2.0910434363707364,2.222999257651484
1987-09-04,2.0607763896447118,2.1908222013393326
1987-09-08,1.9337119316134102,2.055739308767898
1987-09-09,1.9820797528211374,2.107159393481975
1987-09-10,2.086238842406094,2.2178914685778843
1987-09-11,2.1218030218847366,2.255699934535542
1987-09-14,2.083573369009215,2.2150577898127817
1987-09-15,1.9940234230513865,2.119856772022117
1987-09-16,1.964780444997272,2.0887684084926423
1987-09-17,1.9859051907951688,2.111226236680232
1987-09-18,1.973708010724819,2.0982593504978535
1987-09-21,1.8430976892494524,1.9594068318790658
1987-09-22,1.959063206257775,2.082690381966433
1987-09-23,2.0352578404539767,2.1636932976921646
1987-09-24,2.0511446682179666,2.1805826677126565
1987-09-25,2.0644023187069074,2.19467694556576
1987-09-28,2.0485749765411483,2.1778508149971167
1987-09-29,2.033284314699308,2.1615952320990366
1987-09-30,2.0727544126906245,2.2035561005381994
1987-10-01,2.198803439745656,2.3375594831065505
1987-10-02,2.2744559378036553,2.4179860510569045
1987-10-05,2.3268710507777106,2.4737088329008228
1987-10-06,2.138304538773818,2.273242783792763
1987-10-07,2.1008550880453303,2.233430076069496
1987-10-08,2.0003417971375357,2.126573868692023
1987-10-09,1.9651551980967938,2.08916681048064
1987-10-12,1.8814763470638796,2.0002073845348285
1987-10-13,1.9259171217044238,2.0474526054217037
1987-10-14,1.8177141624809647,1.9324214712780146
1987-10-15,1.6944863511141772,1.8014173379225475
1987-10-16,1.436128825351883,1.5267560956027455
1987-10-19,0.7858087751740273,0.8353974353109384
1987-10-20,0.608362966128794,0.6467538639150435
1987-10-21,0.7959429311542094,0.8461711097497487
1987-10-22,0.6632805055526306,0.7051369884584163
1987-10-23,0.602385266642724,0.6403989402014256
1987-10-26,0.3908847590424527,0.4155516399443132
1987-10-27,0.4038380414584321,0.42932234250076023
1987-10-28,0.41618367495191444,0.4424470502968266
1987-10-29,0.5342552820716968,0.567969595841145
1987-10-30,0.6057355587206392,0.6439606533024445
1987-11-02,0.631164442779615,0.6709942334771924
1987-11-03,0.5678960694025145,0.6037332935063714
1987-11-04,0.5769913264311469,0.6134025090143437
1987-11-05,0.6361978286246712,0.6763452524002875
1987-11-06,0.6065704022797107,0.6448481798740073
1987-11-09,0.5556056195664953,0.5906672517463335
1987-11-10,0.5207364794966067,0.5535976858338992
1987-11-11,0.542638458697079,0.5768817949331595
1987-11-12,0.5912113776291933,0.6285199201150372
1987-11-13,0.5684856325815482,0.6043600612179048
1987-11-16,0.5625531488576575,0.5980532066184958
1987-11-17,0.5178084711407906,0.5504849047753319
1987-11-18,0.5311823806449819,0.5647027781980455
1987-11-19,0.489382251730305,0.5202648416488458
1987-11-20,0.48679586498307303,0.5175152403162808
1987-11-23,0.4969736997697902,0.5283353499236837
1987-11-24,0.5263671230188661,0.5595836525299366
1987-11-25,0.5297606894362362,0.5631913708084713
1987-11-27,0.5115198670950448,0.5437994567917067
1987-11-30,0.4445744204077076,0.4726294008757988
1987-12-01,0.4446925904327509,0.4727550280499544
1987-12-02,0.45220274163750174,0.4807391092328818
1987-12-03,0.40275891927338553,0.4281751220391721
1987-12-04,0.3797007110946996,0.4036618198416064
1987-12-07,0.4031776256930414,0.4286202510326111
1987-12-08,0.43517996265235775,0.4626421035040964
1987-12-09,0.46428417401380534,0.4935829434339079
1987-12-10,0.4566273870450874,0.4854429730002962
1987-12-11,0.4643317857493777,0.4936335597200127
1987-12-14,0.5264665403802643,0.5596893436488974
1987-12-15,0.5349609044617465,0.568719746709357
1987-12-16,0.5802537617043638,0.6168708210849356
1987-12-17,0.566711517218122,0.6024739898588467
1987-12-18,0.6212619672691624,0.6604668597623473
1987-12-21,0.6363078528983882,0.676462219783433
1987-12-22,0.6303002260347499,0.6700754801175682
1987-12-23,0.6604354995956112,0.7021124476858698
1987-12-24,0.6616721761655262,0.7034271650413578
1987-12-28,0.5935156165322383,0.6309695685928375
1987-12-29,0.6114578964836364,0.6500441006273128
1987-12-30,0.6460937793970274,0.6868656896317991
1987-12-31,0.6330159991473976,0.6729626327746377
1988-01-04,0.7002751854161822,0.7444662268870854
1988-01-05,0.731993781317764,0.7781864327501178
1988-01-06,0.7569588902218324,0.8047269711223168
1988-01-07,0.7910858997359315,0.84100757414383
1988-01-08,0.6429070256876015,0.6834778350290907
1988-01-11,0.650876075321546,0.6919497735418522
1988-01-12,0.6118361322082491,0.6504462050123324
1988-01-13,0.6094084863372782,0.6478653619388975
1988-01-14,0.6148631477323745,0.653664241111434
1988-01-15,0.6593596475925564,0.7009687037719293
1988-01-18,0.6491287056316961,0.6900921356488195
1988-01-19,0.6363746754972625,0.6765332592391934
1988-01-20,0.569060161349766,0.6049708457683505
1988-01-21,0.5742062782807451,0.6104417097008614
1988-01-22,0.5897431529672872,0.6269590427670519
1988-01-25,0.6203958650259145,0.6595461019194911
1988-01-26,0.598458454718593,0.6362243258244845
1988-01-27,0.6004146616528557,0.6383039796886941
1988-01-28,0.6259582137677049,0.6654594640757836
1988-01-29,0.6432144622717824,0.6838046724761376
1988-02-01,0.6366478658119911,0.6768236892973526
1988-02-02,0.6406644461252263,0.6810937369201397
1988-02-03,0.611388730475074,0.6499705698804065
1988-02-04,0.6204542108027221,0.6596081296211993
1988-02-05,0.6276541820080209,0.6672624568178982
1988-02-08,0.6256720727400561,0.6651552660467119
1988-02-09,0.6379023142178264,0.6781572999849306
1988-02-10,0.6774398709624053,0.7201898841789249
1988-02-11,0.6860576416053155,0.7293514814028688
1988-02-12,0.6980922670460701,0.7421455549049211
1988-02-16,0.7182471118947618,0.7635722763002861
1988-02-17,0.7213373369069253,0.7668575107380453
1988-02-18,0.7202589286277896,0.7657110492335801
1988-02-19,0.7371719373060279,0.7836913575726704
1988-02-22,0.7781679303496671,0.8272744130547075
1988-02-23,0.7926610575023153,0.8426821326367091
1988-02-24,0.8087857633772448,0.8598243921260819
1988-02-25,0.7846066228571338,0.8341194208701294
1988-02-26,0.7822847979959424,0.8316510766678762
1988-02-29,0.8093305153908605,0.8604035208523475
1988-03-01,0.8088554619658731,0.8598984890616522
1988-03-02,0.8433101965575233,0.8965274983340533
1988-03-03,0.8628979059309232,0.9173512950275051
1988-03-04,0.8755199177644863,0.9307698220882239
1988-03-07,0.890999310570029,0.9472260458648762
1988-03-08,0.9079280156788193,0.9652230411617112
1988-03-09,0.9319635503385182,0.9907753442733592
1988-03-10,0.8882262420206813,0.9442779821281823
1988-03-11,0.8796433386040371,0.9351534524355758
1988-03-14,0.898785320076702,0.9555033934571586
1988-03-15,0.8848698819165677,0.9407098180766474
1988-03-16,0.9157649221520082,0.9735544975863658
1988-03-17,0.9277172600913761,0.9862610908135874
1988-03-18,0.9241821301248057,0.982502875582522
1988-03-21,0.8910224198184064,0.9472506134281768
1988-03-22,0.9072369688632455,0.9644883856632631
1988-03-23,0.8951413814674268,0.9516295031866601
1988-03-24,0.8275751239442548,0.8797994600111867
1988-03-25,0.800382955675441,0.8508913231336369
1988-03-28,0.7994270812406551,0.849875128002547
1988-03-29,0.8104748031838285,0.8616200192139127
1988-03-30,0.78857871606296,0.8383421740154198
1988-03-31,0.8037148817377426,0.8544335112270136
1988-04-04,0.7774982767662616,0.826562500813717
1988-04-05,0.7973856580480708,0.8477048802866298
1988-04-06,0.848248978292644,0.9017779431310924
1988-04-07,0.8583438477215393,0.9125098518309287
1988-04-08,0.8811483466452702,0.9367534343872788
1988-04-11,0.8956292804053102,0.9521481911095689
1988-04-12,0.8975706615439153,0.954212083592562
1988-04-13,0.9013827960526495,0.9582647838070024
1988-04-14,0.794271406925048,0.8443941035642507
1988-04-15,0.7920176129336982,0.8419980833369685
1988-04-18,0.7973170571700846,0.8476319503330071
1988-04-19,0.8080132020989096,0.8590030781742247
1988-04-20,0.7878671067321835,0.8375856583990825
1988-04-21,0.7756508579228604,0.824598500140168
1988-04-22,0.7921671447354364,0.8421570513806147
1988-04-25,0.8065794475550196,0.8574788461897119
1988-04-26,0.8387122218559905,0.89163936728406
1988-04-27,0.8449127574570983,0.8982311892417271
1988-04-28,0.8376244234636301,0.8904829231009164
1988-04-29,0.8256884875984237,0.8777937670048662
1988-05-02,0.8368921251001489,0.8897044128652689
1988-05-03,0.868435103691692,0.9232379190438009
1988-05-04,0.862615538671056,0.9170511089107786
1988-05-05,0.8484933477325832,0.9020377335659198
1988-05-06,0.8409059984356698,0.8939715826858332
1988-05-09,0.8084496738703696,0.8594670936064558
1988-05-10,0.7995881950601194,0.8500464089500572
1988-05-11,0.7507506931052322,0.7981270041672968
1988-05-12,0.7623090727120203,0.8104147782224066
1988-05-13,0.7904304242109687,0.8403107346712209
1988-05-16,0.8055850987540956,0.856421748757945
1988-05-17,0.7925451380897786,0.8425588981005271
1988-05-18,0.7404492138202061,0.7871754474444621
1988-05-19,0.7408616502369295,0.7876139107648586
1988-05-20,0.7344892587311893,0.7808393878925306
1988-05-23,0.7051332747550743,0.7496308871739629
1988-05-24,0.7244648772789598,0.7701824153308328
1988-05-25,0.7215336155878207,0.7670661756343996
1988-05-26,0.7319952286232267,0.7781879713881543
1988-05-27,0.7281386536089042,0.774088026238858
1988-05-31,0.7762068848286409,0.8251896152635009
1988-06-01,0.8205521800343772,0.8723333314618524
1988-06-02,0.8170068382207722,0.8685642599625805
1988-06-03,0.8381985411718126,0.891093270651281
1988-06-06,0.862359491384664,0.916778903696065
1988-06-07,0.8622162341073609,0.9166266061322944
1988-06-08,0.9085495590617589,0.9658838071959504
1988-06-09,0.9045208742221703,0.9616008911876339
1988-06-10,0.9264869215223972,0.9849531114201763
1988-06-13,0.9328107135607774,0.9916759679435493
1988-06-14,0.9480985000376633,1.0079284940260473
1988-06-15,0.9526769215395527,1.012795837966822
1988-06-16,0.9276293831523102,0.9861676683782086
1988-06-17,0.9186436392068241,0.9766148768040022
1988-06-20,0.9070222262179148,0.9642600916293597
1988-06-21,0.9302596618029537,0.9889639314237745
1988-06-22,0.9628689029527742,1.0236309869271478
1988-06-23,0.9637780349147385,1.0245974898899277
1988-06-24,0.967623777201987,1.028685918710187
1988-06-27,0.9325100267676323,0.9913563062347959
1988-06-28,0.9785143235964912,1.0402637157704053
1988-06-29,0.9717075612308052,1.0330274109559092
1988-06-30,0.9904709743740161,1.052974893998519
1988-07-01,1.0045951685105199,1.0679903989537238
1988-07-05,1.0350311062019535,1.1003470041380783
1988-07-06,1.010647450495846,1.074424611713947
1988-07-07,0.9935041268361728,1.0561994543086681
1988-07-08,0.9734925961342026,1.0349250909352512
1988-07-11,0.9658654030538244,1.0268165819197363
1988-07-12,0.9584351412193246,1.0189174315458362
1988-07-13,0.9715464889656583,1.0328561741850124
1988-07-14,0.9797370448090355,1.0415635971121908
1988-07-15,0.976598986068313,1.0382275103864171
1988-07-18,0.9805401751257918,1.0424174091693166
1988-07-19,0.9330731091770718,0.9919549221011187
1988-07-20,0.9246962858772412,0.9830494772628607
1988-07-21,0.8815567092246256,0.9371875667897772
1988-07-22,0.8732140620249023,0.9283184547430081
1988-07-25,0.8688881193500692,0.9237195223690887
1988-07-26,0.8413952023834018,0.8944916579715654
1988-07-27,0.8081763618274374,0.8591765341384039
1988-07-28,0.8193912880094066,0.871099181054053
1988-07-29,0.8595328049798279,0.9137738385356443
1988-08-01,0.8630884900781373,0.9175539060351999
1988-08-02,0.8497420314905765,0.9033652158261058
1988-08-03,0.8568716250851386,0.9109447242152651
1988-08-04,0.8579337927305551,0.912073920216741
1988-08-05,0.8393209562785384,0.8922865160452451
1988-08-08,0.8377815224034154,0.8906499358087573
1988-08-09,0.8017901975592288,0.8523873693699724
1988-08-10,0.7391075929291877,0.7857491632301277
1988-08-11,0.7638415269508401,0.8120439383708892
1988-08-12,0.7517812167323618,0.7992225592467634
1988-08-15,0.7038958620404063,0.7483153872191224
1988-08-16,0.7353275214327372,0.7817305493724146
1988-08-17,0.7382819540819944,0.784871422236098
1988-08-18,0.746175067256521,0.7932626323000964
1988-08-19,0.7363216146370027,0.7827873750780319
1988-08-22,0.6986293025212833,0.7427164801386901
1988-08-23,0.6947023346894903,0.7385417000154955
1988-08-24,0.7232318698363223,0.7688715986438207
1988-08-25,0.7048898355825842,0.749372085711346
1988-08-26,0.7101176101651101,0.7549297603220153
1988-08-29,0.7320030923533667,0.7781963313609601
1988-08-30,0.7265527837394951,0.7724020796530009
1988-08-31,0.7088649086060802,0.753598006716449
1988-09-01,0.673999013518633,0.7165318905618884
1988-09-02,0.7126667130723795,0.7576397250085319
1988-09-06,0.7181708334338447,0.763491184267933
1988-09-07,0.7198167492967028,0.7652409660647381
1988-09-08,0.7303735506355713,0.7764639570037547
1988-09-09,0.7618683772668177,0.8099462725804406
1988-09-12,0.7629853753312098,0.8111337590882539
1988-09-13,0.7661885459858546,0.8145390666316329
1988-09-14,0.7803128113074644,0.8295546472640978
1988-09-15,0.7592221551124994,0.8071330599123956
1988-09-16,0.7748135549677797,0.8237083589717933
1988-09-19,0.7673861287275259,0.8158122231330263
1988-09-20,0.7760875631755931,0.8250627637875663
1988-09-21,0.7888680541411903,0.8386497708457529
1988-09-22,0.7947293884619098,0.844880986141032
1988-09-23,0.7836332634605737,0.8330846373843604
1988-09-26,0.7619808756973887,0.81006587025273
1988-09-27,0.7606901345893514,0.8086936766028615
1988-09-28,0.7766008852461944,0.825608479176369
1988-09-29,0.7995034312932802,0.8499562961444206
1988-09-30,0.8063466046489707,0.8572313096735912
1988-10-03,0.771215045878806,0.8198827650628856
1988-10-04,0.7642859539237703,0.8125164110195773
1988-10-05,0.7583112525219584,0.8061646745850778
1988-10-06,0.7627831156385972,0.8109187357469353
1988-10-07,0.7593503240106421,0.807269316941049
1988-10-10,0.7451858201732852,0.7922109585311936
1988-10-11,0.7536310174549297,0.801189092108562
1988-10-12,0.7231946975669427,0.7688320806090447
1988-10-13,0.7421766092821064,0.789011850630873
1988-10-14,0.7486186167065947,0.795860382551988
1988-10-17,0.7535590670174092,0.8011126012206095
1988-10-18,0.7686791735091031,0.8171868658303321
1988-10-19,0.7682948339223485,0.816778272397417
1988-10-20,0.8118622371694404,0.8630950075696827
1988-10-21,0.8030165220110942,0.8536910813344012
1988-10-24,0.7847890415902757,0.834313351183246
1988-10-25,0.7710681691866565,0.8197266196801859
1988-10-26,0.7569913353323715,0.8047614636897051
1988-10-27,0.7299560057388532,0.7760200628314502
1988-10-28,0.7371929373272746,0.7837136828055324
1988-10-31,0.7354965749915119,0.7819102710984789
1988-11-01,0.7327933465859626,0.7790364547854002
1988-11-02,0.7251239662103937,0.7708830962348349
1988-11-03,0.7276991608902947,0.7736207992218488
1988-11-04,0.7186905905473203,0.7640437407846071
1988-11-07,0.6907529897075755,0.7343431306264998
1988-11-08,0.7195552250439726,0.7649629382583496
1988-11-09,0.7160272731147981,0.761212354036533
1988-11-10,0.7129453732813693,0.7579359701400037
1988-11-11,0.6627826432340772,0.7046077084131961
1988-11-14,0.6591028329623343,0.7006956827899596
1988-11-15,0.6488255186837161,0.689769816012332
1988-11-16,0.6186274364537989,0.6576660762181377
1988-11-17,0.6259424377485887,0.6654426925070182
1988-11-18,0.6292448200621946,0.668953472486017
1988-11-21,0.5982096184954862,0.6359597867290153
1988-11-22,0.6037715947563671,0.641872752898897
1988-11-23,0.6347695395829769,0.674826830819858
1988-11-25,0.617708713499238,0.656689377020764
1988-11-28,0.6204749157095822,0.659630141116407
1988-11-29,0.6333408571898316,0.6733079910654364
1988-11-30,0.6559262885974861,0.6973186817950826
1988-12-01,0.6805467200229918,0.723492791729858
1988-12-02,0.6836026698352825,0.7267415880226472
1988-12-05,0.6980788146179413,0.7421312535579356
1988-12-06,0.7117838783851946,0.7567011788166613
1988-12-07,0.6970094323174255,0.7409943876187384
1988-12-08,0.6851072600781969,0.728341125810764
1988-12-09,0.6836885715945096,0.7268329106339673
1988-12-12,0.675168520596545,0.7177751996777085
1988-12-13,0.6647099697342984,0.7066566593363197
1988-12-14,0.6715807534828802,0.7139610256191601
1988-12-15,0.6800882752060787,0.7230054166376215
1988-12-16,0.7082206883189892,0.7529131327463254
1988-12-19,0.7246548453630585,0.7703843713985944
1988-12-20,0.7203880528124803,0.7658483218323785
1988-12-21,0.7149050906488994,0.7600193559642536
1988-12-22,0.7157754629475204,0.7609446533253993
1988-12-23,0.7258618450382509,0.7716675390914642
1988-12-27,0.7206628738751399,0.7661404855472269
1988-12-28,0.7191921038059004,0.7645769021633397
1988-12-29,0.7379281330144076,0.7844952732011681
1988-12-30,0.7467061408726107,0.7938272194501242
1989-01-03,0.7111671382797751,0.7560455191719764
1989-01-04,0.7466702315542126,0.7937890440651689
1989-01-05,0.7453507713627461,0.7923863190068976
1989-01-06,0.7454190910999883,0.792458950078319
1989-01-09,0.7466838885124136,0.7938035628491474
1989-01-10,0.7389341822096179,0.7855648093835416
1989-01-11,0.7452001463299652,0.7922261887435891
1989-01-12,0.7625139443321206,0.8106325783175525
1989-01-13,0.7634107216915019,0.8115859470374502
1989-01-16,0.7643076441419441,0.8125394700044166
1989-01-17,0.7369273381474434,0.7834313229227441
1989-01-18,0.7559715101164879,0.8036772821474129
1989-01-19,0.7800316126798144,0.8292557035264178
1989-01-20,0.7764017248804505,0.8253967507457193
1989-01-23,0.7486938615347724,0.7959403757239474
1989-01-24,0.7731492523667206,0.821939030137054
1989-01-25,0.7905921343691785,0.8404826495895825
1989-01-26,0.8220059913574921,0.8738788859136803
1989-01-27,0.8155638429932329,0.867030204158755
1989-01-30,0.8316855822587982,0.8841693098301344
1989-01-31,0.8540213937878358,0.907914628356024
1989-02-01,0.8796999565082461,0.9352136432268505
1989-02-02,0.9002054895020698,0.957013183030832
1989-02-03,0.9013200218994798,0.958198048275129
1989-02-06,0.8936102699287446,0.9500017704697441
1989-02-07,0.9298105611654394,0.9884864901777244
1989-02-08,0.9002249259084493,0.9570338459765182
1989-02-09,0.8804487451103775,0.9360096843218004
1989-02-10,0.8382234763655769,0.8911197793867106
1989-02-13,0.8337419603008782,0.8863554561250814
1989-02-14,0.836360558122431,0.889139301219903
1989-02-15,0.8600693054624072,0.9143441950159347
1989-02-16,0.8652839349647327,0.9198878950228156
1989-02-17,0.8743183616926578,0.929492441518675
1989-02-21,0.8691504447304473,0.9239984018584864
1989-02-22,0.8353207091460612,0.8880338323126901
1989-02-23,0.8444812679333528,0.8977724704632041
1989-02-24,0.8185166521704348,0.8701693511007715
1989-02-27,0.8077978631733309,0.8587741502316585
1989-02-28,0.8070642467226953,0.8579942387306356
1989-03-01,0.8041578819964643,0.8549044671283348
1989-03-02,0.8281959027549584,0.8804594132246668
1989-03-03,0.8325376442794789,0.8850751414386514
1989-03-06,0.8548373666244988,0.9087820933635011
1989-03-07,0.8433998280247078,0.8966227860174878
1989-03-08,0.8369474976191513,0.8897632796809914
1989-03-09,0.8243290328286386,0.8763485235003657
1989-03-10,0.8191802211036999,0.8708747947182456
1989-03-13,0.8305274219542935,0.8829380635287073
1989-03-14,0.8230748036794426,0.8750151459056723
1989-03-15,0.822796612333548,0.8747193992250188
1989-03-16,0.8459550506388098,0.8993392565964738
1989-03-17,0.7760284565512949,0.8249999272248951
1989-03-20,0.7483317800205793,0.7955554449648539
1989-03-21,0.7749786000298496,0.8238838192439609
1989-03-22,0.7560723789163807,0.8037845162982593
1989-03-23,0.7613463212981938,0.8093912721387863
1989-03-27,0.762290489019699,0.8103950218015132
1989-03-28,0.7728926276806307,0.8216662110856896
1989-03-29,0.7893852360012398,0.8391995895969862
1989-03-30,0.8022303237383301,0.8528552698221564
1989-03-31,0.8214752630444482,0.8733146658571335
1989-04-03,0.8205342596985715,0.8723142802587539
1989-04-04,0.8162162903390031,0.8677238243581619
1989-04-05,0.8231328495727688,0.8750768547996766
1989-04-06,0.824180981965253,0.8761911298500585
1989-04-07,0.8529825704459219,0.9068102498061869
1989-04-10,0.8644407889269362,0.9189915420425225
1989-04-11,0.886410404653621,0.9423475558879707
1989-04-12,0.9085324998517584,0.9658656714602174
1989-04-13,0.8981685574790362,0.9548477099008481
1989-04-14,0.937049213250277,0.9961819392205814
1989-04-17,0.9360028233412555,0.9950695166135187
1989-04-18,0.9678589625127548,1.0289359454490647
1989-04-19,0.9856672204870578,1.0478679980159167
1989-04-20,0.9789039756195784,1.0406779568822824
1989-04-21,0.9963929767454783,1.059270605817122
1989-04-24,0.9877025996344132,1.050031820275613
1989-04-25,0.9711467671333768,1.0324312278061023
1989-04-26,0.9708088230247925,1.032071957649661
1989-04-27,1.0045786821848952,1.0679728722543798
1989-04-28,1.0176673331052206,1.0818874857786414
1989-05-01,1.021422662793754,1.0858797964904339
1989-05-02,1.0208355564327785,1.0852556406350795
1989-05-03,1.0331401087892735,1.0983366748586902
1989-05-04,1.0404648329193564,1.1061236275448272
1989-05-05,1.060718391966154,1.1276552925225645
1989-05-08,1.0539311944464163,1.1204397871985345
1989-05-09,1.0478761395536815,1.1140026265458842
1989-05-10,1.0524705040065852,1.1188869195216016
1989-05-11,1.0597205698198044,1.1265945025590365
1989-05-12,1.1160521041089129,1.1864808524688213
1989-05-15,1.1436170314480398,1.2157852714714459
1989-05-16,1.1325339969027501,1.2040028392473376
1989-05-17,1.1723462736313008,1.2463274796988966
1989-05-18,1.1772677608860604,1.2515595386430476
1989-05-19,1.202616329363486,1.2785077349012979
1989-05-22,1.1979422890923073,1.2735387381447802
1989-05-23,1.1678136740262886,1.2415088492573108
1989-05-24,1.1898514024574436,1.2649372740765532
1989-05-25,1.2036535029030426,1.2796103595375852
1989-05-26,1.2301118458490121,1.3077383628609702
1989-05-30,1.214954676607205,1.2916246966469793
1989-05-31,1.2306440852752971,1.3083041893899392
1989-06-01,1.2480112959420453,1.3267673622481106
1989-06-02,1.2855934374588214,1.3667211342451904
1989-06-05,1.2072094049657904,1.283390657693175
1989-06-06,1.2234922002390285,1.3007009828520455
1989-06-07,1.3167845376950216,1.3998805566963808
1989-06-08,1.3073227302571422,1.3898216595235158
1989-06-09,1.2960324133126349,1.3778188642923221
1989-06-12,1.2919192899611547,1.373446181258612
1989-06-13,1.2548382298921044,1.3340251115798787
1989-06-14,1.2562968593359403,1.3355757882011465
1989-06-15,1.1934815891646309,1.268796544627729
1989-06-16,1.1882642632901232,1.2632499780934219
1989-06-19,1.1787922992133464,1.253180283344411
1989-06-20,1.1574627384031517,1.230504715241727
1989-06-21,1.1547451970788793,1.227615682789594
1989-06-22,1.1756847752561026,1.249876658307297
1989-06-23,1.2090012166447728,1.2852955420982275
1989-06-26,1.1974783105163718,1.2730454800842688
1989-06-27,1.2022609848578587,1.2781299662913879
1989-06-28,1.1533582765016523,1.2261412402409742
1989-06-29,1.0822915617832753,1.1505898426397472
1989-06-30,1.0474397659372956,1.1135387154628282
1989-07-03,1.0604322289939228,1.1273510711640924
1989-07-05,1.073837214470728,1.1416019816164775
1989-07-06,1.0936722048000405,1.1626886639926766
1989-07-07,1.1233018689345582,1.194188115524786
1989-07-10,1.1187203859820531,1.1893175169397856
1989-07-11,1.1279410875904163,1.1991200932392017
1989-07-12,1.1423667846369783,1.2144561275213355
1989-07-13,1.1517094503271712,1.2243883644766
1989-07-14,1.1737616767646464,1.247832202202493
1989-07-17,1.1875665498713697,1.262508235294126
1989-07-18,1.147801054440364,1.2202333282856443
1989-07-19,1.1834718886594724,1.2581551794579544
1989-07-20,1.141078302579755,1.21308633548025
1989-07-21,1.1367780237444853,1.208514686468936
1989-07-24,1.0917336977512346,1.1606278269696415
1989-07-25,1.089613989079708,1.1583743535499695
1989-07-26,1.1186124307815783,1.1892027491992687
1989-07-27,1.1637793043655311,1.237219889685758
1989-07-28,1.1695973565427507,1.243405091507
1989-07-31,1.1876144418029242,1.2625591494580508
1989-08-01,1.1630773426982282,1.2364736305511212
1989-08-02,1.1625776042730864,1.2359423560071365
1989-08-03,1.1901813596297182,1.2652880532790636
1989-08-04,1.1992382177156637,1.2749164466694254
1989-08-07,1.2591745729229458,1.3386351006268846
1989-08-08,1.2752948608899612,1.3557726634151546
1989-08-09,1.2419232970257794,1.3202951786310497
1989-08-10,1.2339481440958344,1.3118167516722608
1989-08-11,1.2143468221643408,1.2909784833968174
1989-08-14,1.1885607213427063,1.2635651442058775
1989-08-15,1.2055615921926308,1.2816388592810675
1989-08-16,1.188204816592326,1.2631867799968282
1989-08-17,1.2088454246976594,1.2851299188611593
1989-08-18,1.217804510179384,1.2946543696825525
1989-08-21,1.1744611273643644,1.2485757918079945
1989-08-22,1.1936140716691033,1.2689373874739232
1989-08-23,1.2280137239741664,1.3055078384782064
1989-08-24,1.2766071971664783,1.357167815002034
1989-08-25,1.2833542055419493,1.3643405950357537
1989-08-28,1.2938711084727845,1.3755211697676761
1989-08-29,1.27289234985401,1.3532185413168163
1989-08-30,1.2913231289868323,1.372812399396261
1989-08-31,1.3012637099897426,1.3833802832602364
1989-09-01,1.3271651964764044,1.4109162895575778
1989-09-05,1.3276595090282364,1.4114417958271546
1989-09-06,1.2929698115282553,1.3745629962530743
1989-09-07,1.2840989742775146,1.3651323625894476
1989-09-08,1.308796432719028,1.3913883603494235
1989-09-11,1.313520669146919,1.3964107209037309
1989-09-12,1.3369885432585966,1.4213595411058897
1989-09-13,1.3415054466102703,1.426161484778127
1989-09-14,1.301326799572636,1.3834473541271048
1989-09-15,1.2927773041217099,1.3743583406182847
1989-09-18,1.288461444774183,1.3697701278825738
1989-09-19,1.2910419566216997,1.3725134835784014
1989-09-20,1.2968534508769793,1.3786917136383923
1989-09-21,1.3023304820331942,1.3845143742214416
1989-09-22,1.3233502285032333,1.4068605770722151
1989-09-25,1.3226885533889816,1.406157146783679
1989-09-26,1.3216726677445385,1.4050771534204731
1989-09-27,1.31986055675997,1.403150688717057
1989-09-28,1.362457955413039,1.448436206911748
1989-09-29,1.3643059191272155,1.4504007868402795
1989-10-02,1.3947197666884943,1.482733907891267
1989-10-03,1.405486610722312,1.494180196322256
1989-10-04,1.4446929639851698,1.5358606763556235
1989-10-05,1.4597379480636081,1.5518550779333329
1989-10-06,1.5093687212604106,1.6046178135389837
1989-10-09,1.5545896553201013,1.6526924260011115
1989-10-10,1.5400250682526955,1.637208737008482
1989-10-11,1.5196855147762358,1.6155856509009987
1989-10-12,1.5084531645410908,1.6036444803829217
1989-10-13,1.3170720891983352,1.4001862542095378
1989-10-16,1.3213382012097463,1.4047215802909916
1989-10-17,1.3083418121729746,1.3909050508596197
1989-10-18,1.3475951237027646,1.432635452473149
1989-10-19,1.4362455114085502,1.5268801451623244
1989-10-20,1.4265947443371036,1.5166203640107532
1989-10-23,1.3834631724158442,1.4707669634096086
1989-10-24,1.3358719754731176,1.4201725120298483
1989-10-25,1.3341409371614183,1.4183322361106867
1989-10-26,1.2616082782955977,1.3412223855883756
1989-10-27,1.206179345832062,1.2822955964190819
1989-10-30,1.2094620113301475,1.2857854153479644
1989-10-31,1.267487967274285,1.347473113816924
1989-11-01,1.2787253109336187,1.3594195928704775
1989-11-02,1.211776147535165,1.2882455856994646
1989-11-03,1.2046267630540284,1.2806450375148626
1989-11-06,1.1401788422187726,1.2121301144472607
1989-11-07,1.1787918283256544,1.2531797827412323
1989-11-08,1.2223969920519424,1.2995366612772186
1989-11-09,1.2264452708873295,1.3038404077653598
1989-11-10,1.257181105512937,1.336515834955247
1989-11-13,1.260366024466988,1.339901739019882
1989-11-14,1.2362263460824678,1.314238720167499
1989-11-15,1.2519428075041337,1.330946972834842
1989-11-16,1.240421491631872,1.3186986014305357
1989-11-17,1.2554115900241998,1.3346346537471263
1989-11-20,1.2680635435466499,1.34808501197453
1989-11-21,1.256276544005652,1.3355541908668374
1989-11-22,1.270283252272012,1.3504447959765529
1989-11-24,1.2902681387790744,1.37169083376645
1989-11-27,1.2691356848168827,1.3492248109889213
1989-11-28,1.2674796985502943,1.347464323293029
1989-11-29,1.26531516010541,1.3451631911058914
1989-11-30,1.2808179624788774,1.3616443017171322
1989-12-01,1.295071696877976,1.376797521605741
1989-12-04,1.318651231577429,1.4018650487651136
1989-12-05,1.3281992061364947,1.4120155506569907
1989-12-06,1.2723165298088976,1.3526063840031226
1989-12-07,1.2820675660830896,1.362972761870664
1989-12-08,1.2687634791901072,1.3488291172325777
1989-12-11,1.2042450151980668,1.2802391993645634
1989-12-12,1.1632944374560377,1.2367044251281518
1989-12-13,1.1643953783373329,1.2378748411602956
1989-12-14,1.1388857699483903,1.210755442526462
1989-12-15,1.1033373176641383,1.1729636962317473
1989-12-18,1.0519314548640748,1.1183138535475543
1989-12-19,1.056419309935885,1.123084915840931
1989-12-20,1.0866555414250412,1.155229212312951
1989-12-21,1.1319001194575575,1.2033289608067483
1989-12-22,1.1532414745891761,1.2260170675144721
1989-12-26,1.152505964756402,1.2252351431489552
1989-12-27,1.2148469783754574,1.291510202091265
1989-12-28,1.2143218769015556,1.2909519639569575
1989-12-29,1.250788933930756,1.329720283779786
1990-01-02,1.3153754327373401,1.3983825298164048
1990-01-03,1.2865589786899712,1.3677476061982559
1990-01-04,1.2622726646835594,1.34192869824623
1990-01-05,1.2351002343504809,1.313041544871808
1990-01-08,1.2411246922547887,1.3194461777053914
1990-01-09,1.2011949890048077,1.2769967005022722
1990-01-10,1.1252413712356706,1.1962500106057739
1990-01-11,1.0771346269442241,1.1451074781323574
1990-01-12,1.005309983773691,1.0687503228136244
1990-01-15,0.9877629776985057,1.0500960085126054
1990-01-16,1.0486428211438579,1.1148176897703836
1990-01-17,1.0286712744912219,1.0935858336497772
1990-01-18,1.0276442506533248,1.0924939992146216
1990-01-19,1.076030954449788,1.1439341581079392
1990-01-22,0.9872111259202917,1.049509331989313
1990-01-23,0.9784614749753727,1.0402075321237763
1990-01-24,0.9675736063529569,1.0286325818171265
1990-01-25,0.9534709034727478,1.013639924329343
1990-01-26,0.9178254600618514,0.9757450662585749
1990-01-29,0.9012449025509194,0.958118188501209
1990-01-30,0.8419171593027619,0.8950465531134262
1990-01-31,0.8962524902136693,0.952810728729422
1990-02-01,0.9105169790102958,0.9679753816745158
1990-02-02,0.9446358591499274,1.0042473423153437
1990-02-05,0.9562233085720647,1.016566020643802
1990-02-06,0.9360871391451803,0.9951591531874283
1990-02-07,0.9593093568277018,1.019846814749765
1990-02-08,0.9649528395108189,1.025846430825131
1990-02-09,0.9819307275554476,1.043895712759324
1990-02-12,0.9586218254597575,1.0191158965421523
1990-02-13,0.9625907652815817,1.0233352973083516
1990-02-14,0.974095406064776,1.0355659413379066
1990-02-15,0.9998731907330352,1.0629704395825237
1990-02-16,0.9768686486171151,1.0385141900580945
1990-02-20,0.930104991313464,0.9887995004141951
1990-02-21,0.9253537075320237,0.9837483856762989
1990-02-22,0.9172984179741758,0.9751847650475741
1990-02-23,0.8845619842913836,0.9403824904944876
1990-02-26,0.9213353735280438,0.9794764736956721
1990-02-27,0.936543647671312,0.9956444697987676
1990-02-28,0.9651566239921721,1.0260630751773667
1990-03-01,0.981246281102989,1.0431680741415639
1990-03-02,1.0150350728164694,1.0790891160431968
1990-03-05,0.9979734637299454,1.0609508298297303
1990-03-06,1.0055858727681117,1.069043621852336
1990-03-07,0.9935713537124528,1.0562709235538612
1990-03-08,1.0349865642273284,1.1002996513309562
1990-03-09,1.044813692135104,1.1107469226137314
1990-03-12,1.039966609513586,1.1055939636258914
1990-03-13,1.010004657212349,1.0737412547988379
1990-03-14,1.0203872737586512,1.0847790689702015
1990-03-15,1.0373264586105058,1.1027872053369188
1990-03-16,1.1021146253979357,1.1716638456629698
1990-03-19,1.130537133264144,1.2018799630272445
1990-03-20,1.0845437986438151,1.1529842074730878
1990-03-21,1.0678777799558545,1.1352664754896507
1990-03-22,1.0182168217593721,1.082471650052333
1990-03-23,1.0457335244130808,1.111724801138653
1990-03-26,1.073658744118037,1.1414122488473508
1990-03-27,1.0885247942879115,1.1572164248472516
1990-03-28,1.0393279412832175,1.1049149920764243
1990-03-29,1.022507447700356,1.0870330370210424
1990-03-30,1.0225000394802524,1.0870251613033481
1990-04-02,1.0151526861055788,1.0792141513484566
1990-04-03,1.0739303620838958,1.1417010073331695
1990-04-04,1.0536296032944323,1.1201191640611496
1990-04-05,1.0322727513140701,1.0974145825721497
1990-04-06,1.0088264527109525,1.072488699406438
1990-04-09,1.0031942155766242,1.066501038533042
1990-04-10,1.0184418039967844,1.0827108298503476
1990-04-11,1.0365602563293521,1.1019726516683572
1990-04-12,1.0580754370534562,1.1248455532762418
1990-04-16,1.0704758106920425,1.1380284556080185
1990-04-17,1.0636486910767513,1.1307705088945676
1990-04-18,1.0136683196527139,1.0776361135777401
1990-04-19,0.9807032341419991,1.0425907580656972
1990-04-20,0.9488203326897577,1.0086958781089608
1990-04-23,0.9075497822398526,0.9648209392065721
1990-04-24,0.895576612680908,0.952092199775188
1990-04-25,0.9058884366254778,0.9630547539599051
1990-04-26,0.9081455145871256,0.9654542653932559
1990-04-27,0.8796903817268639,0.9352034642264834
1990-04-30,0.9070446099519832,0.9642838878945875
1990-05-01,0.9227870111186124,0.9810197172410152
1990-05-02,0.9418475738832213,1.0012831016065193
1990-05-03,0.9629239046765026,1.0236894595484662
1990-05-04,0.9983991947464482,1.0614034267089638
1990-05-07,1.0306393533343141,1.0956781086026042
1990-05-08,1.0321370859931385,1.0972703560570642
1990-05-09,1.0353624773415324,1.100699286536653
1990-05-10,1.0547418205115633,1.1213015680251346
1990-05-11,1.1137598848778443,1.184043982167415
1990-05-14,1.158128554667817,1.2312125480090124
1990-05-15,1.1673273869648066,1.2409918749286672
1990-05-16,1.1766494624169055,1.250902222293691
1990-05-17,1.1998162499663207,1.2755309557904488
1990-05-18,1.2289152105538532,1.3064662135949383
1990-05-21,1.288076691175779,1.3693610943116992
1990-05-22,1.2979164021703533,1.379821742740126
1990-05-23,1.3510302019154095,1.4362873021592253
1990-05-24,1.3670952956409155,1.4533661876595116
1990-05-25,1.2827542944845522,1.3637028264403923
1990-05-29,1.3424388205719273,1.4271537595380783
1990-05-30,1.3505619768057677,1.4357895295864307
1990-05-31,1.3463724775879709,1.4313356509681756
1990-06-01,1.3753748001031554,1.462168172330488
1990-06-04,1.4132799293437077,1.5024653142727808
1990-06-05,1.3725781433722617,1.459195031874127
1990-06-06,1.3755273691954344,1.462330369333658
1990-06-07,1.3632254720494525,1.4492521578782869
1990-06-08,1.3168034538798383,1.3999006665917904
1990-06-11,1.353506769806136,1.4389201544887609
1990-06-12,1.4069817750753357,1.4957697133973324
1990-06-13,1.4404697178861376,1.531370921250716
1990-06-14,1.412255974177407,1.501376742158514
1990-06-15,1.4163060794539906,1.5056824303458822
1990-06-18,1.3436900891680845,1.4284839897532902
1990-06-19,1.3441249480742705,1.4289462905399788
1990-06-20,1.3526494516580505,1.438008735063599
1990-06-21,1.3661656749393185,1.452377903010038
1990-06-22,1.3240923459711267,1.4076495260493243
1990-06-25,1.275828149716149,1.356339605566669
1990-06-26,1.275601210270038,1.3560983450498085
1990-06-27,1.3079841626315516,1.3905248317540495
1990-06-28,1.348498626129522,1.4335959706474877
1990-06-29,1.3656311608625895,1.4518096582882376
1990-07-02,1.3642609732184021,1.4503530046085997
1990-07-03,1.3595447579589464,1.4453391714005766
1990-07-05,1.3437105091655328,1.428505698359806
1990-07-06,1.362828966193532,1.4488306304207335
1990-07-09,1.3816073157335949,1.4687939924252702
1990-07-10,1.3646554826503796,1.450772409657375
1990-07-11,1.4002536330973245,1.4886169903298225
1990-07-12,1.4457877711522533,1.5370245716039783
1990-07-13,1.4684956804913103,1.5611654692656523
1990-07-16,1.4936821841854349,1.5879413736017438
1990-07-17,1.4082035742546224,1.497068614520719
1990-07-18,1.3496905174955485,1.4348630766175465
1990-07-19,1.3180806548409103,1.401258465640318
1990-07-20,1.251183184754147,1.3301394139004141
1990-07-23,1.1688463929331592,1.2426067381501966
1990-07-24,1.1544596675149352,1.2273121348107963
1990-07-25,1.188747880764669,1.2637641143701723
1990-07-26,1.1637565054397638,1.237195652028052
1990-07-27,1.1391260119139919,1.2110108450216457
1990-07-30,1.11258179533404,1.1827915489870362
1990-07-31,1.1040507544394902,1.1737221546140078
1990-08-01,1.0994955742188637,1.1688795186013878
1990-08-02,1.037666928906029,1.1031491610959594
1990-08-03,0.9466595947463889,1.0063987862549413
1990-08-06,0.7972445808552299,0.8475549003820977
1990-08-07,0.8110926794999997,0.8622768867702131
1990-08-08,0.8458076371263963,0.899182540517331
1990-08-09,0.889139765385668,0.9452491536145737
1990-08-10,0.8517690017967263,0.9055200986025587
1990-08-13,0.8660879247338992,0.9207426207683108
1990-08-14,0.8766156406910008,0.9319346908852385
1990-08-15,0.878323659788195,0.9337504949565816
1990-08-16,0.7985693750197411,0.8489632960151227
1990-08-17,0.7348382603788646,0.7812104133768438
1990-08-20,0.6925297350995399,0.7362319979827063
1990-08-21,0.6400554437295187,0.6804463032752807
1990-08-22,0.6066879575100041,0.6449731534566341
1990-08-23,0.5402773709535772,0.5743717101545439
1990-08-24,0.6006424005901239,0.6385460901488009
1990-08-27,0.6881175072077381,0.7315413353415285
1990-08-28,0.6976707685465778,0.7416974576367451
1990-08-29,0.6758446768707943,0.7184940249634807
1990-08-30,0.6525938732457046,0.6937759735354898
1990-08-31,0.6819332599113376,0.7249668295661286
1990-09-04,0.6935321350206137,0.7372976546025827
1990-09-05,0.6832496095421878,0.7263662477710746
1990-09-06,0.649647046511279,0.6906431865598041
1990-09-07,0.6608726138472922,0.7025771461421959
1990-09-10,0.6693284496315497,0.7115665895675569
1990-09-11,0.6514311042867049,0.6925398277492681
1990-09-12,0.6653303334320869,0.7073161712410797
1990-09-13,0.6376553821886197,0.6778947852479956
1990-09-14,0.6353199648446575,0.6754119908059322
1990-09-17,0.6358570447372094,0.6759829632600074
1990-09-18,0.6337784517943111,0.6737732001873463
1990-09-19,0.6268872481252872,0.6664471253798552
1990-09-20,0.5788038672094629,0.6153294306337478
1990-09-21,0.5711528011760674,0.6071955421565192
1990-09-24,0.518537519431255,0.5512599598412871
1990-09-25,0.545474524426035,0.5798968313023031
1990-09-26,0.5338370619216536,0.5675249838034834
1990-09-27,0.4865836825535308,0.5172896680612251
1990-09-28,0.5103496474867527,0.5425553901810962
1990-10-01,0.576505861851238,0.612886409070179
1990-10-02,0.577949584614227,0.6144212383207609
1990-10-03,0.5362647051973074,0.5701058241178231
1990-10-04,0.5269946187510659,0.56025074653793
1990-10-05,0.5167782235787259,0.549389643182084
1990-10-08,0.5269501140416416,0.5602034333476388
1990-10-09,0.47439217868307026,0.5043288162767556
1990-10-10,0.4400560935985216,0.4678259439184041
1990-10-11,0.40657194507249667,0.43222876978909147
1990-10-12,0.417591484168115,0.4439436996672281
1990-10-15,0.4371833841581892,0.4647719514272719
1990-10-16,0.40707058398309415,0.43275887543339037
1990-10-17,0.4200023158104363,0.44650666744589107
1990-10-18,0.458284788532866,0.4872049652252663
1990-10-19,0.47592117732200057,0.5059543027588497
1990-10-22,0.5079391882621345,0.539992818321649
1990-10-23,0.5062770876476244,0.5382258304303736
1990-10-24,0.5066199654507525,0.5385903456233923
1990-10-25,0.4967434745842826,0.5280905963200154
1990-10-26,0.47019305108161624,0.49986470167327446
1990-10-29,0.4500797944584672,0.4784821929388711
1990-10-30,0.4596028469128778,0.4886062000104189
1990-10-31,0.45586612828788137,0.48463367481800257
1990-11-01,0.4582536511091572,0.4871718628666133
1990-11-02,0.48967309918408036,0.5205740431042456
1990-11-05,0.5192879070181303,0.5520577008253146
1990-11-06,0.5173016103465148,0.5499460584033186
1990-11-07,0.4896655816061163,0.5205660511276359
1990-11-08,0.4946055407512622,0.5258177476354559
1990-11-09,0.5322250045124056,0.5658111971065082
1990-11-12,0.5882945391413298,0.6254190138017437
1990-11-13,0.59927239065924,0.6370896253971098
1990-11-14,0.623353919605925,0.662690825276777
1990-11-15,0.5948626231469392,0.6324015783982994
1990-11-16,0.5513509916058849,0.5861441344195895
1990-11-19,0.5696761371122083,0.605625692836002
1990-11-20,0.5353551815601169,0.5691389047630536
1990-11-21,0.5405194259742101,0.5746290401180538
1990-11-23,0.5432906732759298,0.5775751676768308
1990-11-26,0.5504484100586472,0.5851845952371029
1990-11-27,0.5863454967206281,0.623346976569523
1990-11-28,0.5908875637002599,0.6281756718267814
1990-11-29,0.6038149550465829,0.6419188494511179
1990-11-30,0.6174465212464576,0.6564106390600143
1990-12-03,0.635845793207037,0.6759710016991977
1990-12-04,0.6461185086727838,0.6868919794547123
1990-12-05,0.679686058015079,0.7225778174297545
1990-12-06,0.6840590926586839,0.7272268135229635
1990-12-07,0.6822768367019076,0.7253320878563676
1990-12-10,0.6829111498667002,0.7260064295127513
1990-12-11,0.6529336336374086,0.6941371745920538
1990-12-12,0.6672567042159846,0.7093641061371616
1990-12-13,0.6669736685927753,0.7090632094798568
1990-12-14,0.6474928107632761,0.6883530072238226
1990-12-17,0.6364729605395413,0.6766377465837515
1990-12-18,0.6771223628964338,0.7198523396866979
1990-12-19,0.688763481831639,0.7322280743563271
1990-12-20,0.6997602281391392,0.7439187731017263
1990-12-21,0.7123280940402802,0.757279737337357
1990-12-24,0.6957933961966636,0.7397016132331314
1990-12-26,0.68870270865275,0.7321634660707192
1990-12-27,0.6738336531176738,0.7163560950512908
1990-12-28,0.6761357156812091,0.7188034298511304
1990-12-31,0.6870880559666502,0.7304469203212945
1991-01-02,0.6788810209899478,0.7217219783409432
1991-01-03,0.6441838241225712,0.6848352061500044
1991-01-04,0.6480929140665187,0.6889909801967503
1991-01-07,0.6035639662715349,0.641652021966377
1991-01-08,0.6008145754436326,0.6387291301396877
1991-01-09,0.5967139311689141,0.6343697136780126
1991-01-10,0.637460418249448,0.6776875180604716
1991-01-11,0.6382633442381317,0.6785411128953502
1991-01-14,0.6142770880242829,0.6530411979582555
1991-01-15,0.6288537569003217,0.6685377311850864
1991-01-16,0.7021338582780086,0.7464421917667178
1991-01-17,0.7672201857553298,0.8156358082878877
1991-01-18,0.791419452874291,0.8413621762367661
1991-01-21,0.823242690554723,0.8751936273243867
1991-01-22,0.7952955646605784,0.8454828910309293
1991-01-23,0.8382878578942203,0.8911882237278902
1991-01-24,0.883952622385722,0.9397346746527098
1991-01-25,0.8983513940432066,0.9550420844123253
1991-01-28,0.9128399276941086,0.9704449206184992
1991-01-29,0.9398623021197022,0.9991725487697035
1991-01-30,0.999748295413368,1.0628376627123377
1991-01-31,1.0404550469425502,1.1061132240214961
1991-02-01,1.067129593113317,1.1344710741284851
1991-02-04,1.099640835674105,1.16903394681725
1991-02-05,1.1644790578609772,1.237963801301298
1991-02-06,1.2432913323284396,1.3217495441451073
1991-02-07,1.1878664877415404,1.262827100818932
1991-02-08,1.2026439841565726,1.2785371348570485
1991-02-11,1.2733230075945636,1.3536763758222603
1991-02-12,1.25575507887384,1.3349998185469008
1991-02-13,1.287533116599438,1.3687832173251842
1991-02-14,1.2136751630457798,1.290264439060872
1991-02-15,1.2537648232691847,1.332883967362401
1991-02-19,1.2907000805597746,1.372150033341716
1991-02-20,1.24289129592971,1.3213242633489544
1991-02-21,1.2286500351717147,1.3061843042537038
1991-02-22,1.2546140124041176,1.3337867447909926
1991-02-25,1.2752556079441504,1.355730933402338
1991-02-26,1.2404210859795575,1.3186981701794296
1991-02-27,1.2684832130020396,1.348531164776314
1991-02-28,1.2739447794881964,1.3543373847874167
1991-03-01,1.3080704147086502,1.3906165267901387
1991-03-04,1.3228091870507868,1.4062853930630126
1991-03-05,1.4599728413508106,1.5521047942204242
1991-03-06,1.4754474717338475,1.5685559550407022
1991-03-07,1.4985110494820466,1.593074965655814
1991-03-08,1.468789855963514,1.5614782087549213
1991-03-11,1.3393143521028654,1.4238321207014724
1991-03-12,1.2676324618645034,1.3476267267745519
1991-03-13,1.3640927464918648,1.4501741618922301
1991-03-14,1.3431139246387902,1.427871466216654
1991-03-15,1.3240911248931906,1.407648227914959
1991-03-18,1.338951180167835,1.4234460307102605
1991-03-19,1.310389712333388,1.3930821842740473
1991-03-20,1.3444234292945638,1.4292636074926515
1991-03-21,1.294613087295861,1.3763099713507523
1991-03-22,1.2832187529715848,1.3641965946969121
1991-03-25,1.3360635074712424,1.4203761307028229
1991-03-26,1.474787260812302,1.5678540813431208
1991-03-27,1.5055601619740273,1.6005689141621982
1991-03-28,1.4768488163477826,1.5700457318584897
1991-04-01,1.470925670666818,1.563748804581551
1991-04-02,1.624540337669204,1.727057363730075
1991-04-03,1.6468635346658187,1.7507892716803046
1991-04-04,1.6843763174050295,1.7906693079967388
1991-04-05,1.6499115785779617,1.7540296631691314
1991-04-08,1.6529501677795246,1.7572600033054924
1991-04-09,1.6031926757284278,1.7043625522204178
1991-04-10,1.5694385906770636,1.6684784071535317
1991-04-11,1.6969292209950078,1.804014365720803
1991-04-12,1.7098836438541203,1.8177862806883336
1991-04-15,1.6922184081046237,1.7990062757997087
1991-04-16,1.75959839534398,1.8706382940583186
1991-04-17,1.7840805275103786,1.896665377324503
1991-04-18,1.6773276553826502,1.7831758383869538
1991-04-19,1.608105000382454,1.7095848703556147
1991-04-22,1.5601152080660647,1.6585666701410173
1991-04-23,1.57347971762776,1.6727745504355027
1991-04-24,1.6141485223422183,1.7160097702866628
1991-04-25,1.5680098131041604,1.66695946621301
1991-04-26,1.5557235199810018,1.6538978434762417
1991-04-29,1.4662642736953464,1.558793248983345
1991-04-30,1.4243770653230812,1.5142627378055133
1991-05-01,1.432822031289102,1.5232406254700275
1991-05-02,1.469442072315353,1.5621715833834666
1991-05-03,1.4785485414739037,1.571852718565632
1991-05-06,1.4814626216470113,1.5749506925000225
1991-05-07,1.4626837984694887,1.5549868269690152
1991-05-08,1.4771154315722341,1.570329171903649
1991-05-09,1.543966769363143,1.641399180157581
1991-05-10,1.4999906031617423,1.5946478869421017
1991-05-13,1.5039296281928378,1.5988354851371893
1991-05-14,1.454535852521381,1.54632470284525
1991-05-15,1.322944453178588,1.406429195193785
1991-05-16,1.3620316230908798,1.4479829707813123
1991-05-17,1.3577454492030123,1.4434263168136492
1991-05-20,1.3282138471703928,1.4120311156170096
1991-05-21,1.3681481841901666,1.4544855190051282
1991-05-22,1.4371401018678707,1.5278311889772827
1991-05-23,1.4605187727346205,1.5526851767413363
1991-05-24,1.4979998039554365,1.5925314578518324
1991-05-28,1.5617830222515157,1.6603397321595628
1991-05-29,1.577883704394566,1.6774564518934216
1991-05-30,1.6267847284535077,1.7294433873585686
1991-05-31,1.6569534141750655,1.7615158755703597
1991-06-03,1.6906002150070347,1.7972859662202383
1991-06-04,1.6932754384418152,1.8001300103018334
1991-06-05,1.6243975690627401,1.7269055856748394
1991-06-06,1.5681532949125856,1.6671120024769952
1991-06-07,1.5049201469025515,1.5998885107788776
1991-06-10,1.4675415569322583,1.56015113549975
1991-06-11,1.4812440458929328,1.5747183234680808
1991-06-12,1.4150658968679095,1.5043639857261972
1991-06-13,1.4063573130810212,1.4951058445720142
1991-06-14,1.4536140973132767,1.5453447800432116
1991-06-17,1.449142299225933,1.5405907880143395
1991-06-18,1.4144598626703369,1.5037197075883633
1991-06-19,1.3304766798349732,1.414436744905267
1991-06-20,1.3342589339712376,1.4184576791388277
1991-06-21,1.3292904050997574,1.4131756100049169
1991-06-24,1.1846805190739595,1.2594400807983308
1991-06-25,1.1856464495323575,1.2604669665409285
1991-06-26,1.2056729747640929,1.2817572706776776
1991-06-27,1.2452593516052062,1.3238417557726607
1991-06-28,1.2291231549403032,1.306687280364127
1991-07-01,1.299950789626137,1.3819845107273048
1991-07-02,1.2536982048618868,1.3328131449837761
1991-07-03,1.199245018502692,1.2749236766218257
1991-07-05,1.192231729454906,1.2674678122070804
1991-07-08,1.290359163170903,1.371787602275387
1991-07-09,1.3158769843936697,1.398915732015986
1991-07-10,1.3552741374570318,1.4407990523191936
1991-07-11,1.3625480200852524,1.448531955137723
1991-07-12,1.4176412449009086,1.5071018517436945
1991-07-15,1.4401497150916578,1.5310307245995114
1991-07-16,1.368332819252615,1.4546818055095683
1991-07-17,1.3506527998569036,1.435886084049021
1991-07-18,1.3938997981456278,1.4818621950275421
1991-07-19,1.4040405778844471,1.492642911218942
1991-07-22,1.362546952510979,1.4485308201939069
1991-07-23,1.2842387119433638,1.3652809184357981
1991-07-24,1.2618311488479648,1.3414593204429295
1991-07-25,1.3103072106838975,1.3929944763372424
1991-07-26,1.3551012898029084,1.4406152970704411
1991-07-29,1.360655073262067,1.44651955342979
1991-07-30,1.4323202416027445,1.5227071702194725
1991-07-31,1.4769166433960175,1.57011783914964
1991-08-01,1.5101223558059458,1.6054190063818121
1991-08-02,1.5296867282024849,1.6262179934126164
1991-08-05,1.4737805702125468,1.5667838632802071
1991-08-06,1.5149565329967885,1.6105582455385319
1991-08-07,1.5439757482879028,1.6414087256996424
1991-08-08,1.580387834399694,1.6801186056515105
1991-08-09,1.569307584854267,1.6683391341753808
1991-08-12,1.6039819519712972,1.7052016359388433
1991-08-13,1.6412978046138176,1.7448723148353706
1991-08-14,1.6797854137306887,1.7857886941928844
1991-08-15,1.6273526992165261,1.7300472000592497
1991-08-16,1.5866941836971378,1.6868229187053991
1991-08-19,1.4573232931728008,1.5492880456391267
1991-08-20,1.4926047196448302,1.5867959153906668
1991-08-21,1.6856192447899652,1.7919906706264992
1991-08-22,1.6580835349626983,1.7627173129141596
1991-08-23,1.696061903710474,1.8030923161611754
1991-08-26,1.693883489116419,1.8007764321669881
1991-08-27,1.6943655697681936,1.8012889346393821
1991-08-28,1.7484661026453399,1.8588034952327197
1991-08-29,1.724339239891835,1.8331541007449663
1991-08-30,1.7022358164302263,1.809655835193872
1991-09-03,1.646746860589467,1.7506652348570586
1991-09-04,1.6022255753927777,1.7033344227751699
1991-09-05,1.5830035376555442,1.6828993735183342
1991-09-06,1.5691866340358704,1.6682105507252092
1991-09-09,1.5915224127298795,1.6919558343440075
1991-09-10,1.506636522634781,1.6017131988328088
1991-09-11,1.5593595294548104,1.657763304241188
1991-09-12,1.6571914318319274,1.761768913391243
1991-09-13,1.5509422539650692,1.6488148544674144
1991-09-16,1.5348515851435216,1.6317087799482266
1991-09-17,1.526067352283376,1.6223702158670168
1991-09-18,1.5737880424618487,1.673102332185691
1991-09-19,1.6145810401976193,1.7164695822899678
1991-09-20,1.6671640947463455,1.77237090370381
1991-09-23,1.6354454542556998,1.7386506504379098
1991-09-24,1.6773418891099319,1.7831909703371702
1991-09-25,1.7053104947983702,1.8129245419127356
1991-09-26,1.685427655613592,1.7917869911670279
1991-09-27,1.649900436205193,1.7540178176541303
1991-09-30,1.6766854026197775,1.7824930561021586
1991-10-01,1.6904541647879006,1.7971306994653407
1991-10-02,1.6313983133017225,1.7343481136374708
1991-10-03,1.5507468715165893,1.648607142360447
1991-10-04,1.5517137197176825,1.6496350037601233
1991-10-07,1.5240535692640136,1.6202293525643954
1991-10-08,1.5418166652974015,1.6391133932347068
1991-10-09,1.4829852849068377,1.5765694438073226
1991-10-10,1.5241570782163152,1.6203393934751311
1991-10-11,1.5624663105319905,1.661066139518605
1991-10-14,1.6560160010035412,1.7605193067051863
1991-10-15,1.761498300629253,1.8726580933438368
1991-10-16,1.8389003818993872,1.9549446523943879
1991-10-17,1.7417900646573126,1.8517061641905699
1991-10-18,1.752442963616339,1.8630313170142023
1991-10-21,1.7112099116081936,1.8191962429021593
1991-10-22,1.709030892467112,1.8168797162108534
1991-10-23,1.6827863951449455,1.7889790532930754
1991-10-24,1.6174762048823763,1.7195474470693646
1991-10-25,1.5706319675219318,1.6697470923439475
1991-10-28,1.6270508318661652,1.7297262832939215
1991-10-29,1.6894726937906202,1.7960872924942508
1991-10-30,1.7696116966768074,1.8812834872868964
1991-10-31,1.7288278333020788,1.8379259479698096
1991-11-01,1.683635259069127,1.7898814849884106
1991-11-04,1.6293243030837514,1.732143222483745
1991-11-05,1.6645387592235221,1.7695798957233877
1991-11-06,1.6702714393285851,1.7756743380464162
1991-11-07,1.729078678147134,1.8381926224418195
1991-11-08,1.7755920067427706,1.8876411863217077
1991-11-11,1.8160678480186576,1.9306712657280367
1991-11-12,1.8905230799106194,2.009825013730216
1991-11-13,1.905824244497685,2.026091762151897
1991-11-14,1.8711707883857498,1.9892514909877583
1991-11-15,1.5620971347782697,1.660673666836217
1991-11-18,1.628352642781778,1.7311102453143539
1991-11-19,1.556443992946669,1.654663782069376
1991-11-20,1.5690466010418977,1.668061680913979
1991-11-21,1.624459570906741,1.7269715001607804
1991-11-22,1.5849794822893772,1.685000010634604
1991-11-25,1.5293007242516037,1.625807630585459
1991-11-26,1.5466109669309087,1.6442102404770307
1991-11-27,1.5637189925385468,1.662397872337835
1991-11-29,1.5557826347038597,1.6539606886485345
1991-12-02,1.7047975187536628,1.8123791943858787
1991-12-03,1.7042063754228474,1.8117507468066887
1991-12-04,1.7236168682849846,1.8323861436964213
1991-12-05,1.7091757915871093,1.817033759226215
1991-12-06,1.7397660067379221,1.849554377587774
1991-12-09,1.7323746340086434,1.8416965704258483
1991-12-10,1.7412610396237558,1.851143754899391
1991-12-11,1.7142117184470347,1.822387479515561
1991-12-12,1.7680358350586074,1.8796081805254559
1991-12-13,1.826872185358247,1.9421574134892765
1991-12-16,1.8566966637543951,1.97386397308593
1991-12-17,1.7797594468373252,1.892071613770208
1991-12-18,1.7918205225547013,1.9048938067002317
1991-12-19,1.6997818803466858,1.807047042857401
1991-12-20,1.7212665545703858,1.829887512844511
1991-12-23,1.8508887589913228,1.9676895590339534
1991-12-24,1.919349497210303,2.0404705293342196
1991-12-26,2.0420504958512953,2.170914605314505
1991-12-27,2.1014746592507345,2.234088745471435
1991-12-30,2.298646667268618,2.443703342580978
1991-12-31,2.3844529833890062,2.5349244878329853
1992-01-02,2.437528583959153,2.5913494375086477
1992-01-03,2.4683363857057006,2.624101373322719
1992-01-06,2.5128819431885274,2.6714579893994586
1992-01-07,2.5731618168175165,2.7355418395949114
1992-01-08,2.6774477067195317,2.8464087167737366
1992-01-09,2.8167898565695695,2.9945440879900405
1992-01-10,2.7379497665376533,2.910728774273596
1992-01-13,2.763912867888262,2.93833028365635
1992-01-14,2.865503119761784,3.0463314138918034
1992-01-15,2.9373355001344623,3.1226967946707664
1992-01-16,2.8446728637709433,3.0241866593645144
1992-01-17,2.7902638421047112,2.9663441427195694
1992-01-20,2.599303104697875,2.7633327800131315
1992-01-21,2.2838607237004287,2.4279843283299822
1992-01-22,2.6645225686754292,2.8326679346468224
1992-01-23,2.6575354650040888,2.8252399080432804
1992-01-24,2.641923029955419,2.808642246359331
1992-01-27,2.526461270783684,2.685894243873364
1992-01-28,2.5333230430407507,2.6931890299922534
1992-01-29,2.452789164768416,2.607573041103033
1992-01-30,2.4754514748156367,2.6316654619181055
1992-01-31,2.472677335859701,2.628716260226547
1992-02-03,2.5386454842809814,2.6988473452238404
1992-02-04,2.660858016228452,2.828772129697216
1992-02-05,2.750302182448832,2.9238606924935304
1992-02-06,2.7068334839540236,2.8776488908617335
1992-02-07,2.6527884807388857,2.820193364143673
1992-02-10,2.615434081432365,2.7804817060862317
1992-02-11,2.5952629068018203,2.7590376244140287
1992-02-12,2.85552254902097,3.0357210167274693
1992-02-13,2.7057333527039207,2.8764793355527623
1992-02-14,2.632098392639855,2.7981976228382144
1992-02-18,2.4451587949489335,2.5994611548794944
1992-02-19,2.4334270592701883,2.586989085073963
1992-02-20,2.5893111603732764,2.7527102915321504
1992-02-21,2.521772467833398,2.6809095528351654
1992-02-24,2.4448337010436116,2.5991155458416197
1992-02-25,2.429870986885716,2.5832086058484536
1992-02-26,2.6329111091636572,2.799061626042389
1992-02-27,2.6220568800179955,2.787522438040124
1992-02-28,2.5865537505281773,2.7497788746461698
1992-03-02,2.602198666237657,2.7664110666911883
1992-03-03,2.579952436910604,2.742760983474641
1992-03-04,2.4869810376100743,2.643922600668683
1992-03-05,2.3964098596196,2.5476359057414397
1992-03-06,2.298935168049201,2.4440100492757844
1992-03-09,2.304309756236079,2.449723802200185
1992-03-10,2.4484409007208554,2.602950378760553
1992-03-11,2.3333634492299162,2.4806109357881088
1992-03-12,2.3277042146985556,2.474594573840159
1992-03-13,2.3607440106731694,2.5097193544386913
1992-03-16,2.397556258811087,2.5488546487418575
1992-03-17,2.4951235365568265,2.6525789340567036
1992-03-18,2.487436324855762,2.6444066189303688
1992-03-19,2.484558854732061,2.641347565331748
1992-03-20,2.4466520671722103,2.601048660421501
1992-03-23,2.406023047756744,2.5578557365306196
1992-03-24,2.3601108200966694,2.5090462062118166
1992-03-25,2.3740608285011007,2.5238765334005744
1992-03-26,2.280908296553593,2.4248455875264536
1992-03-27,2.093452987993334,2.22556086463445
1992-03-30,2.056183201377785,2.185939158773097
1992-03-31,2.068550089431571,2.199086462403834
1992-04-01,2.0841324881657712,2.215652192324145
1992-04-02,1.9624492564238296,2.086290109678718
1992-04-03,1.9377455639277161,2.0600274844625606
1992-04-06,2.0867994431444,2.2184874461665864
1992-04-07,1.8620945767702066,1.9796025227584517
1992-04-08,1.823589377767564,1.9386674435010065
1992-04-09,1.975528176446673,2.100194378234768
1992-04-10,1.853053762253505,1.969991185370801
1992-04-13,1.9261050788652494,2.047652423666369
1992-04-14,1.9870882250156414,2.1124839265723363
1992-04-15,2.088750424750682,2.220561544957181
1992-04-16,1.9563539957349918,2.0798102060331036
1992-04-20,1.7465250935303094,1.8567399982499435
1992-04-21,1.7073601724164975,1.8151035649517946
1992-04-22,1.7721195442495028,1.8839495932105892
1992-04-23,1.7365395903867118,1.8461243574223092
1992-04-24,1.6729060751332367,1.7784752332052889
1992-04-27,1.6032678706173957,1.7044424923017423
1992-04-28,1.5218080211468146,1.6178420985692243
1992-04-29,1.6504364045180475,1.7545876083819933
1992-04-30,1.7294429951172428,1.8385799297258367
1992-05-01,1.7220902625547851,1.830763201128165
1992-05-04,1.7756683313934216,1.88772232745861
1992-05-05,1.8443006893325213,1.9606857475845412
1992-05-06,1.849267422394887,1.9659659075843523
1992-05-07,1.8064399435228091,1.92043578990064
1992-05-08,1.7802360264832018,1.8925782680943448
1992-05-11,1.7902409292423942,1.9032145327551888
1992-05-12,1.7573180245265467,1.8682140198676682
1992-05-13,1.7345039197140102,1.8439602252404867
1992-05-14,1.662768013257575,1.7676974063884838
1992-05-15,1.6368759690690158,1.7401714382478384
1992-05-18,1.6613386794635252,1.7661778741263403
1992-05-19,1.6905355123018204,1.7972171804345605
1992-05-20,1.7416623206969652,1.8515703589155195
1992-05-21,1.7136160645558298,1.8217542367359354
1992-05-22,1.7201047970125412,1.8286524422841681
1992-05-26,1.6776614287425786,1.7835306745985988
1992-05-27,1.7126911897667252,1.8207709974909543
1992-05-28,1.776962394998883,1.8890980532729373
1992-05-29,1.832718260909569,1.9483724071066828
1992-06-01,1.8960613606613257,2.0157127890788025
1992-06-02,1.8639953078590592,1.9816231999600935
1992-06-03,1.8649143669437713,1.9826002564991958
1992-06-04,1.8392116087649657,1.9552755193094944
1992-06-05,1.791312556972588,1.9043537858224684
1992-06-08,1.7386927325490276,1.8484133741616047
1992-06-09,1.6474503748057567,1.7514131445146772
1992-06-10,1.6100682021056294,1.7116719604166493
1992-06-11,1.6088642068958734,1.7103919867867619
1992-06-12,1.6325452403908838,1.73556741784868
1992-06-15,1.6277833661947874,1.7305050443853507
1992-06-16,1.5520795395928533,1.6500239087904045
1992-06-17,1.4609659978036142,1.5531606240606441
1992-06-18,1.4383509556933705,1.5291184540375842
1992-06-19,1.5105013546352335,1.6058219220274204
1992-06-22,1.4850176425410042,1.5787300538804827
1992-06-23,1.5174718719738425,1.613232315613538
1992-06-24,1.4837307364224894,1.5773619372281138
1992-06-25,1.4221653540187715,1.5119114559038083
1992-06-26,1.4035095712369614,1.4920783952635899
1992-06-29,1.5590895923763783,1.6574763327156201
1992-06-30,1.5650741241376849,1.6638385198569192
1992-07-01,1.639108203119491,1.742544537988762
1992-07-02,1.5554575459895958,1.6536150851293017
1992-07-06,1.5783314658800793,1.6779324694799482
1992-07-07,1.481480484818251,1.574969682931171
1992-07-08,1.5001665261536083,1.5948349115985585
1992-07-09,1.5694437825676868,1.6684839266797178
1992-07-10,1.5787084400981606,1.67833323275075
1992-07-13,1.6114656759391428,1.7131576221874443
1992-07-14,1.6782664283237057,1.7841738528302569
1992-07-15,1.6797883494314343,1.785791815151765
1992-07-16,1.7097326419464742,1.817625749767378
1992-07-17,1.6142955791466025,1.7161661071476264
1992-07-20,1.5327313679646093,1.6294547659316843
1992-07-21,1.603207949970876,1.7043787903477736
1992-07-22,1.5404535891119513,1.6376642997841977
1992-07-23,1.5600147968031406,1.6584599224001262
1992-07-24,1.5736231497930682,1.672927033923631
1992-07-27,1.5481760826728679,1.6458741232410128
1992-07-28,1.623031123650564,1.7254529103817056
1992-07-29,1.6753939402157958,1.7811200956387856
1992-07-30,1.6880086650805837,1.7945308758847343
1992-07-31,1.6865130637483265,1.7929408942547398
1992-08-03,1.7158584597106379,1.8241381388002331
1992-08-04,1.687431782524164,1.7939175890096903
1992-08-05,1.6135194810147526,1.715341033148226
1992-08-06,1.5807408323170626,1.6804938795911228
1992-08-07,1.5605649749668067,1.6590448196950045
1992-08-10,1.5739079334219765,1.6732297888949739
1992-08-11,1.5464261419737477,1.6440137520945246
1992-08-12,1.521805170746432,1.6178390682936101
1992-08-13,1.5258987031005102,1.6221909240351065
1992-08-14,1.5396466760128777,1.6368064662313264
1992-08-17,1.5106799507117792,1.6060117884542362
1992-08-18,1.510754309257034,1.6060908394141666
1992-08-19,1.4779424195100388,1.5712083471229927
1992-08-20,1.4937010540795759,1.5879614342852963
1992-08-21,1.4370575504603285,1.5277434281424336
1992-08-24,1.3638032237993374,1.449866368797469
1992-08-25,1.3824021000724365,1.4696389318294503
1992-08-26,1.4402091793405538,1.531093941354772
1992-08-27,1.486968571621688,1.5808040968308374
1992-08-28,1.481383997650862,1.5748671069168485
1992-08-31,1.4825003901823777,1.5760539496794812
1992-09-01,1.522034117516266,1.6180824628068613
1992-09-02,1.5907543264037982,1.6911392777373924
1992-09-03,1.6149439750924803,1.716855420282533
1992-09-04,1.586230819311292,1.6863303135935985
1992-09-08,1.5757306822699086,1.6751675627667928
1992-09-09,1.6401838704160179,1.7436880855402226
1992-09-10,1.715952450171946,1.8242380605532107
1992-09-11,1.7212264768421253,1.8298449060011424
1992-09-14,1.8750190761207157,1.9933426258868536
1992-09-15,1.7918622132233943,1.904938128269045
1992-09-16,1.7667674054929998,1.8782597063935067
1992-09-17,1.7790326728697063,1.8912989765488117
1992-09-18,1.7894283823169592,1.902350709851929
1992-09-21,1.7775423887724857,1.889714647699306
1992-09-22,1.6934707654126318,1.8003376634302068
1992-09-23,1.7175190375866185,1.8259035078601813
1992-09-24,1.7447222904965536,1.8548234288779146
1992-09-25,1.6233537742484294,1.7257959219265926
1992-09-28,1.5855720024511295,1.6856299219299937
1992-09-29,1.6277313225454362,1.7304497165084352
1992-09-30,1.6667658870594864,1.7719475670208515
1992-10-01,1.5996738872081868,1.7006217096667584
1992-10-02,1.5267417590015764,1.6230871811905683
1992-10-05,1.5153698367891675,1.6109976309705443
1992-10-06,1.5786080376267722,1.6782264943561858
1992-10-07,1.5381435713827865,1.6352085078060032
1992-10-08,1.5822525683466508,1.6821010141025758
1992-10-09,1.5395895870388838,1.636745774643289
1992-10-12,1.5762227981409216,1.6756907337334557
1992-10-13,1.606513456303407,1.7078928914876963
1992-10-14,1.5972404798602715,1.6980347415369292
1992-10-15,1.6359107542606817,1.739145313316582
1992-10-16,1.7019160050739923,1.8093158420616742
1992-10-19,1.8043466663827317,1.9182104159808486
1992-10-20,1.8134225446029497,1.9278590297758338
1992-10-21,1.8577701254819288,1.9750051758854121
1992-10-22,1.8572684454349677,1.9744718371930756
1992-10-23,1.8451482085194835,1.961586749682677
1992-10-26,1.8736515806559633,1.9918888342773102
1992-10-27,1.8169634895267286,1.9316234269184431
1992-10-28,1.8623309955985523,1.9798538608563454
1992-10-29,1.9369079733588892,2.0591370375305034
1992-10-30,1.901979760021656,2.022004670517351
1992-11-02,1.9213973169550342,2.0426475772583146
1992-11-03,1.8442684149927229,1.9606514365644239
1992-11-04,1.8738141525486112,1.9920616653100789
1992-11-05,2.022605953671189,2.1502430104160415
1992-11-06,2.051438721675421,2.1808952774873984
1992-11-09,2.0948216050020037,2.2270158485632234
1992-11-10,2.1639843766176634,2.3005431542540036
1992-11-11,2.2282195912701552,2.3688319482617506
1992-11-12,2.206831316022465,2.346093960532245
1992-11-13,2.2379904474503225,2.379219396775412
1992-11-16,2.162505382157108,2.298970827476521
1992-11-17,2.0409469128786966,2.1697413804612227
1992-11-18,2.149989970941739,2.2856656280927834
1992-11-19,2.194717374346296,2.33321556552382
1992-11-20,2.232544995224567,2.3734303079191608
1992-11-23,2.1284120026510824,2.2627259766931878
1992-11-24,2.2488465748898556,2.3907606028638604
1992-11-25,2.241649785155515,2.383109657905644
1992-11-27,2.2338936124607773,2.3748640299848085
1992-11-30,2.2643361213709623,2.407227621066324
1992-12-01,2.2963022945625373,2.441211027646421
1992-12-02,2.2736670894268687,2.417147422205152
1992-12-03,2.3350032540125856,2.4823542208634763
1992-12-04,2.4051116677706283,2.556886843681561
1992-12-07,2.473062735103296,2.629125980186215
1992-12-08,2.445991159041884,2.6003460455176053
1992-12-09,2.3885998828796384,2.539333078457593
1992-12-10,2.3221188379060353,2.4686567304422127
1992-12-11,2.249045406983452,2.3909719823066653
1992-12-14,2.2192708111983466,2.359318453175754
1992-12-15,2.171286741387468,2.3083063365868153
1992-12-16,2.207844878096304,2.3471714836953397
1992-12-17,2.3565983316139048,2.505312061261081
1992-12-18,2.3762223371405615,2.5261744445856578
1992-12-21,2.4037166557783145,2.555403799107073
1992-12-22,2.3283638449628468,2.475295830237966
1992-12-23,2.3439922527062502,2.4919104725775623
1992-12-24,2.3638277672543357,2.512997712253492
1992-12-28,2.392494597828728,2.5434735703718196
1992-12-29,2.406190334832049,2.558033580298832
1992-12-30,2.4074950114933324,2.559420588908535
1992-12-31,2.4113077843895123,2.563473967796021
1993-01-04,2.3334819618607985,2.480736927188332
1993-01-05,2.408238153098528,2.5602106266513887
1993-01-06,2.5421085506902545,2.7025289493087254
1993-01-07,2.479427327129599,2.6358922113909964
1993-01-08,2.5093493352782597,2.6677024553796924
1993-01-11,2.6165234299944156,2.7816397982629146
1993-01-12,2.5538252021769927,2.7149849830305244
1993-01-13,2.7179999143436553,2.8895199816458903
1993-01-14,2.835745286432195,3.0146957050153755
1993-01-15,2.787367154914805,2.9632646593569554
1993-01-18,2.775389939923276,2.9505316192049476
1993-01-19,2.713878401591097,2.88513837979584
1993-01-20,2.706242819272883,2.8770209521375283
1993-01-21,2.782893823030414,2.9585090367403875
1993-01-22,2.748049789431042,2.9214661616485977
1993-01-25,2.817264145049578,2.995048306563713
1993-01-26,2.778593307622997,2.953937136227982
1993-01-27,2.6285603911092585,2.794436354832356
1993-01-28,2.586083856573649,2.749279327915615
1993-01-29,2.5825928687083657,2.7455680403842266
1993-02-01,2.6840660322917085,2.8534446934435387
1993-02-02,2.7248640605715924,2.8968172915456787
1993-02-03,2.70390117311038,2.8745315358057653
1993-02-04,2.6532155080152777,2.820647339083605
1993-02-05,2.540335485525327,2.7006439944212066
1993-02-08,2.4714264298954247,2.627386415527194
1993-02-09,2.4139337491985042,2.566265644773875
1993-02-10,2.4995201631360358,2.657253010860541
1993-02-11,2.478365928102595,2.634763832511792
1993-02-12,2.3729042693082008,2.522646989249304
1993-02-16,2.089878603554986,2.2217609177683086
1993-02-17,2.071121099130932,2.2018197163160624
1993-02-18,2.1126562665748745,2.245975970934364
1993-02-19,2.104957878243525,2.237791773873683
1993-02-22,1.966595903333808,2.0906984317835087
1993-02-23,1.9810400105332473,2.106054037995841
1993-02-24,2.1347930171667464,2.269509666732648
1993-02-25,2.1618949843546402,2.2983219103674095
1993-02-26,2.1511316831106138,2.2868793882948513
1993-03-01,2.1124720226634603,2.2457801002646414
1993-03-02,2.240580206873705,2.381972583617704
1993-03-03,2.310223028226977,2.4560102327053674
1993-03-04,2.2237728450042296,2.36410458895578
1993-03-05,2.22331778242395,2.363620809537069
1993-03-08,2.2948962618849724,2.4397162669235715
1993-03-09,2.2929824928696454,2.4376817290338315
1993-03-10,2.327436868875542,2.4743103570918348
1993-03-11,2.3354533170300713,2.4828326852207283
1993-03-12,2.3520081759207963,2.500432242640004
1993-03-15,2.3832279841301784,2.533622184688235
1993-03-16,2.3682004058225137,2.517646287276836
1993-03-17,2.21158326042528,2.3511457775801947
1993-03-18,2.2075859640487048,2.3468962308117343
1993-03-19,2.1329889829062196,2.267591788436973
1993-03-22,2.0929707226613488,2.2250481658275576
1993-03-23,2.068922935942642,2.1994828374876407
1993-03-24,2.074484978957096,2.205395874623596
1993-03-25,2.1782716258799226,2.315732003969632
1993-03-26,2.1452804046153076,2.280658863400374
1993-03-29,2.121577695919817,2.2554603893190053
1993-03-30,2.2348957722778815,2.3759294313488946
1993-03-31,2.265641374386289,2.4086152424010376
1993-04-01,2.168346661702257,2.3051807224345806
1993-04-02,1.9257571470221146,2.047282535496881
1993-04-05,1.9844837197800735,2.1097150633796793
1993-04-06,1.9118163152833936,2.0324619640696278
1993-04-07,1.9888365260948533,2.114342554630291
1993-04-08,1.9251841204503868,2.046673347939411
1993-04-12,2.0501116500057406,2.179484460626669
1993-04-13,1.9938399362233739,2.1196617062117293
1993-04-14,2.0035652908876114,2.1300007818248696
1993-04-15,1.957547018397008,2.081078514689871
1993-04-16,1.9011539697227473,2.0211267685142076
1993-04-19,1.8467097690781347,1.963246852912615
1993-04-20,1.8721365016352152,1.9902781458144
1993-04-21,1.8900014706100159,2.009270488143681
1993-04-22,1.8604727558496408,1.9778783564213256
1993-04-23,1.7800622664112162,1.8923935428493717
1993-04-26,1.6770610517969247,1.7828924107149864
1993-04-27,1.7887509302306641,1.9016305069815655
1993-04-28,1.8690078563925367,1.9869520666278284
1993-04-29,1.8568482010809988,1.974025073213592
1993-04-30,1.871777806858222,1.9898968155134071
1993-05-03,1.953846567404463,2.0771445458079607
1993-05-04,2.09406853226359,2.2262152529804946
1993-05-05,2.129742427400805,2.264140358230917
1993-05-06,2.0634088000427386,2.1936207306567304
1993-05-07,2.089041536371679,2.2208710272501424
1993-05-10,2.1166507107214985,2.2502224854821833
1993-05-11,2.082665646568157,2.214092785319072
1993-05-12,2.045428686313526,2.174505977334388
1993-05-13,1.9875820314155677,2.113008894749164
1993-05-14,2.0224287908787124,2.150054667721044
1993-05-17,2.0711982169366863,2.201901700660317
1993-05-18,2.128832722926163,2.2631732466269026
1993-05-19,2.2833941314354043,2.4274882916428746
1993-05-20,2.3908259510692442,2.5416996232394466
1993-05-21,2.3163486629991743,2.4625224271985
1993-05-24,2.323149908446745,2.4697528669483773
1993-05-25,2.3054708928348666,2.450958212615694
1993-05-26,2.4577665021690054,2.6128644746304945
1993-05-27,2.424727906862729,2.5777409704687773
1993-05-28,2.333351310702236,2.4805980312555906
1993-06-01,2.4162365043414025,2.5687137158584705
1993-06-02,2.4180443609897186,2.5706356577546763
1993-06-03,2.4046700163343293,2.556417321720439
1993-06-04,2.336865232611977,2.4843337000900734
1993-06-07,2.254489159143709,2.3967592638143573
1993-06-08,2.186256825986143,2.3242211121342766
1993-06-09,2.176254972256562,2.313588088912824
1993-06-10,2.1624806126022835,2.2989444948327167
1993-06-11,2.2250021859226856,2.3654115077416797
1993-06-14,2.2987147787108717,2.443775752212903
1993-06-15,2.294372604537437,2.439159564047586
1993-06-16,2.2564630996178328,2.3988577702979152
1993-06-17,2.2366965408048047,2.377843837826024
1993-06-18,2.1240533333494684,2.258092252470483
1993-06-21,2.1213001596468932,2.2551653390498645
1993-06-22,2.0906312641259635,2.222561075173669
1993-06-23,2.06731184055201,2.197770073517705
1993-06-24,2.11677668331329,2.250356407606022
1993-06-25,2.1938051041861617,2.332245726326085
1993-06-28,2.305812901199564,2.451321803504151
1993-06-29,2.25791127619377,2.40039733442043
1993-06-30,2.2598365450305904,2.402444097830787
1993-07-01,2.214358791745095,2.3540964595011022
1993-07-02,2.2221092667466795,2.362336030174427
1993-07-06,2.1584013191254914,2.294607776516433
1993-07-07,2.1047368634852757,2.2375568119235965
1993-07-08,2.1537059451881144,2.289616099827353
1993-07-09,2.1841551053148827,2.3219867618521453
1993-07-12,2.1904749762219624,2.3287054498002426
1993-07-13,2.173262495692697,2.310406771363745
1993-07-14,2.203875655402,2.3429517822059207
1993-07-15,2.1432448273189157,2.278494830487394
1993-07-16,1.9745916493242348,2.0991987513330317
1993-07-19,1.9396884813191455,2.062093010143999
1993-07-20,2.050412356727596,2.1798041435217375
1993-07-21,1.9953546136798268,2.1212719677695278
1993-07-22,1.9216179718058473,2.0428821565889113
1993-07-23,2.0010023692909105,2.127276126417053
1993-07-26,2.0543886880957323,2.1840314022796354
1993-07-27,1.9774472913394274,2.102234599354874
1993-07-28,2.0572661375967947,2.1870904339542205
1993-07-29,2.0652318359402537,2.1955588096924687
1993-07-30,1.986781262412643,2.112157593017173
1993-08-02,2.02607375599342,2.1539296492748585
1993-08-03,2.041828414034365,2.1706785089687344
1993-08-04,2.1076109198533524,2.2406122363406875
1993-08-05,2.146852538016488,2.282330206674722
1993-08-06,2.1588408800606804,2.295075076054847
1993-08-09,2.14260253882464,2.2778120102163575
1993-08-10,2.076772811798682,2.2078280817313067
1993-08-11,2.094669652390239,2.2268543069437245
1993-08-12,2.0878579669717965,2.2196127684059914
1993-08-13,2.1051128267048176,2.2379565003965425
1993-08-16,2.2818057159474687,2.425799638796594
1993-08-17,2.34642214696031,2.494493705918864
1993-08-18,2.3763852873214533,2.526347677778643
1993-08-19,2.269914634555029,2.4131581677260807
1993-08-20,2.2799061998524204,2.4237802532612465
1993-08-23,2.2717580592498248,2.4151179221992733
1993-08-24,2.2800039623943027,2.423884185132891
1993-08-25,2.2227239926440094,2.3629895485039154
1993-08-26,2.1620815285564254,2.298520226487902
1993-08-27,2.1935497516722102,2.331974259727601
1993-08-30,2.2428177052062157,2.384351279844501
1993-08-31,2.3026396475986552,2.4479483009376986
1993-09-01,2.3294798083454022,2.476482216770084
1993-09-02,2.3358795045344194,2.4832857673945856
1993-09-03,2.3186217531670303,2.4649389612923533
1993-09-07,2.1867044573864547,2.3246969914265407
1993-09-08,2.1527820656063725,2.288633918592546
1993-09-09,2.2128645209724405,2.3525078923960088
1993-09-10,2.2538467728029787,2.396076339522241
1993-09-13,2.1971692928872786,2.3358222130002035
1993-09-14,2.135192836006743,2.269934716240967
1993-09-15,2.1890887411057793,2.327231735968859
1993-09-16,2.159745278463709,2.296036546746266
1993-09-17,2.1665488954047163,2.303269507643269
1993-09-20,2.188007450740524,2.3260822105035057
1993-09-21,2.1545806039017585,2.2905459540988202
1993-09-22,2.301200220359733,2.4464180382813097
1993-09-23,2.356625964850359,2.5053414382998627
1993-09-24,2.373728781258533,2.523523532233362
1993-09-27,2.4566496044874713,2.6116770948402257
1993-09-28,2.5231465454827373,2.6823703419997083
1993-09-29,2.538945245542857,2.6991660229954415
1993-09-30,2.4554807628013866,2.610434493105951
1993-10-01,2.4560815920248724,2.611073237808501
1993-10-04,2.48343681835868,2.640154722571193
1993-10-05,2.4236461146594883,2.576590911496827
1993-10-06,2.406129759773159,2.5579691826356354
1993-10-07,2.358912485448085,2.5077722503542366
1993-10-08,2.419889461142647,2.572597193416209
1993-10-11,2.406114032001327,2.5579524623588115
1993-10-12,2.4411302808710738,2.5951784204088697
1993-10-13,2.5114080424107335,2.6698910777428675
1993-10-14,2.621030016677648,2.7864307742307575
1993-10-15,2.629047787641679,2.7949545086453784
1993-10-18,2.5754804411078887,2.73800678125352
1993-10-19,2.4330814436498707,2.586621659293115
1993-10-20,2.4547503817056615,2.609658021127723
1993-10-21,2.519219085218385,2.6781950383688744
1993-10-22,2.534250937125604,2.694175479066401
1993-10-25,2.517609410560908,2.6764837847878193
1993-10-26,2.4616646107392532,2.6170085743211966
1993-10-27,2.5689235585052197,2.7310361249272512
1993-10-28,2.5477919675533616,2.7085710196205404
1993-10-29,2.580685240306802,2.743540030613223
1993-11-01,2.6594918848413642,2.827319788245802
1993-11-02,2.6640194816891447,2.832133100229904
1993-11-03,2.513285903887066,2.671887442139345
1993-11-04,2.3086302331968973,2.454316923944835
1993-11-05,2.4206859879677936,2.573443985266728
1993-11-08,2.4424750418147885,2.5966080428297147
1993-11-09,2.461531121492937,2.6168666612024616
1993-11-10,2.5955863713949965,2.759381501321606
1993-11-11,2.6274780500269297,2.7932857123441632
1993-11-12,2.636449945376235,2.802823781403048
1993-11-15,2.553971837702428,2.7151408720276238
1993-11-16,2.596869675646973,2.760745788810744
1993-11-17,2.445453130064991,2.599774064086983
1993-11-18,2.3671192267179055,2.5164968800932592
1993-11-19,2.344077835069285,2.492001455637112
1993-11-22,2.209953550803396,2.349413224723269
1993-11-23,2.3482396532992227,2.4964259064518166
1993-11-24,2.417564510296906,2.5701255259633657
1993-11-26,2.4404663641601854,2.594472607067178
1993-11-29,2.3799266254873523,2.530112492979016
1993-11-30,2.4453488739691607,2.599663228884038
1993-12-01,2.5614429574713538,2.723083458686164
1993-12-02,2.6231317301667527,2.7886651168775
1993-12-03,2.7332565375101763,2.905739377849494
1993-12-06,2.6753575911867986,2.8441867039753146
1993-12-07,2.6333867785622513,2.7995673126778606
1993-12-08,2.588786956272269,2.75215300739968
1993-12-09,2.4387788281610603,2.5926785786849513
1993-12-10,2.432080290656537,2.5855573282886657
1993-12-13,2.446325722204397,2.6007017213725225
1993-12-14,2.3514205059206925,2.49980748757693
1993-12-15,2.389217472895447,2.5399896416464736
1993-12-16,2.4110182156345257,2.563166125732015
1993-12-17,2.463286348023611,2.6187326517442298
1993-12-20,2.475066478484079,2.6312561702963406
1993-12-21,2.450775399517118,2.6054321966897334
1993-12-22,2.447562739915712,2.602016801397224
1993-12-23,2.482541661208453,2.639203076304154
1993-12-27,2.5103030239621833,2.668716326827561
1993-12-28,2.56478386302687,2.726635192925929
1993-12-29,2.575976765843973,2.73853442668674
1993-12-30,2.620523179194624,2.785891952641058
1993-12-31,2.630183094100212,2.796161458903142
1994-01-03,2.574386204338758,2.7368434923982212
1994-01-04,2.625038510786756,2.790692225367473
1994-01-05,2.680684657110235,2.8498499357319016
1994-01-06,2.742305696556308,2.9153595863502
1994-01-07,2.7525359466816948,2.9262354189793847
1994-01-10,2.8354127564359723,3.014342190630214
1994-01-11,2.8119447413895085,2.9893932205995437
1994-01-12,2.823362542342627,3.0015315447497337
1994-01-13,2.812204853990719,2.9896697476717886
1994-01-14,2.888341164817145,3.070610659516845
1994-01-17,2.866694569188654,3.0475980500340234
1994-01-18,2.868610974476017,3.049635390558409
1994-01-19,2.7714747141942,2.9463693221728096
1994-01-20,2.875456448347988,3.056912849778518
1994-01-21,2.8752763710891527,3.0567214086990324
1994-01-24,2.82437973114575,3.0026129235077765
1994-01-25,2.7660285774788864,2.940579505632115
1994-01-26,2.7791396829606123,2.9545179907185144
1994-01-27,2.833852784198626,3.012683775952997
1994-01-28,2.88614991970246,3.068281135328802
1994-01-31,2.915560941645203,3.099548147198706
1994-02-01,2.834451722893442,3.013320510824591
1994-02-02,2.865371324255249,3.0461913013967243
1994-02-03,2.827823791692595,3.0062743223605097
1994-02-04,2.566351248900343,2.728301489078645
1994-02-07,2.6065188440950084,2.7710038704573714
1994-02-08,2.641219677458943,2.8078945086268967
1994-02-09,2.68825522207365,2.857898243098909
1994-02-10,2.6349974509145846,2.801279626913557
1994-02-11,2.643922680258684,2.8107680850972563
1994-02-14,2.707344989781308,2.87819267539273
1994-02-15,2.7695467981294892,2.9443197444805818
1994-02-16,2.777523011298865,2.952799298585477
1994-02-17,2.748613662053687,2.922065617594728
1994-02-18,2.7583714687308025,2.93243919311317
1994-02-22,2.8085166767213554,2.9857488270494468
1994-02-23,2.7748863052864188,2.9499962025778275
1994-02-24,2.648906967924681,2.816066907488371
1994-02-25,2.719791424772541,2.8914245457903824
1994-02-28,2.833259009457665,3.012052530907864
1994-03-01,2.7806995512051573,2.95617629484044
1994-03-02,2.74856241640258,2.9220111380739366
1994-03-03,2.746986543348004,2.9203358191544235
1994-03-04,2.822738447865513,3.000868066633883
1994-03-07,2.889362159049736,3.0716960838469385
1994-03-08,2.8184144381807337,2.99627118923184
1994-03-09,2.839786492206951,3.018991932095617
1994-03-10,2.770101226672073,2.9449091603756066
1994-03-11,2.761820910681286,2.93610631296437
1994-03-14,2.831268029634912,3.009935909803301
1994-03-15,2.8277953102399502,3.006244043578642
1994-03-16,2.877344014609294,3.0589195313828634
1994-03-17,2.941169138857165,3.126772356127999
1994-03-18,2.920087928634008,3.1043608108385286
1994-03-21,2.8235809760170003,3.0017637627359957
1994-03-22,2.774584673572804,2.949675536319161
1994-03-23,2.7697514272914674,2.944537286817225
1994-03-24,2.6351758534041942,2.801469287537085
1994-03-25,2.5543953451358243,2.7155911050039805
1994-03-28,2.43928052538319,2.5932119356363006
1994-03-29,2.235200087116779,2.3762529500521365
1994-03-30,2.185935226711045,2.323879218256144
1994-03-31,2.2315788727919004,2.372403218087709
1994-04-04,2.0986525336173667,2.231088528891111
1994-04-05,2.3305443080818136,2.4776138920297437
1994-04-06,2.319501784417748,2.4658745271361946
1994-04-07,2.3578991818548554,2.506695001983234
1994-04-08,2.246897494517236,2.388688525284756
1994-04-11,2.22738577625551,2.3679455151411672
1994-04-12,2.0802166008089267,2.2114891919120545
1994-04-13,1.942715397536732,2.065310940669798
1994-04-14,1.9163524279105093,2.0372843292234584
1994-04-15,1.9254571012458856,2.0469635552565766
1994-04-18,1.8325553554344538,1.9481992214406414
1994-04-19,1.7843583842965995,1.8969607683330112
1994-04-20,1.7538070807342572,1.8644815170854867
1994-04-21,1.925260806164425,2.0467548729246947
1994-04-22,1.9567162947663586,2.080195368035847
1994-04-25,2.04655477939446,2.175703132802047
1994-04-26,2.056506901793697,2.186283286385063
1994-04-28,2.0060189729680022,2.132609304129258
1994-04-29,2.0179421869067387,2.145284935478473
1994-05-02,2.123493657456907,2.257497258090142
1994-05-03,2.0763078983692216,2.207333829823103
1994-05-04,2.0828684704349105,2.2143084084368825
1994-05-05,2.0934131355268404,2.225518497268049
1994-05-06,2.031594680130719,2.1597989727165876
1994-05-09,1.9236755669833954,2.0450695968269654
1994-05-10,1.9543914752149214,2.0777238401626676
1994-05-11,1.8767218207153464,1.9951528226068231
1994-05-12,1.898293360263095,2.0180856395760745
1994-05-13,1.8690747311383848,1.9870231615213103
1994-05-16,1.8015885351558703,1.9152782321901276
1994-05-17,1.800837815615565,1.9144801383046657
1994-05-18,1.9211754383177286,2.0424116969138693
1994-05-19,1.9690012369332421,2.093255554563905
1994-05-20,1.9467222768642969,2.069570675123777
1994-05-23,1.9381803598226273,2.060489718261633
1994-05-24,2.048977741469127,2.1782789965070357
1994-05-25,2.0681711230748383,2.198683581279972
1994-05-26,2.0271121111186465,2.155033530061077
1994-05-27,2.0424429118599363,2.171331784833938
1994-05-31,2.0745943850222925,2.205512184786016
1994-06-01,2.079799843406893,2.2110461349294845
1994-06-02,2.102287342085008,2.234952712860095
1994-06-03,2.1363607625179055,2.271176345047977
1994-06-06,2.135627268467904,2.270396563671711
1994-06-07,2.0875288309948834,2.2192628622205834
1994-06-08,1.938321712646997,2.06063999119149
1994-06-09,1.926380728124852,2.047945467841737
1994-06-10,1.9931508164769125,2.1189290993905736
1994-06-13,1.9481030278820481,2.071038558781321
1994-06-14,2.033564653301539,2.161893261539171
1994-06-15,2.0390141392368712,2.167686638653255
1994-06-16,2.0383182957940043,2.166946883835144
1994-06-17,1.942451208580105,2.065030080002704
1994-06-20,1.8770864901552626,1.9955405046033436
1994-06-21,1.7712788734280762,1.883055871645817
1994-06-22,1.8035145482795716,1.917325786855777
1994-06-23,1.6575289438944047,1.7621277242372007
1994-06-24,1.632364333045954,1.7353750943003081
1994-06-27,1.7624119302302548,1.8736293777702966
1994-06-28,1.7745597305286038,1.886543768057759
1994-06-29,1.7836716923325675,1.8962307425001057
1994-06-30,1.7469320072561645,1.8571725903686773
1994-07-01,1.7421313766765947,1.8520690147905607
1994-07-05,1.695968740226159,1.802993273571783
1994-07-06,1.648220263378843,1.7522316170995484
1994-07-07,1.7258408845497222,1.8347505070661738
1994-07-08,1.7261307973263538,1.835058714861395
1994-07-11,1.717773626084248,1.826174162228901
1994-07-12,1.753109481844415,1.8637398960424783
1994-07-13,1.8662088256058535,1.9839764023002906
1994-07-14,1.8407053195784762,1.9568634911190814
1994-07-15,1.8355778876473494,1.951412491308032
1994-07-18,1.8487553585471932,1.9654215298189293
1994-07-19,1.7957096445349914,1.9090283526999579
1994-07-20,1.71815240107486,1.826576839910436
1994-07-21,1.7557154526499512,1.8665103172902657
1994-07-22,1.7962815076328342,1.9096363033622306
1994-07-25,1.8108827943843329,1.9251590079817356
1994-07-26,1.7788161461693346,1.8910687858766249
1994-07-27,1.7456741862654097,1.855835394268361
1994-07-28,1.749578184958911,1.8599857557800226
1994-07-29,1.8649423967033225,1.9826300550837632
1994-08-01,1.915701662013921,2.036592496581506
1994-08-02,1.9024369050343053,2.0224906637808484
1994-08-03,1.866272571558447,1.9840441709572338
1994-08-04,1.821059945764675,1.9359783910562325
1994-08-05,1.8142039970381811,1.9286897959632752
1994-08-08,1.8390908701637312,1.955147161468501
1994-08-09,1.8646440171795657,1.9823128462452126
1994-08-10,1.9130617630796611,2.0337860061619093
1994-08-11,1.9207002361112677,2.041906506952808
1994-08-12,1.9577446288556093,2.081288595406097
1994-08-15,1.9586353432465713,2.0822355185524306
1994-08-16,2.0114163635717923,2.1383472984228185
1994-08-17,2.1114227631530107,2.24466462696923
1994-08-18,2.0895749833708974,2.2214381375562384
1994-08-19,2.0639837763246347,2.1942319909613186
1994-08-22,2.041834838620068,2.170685338979532
1994-08-23,2.1036993945069016,2.2364538732047516
1994-08-24,2.1303895529357173,2.2648283207852553
1994-08-25,2.1795071052235317,2.3170454485475456
1994-08-26,2.308189349922624,2.453848218620797
1994-08-29,2.2928134539678546,2.4375020228896824
1994-08-30,2.3486361494641925,2.496847423606869
1994-08-31,2.2801141356244576,2.4240013108724088
1994-09-01,2.1708418522449797,2.3078333726032425
1994-09-02,2.1664307095238082,2.30314386361266
1994-09-06,2.2032064604212964,2.342240357507872
1994-09-07,2.2585152922103386,2.4010394670194417
1994-09-08,2.320525697638363,2.4669630546577834
1994-09-09,2.2167005661353083,2.3565860121524183
1994-09-12,2.162201705948812,2.2986479877048223
1994-09-13,2.2442586685453256,2.3858831755370677
1994-09-14,2.261806267851106,2.4045381205046477
1994-09-15,2.4194833567182754,2.572165461670132
1994-09-16,2.371381552057967,2.521028180544517
1994-09-19,2.359818529757476,2.508735470817352
1994-09-20,2.235412504940994,2.376478772556504
1994-09-21,2.181232725591434,2.318879964622206
1994-09-22,2.1774827515929513,2.3148933475726303
1994-09-23,2.120788514476621,2.254621406382608
1994-09-26,2.0985308074410765,2.2309591211538917
1994-09-27,2.1044423511754076,2.2372437143404404
1994-09-28,2.146200281995631,2.281636789873837
1994-09-29,2.1328074874406435,2.267398839654453
1994-09-30,2.174754943585724,2.3119934005559366
1994-10-03,2.1549486350455895,2.290937209940426
1994-10-04,1.9890892029909255,2.1146111767653584
1994-10-05,2.0548289967980975,2.1844994967732623
1994-10-06,1.9878544545725316,2.1132985092378775
1994-10-07,2.0571113999742168,2.186925931575105
1994-10-10,2.14354864896767,2.27881782487761
1994-10-11,2.2642638691740475,2.4071508093763763
1994-10-12,2.2556650385273485,2.398009347361862
1994-10-13,2.2547060931451606,2.396989887490463
1994-10-14,2.2356475913842773,2.376728694188842
1994-10-17,2.2017353443134335,2.3406764062485097
1994-10-18,2.219775075119488,2.3598545387983023
1994-10-19,2.3145395762825216,2.4605991776101894
1994-10-20,2.3006549347034047,2.4458383422366765
1994-10-21,2.2572011706631314,2.3996424175019198
1994-10-24,2.226823738211232,2.3673480095449357
1994-10-25,2.220517293110556,2.3606435946421276
1994-10-26,2.3088447451051586,2.4545449726809507
1994-10-27,2.338392736818168,2.4859575978328783
1994-10-28,2.444798160926422,2.599077762956412
1994-10-31,2.46512431160132,2.620686600475175
1994-11-01,2.4103580525368824,2.5624643028762795
1994-11-02,2.388873667551028,2.5396241403794417
1994-11-03,2.3747100455470793,2.5245667194513137
1994-11-04,2.256407105889648,2.398798243071452
1994-11-07,2.2338649709673675,2.3748335810627648
1994-11-08,2.35415677638671,2.5027164310780066
1994-11-09,2.3682334981583897,2.517681467912881
1994-11-10,2.3287695334107403,2.4757271197572672
1994-11-11,2.3045537646879617,2.4499832088667177
1994-11-14,2.4296232833279925,2.582945270895506
1994-11-15,2.42151140028512,2.5743214854356693
1994-11-16,2.436883965544536,2.5906641402870636
1994-11-17,2.404844475709868,2.5566027903986956
1994-11-18,2.4290957034979113,2.5823843980077297
1994-11-21,2.3722234432400966,2.5219231994811637
1994-11-22,2.1736803829259532,2.310851029475824
1994-11-23,2.1601394527187905,2.2964555954667256
1994-11-25,2.224325320893713,2.3646919289750414
1994-11-28,2.267292588351682,2.4103706566384697
1994-11-29,2.355094372806441,2.5037131947553104
1994-11-30,2.2799999283551426,2.4238798965246806
1994-12-01,2.1578816599659256,2.2940553241350794
1994-12-02,2.2281063361968125,2.36871154619856
1994-12-05,2.2381314219367963,2.379369267492268
1994-12-06,2.191495320159952,2.3297901827987335
1994-12-07,2.1208707283616075,2.2547088083954603
1994-12-08,1.9678791172105476,2.0920626231942596
1994-12-09,2.002503710802903,2.1288722104622706
1994-12-12,2.005367003023441,2.131916191457588
1994-12-13,1.9834792830591812,2.1086472414272226
1994-12-14,2.0457491617722634,2.1748466764774506
1994-12-15,2.0768505560981265,2.2079107321042994
1994-12-16,2.0490667734305834,2.1783736468527866
1994-12-19,2.0231091369239054,2.150777947174312
1994-12-20,2.0250508167310186,2.1528421571733642
1994-12-21,2.135864313664323,2.270648567664794
1994-12-22,2.1670115305151265,2.3037613374585293
1994-12-23,2.187880092397998,2.3259468151807874
1994-12-27,2.2339089651025366,2.3748803514588843
1994-12-28,2.170258444191072,2.3072131484375555
1994-12-29,2.2675846234279327,2.4106811206615615
1994-12-30,2.2322954421084007,2.373165006690919
1995-01-03,2.1273145385732604,2.2615592568690763
1995-01-04,2.152708589880971,2.2885558061630413
1995-01-05,2.1252922463476924,2.2594093473846546
1995-01-06,2.1814174985336106,2.319076397707313
1995-01-09,2.211940788973612,2.3515258680573754
1995-01-10,2.2772704718045165,2.4209781969328423
1995-01-11,2.2682535343207664,2.4113922433443045
1995-01-12,2.270796773352672,2.4140959741141295
1995-01-13,2.3225121507000903,2.469074863338932
1995-01-16,2.37515856098583,2.5250435385694856
1995-01-17,2.4297831161691827,2.5831151900282867
1995-01-18,2.4700077452434295,2.6258782044238913
1995-01-19,2.443498437016453,2.5976960196426404
1995-01-20,2.307186623696144,2.4527822151039333
1995-01-23,2.335735838814405,2.4831330356132284
1995-01-24,2.363658904277553,2.5128181931361473
1995-01-25,2.31567232616933,2.46180340996313
1995-01-26,2.2406263243190923,2.3820216113160684
1995-01-27,2.251411942438477,2.39348785857601
1995-01-30,2.158896065905198,2.2951337444159483
1995-01-31,2.216181060256044,2.356033722724157
1995-02-01,2.243449978895838,2.385023453324126
1995-02-02,2.3099524536776093,2.4557225834811014
1995-02-03,2.392903357428809,2.54390812484914
1995-02-06,2.474337420241649,2.6304811046504026
1995-02-07,2.4667519852525133,2.6224169888809667
1995-02-08,2.5550810484692557,2.7163200798185074
1995-02-09,2.567669393765416,2.729702815806524
1995-02-10,2.6447830167327857,2.81168271332066
1995-02-13,2.606622640905384,2.771114217391542
1995-02-14,2.6242869104981694,2.7898931951538937
1995-02-15,2.6720643862181355,2.8406856804799205
1995-02-16,2.6405162467272514,2.807146687722198
1995-02-17,2.5435920573930444,2.7041060730746254
1995-02-21,2.5272617076248673,2.686745192482468
1995-02-22,2.604346355569523,2.7686942864978037
1995-02-23,2.636174325233032,2.802530768181482
1995-02-24,2.5869683203442086,2.7502196059945785
1995-02-27,2.5191918883159525,2.678166125199086
1995-02-28,2.6558280225739033,2.823424717029667
1995-03-01,2.6047606767888003,2.7691347535616924
1995-03-02,2.637639052127485,2.8040879270345194
1995-03-03,2.727972814266534,2.9001222239233995
1995-03-06,2.7371038686777722,2.909829495816798
1995-03-07,2.639582457289613,2.8061539712675483
1995-03-08,2.7278738645319245,2.9000170299409334
1995-03-09,2.726696802929696,2.898765689570642
1995-03-10,2.8140566234112456,2.991638373466731
1995-03-13,2.7946858588777026,2.9710452119717474
1995-03-14,2.896942976990829,3.0797552912083592
1995-03-15,2.84291405071608,3.02231685597005
1995-03-16,2.862834836628303,3.0434947480809695
1995-03-17,2.8471113224890234,3.0267789976324964
1995-03-20,2.8970578069180135,3.0798773675069424
1995-03-21,2.9057290247208782,3.0890957846872946
1995-03-22,2.904276160208518,3.087551236794951
1995-03-23,2.93575561080064,3.121017206023702
1995-03-24,3.0639965334040085,3.257350804259528
1995-03-27,3.096574025323646,3.291984106989573
1995-03-28,3.1645282203268854,3.364226568537236
1995-03-29,2.9842220560976154,3.1725421385249515
1995-03-30,2.914377244766049,3.0982897528306776
1995-03-31,2.8881576732563117,3.0704155886749827
1995-04-03,2.9126788460683954,3.0964841762566047
1995-04-04,2.7820485536565354,2.9576104264303598
1995-04-05,2.8335461399077975,3.012357780797178
1995-04-06,2.7415141939785825,2.9145181358035033
1995-04-07,2.816608130494511,2.994350894045375
1995-04-10,2.9170136441487307,3.101092522858614
1995-04-11,2.9928687484997876,3.18173448262304
1995-04-12,3.06366431547344,3.2569976216330048
1995-04-13,3.1013514152657673,3.2970629753239775
1995-04-17,3.06188965009491,3.255110965550002
1995-04-18,2.987405431477492,3.1759264016077755
1995-04-19,2.860006352062215,3.04048777128588
1995-04-20,2.896001173266568,3.0787540547235173
1995-04-21,2.9396366476596927,3.1251431566885843
1995-04-24,3.037231699201853,3.228896968472251
1995-04-25,3.089415854679005,3.284374218188412
1995-04-26,3.1672092965224152,3.3670768347195175
1995-04-27,3.21302810054191,3.4157870458754354
1995-04-28,3.298834978504874,3.5070087884252352
1995-05-01,3.2232081584476404,3.4266095188923353
1995-05-02,3.2076957211621164,3.4101181653554926
1995-05-03,3.4035656882006324,3.6183485558626183
1995-05-04,3.384019714448848,3.597569128527667
1995-05-05,3.3009566644359136,3.5092643638798786
1995-05-08,3.4357525140186818,3.652566539408607
1995-05-09,3.417172251920643,3.6328137652038786
1995-05-10,3.348268955244803,3.5595623086841703
1995-05-11,3.4887022936172336,3.708857728148658
1995-05-12,3.565960497313333,3.790991330194726
1995-05-15,3.6339187394299115,3.863238094249831
1995-05-16,3.737456856117816,3.973310009798044
1995-05-17,3.81893181339244,4.059926464716374
1995-05-18,3.662547870444256,3.8936738737679044
1995-05-19,3.7023690046108073,3.9360079306083136
1995-05-22,3.818873940606993,4.059864939854264
1995-05-23,4.002782556767583,4.255379155431859
1995-05-24,3.9382477488748284,4.186771862277171
1995-05-25,3.963661532958367,4.213789389588738
1995-05-26,3.8289412222564576,4.070567519840919
1995-05-30,3.503303972445659,3.724380849587202
1995-05-31,3.6327958418176944,3.8620443359017447
1995-06-01,3.694837727626937,3.9280013904986686
1995-06-02,3.731145870655955,3.966600768013417
1995-06-05,3.9146826990945374,4.161719734111421
1995-06-06,3.7792941908926987,4.017787500092602
1995-06-07,3.823890018044561,4.065197558118468
1995-06-08,3.907585632924544,4.154174805798128
1995-06-09,3.8950999028229427,4.140901160562298
1995-06-12,3.9230421817180727,4.170606743985651
1995-06-13,4.006236806090442,4.259051386025876
1995-06-14,4.02254737969729,4.276391242477076
1995-06-15,4.161220599834235,4.423815471002721
1995-06-16,4.295195474043236,4.566244863300508
1995-06-19,4.615704677894701,4.9069798809665635
1995-06-20,4.848822507378217,5.154808669634204
1995-06-21,4.737748659074001,5.036725478233206
1995-06-22,5.015121521436738,5.331602024745896
1995-06-23,4.974039668835049,5.287927691516833
1995-06-26,4.74771858136645,5.047324554976167
1995-06-27,4.515698730856631,4.800663033521149
1995-06-28,4.585559904851249,4.874932814448436
1995-06-29,4.727405638247111,5.025729758479074
1995-06-30,4.773179302505778,5.074391981318219
1995-07-03,4.795809023961232,5.098449757030257
1995-07-05,4.911401106599635,5.221336307077991
1995-07-06,5.193113607248905,5.520826345841317
1995-07-07,5.57559155486953,5.927440660417403
1995-07-10,5.7496320211601795,6.112463994048832
1995-07-11,5.458653572099074,5.80312327687172
1995-07-12,5.912668368605477,6.285788791151155
1995-07-13,6.018028513252832,6.397797714190858
1995-07-14,6.219317010850186,6.611788572988764
1995-07-17,6.439527000035375,6.845894968853859
1995-07-18,5.839187248266092,6.207670626255756
1995-07-19,4.887194538660469,5.195602177588814
1995-07-20,4.9707723004737225,5.284454135054366
1995-07-21,4.899189781907216,5.208354383673614
1995-07-24,5.295450715878262,5.629621463415777
1995-07-25,5.57713342972977,5.929079835677986
1995-07-26,5.6950006263847,6.054385071383724
1995-07-27,5.911623688454169,6.284678186196496
1995-07-28,5.602993453807587,5.956571763070758
1995-07-31,5.4450360967856755,5.788646467358229
1995-08-01,5.164644796836883,5.490561003997444
1995-08-02,4.950104584379254,5.262482177544437
1995-08-03,4.98801583770804,5.30278583003709
1995-08-04,5.188989681490619,5.5164421787122055
1995-08-07,5.271647438827026,5.604316074587313
1995-08-08,5.32681120909347,5.662960968432464
1995-08-09,5.60041678868088,5.953832496844024
1995-08-10,5.43003935972168,5.772703357434929
1995-08-11,5.595729840894928,5.948849778040771
1995-08-14,5.858019487435106,6.227691278607815
1995-08-15,5.834653299100786,6.2028505610895355
1995-08-16,6.202764332225763,6.5941913334220414
1995-08-17,6.19498417379466,6.585920206138923
1995-08-18,6.1681985742482786,6.5574442946051565
1995-08-21,5.648370273035009,6.004812097873281
1995-08-22,5.948800757048632,6.324201323042753
1995-08-23,6.008519922070576,6.387689080973675
1995-08-24,5.756768482953739,6.12005080405641
1995-08-25,5.663268151144909,6.020650110323357
1995-08-28,5.248944437734951,5.580180394908779
1995-08-29,5.267740987454062,5.6001631056192345
1995-08-30,5.432669170354507,5.775499122928294
1995-08-31,5.542052738825872,5.891785368963023
1995-09-01,5.43666007704698,5.779741876790032
1995-09-05,6.064191482676355,6.446873809395071
1995-09-06,6.023268673402473,6.403368555962964
1995-09-07,6.172937945099658,6.562482744644547
1995-09-08,6.328414755287696,6.7277709579921865
1995-09-11,6.4974231932649955,6.907444715899606
1995-09-12,6.373975836364183,6.776207182534044
1995-09-13,6.424748347327231,6.830183705554462
1995-09-14,6.3079896093917345,6.706056878134071
1995-09-15,5.831517574962004,6.199516956291343
1995-09-18,5.8915691100052285,6.263358058537222
1995-09-19,6.184333428061841,6.574597342421378
1995-09-20,6.248226872875705,6.642522799118985
1995-09-21,5.985928802437682,6.363672343061906
1995-09-22,5.916219845579645,6.289564384971838
1995-09-25,5.772203801098005,6.136460171829214
1995-09-26,5.55843124307777,5.909197442839693
1995-09-27,5.425009263298782,5.767355835513801
1995-09-28,5.965156372299611,6.341589063502349
1995-09-29,5.6508127885541235,6.007408748947739
1995-10-02,5.3231818837351845,5.659102613585827
1995-10-03,5.300761935670329,5.635267849066894
1995-10-04,4.904966309612352,5.21449544061053
1995-10-05,5.264733466340698,5.596965794130581
1995-10-06,5.115120116548245,5.437911056319574
1995-10-09,4.5584292986258905,4.846090124502555
1995-10-10,4.651914783391761,4.945475034266272
1995-10-11,4.993440139982345,5.30855243426889
1995-10-12,5.2237447672846065,5.553390492925008
1995-10-13,5.136365060654271,5.460496667959719
1995-10-16,5.092165881630135,5.413508288641309
1995-10-17,5.653155835837626,6.009899654818596
1995-10-18,5.8960471237719725,6.268118658487506
1995-10-19,5.990419499069286,6.368446426232421
1995-10-20,5.707062233443451,6.067207829185552
1995-10-23,5.744417359682549,6.106920260048834
1995-10-24,5.769430006595188,6.133511336327575
1995-10-25,5.478186502942086,5.823888838221862
1995-10-26,5.423132720837303,5.765360873368939
1995-10-27,5.729347804798815,6.090899737118988
1995-10-30,6.119455372290409,6.505625140644409
1995-10-31,5.864805089193852,6.2349050874699525
1995-11-01,5.924458468937787,6.298322908726372
1995-11-02,6.3290741544591755,6.72847196871401
1995-11-03,6.542751719917693,6.955633710612347
1995-11-06,6.35036604545707,6.751107489841427
1995-11-07,5.744147702720066,6.106633586316
1995-11-08,5.813242179460487,6.180088287366285
1995-11-09,6.34134663895673,6.741518911428386
1995-11-10,6.2351841462602655,6.628657007964403
1995-11-13,6.07080457385319,6.453904221351696
1995-11-14,5.56958593336704,5.921056052661502
1995-11-15,5.61763192806962,5.972134001927988
1995-11-16,5.56427781891768,5.915412968316523
1995-11-17,5.479963599192472,5.825778078577499
1995-11-20,4.99866521950978,5.31410724375234
1995-11-21,5.063056937708742,5.382562417502168
1995-11-22,4.923505107652604,5.2342041341576895
1995-11-24,5.161924172299292,5.48766869376504
1995-11-27,5.041254980109601,5.359384641892515
1995-11-28,5.673558489882912,6.03158982347215
1995-11-29,5.715693212515444,6.076383468359814
1995-11-30,5.545246921983904,5.895181121851558
1995-12-01,5.354744970995239,5.692657497395448
1995-12-04,5.652542845897119,6.00924798199392
1995-12-05,5.457737516942643,5.802149413824544
1995-12-06,5.420391804714379,5.762446991045615
1995-12-07,5.339129870679935,5.676057002252544
1995-12-08,5.6706503847998295,6.028498201687341
1995-12-11,5.575003467484945,5.926815461630695
1995-12-12,5.2616256515433,5.593661859899771
1995-12-13,5.326446968261965,5.662573742091793
1995-12-14,4.745846911667735,5.045334773090986
1995-12-15,4.667798505114706,4.962361102238219
1995-12-18,4.286590059452676,4.557096401860699
1995-12-19,4.917299154326545,5.227606552588178
1995-12-20,4.66188231198328,4.956071566253205
1995-12-21,5.045848343969329,5.364267871132372
1995-12-22,5.15853254359665,5.484063035481207
1995-12-26,5.153574052380209,5.478791637431079
1995-12-27,5.026272700024044,5.343456901258907
1995-12-28,4.805256787273139,5.10849372381905
1995-12-29,4.910474864469883,5.220351614205986
1996-01-02,5.1562581105233125,5.481645073737486
1996-01-03,4.793320309143634,5.095803991238977
1996-01-04,4.569554368506421,4.8579172447122945
1996-01-05,4.6076558518847035,4.8984231317694995
1996-01-08,4.556678120620053,4.844228437968801
1996-01-09,3.8570000877841832,4.100397047125601
1996-01-10,3.8739082967931124,4.118372252911046
1996-01-11,4.304239737893015,4.575859867692267
1996-01-12,4.244175975310888,4.51200576628557
1996-01-15,3.8211758054336955,4.0623120644390385
1996-01-16,4.068294827538665,4.325025594505331
1996-01-17,4.05419151137806,4.3100322850359385
1996-01-18,4.248590237392304,4.51669859148441
1996-01-19,4.4837592843224074,4.76670804019083
1996-01-22,4.638985432558631,4.931729773501224
1996-01-23,4.541652426791364,4.828254543956897
1996-01-24,4.89456562996567,5.203438423462302
1996-01-25,4.642908546553947,4.935900456590622
1996-01-26,4.757174462749218,5.057377152128724
1996-01-29,4.734515563666731,5.033288357528171
1996-01-30,4.923425512494333,5.234119516126966
1996-01-31,5.119000614827664,5.442036434417622
1996-02-01,5.377485687449302,5.716833272473363
1996-02-02,5.36246677137934,5.700866583932354
1996-02-05,5.735609063079291,6.097556113675961
1996-02-06,5.837022836238823,6.205369628463851
1996-02-07,5.717307172013022,6.078099277176884
1996-02-08,5.957893879204664,6.333868268956455
1996-02-09,5.932279767087503,6.306637771860385
1996-02-12,5.994442964019997,6.372723792949464
1996-02-13,5.7973158599443835,6.163156933456746
1996-02-14,5.767706719957389,6.131679301253644
1996-02-15,5.838786876054748,6.20724498845545
1996-02-16,5.802259768432517,6.168412828531834
1996-02-20,5.737216767784194,6.099265272990089
1996-02-21,6.025938955551504,6.406207346937733
1996-02-22,6.48778084726579,6.897193887234157
1996-02-23,6.459733338378018,6.867376433253045
1996-02-26,6.315664504539437,6.714216099467852
1996-02-27,6.109944222455586,6.495513787310252
1996-02-28,6.116765079221339,6.502765075955472
1996-02-29,5.8634916761219635,6.233508791136264
1996-03-01,5.350211996052585,5.687838467930448
1996-03-04,5.2610145849733,5.593012231820388
1996-03-05,5.635707845363924,5.991350604523465
1996-03-06,5.412176702069833,5.753713472285218
1996-03-07,5.455146829524776,5.799395240426447
1996-03-08,4.973444758862239,5.28729523960076
1996-03-11,5.318176059005906,5.653780895029648
1996-03-12,5.145295605903381,5.4699907775099526
1996-03-13,5.548061995601078,5.898173841396439
1996-03-14,5.431844808979162,5.7746227400212975
1996-03-15,5.726717342135276,6.088103278448352
1996-03-18,6.043022951589775,6.424369432837162
1996-03-19,5.9292106008612695,6.303374925128533
1996-03-20,5.526908035989662,5.87568495585029
1996-03-21,5.423085331544243,5.765310493562643
1996-03-22,5.45682258107643,5.801176740700686
1996-03-25,5.051830753975467,5.370627802624615
1996-03-26,5.1573014667602495,5.482754271231829
1996-03-27,5.308392898909291,5.6433803661578015
1996-03-28,5.306263016859501,5.641116077366276
1996-03-29,5.345757327243176,5.6831026861269
1996-04-01,5.42988725256241,5.77254165151517
1996-04-02,5.5021114860802145,5.849323613430408
1996-04-03,5.5733404639190125,5.925047513807027
1996-04-04,5.55514642743659,5.9057053380824005
1996-04-08,5.3530843228006795,5.6908920535794545
1996-04-09,5.362243256712312,5.700628964316123
1996-04-10,5.308226227729014,5.643203177150829
1996-04-11,5.173806041843501,5.50030037167133
1996-04-12,5.196399476243565,5.5243195704242325
1996-04-15,5.349165833379392,5.68672628689899
1996-04-16,5.736727506128428,6.098745136354647
1996-04-17,5.590061145628538,5.942823358335735
1996-04-18,5.931201447258742,6.305491404387979
1996-04-19,5.916157165818354,6.28949774978847
1996-04-22,6.229469275852902,6.622581499224526
1996-04-23,6.522218196513039,6.933804414055634
1996-04-24,6.803567909020975,7.232908770840841
1996-04-25,6.882237523590649,7.316542851198179
1996-04-26,6.8778683042517414,7.311897911175428
1996-04-29,6.88526152746088,7.319757685592211
1996-04-30,6.873456879799796,7.30720810267538
1996-05-01,7.07507041462915,7.521544510261455
1996-05-02,6.547332786895865,6.960503866972854
1996-05-03,6.6738640676126595,7.095019935941425
1996-05-06,6.726859850419405,7.151360030933679
1996-05-07,6.6592653135754585,7.07949992386379
1996-05-08,6.737864595546776,7.163059233266487
1996-05-09,6.704335017450563,7.127413762722548
1996-05-10,7.004557060093448,7.446581392776225
1996-05-13,7.500354969777144,7.973666754085096
1996-05-14,7.7224250296655805,8.20975060088238
1996-05-15,7.543000505975335,8.019003447556786
1996-05-16,7.70612107411323,8.19241778011967
1996-05-17,7.554629625732225,8.03136642583694
1996-05-20,7.631559979917756,8.113151489346723
1996-05-21,7.449082210345704,7.9191584142910365
1996-05-22,7.463876109805589,7.93488588649227
1996-05-23,7.579189137682495,8.05747577195769
1996-05-24,7.470923704965716,7.942378221915194
1996-05-28,7.342260054562192,7.805595219535203
1996-05-29,7.082011824944444,7.528923960018242
1996-05-30,7.29654951357688,7.757000103379433
1996-05-31,7.560106918033574,8.03718936404475
1996-06-03,7.453470760511161,7.923823905017
1996-06-04,7.558100031688289,8.035055832632555
1996-06-05,7.775630992210449,8.266314139057922
1996-06-06,7.3601423015094145,7.824605930167693
1996-06-07,7.499485138125508,7.972742031488598
1996-06-10,7.41048702044177,7.878127665233868
1996-06-11,7.474555895229556,7.9462396224579654
1996-06-12,7.672680653882468,8.156867093770673
1996-06-13,7.493196325098845,7.966056361336261
1996-06-14,7.1414546955473375,7.592117987901397
1996-06-17,7.053272232869303,7.498370748766383
1996-06-18,6.663938704027718,7.084468229794401
1996-06-19,6.710129703883215,7.133574124298041
1996-06-20,6.6081920897689,7.025203711440338
1996-06-21,6.8459639394115595,7.277980213378263
1996-06-24,6.984237032263712,7.424979064486304
1996-06-25,6.698248111689472,7.120942741244491
1996-06-26,6.443730449638421,6.850363678199928
1996-06-27,6.7763267365704065,7.203948537360335
1996-06-28,6.959219552524715,7.398382850404483
1996-07-01,7.256899158055598,7.714847602213595
1996-07-02,7.034634554254176,7.4785569347608325
1996-07-03,6.834715181426047,7.266021599694609
1996-07-05,6.33956732458452,6.739627312975793
1996-07-08,6.287815737652254,6.684609929151197
1996-07-09,6.421547123909994,6.826780468129399
1996-07-10,6.321832453373058,6.720773278261885
1996-07-11,5.693556325273841,6.052849627288485
1996-07-12,5.67136539786627,6.029258335832941
1996-07-15,4.913818662907726,5.223906423884147
1996-07-16,5.090136980584342,5.411351353285404
1996-07-17,5.511458937166098,5.859260937764957
1996-07-18,5.834519288608994,6.202708093831999
1996-07-19,5.540936419933843,5.890598604486918
1996-07-22,5.301317278628367,5.635858237081792
1996-07-23,4.64393440789943,4.936991055173988
1996-07-24,4.797847777166681,5.10061716626883
1996-07-25,5.1603729846808,5.486019618062258
1996-07-26,5.482192839534384,5.828147995691131
1996-07-29,5.145010077275056,5.469687230525817
1996-07-30,5.386458791085438,5.726372626068324
1996-07-31,5.52963891165027,5.878588164105401
1996-08-01,5.919680874622505,6.293243823121791
1996-08-02,6.374151860837068,6.776394315075507
1996-08-05,6.175685553525692,6.565403741590453
1996-08-06,6.471655790841627,6.880051255074053
1996-08-07,6.777121460043726,7.204793412058058
1996-08-08,6.62922680792922,7.047565830773667
1996-08-09,6.649100927103956,7.06869411123091
1996-08-12,6.67753682242131,7.098924460864797
1996-08-13,6.370784197775164,6.772814134790191
1996-08-14,6.598112676605838,7.014488234377872
1996-08-15,6.592476426927668,7.0084963077480475
1996-08-16,6.44868279134797,6.855628538676989
1996-08-19,6.38704076198506,6.790096573567879
1996-08-20,6.172867493703261,6.562407847395086
1996-08-21,6.2968940924553305,6.694261175814423
1996-08-22,6.69594668390569,7.1184960812823395
1996-08-23,6.5729493685700335,6.987736989467945
1996-08-26,6.4343364713499485,6.840376890551981
1996-08-27,6.606961223351764,7.023895170888778
1996-08-28,6.621754865653992,7.039622369704357
1996-08-29,6.367961449085681,6.769813255835639
1996-08-30,6.150425437302286,6.5385495793879285
1996-09-03,6.306400149647237,6.704367115133156
1996-09-04,6.300703834564085,6.698311332655881
1996-09-05,5.820763690869153,6.1880844456416515
1996-09-06,6.1364095727327195,6.523649240164192
1996-09-09,6.348414387325189,6.749032671832917
1996-09-10,6.335888572231085,6.735716412031064
1996-09-11,6.430920643986448,6.836745506544717
1996-09-12,6.728619613440604,7.153230844242345
1996-09-13,7.379126987976878,7.8447886500432595
1996-09-16,7.417969160215843,7.886081967317746
1996-09-17,7.830960995580147,8.32513575618806
1996-09-18,7.993853272083494,8.498307390715453
1996-09-19,8.290767188527775,8.813958134435827
1996-09-20,8.511456022689392,9.048573592909863
1996-09-23,8.163384847694946,8.678537298988827
1996-09-24,8.266158524518321,8.787796534502847
1996-09-25,8.567710389103901,9.10837790524694
1996-09-26,8.526199508158294,9.064247469732551
1996-09-27,8.526058441398423,9.064097500919365
1996-09-30,8.275882056719578,8.798133672646022
1996-10-01,8.168403341488624,8.6838724860939
1996-10-02,8.59970741984976,9.142394116655032
1996-10-03,8.448044603016582,8.981160579670908
1996-10-04,8.983926862947001,9.550859824217214
1996-10-07,9.181808014893562,9.761228315961176
1996-10-08,8.760156262412291,9.312968123729032
1996-10-09,8.781245130663375,9.335387810308205
1996-10-10,8.688457334435148,9.236744616892546
1996-10-11,9.176672191556833,9.755768395202768
1996-10-14,9.400409086359394,9.993624262950108
1996-10-15,9.508589295668823,10.108631211540729
1996-10-16,9.230015810688652,9.812478276818759
1996-10-17,8.798311413266514,9.35353106496173
1996-10-18,8.829884149588448,9.387096206739704
1996-10-21,8.456211245139148,8.989842579795921
1996-10-22,8.12428577228208,8.636970866601125
1996-10-23,8.552333548385173,9.0920307051323
1996-10-24,8.503908345303245,9.040549617446437
1996-10-25,8.333989691839204,8.859908204675358
1996-10-28,8.265599591245705,8.787202329605673
1996-10-29,7.912739073845069,8.412074460622918
1996-10-30,8.075972630181456,8.585608911532939
1996-10-31,8.586197344804402,9.128031484930478
1996-11-01,8.702478653020547,9.251650754309157
1996-11-04,8.723006751864641,9.273474283987058
1996-11-05,9.19203563854835,9.77210135637568
1996-11-06,9.795977614330223,10.414155242237493
1996-11-07,10.109269942386641,10.74721796134872
1996-11-08,10.227749804638506,10.873174525067778
1996-11-11,10.455451424177404,11.115245312501802
1996-11-12,10.035890021209386,10.669207381814
1996-11-13,10.205658200276705,10.849688824463755
1996-11-14,10.624140184530887,11.294579219448657
1996-11-15,10.21301820015148,10.857513278979312
1996-11-18,9.972208031938601,10.60150672461463
1996-11-19,10.438247882009696,11.096956136484412
1996-11-20,10.534459693600056,11.199239418611675
1996-11-21,10.219564503728092,10.864472688687426
1996-11-22,10.900041167487943,11.587891003236061
1996-11-25,11.00926934300554,11.704012050205643
1996-11-26,11.175492080399822,11.880724315195039
1996-11-27,11.448509237005725,12.170970288045043
1996-11-29,11.510455812528638,12.23682601777608
1996-12-02,11.944411078840579,12.698166140169576
1996-12-03,11.653343076037753,12.388730217939377
1996-12-04,11.511501908250649,12.237938127631384
1996-12-05,11.55332707831785,12.282402685561328
1996-12-06,11.191331153604605,11.897562917092868
1996-12-09,12.38021132294599,13.16146766814362
1996-12-10,12.041046114584452,12.800899354116867
1996-12-11,12.350744897777945,13.130141756813966
1996-12-12,11.781676963090325,12.525162647169324
1996-12-13,11.150500354567138,11.854155480226257
1996-12-16,10.189168635284977,10.832158681331368
1996-12-17,10.602258723288045,11.271316923097894
1996-12-18,11.405977836024253,12.125754932321591
1996-12-19,11.694375585773958,12.432352094509039
1996-12-20,11.286024732216216,11.998232157767914
1996-12-23,10.904473678012156,11.592603228450262
1996-12-24,11.31984483123122,12.034186482626197
1996-12-26,11.622314872398489,12.35574397171579
1996-12-27,11.305466700463903,12.018901016305307
1996-12-30,10.93566586025466,11.625763801188038
1996-12-31,10.726565727153531,11.403468351665762
1997-01-02,10.495533586145214,11.157856869368432
1997-01-03,11.74766547606468,12.48900485671192
1997-01-06,11.952875538960683,12.707164752171668
1997-01-07,12.421791621605372,13.205671901994053
1997-01-08,11.921613059029239,12.673929445591636
1997-01-09,12.07747779374232,12.83963006353891
1997-01-10,12.436321571377379,13.221118767896057
1997-01-13,12.378379465716922,13.15952021110399
1997-01-14,13.102537286772623,13.92937619335147
1997-01-15,12.33380836649702,13.112136441472442
1997-01-16,12.72750066802694,13.530672794578091
1997-01-17,13.149888505147024,13.979715522255072
1997-01-20,13.872971027366622,14.748428348663301
1997-01-21,14.511283143086617,15.42702131077713
1997-01-22,15.065753390216527,16.016481542124083
1997-01-23,14.434114824903324,15.344983266491731
1997-01-24,13.745154351707622,14.612545769581832
1997-01-27,13.34583466735437,14.188026916246297
1997-01-28,13.38280563933381,14.227330950698873
1997-01-29,13.451384078162198,14.300237049135067
1997-01-30,14.315081050879376,15.218437836259085
1997-01-31,14.771425846165316,15.70358038447629
1997-02-03,14.593814349658231,15.514760669869645
1997-02-04,14.504963615387924,15.42030298769567
1997-02-05,13.12478267946129,13.953025387133355
1997-02-06,13.035246807060487,13.857839331015066
1997-02-07,13.661119730340193,14.523208122325183
1997-02-10,12.389043254498704,13.170856940955378
1997-02-11,12.367932800420695,13.148414306370249
1997-02-12,13.587176457630893,14.44459864081848
1997-02-13,13.899050577504347,14.776153655363133
1997-02-14,13.541538565690223,14.396080758243563
1997-02-18,13.427330044768954,14.274665079922647
1997-02-19,13.426001873233066,14.273253093788377
1997-02-20,12.639888502535522,13.437531841376902
1997-02-21,11.944339417636455,12.698089956767168
1997-02-24,12.600896650907936,13.39607939915838
1997-02-25,12.67103678556587,13.47064574463171
1997-02-26,12.60867593876677,13.404349600931548
1997-02-27,11.221164828963635,11.929279254029062
1997-02-28,11.29013476074147,12.002601550675614
1997-03-03,11.508311509513899,12.234546397980992
1997-03-04,11.742917199862479,12.483956939347308
1997-03-05,12.14694020050187,12.913475912924598
1997-03-06,11.281734807152755,11.993671515905781
1997-03-07,10.859543250702831,11.544837455239954
1997-03-10,11.389065599294982,12.107775444645506
1997-03-11,11.129965822859848,11.832325111737717
1997-03-12,10.763152738349543,11.442364195393228
1997-03-13,10.803166629580588,11.484903173281102
1997-03-14,10.739153418866712,11.416850392826282
1997-03-17,10.474963163999348,11.135988345566169
1997-03-18,10.293389891535863,10.942956846136276
1997-03-19,9.699796449382049,10.311904540716466
1997-03-20,10.050892261235996,10.685156341965747
1997-03-21,9.715619534972593,10.328726146097644
1997-03-24,9.33922254805201,9.928576532773993
1997-03-25,9.502861029147063,10.102541461321284
1997-03-26,10.458414410887432,11.118395279232404
1997-03-27,9.865072759848863,10.48761065426941
1997-03-31,9.076467600668328,9.64924036843684
1997-04-01,9.062704878619511,9.63460914635621
1997-04-02,8.619022793542566,9.162928391856358
1997-04-03,9.299137943584126,9.885962379272703
1997-04-04,9.90917801828718,10.534499186119842
1997-04-07,10.26244212503587,10.910056113057832
1997-04-08,10.555081689167258,11.221162770388975
1997-04-09,10.11157891012736,10.749672637078678
1997-04-10,9.546484130149414,10.148917409069643
1997-04-11,8.715724400722841,9.265732378247268
1997-04-14,9.268091048413208,9.852956261983662
1997-04-15,8.960529405039443,9.525985863851421
1997-04-16,8.978955510135982,9.545574752938348
1997-04-17,9.296218320133418,9.882858512250786
1997-04-18,9.57486742993903,10.179091844121801
1997-04-21,9.079978575279837,9.652972903983093
1997-04-22,9.60428427338762,10.210365044865144
1997-04-23,10.300008111702054,10.949992710748417
1997-04-24,10.286746719031798,10.935894454562707
1997-04-25,9.57506896168429,10.17930609357847
1997-04-28,9.949976439364903,10.577872201807429
1997-04-29,10.912058494104173,11.60066668626692
1997-04-30,11.613121368735742,12.34597030969518
1997-05-01,11.901247496722666,12.652278709360278
1997-05-02,13.00309542989444,13.823659033117167
1997-05-05,14.000253363157958,14.88374286822554
1997-05-06,13.183304312185761,14.01524004219037
1997-05-07,12.93419780568056,13.750413607021551
1997-05-08,13.355320093328974,14.198110922409569
1997-05-09,13.338619276403149,14.180356196236728
1997-05-12,13.574026899891965,14.430619276935523
1997-05-13,12.94758254453073,13.764642993178843
1997-05-14,12.913380260042112,13.728282364936636
1997-05-15,13.839750438824018,14.713111366536358
1997-05-16,13.095861346016083,13.922278965676618
1997-05-19,13.015485999808993,13.83683151305844
1997-05-20,14.228791784415144,15.12670326396047
1997-05-21,14.603183966235632,15.524721558454617
1997-05-22,14.391702956473427,15.299894986451541
1997-05-23,14.976849055658148,15.921966877202388
1997-05-27,16.16537704552201,17.185497224401228
1997-05-28,16.058293027914896,17.07165564296564
1997-05-29,15.458986720225502,16.43452996019567
1997-05-30,14.892653985600417,15.832458656100536
1997-06-02,14.877753651987748,15.816618033192572
1997-06-03,13.5257625308894,14.379309172804003
1997-06-04,13.176423512797745,14.007925028228653
1997-06-05,13.540704681928796,14.395194252037912
1997-06-06,14.161636812393128,15.05531046056101
1997-06-09,14.593797053727364,15.51474228247471
1997-06-10,13.963776084120129,14.84496368133166
1997-06-11,14.304857793162585,15.207569437296188
1997-06-12,14.342926200282324,15.248040160809246
1997-06-13,14.98798153966585,15.933801879409655
1997-06-16,15.520855205561338,16.500302671838757
1997-06-17,16.15142853295731,17.170668487447546
1997-06-18,15.270619939663696,16.23427624663252
1997-06-19,15.753380869267128,16.747501925958527
1997-06-20,15.719512710030363,16.71149650802612
1997-06-23,15.118214115155052,16.07225281428694
1997-06-24,15.923149516926921,16.927983866771406
1997-06-25,15.566512308414493,16.54884097763562
1997-06-26,14.992168021049824,15.938252549752931
1997-06-27,14.783347660333897,15.7162545277225
1997-06-30,14.512989124953247,15.428834949057961
1997-07-01,14.330176609882956,15.234486004305287
1997-07-02,15.337083297005572,16.30493379083373
1997-07-03,15.828692752402322,16.82756638439582
1997-07-07,16.03834632012362,17.050450193168977
1997-07-08,16.747412310980952,17.80426197148265
1997-07-09,16.953331655212807,18.023175907655105
1997-07-10,16.94183402551847,18.010952717150932
1997-07-11,17.21415117269795,18.30045450630383
1997-07-14,18.540818451915438,19.7108414574088
1997-07-15,19.446595548267425,20.67377784493929
1997-07-16,21.88335283740243,23.26430731487018
1997-07-17,21.361927846657473,22.709977669112664
1997-07-18,19.954630094494448,21.213872038814152
1997-07-21,19.243716702141928,20.458096278269906
1997-07-22,21.006199893349716,22.331801413959624
1997-07-23,21.060400828845015,22.38942271310355
1997-07-24,20.825392705059425,22.1395843426371
1997-07-25,20.65479422251957,21.958220200005616
1997-07-28,20.061585171796455,21.327576543134292
1997-07-29,20.76469372259578,22.075054935638708
1997-07-30,21.502120693491715,22.859017420760036
1997-07-31,21.845841691887976,23.22442901909598
1997-08-01,21.947987892428,23.333021181278177
1997-08-04,22.83596120605294,24.27703027390067
1997-08-05,23.57600894872024,25.063778915254282
1997-08-06,23.900923716483767,25.409197511049662
1997-08-07,23.499006859839962,24.98191759021382
1997-08-08,22.20906214600353,23.610570591202254
1997-08-11,21.370960819488857,22.719580669963474
1997-08-12,20.754765331358794,22.064500010778897
1997-08-13,21.219310100257378,22.55835999400324
1997-08-14,21.46412183968495,22.818620639739233
1997-08-15,19.887215594275766,21.142203329625982
1997-08-18,20.590993247881606,21.890393048837584
1997-08-19,22.37398815863168,23.785904301283438
1997-08-20,23.79302329136811,25.294488002504636
1997-08-21,22.13857493856636,23.535635270834774
1997-08-22,21.663848428063243,23.030951024644487
1997-08-25,21.46814509377108,22.82289778228503
1997-08-26,20.612055115299082,21.912784030688762
1997-08-27,20.527087842514415,21.82245487681293
1997-08-28,19.314398476898436,20.53323844417628
1997-08-29,19.493097267138985,20.723214066460546
1997-09-02,21.045990021113067,22.374102507729972
1997-09-03,20.90320458190687,22.2223065575178
1997-09-04,21.199337660393795,22.53712718830539
1997-09-05,21.495281908520454,22.851747072545397
1997-09-08,21.871624708624875,23.251839079580243
1997-09-09,22.38369868250518,23.796227610205072
1997-09-10,20.95525952546129,22.27764644136039
1997-09-11,21.065053487183768,22.394368978615425
1997-09-12,21.112273491134868,22.444568812776588
1997-09-15,19.625483992016495,20.863955088864365
1997-09-16,21.590226811981157,22.952683497987262
1997-09-17,21.121722379898184,22.454613976038686
1997-09-18,21.148886617189785,22.48349241934769
1997-09-19,21.675380969616675,23.043211330129402
1997-09-22,21.953435553667507,23.33881261854855
1997-09-23,22.61005981601843,24.036873319906096
1997-09-24,21.453747991713527,22.807592147485874
1997-09-25,20.90085057784023,22.21980400343326
1997-09-26,20.909665502862254,22.22917519651293
1997-09-29,21.57648081255797,22.938070053817754
1997-09-30,20.315388864979575,21.59739658212618
1997-10-01,20.57742273326838,21.875966163491054
1997-10-02,21.170974183687775,22.5069738272775
1997-10-03,21.8224320933217,23.199542151932157
1997-10-06,21.898278399975098,23.280174758818
1997-10-07,22.751447183573152,24.18718297280406
1997-10-08,23.015303596537777,24.467690110984307
1997-10-09,23.17681132248023,24.639389822539894
1997-10-10,22.533026993367386,23.95497932163255
1997-10-13,22.68276917734232,24.11417102373948
1997-10-14,22.131451458487064,23.528062261755807
1997-10-15,21.39507235647341,22.74521377154578
1997-10-16,20.25504133454193,21.53324080562217
1997-10-17,18.90401030899919,20.096952627860407
1997-10-20,19.58715935895252,20.823211970204508
1997-10-21,20.781486000110835,22.092906894044244
1997-10-22,20.106412145353463,21.375232334117268
1997-10-23,18.77546711942735,19.96029768802314
1997-10-24,17.85879488790417,18.98577862507984
1997-10-27,13.836224208024914,14.709362612056962
1997-10-28,16.746408870170846,17.803195208288184
1997-10-29,15.916928522165874,16.92137029457337
1997-10-30,14.561435002334722,15.480338015700234
1997-10-31,15.380082429224919,16.350646394092305
1997-11-03,16.779740783537683,17.838630540420347
1997-11-04,16.622833358846883,17.671821433282407
1997-11-05,16.581203071555105,17.627564056254382
1997-11-06,15.967105922370395,16.974714152221367
1997-11-07,15.688153984237651,16.678158881965572
1997-11-10,14.912319185416827,15.853364833290874
1997-11-11,14.879213550799273,15.818170059285302
1997-11-12,13.510072188697743,14.362628687627247
1997-11-13,14.54250066613389,15.460208823457524
1997-11-14,15.51606053247759,16.49520542970574
1997-11-17,16.497821065845987,17.538920208131092
1997-11-18,15.858237310727649,16.85897535949528
1997-11-19,15.979306187934318,16.98768431860817
1997-11-20,17.0494489238123,18.125358680632328
1997-11-21,16.756896587359577,17.814344755504422
1997-11-24,15.49388021286293,16.47162541545054
1997-11-25,15.839863697588262,16.83944227488364
1997-11-26,16.114844376462866,17.13177567856831
1997-11-28,16.397066171490206,17.43180715085936
1997-12-01,17.73370944576849,18.85279963469921
1997-12-02,16.385976464095016,17.420017624693482
1997-12-03,16.824009154718027,17.88569247828337
1997-12-04,16.39437164002139,17.428942580305392
1997-12-05,17.204211627503497,18.289887723613273
1997-12-08,17.805643512573468,18.929273118858323
1997-12-09,16.20595287645064,17.228633603332458
1997-12-10,15.389916094130765,16.36110061489206
1997-12-11,13.982218968633793,14.864570408705049
1997-12-12,12.995936013119698,13.816047819548553
1997-12-15,13.224124922602087,14.058636647480348
1997-12-16,13.73861600388013,14.60559481767238
1997-12-17,13.16639339519374,13.997261957533883
1997-12-18,12.482771478630164,13.270499908213319
1997-12-19,12.597772378718318,13.392757968987477
1997-12-22,12.816306842169361,13.625083104646112
1997-12-23,11.781358398870445,12.524823979874332
1997-12-24,11.381667455635087,12.099910439271682
1997-12-26,11.924339463450627,12.676827900448847
1997-12-29,12.835510008445247,13.645498091553293
1997-12-30,13.613365437091954,14.472440282406579
1997-12-31,13.294468007210671,14.13341875011194
1998-01-02,13.988213128538378,14.870942831576023
1998-01-05,14.363726134316902,15.270152679905609
1998-01-06,13.885150909523981,14.761376845343541
1998-01-07,13.253143657925223,14.089486617384978
1998-01-08,13.381295590045353,14.225725609370768
1998-01-09,11.826247466650258,12.572545783551632
1998-01-12,12.376155745410259,13.157156162368816
1998-01-13,13.282915961342635,14.121137709487757
1998-01-14,13.329136811500407,14.170275338004494
1998-01-15,13.290767980854287,14.129485232662963
1998-01-16,13.696229232619608,14.560533218564744
1998-01-20,14.547617007312388,15.465648032631206
1998-01-21,14.525043663328814,15.441650192105573
1998-01-22,14.267753713921211,15.16812389581448
1998-01-23,14.421660624613073,15.33174314076391
1998-01-26,14.073643240762147,14.961764032490018
1998-01-27,14.87081397651961,15.809240427760908
1998-01-28,16.045276674299686,17.057817889086092
1998-01-29,16.299848258439134,17.328454276985983
1998-01-30,16.389131701137543,17.4233719737621
1998-02-02,17.75158093283703,18.87179890644816
1998-02-03,18.239464652923452,19.390470651237333
1998-02-04,18.87932417434832,20.070708668481714
1998-02-05,18.387342699384245,19.54768057896406
1998-02-06,19.34100618151363,20.561525234674537
1998-02-09,18.737970816294677,19.920435171262938
1998-02-10,19.58328986823339,20.819098294301593
1998-02-11,19.522985652754638,20.754988566157834
1998-02-12,19.821289124379614,21.072116553287607
1998-02-13,19.39011858154091,20.613736885041593
1998-02-17,18.967954512216142,20.164932046082857
1998-02-18,19.56903817085031,20.803947239975408
1998-02-19,20.38319380000541,21.66948036460806
1998-02-20,20.530533699318323,21.82611818527597
1998-02-23,21.89047213720289,23.27187587987276
1998-02-24,21.152201572515633,22.487016565762012
1998-02-25,22.6565945175876,24.086344605506365
1998-02-26,23.017843618812744,24.470390422002918
1998-02-27,22.27173069069816,23.677193850150918
1998-03-02,21.33512952231042,22.681488229776466
1998-03-03,21.222822365188716,22.562093901295267
1998-03-04,21.436946179601147,22.78973005279984
1998-03-05,18.535189369782163,19.704857150633572
1998-03-06,20.316228847816376,21.598289572290867
1998-03-09,18.485643772929727,19.652184966446896
1998-03-10,19.471152453810866,20.699884420175238
1998-03-11,19.728918779955986,20.973917155077526
1998-03-12,20.201220385147163,21.476023471697072
1998-03-13,20.504748784295032,21.798706106713468
1998-03-16,21.066873902503893,22.39630427170156
1998-03-17,20.398718718474203,21.68598498695637
1998-03-18,20.86639710301888,22.183176333429255
1998-03-19,21.34260728390006,22.689437877389476
1998-03-20,20.428867104078726,21.71803589400714
1998-03-23,20.929623259060932,22.250392391929495
1998-03-24,21.911167213907664,23.293876924591167
1998-03-25,22.833681401007123,24.27460660118477
1998-03-26,22.99819427243271,24.449501098684035
1998-03-27,22.629813194783612,24.057873240599882
1998-03-30,22.338343131689307,23.74800988596252
1998-03-31,23.105825429990304,24.563924347474106
1998-04-01,23.534370846216092,25.019513229832917
1998-04-02,23.624335887560324,25.115155537708606
1998-04-03,23.813011999103516,25.315738102662422
1998-04-06,22.16288016119953,23.561474280647175
1998-04-07,20.86987253928671,22.18687108797572
1998-04-08,21.33240355924806,22.678590244130334
1998-04-09,21.63552633918832,23.000841663237146
1998-04-13,21.953875123271732,23.339279927303032
1998-04-14,22.49860374921866,23.918383790015348
1998-04-15,23.502194646972892,24.985306543454453
1998-04-16,23.271143652566295,24.73967501801041
1998-04-17,23.47107432486362,24.952222365601667
1998-04-20,24.709476471178025,26.268774190421258
1998-04-21,25.678510537324964,27.298959394714505
1998-04-22,26.951927071006587,28.65273519861104
1998-04-23,24.914077161671816,26.48628625888029
1998-04-24,24.400404406702684,25.94019805568444
1998-04-27,22.626303954935782,24.054142549290006
1998-04-28,22.751296702727355,24.187022995826663
1998-04-29,23.69240806009948,25.187523421794232
1998-04-30,24.171394489008357,25.696736409611276
1998-05-01,24.357427438289886,25.894509014884996
1998-05-04,24.595721360642127,26.147840535061974
1998-05-05,24.081062591910143,25.600704095457104
1998-05-06,23.778257263934304,25.278790161200664
1998-05-07,22.64258656757594,24.07145268029069
1998-05-08,24.372958533967594,25.91102020425655
1998-05-11,23.406284834607078,24.88334431828866
1998-05-12,24.45836616093468,26.00181750097609
1998-05-13,24.835664410091155,26.40292525091541
1998-05-14,25.004344822199094,26.582250282798586
1998-05-15,24.0048192370499,25.519649384537587
1998-05-18,23.589948168963513,25.078597773492238
1998-05-19,24.323726511341025,25.858681382476025
1998-05-20,23.274758537657142,24.743518021332907
1998-05-21,22.470526141825435,23.88853433815504
1998-05-22,21.932098584454824,23.31612917453425
1998-05-26,21.16190021050264,22.497327238735284
1998-05-27,21.64539841613962,23.011336720084127
1998-05-28,21.922892042130485,23.306341651044033
1998-05-29,20.679745216214563,21.9847457324249
1998-06-01,19.289222768683956,20.506474016571264
1998-06-02,20.35198188966835,21.636298818829356
1998-06-03,19.150154536064704,20.3586298482014
1998-06-04,20.68100691901032,21.9860870552925
1998-06-05,21.268157868634898,22.61029031307379
1998-06-08,21.274447460881643,22.616976811619086
1998-06-09,22.134160111652047,23.53094184515909
1998-06-10,20.811307969623066,22.1246107864332
1998-06-11,20.061672050745248,21.327668904600948
1998-06-12,20.147116002407866,21.41850481829506
1998-06-15,19.45369586773443,20.6813262318497
1998-06-16,21.300376442789332,22.64454204844291
1998-06-17,21.985252309011752,23.37263717823051
1998-06-18,22.149375866201797,23.547117793721608
1998-06-19,22.808559522462343,24.247899400184313
1998-06-22,24.13398106100321,25.65696199783436
1998-06-23,26.325023252378813,27.986270457042984
1998-06-24,28.056433621256453,29.82694191214453
1998-06-25,26.79297921651281,28.483756899834898
1998-06-26,27.3643077374439,29.091139250585723
1998-06-29,28.51713264704732,30.31671346567638
1998-06-30,28.35153058004012,30.14066103863474
1998-07-01,29.533034685716704,31.396724257670403
1998-07-02,27.97578470327739,29.741203623939
1998-07-06,28.594775988307504,30.399256509489252
1998-07-07,28.819445782419976,30.63810414739178
1998-07-08,30.82919717319017,32.774681404486145
1998-07-09,31.174915729627592,33.142216617265184
1998-07-10,31.692802079935603,33.69278431579214
1998-07-13,33.691144259160055,35.8172323801804
1998-07-14,33.49998609447051,35.61401113149299
1998-07-15,35.712029491243655,37.965646082440855
1998-07-16,35.91885780150075,38.18552634516789
1998-07-17,36.742849110904906,39.061515833122236
1998-07-20,36.869045989758796,39.195676397714344
1998-07-21,34.28517841696086,36.4487532127188
1998-07-22,34.17393168812455,36.3304862311163
1998-07-23,32.381005098886014,34.42441655911634
1998-07-24,32.55829398061348,34.61289330025666
1998-07-27,33.77422027867656,35.90555093277554
1998-07-28,31.40677658408532,33.3887091091823
1998-07-29,30.498420442950426,32.423030925600074
1998-07-30,33.2656655291316,35.3649037080217
1998-07-31,30.105745736000824,32.005576382636335
1998-08-03,29.512295029349765,31.374675820079034
1998-08-04,26.184946157627042,27.837353762042323
1998-08-05,26.92684666033054,28.62607208231959
1998-08-06,29.098264508642647,30.934517799366457
1998-08-07,28.968671564495907,30.796746859928163
1998-08-10,28.878375086075895,30.700752199556774
1998-08-11,26.782094252869474,28.472185037826765
1998-08-12,28.250435564782112,30.033186397045814
1998-08-13,27.2184125863627,28.93603734934958
1998-08-14,26.695370976741703,28.37998906757579
1998-08-17,28.955075736536855,30.782293063830753
1998-08-18,31.06492834124432,33.025288447111336
1998-08-19,30.851200963214843,32.79807374920724
1998-08-20,30.831799965312708,32.777448446459346
1998-08-21,29.26641913018774,31.11328386054125
1998-08-24,29.00590843375952,30.836333571179818
1998-08-25,30.097752279432644,31.997078496983626
1998-08-26,29.15268793009275,30.99237562449725
1998-08-27,25.158722435785727,26.746369934467204
1998-08-28,22.47072870915812,23.888749688550142
1998-08-31,15.814403633855102,16.81237554743352
1998-09-01,18.915184390268795,20.108831852335218
1998-09-02,19.20367913121119,20.41553212636893
1998-09-03,18.60544039098127,19.779541380171118
1998-09-04,18.432241546466795,19.59541277906945
1998-09-08,22.141551787782582,23.538799974868503
1998-09-09,20.855141686877793,22.17121064142546
1998-09-10,19.53565721698825,20.768459772635254
1998-09-11,22.127067733994252,23.523401901227757
1998-09-14,23.04365501689134,24.49783065484058
1998-09-15,23.875507457097736,25.38217735223101
1998-09-16,24.25626959908136,25.7869675848244
1998-09-17,22.076576278175875,23.469724169407517
1998-09-18,22.522346794176233,23.943625145788776
1998-09-21,23.913645902790883,25.422722534119245
1998-09-22,24.3604372028709,25.89770871141591
1998-09-23,27.545661343160965,29.283937221143997
1998-09-24,25.269018537691565,26.86362629958801
1998-09-25,27.13582885085401,28.848242146468234
1998-09-28,26.721693750686413,28.407972946782053
1998-09-29,26.803378562619365,28.494812499289633
1998-09-30,24.50173292448104,26.047920935028934
1998-10-01,20.570239617603253,21.868329755507617
1998-10-02,20.690762927270885,21.996458718904886
1998-10-05,17.336677298282318,18.430712673819325
1998-10-06,16.344376170450055,17.37579213406888
1998-10-07,14.939502204068269,15.882263243162143
1998-10-08,14.067271825481503,14.954990547447718
1998-10-09,16.639345645630968,17.689375732071557
1998-10-12,18.528368500330835,19.697605848502267
1998-10-13,16.8874038890662,17.953087753266068
1998-10-14,18.08664333375948,19.22800550434184
1998-10-15,20.887486363155865,22.205596436624408
1998-10-16,20.599809243330633,21.89976537989383
1998-10-19,21.366116113411632,22.71443023749235
1998-10-20,20.03742583865137,21.30189262920274
1998-10-21,22.314359224914288,23.72251246872621
1998-10-22,23.46611302421393,24.94694798082833
1998-10-23,22.69647192138707,24.12873848288903
1998-10-26,24.124015601891752,25.646367665922572
1998-10-27,23.287743060129404,24.757321935357265
1998-10-28,24.650298478225444,26.205861755359106
1998-10-29,25.513624916857115,27.12366862575108
1998-10-30,25.73219392101672,27.35603048181837
1998-11-02,26.726370234652176,28.41294454144313
1998-11-03,25.748903631168513,27.37379466242644
1998-11-04,27.51436944744412,29.25067064248806
1998-11-05,27.963408507777952,29.72804642551395
1998-11-06,28.89766991376094,30.721264632189396
1998-11-09,29.435480130752328,31.29301349801127
1998-11-10,30.013429669940514,31.907434688039366
1998-11-11,30.19526377782184,32.10074348297166
1998-11-12,29.31328902614401,31.16311149305466
1998-11-13,29.219475568338556,31.06337791343032
1998-11-16,29.82586125473025,31.7080297208738
1998-11-17,31.202597236340576,33.17164497241237
1998-11-18,32.20768131171874,34.24015513082443
1998-11-19,33.63050024222149,35.7527614073204
1998-11-20,34.057951441187726,36.20718702156465
1998-11-23,37.007782559826886,39.343167973884505
1998-11-24,36.41426356405764,38.71219481280706
1998-11-25,37.61575619529712,39.98950793833198
1998-11-27,39.705668728361616,42.21130492674003
1998-11-30,34.53664775695181,36.71609158857403
1998-12-01,39.47855729780448,41.96986157231171
1998-12-02,38.48377748723815,40.91230593193067
1998-12-03,35.23365117834668,37.457079585949444
1998-12-04,38.99265017082643,41.4532911540355
1998-12-07,42.33750551128384,45.00922443091368
1998-12-08,41.655102700873094,44.283758419745936
1998-12-09,42.924258664498964,45.63300478924318
1998-12-10,40.41044032353205,42.960551310448324
1998-12-11,42.022291104034466,44.674118339319236
1998-12-14,37.41623305282479,39.77739383783771
1998-12-15,40.853122272541974,43.43116881504343
1998-12-16,40.28022168542484,42.822115192475025
1998-12-17,42.69326506899765,45.387434284876754
1998-12-18,46.11112090467138,49.020974771558166
1998-12-21,50.258002879954866,53.42954677550628
1998-12-22,48.5895610220889,51.65581747512024
1998-12-23,52.782105520340814,56.11293354701822
1998-12-24,51.6309937023649,54.889180528632515
1998-12-28,53.144635464269584,56.49834103411894
1998-12-29,53.0586307164664,56.40690893510295
1998-12-30,51.95480547443118,55.233426523910126
1998-12-31,54.08394446723406,57.496925367651244
1999-01-04,55.68117985422317,59.1949546949301
1999-01-05,60.03212902646695,63.82047160756031
1999-01-06,65.77030318724043,69.92075469006475
1999-01-07,65.97853976068184,70.14213208477808
1999-01-08,66.68139151234232,70.8893374727695
1999-01-11,69.33603928671786,73.7115074617418
1999-01-12,62.9472851481931,66.91958938857732
1999-01-13,63.85365214717291,67.88315290468914
1999-01-14,59.635071200736704,63.398357348004346
1999-01-15,66.6915565535001,70.90014398140282
1999-01-19,71.91748486904854,76.4558558159533
1999-01-20,71.88152612661402,76.41762788804533
1999-01-21,64.21636724350138,68.26875722827823
1999-01-22,64.42484959602871,68.49039591202842
1999-01-25,67.63486211920858,71.90297708177494
1999-01-26,74.20887642330315,78.89184620979118
1999-01-27,70.73446016544123,75.19817604127255
1999-01-28,78.45726331254428,83.40832862078825
1999-01-29,80.94554253379843,86.05363132730594
1999-02-01,81.33202111186773,86.46449873312004
1999-02-02,75.3097637891731,80.06220534940537
1999-02-03,79.75550158805777,84.78849254876967
1999-02-04,69.30047460081157,73.67369845739823
1999-02-05,65.25577262780602,69.37375455043738
1999-02-08,69.71823830663152,74.11782524680788
1999-02-09,59.516670917594816,63.27248538525497
1999-02-10,60.30340645412059,64.10886806542554
1999-02-11,69.6250002392878,74.01870336780489
1999-02-12,60.79664747475328,64.63323518455759
1999-02-16,60.38351658643913,64.1940335677661
1999-02-17,54.50309183978827,57.942523140431966
1999-02-18,55.748384402925744,59.26640020355898
1999-02-19,57.95794468826661,61.615395345703924
1999-02-22,63.728695817007406,67.75031117392194
1999-02-23,66.78201916678394,70.99631526062029
1999-02-24,62.88736951526236,66.85589276458082
1999-02-25,61.456946331546646,65.33520236656284
1999-02-26,56.840270231465674,60.42718976156894
1999-03-01,57.91187456793786,61.56641795885992
1999-03-02,53.48596307524488,56.86120820971952
1999-03-03,54.40651042119754,57.83984692716172
1999-03-04,57.23335461258686,60.84507983129576
1999-03-05,60.47702258024773,64.29344028080082
1999-03-08,66.35796384290046,70.54549981900887
1999-03-09,65.7884434179275,69.94003966456577
1999-03-10,66.72264619693286,70.93319554459345
1999-03-11,67.20479947644483,71.44577522791634
1999-03-12,63.73821528027813,67.76043136531347
1999-03-15,68.59675363203512,72.92556900012639
1999-03-16,69.85791791718358,74.26631937426856
1999-03-17,68.93245305279673,73.2824528171562
1999-03-18,72.73142784056073,77.32116286312903
1999-03-19,67.60225959369403,71.86831716569864
1999-03-22,64.94658988769984,69.04506075585623
1999-03-23,58.5868311650389,62.28396786155673
1999-03-24,63.23896301597295,67.22967366146707
1999-03-25,69.78391118758668,74.18764243141145
1999-03-26,68.13618154824738,72.43593239930469
1999-03-29,75.75122906417988,80.53152940147876
1999-03-30,73.70324650267757,78.35430838602032
1999-03-31,71.65884491376384,76.18089432132513
1999-04-01,75.67884837454505,80.45458111024395
1999-04-05,83.41754604760031,88.68163124376447
1999-04-06,83.28453498541766,88.54022648509304
1999-04-07,80.25432477808121,85.31879410149402
1999-04-08,83.77903465952961,89.06593168534832
1999-04-09,84.60929485759392,89.94858566175635
1999-04-12,83.05935056779944,88.30083174823918
1999-04-13,78.07402688034193,83.00090795727039
1999-04-14,70.33052318682795,74.76874851816291
1999-04-15,73.52299119489531,78.1626780217639
1999-04-16,68.38975572093763,72.70550843385534
1999-04-19,56.66565356531709,60.241553866842835
1999-04-20,62.0545450062374,65.97051265572489
1999-04-21,68.95005400380771,73.30116448060174
1999-04-22,76.54492782985155,81.3753147271195
1999-04-23,79.34094644585284,84.34777680018787
1999-04-26,84.7090229981393,90.05460717166056
1999-04-27,78.63798418226914,83.60045392639057
1999-04-28,72.54963498577169,77.12789792457579
1999-04-29,69.36063685613135,73.73765726695153
1999-04-30,71.00490095983861,75.4856830699297
1999-05-03,71.1249484953312,75.61330623530311
1999-05-04,67.05733516997647,71.28900514934821
1999-05-05,72.60757232176749,77.18949141071232
1999-05-06,64.77689621624081,68.86465852263612
1999-05-07,68.39996801461503,72.7163651768904
1999-05-10,70.01494257450489,74.43325311203164
1999-05-11,74.0239041542197,78.69520121920586
1999-05-12,78.25613063678703,83.19450341700681
1999-05-13,74.13073863024484,78.80877751167525
1999-05-14,68.58967576411032,72.91804448156842
1999-05-17,73.45379922811219,78.0891196785373
1999-05-18,71.7479613381205,76.2756344600251
1999-05-19,74.39757108668049,79.0924484972973
1999-05-20,69.63863448262533,74.03319800349291
1999-05-21,67.10945237379536,71.34441122240493
1999-05-24,61.952249311810824,65.8617615658069
1999-05-25,56.369712021405206,59.926936857467766
1999-05-26,60.90966645676671,64.75338625781912
1999-05-27,60.61665384796075,64.44188301473551
1999-05-28,64.09987507615263,68.14491379344841
1999-06-01,58.186668784026665,61.858553132977896
1999-06-02,62.35830708794506,66.29344371989772
1999-06-03,58.34673246868012,62.02871767665623
1999-06-04,65.12897861235624,69.23895916679452
1999-06-07,69.1052851626285,73.46619154069093
1999-06-08,62.7203542790788,66.67833798996703
1999-06-09,67.0829487764512,71.3162351088932
1999-06-10,63.49748581574505,67.50451060745462
1999-06-11,60.242115016552184,64.04370881629421
1999-06-14,57.28765395951807,60.90280575215404
1999-06-15,59.73666846638134,63.50636593461671
1999-06-16,69.22557204339573,73.59406915528267
1999-06-17,71.42727537839605,75.93471153226233
1999-06-18,72.82248878361528,77.41797022986782
1999-06-21,79.04651003428793,84.03475990491465
1999-06-22,72.86384705992054,77.4619384305877
1999-06-23,75.73949485263468,80.51905469956665
1999-06-24,70.17572701890997,74.6041838991868
1999-06-25,70.22638639247523,74.65804014524554
1999-06-28,75.79907049828867,80.58238988130387
1999-06-29,79.42152468986787,84.4334399545312
1999-06-30,81.12799237158933,86.24759470793848
1999-07-01,83.79491429971684,89.08281341421828
1999-07-02,86.51979626819028,91.97964974374845
1999-07-06,84.58060540570484,89.91808575479966
1999-07-07,85.62045623760325,91.02355663463489
1999-07-08,89.29889225024566,94.93412127580515
1999-07-09,91.33461022054111,97.09830373994801
1999-07-12,90.28361841290692,95.98098883030481
1999-07-13,89.03657443764922,94.6552498317558
1999-07-14,93.8747806529295,99.79877226551262
1999-07-15,95.25166202452394,101.26254208190677
1999-07-16,98.75763332251432,104.98975857928718
1999-07-19,94.50897950917691,100.47299239988168
1999-07-20,83.31765717381475,88.57543885750864
1999-07-21,86.95769078045777,92.445177699203
1999-07-22,77.89590974416139,82.81155069447176
1999-07-23,79.91538028750757,84.95846043370669
1999-07-26,72.74038019442813,77.33068015753598
1999-07-27,80.05813398050199,85.11022263435441
1999-07-28,82.61876845544575,87.83244659102
1999-07-29,75.06672951056909,79.80383433160475
1999-07-30,75.81233793082598,80.59649455850396
1999-08-02,75.16151736446885,79.90460379683367
1999-08-03,72.57220045723254,77.15188739578124
1999-08-04,69.14744540972991,73.51101232077554
1999-08-05,71.73844077950719,76.26551310416917
1999-08-06,69.76659698478299,74.16923561149092
1999-08-09,67.40991174069491,71.66383115312215
1999-08-10,65.17235215577728,69.28506980856777
1999-08-11,72.1905160624137,76.74611671135584
1999-08-12,69.50065420867571,73.88651044969784
1999-08-13,78.19738574735493,83.13205141657161
1999-08-16,78.77042949230587,83.74125723098489
1999-08-17,81.21258846718713,86.33752926139785
1999-08-18,79.08932643937769,84.08027825000225
1999-08-19,75.09770220812325,79.8367615690178
1999-08-20,78.64698688209411,83.6100247438494
1999-08-23,85.82326855007682,91.23916746902954
1999-08-24,87.82533003070694,93.36756954227289
1999-08-25,93.92780837578329,99.85514631613663
1999-08-26,88.8862255400685,94.4954131292286
1999-08-27,87.21687984214253,92.72072295172855
1999-08-30,83.28645036997015,88.54226274046893
1999-08-31,86.41072213480467,91.86369245977833
1999-09-01,87.24030416414625,92.74562547145604
1999-09-02,85.85378346363068,91.27160803386796
1999-09-03,98.09253049263518,104.28268426826791
1999-09-07,96.2978074472117,102.3747047742642
1999-09-08,91.94259275866582,97.74465316885424
1999-09-09,97.60832526159187,103.76792314449689
1999-09-10,100.96170289936128,107.33291652039959
1999-09-13,94.75579212154311,100.7353801841457
1999-09-14,99.21436429958219,105.47531167938469
1999-09-15,92.15928114860468,97.97501573406801
1999-09-16,92.53859980436279,98.37827138887505
1999-09-17,100.37331518540448,106.70739845196225
1999-09-20,101.33204079742393,107.72662468454102
1999-09-21,92.72189748477962,98.57313611545533
1999-09-22,97.19591753747615,103.32949032736224
1999-09-23,84.28770563897277,89.6067024747174
1999-09-24,83.8783274635702,89.17149038672838
1999-09-27,86.66042944601548,92.12915761358462
1999-09-28,86.78853699518562,92.26534942182322
1999-09-29,83.60008612981976,88.87569056372293
1999-09-30,84.51179849251963,89.84493676407502
1999-10-01,84.10628632423652,89.4138346485558
1999-10-04,90.72466318047555,96.44986583871258
1999-10-05,91.07412895392808,96.82138473757769
1999-10-06,97.76102833614702,103.93026258492783
1999-10-07,97.66583420738414,103.82906120675848
1999-10-08,100.32018183356425,106.65091210660809
1999-10-11,103.04009098300902,109.54246180611572
1999-10-12,96.74836403192288,102.85369384542446
1999-10-13,88.39174089717658,93.96972390874227
1999-10-14,90.13015208229496,95.8178379683519
1999-10-15,82.73385837370878,87.95479928748334
1999-10-18,78.38682946996964,83.33345003288643
1999-10-19,78.36156309737102,83.30658921949856
1999-10-20,88.67616377711862,94.27209536596442
1999-10-21,89.80215445470766,95.46914196808922
1999-10-22,90.70996632561182,96.4342415351311
1999-10-25,90.47742299398114,96.1870234981476
1999-10-26,88.48837532185439,94.07245647306203
1999-10-27,87.48190166391184,93.00246904212882
1999-10-28,96.24558380272099,102.31918554357037
1999-10-29,107.28230358807875,114.05238030318789
1999-11-01,104.6562893783122,111.2606508071114
1999-11-02,105.87957014754137,112.56112701654662
1999-11-03,111.35600507598306,118.38315374671929
1999-11-04,115.09884422728967,122.36218570279594
1999-11-05,121.75914571746303,129.4427871914421
1999-11-08,125.75043307922908,133.6859457447045
1999-11-09,122.61541847378169,130.35309525512696
1999-11-10,127.0836769413379,135.10332429561606
1999-11-11,134.13380871322622,142.59835640382244
1999-11-12,139.58775425989032,148.39647455413154
1999-11-15,137.62777092251685,146.31280597594426
1999-11-16,146.80185682322795,156.06582487176786
1999-11-17,142.45058534039816,151.43996530906114
1999-11-18,155.85294853379574,165.68808799818544
1999-11-19,159.72131867932004,169.8005726134008
1999-11-22,162.92728508142508,173.20885233058576
1999-11-23,154.859214241581,164.63164385385417
1999-11-24,171.62240889344577,182.45268411480637
1999-11-26,172.87822482664322,183.78774862790428
1999-11-29,163.90716868154647,174.2505717314201
1999-11-30,148.33144882109295,157.69194215686127
1999-12-01,152.84266817646252,162.48784314278015
1999-12-02,169.7762363856962,180.49000842723348
1999-12-03,180.16150864562456,191.53064590169873
1999-12-06,183.26079549888746,194.82551403031607
1999-12-07,185.57945437730314,197.29049245965524
1999-12-08,178.36476056909012,189.6205135864872
1999-12-09,178.85732483568034,190.14416124484293
1999-12-10,184.82557502928194,196.48903936601764
1999-12-13,191.4995216355002,203.5841470491841
1999-12-14,178.10072639346666,189.33981746789084
1999-12-15,190.139054891003,202.1378277090532
1999-12-16,206.4441311051781,219.47183985323502
1999-12-17,211.46127220411532,224.80558890142686
1999-12-20,217.0482220689268,230.74510464078807
1999-12-21,243.54627776762814,258.91532680014114
1999-12-22,250.41505705217526,266.2175621267405
1999-12-23,256.19261004390887,272.359709051224
1999-12-27,257.8263207508979,274.0965154827332
1999-12-28,253.7080300922012,269.71833905758666
1999-12-29,276.9105892531711,294.38510154243147
1999-12-30,275.4189797204127,292.79936361544566
1999-12-31,280.7004573933972,298.41413026358606
2000-01-03,299.34699851842515,318.2373660499496
2000-01-04,241.3069391552231,256.5346741621228
2000-01-05,233.24730784628116,247.96643779501085
2000-01-06,199.91234069753432,212.52785917126081
2000-01-07,233.7036785074694,248.4516078414046
2000-01-10,270.8929038014121,287.9876685387162
2000-01-11,232.92411899543754,247.62285403055617
2000-01-12,219.75424522878868,233.62189207185227
2000-01-13,245.03201088914463,260.49481748347756
2000-01-14,263.7667550511635,280.4118223816362
2000-01-18,274.96376306265347,292.31542039615726
2000-01-19,282.09441225690995,299.89605099889474
2000-01-20,293.30520761389334,311.81430641280963
2000-01-21,295.041264579023,313.65991768878683
2000-01-24,251.44176036413802,267.30905580909223
2000-01-25,271.5394611072638,288.67502700575614
2000-01-26,241.52002445055473,256.7612062585393
2000-01-27,235.7847879698963,250.66404623919144
2000-01-28,206.72425326374872,219.76963919098338
2000-01-31,228.92182405754934,243.36799326531562
2000-02-01,254.14807293910204,270.1861509188713
2000-02-02,258.6923144928921,275.01715797733647
2000-02-03,284.9638188953643,302.9465322640067
2000-02-04,289.9736044798814,308.2724616261933
2000-02-07,303.06927443756234,322.1945371259259
2000-02-08,332.8360036140357,353.83970322389166
2000-02-09,309.4909787612033,329.02148471391473
2000-02-10,337.7721096710205,359.08730349345416
2000-02-11,307.5976369513655,327.0086630935972
2000-02-14,311.45224884774103,331.1065212418955
2000-02-15,313.8515386674538,333.6572188483352
2000-02-16,313.916028840292,333.725778689729
2000-02-17,343.7713124915325,365.46508751483526
2000-02-18,303.69315695021345,322.85778990124476
2000-02-22,304.31779447798556,323.5218453371035
2000-02-23,350.3891358665681,372.50053029621824
2000-02-24,371.12591450322753,394.54590855741094
2000-02-25,351.44541498808354,373.62346617701326
2000-02-28,347.11899112602595,369.0240222504288
2000-02-29,373.1687087673633,396.7176138666943
2000-03-01,384.0198766644961,408.2535474395735
2000-03-02,363.84265851684285,386.80304087259617
2000-03-03,417.4373232554657,443.7798103914649
2000-03-06,421.2621813566797,447.8460371238844
2000-03-07,402.23867815656183,427.62205097599696
2000-03-08,417.111813834496,443.43375961672336
2000-03-09,456.4725063143218,485.27831848211264
2000-03-10,456.51311891813714,485.32149395449284
2000-03-13,408.4077869466531,434.18046292584455
2000-03-14,352.9014767760807,375.17141310987574
2000-03-15,328.4350120494972,349.16098598123125
2000-03-16,381.5487868649278,405.62651889751476
2000-03-17,404.2650108574788,429.7762559109799
2000-03-20,355.0916040247678,377.4997488887077
2000-03-21,401.9585429242254,427.32423773945965
2000-03-22,441.7281909284276,469.60355937031255
2000-03-23,459.90271497367564,488.9249913205154
2000-03-24,468.84682286570836,498.4335193876571
2000-03-27,472.5457989300899,502.3659202656907
2000-03-28,435.7471938808956,463.2451300017884
2000-03-29,387.19424404445596,411.6282340703837
2000-03-30,343.91288787576667,365.6155970492524
2000-03-31,379.58312084664794,403.5368090314151
2000-04-03,296.3222345444566,315.0217235856433
2000-04-04,286.8308987845874,304.93143469861263
2000-04-05,285.85349496121546,303.89235156146236
2000-04-06,297.72627324025837,316.51436449601033
2000-04-07,342.33760926141207,363.9409100822603
2000-04-10,271.98358343238175,289.1471757817553
2000-04-11,253.67457288304723,269.6827705228453
2000-04-12,199.89930587910519,212.5140017873407
2000-04-13,186.62581243829078,198.40288120890585
2000-04-14,132.04628243596136,140.37909625648572
2000-04-17,171.67984273818817,182.51374233674758
2000-04-18,198.78884142692863,211.33346119698294
2000-04-19,177.38542840438745,188.57938041954213
2000-04-20,165.74487355388376,176.20424543132125
2000-04-24,144.13444418273085,153.23008448659118
2000-04-25,178.62210264625026,189.8940953000657
2000-04-26,161.39096235531926,171.57557957295535
2000-04-27,187.1174781654345,198.9255736252576
2000-04-28,199.27840401557697,211.8539177557563
2000-05-01,208.1561889332801,221.29193752061428
2000-05-02,175.028894666201,186.07413702789293
2000-05-03,165.51029386923113,175.95486253674684
2000-05-04,166.62212394668612,177.13685493050923
2000-05-05,183.005850465478,194.5544806265361
2000-05-08,158.09188726904245,168.06831552469686
2000-05-09,147.73164962200102,157.054292478653
2000-05-10,121.8617928332533,129.55191187925726
2000-05-11,137.2187042924608,145.87792509344914
2000-05-12,140.15451138589432,148.99899703093018
2000-05-15,153.15168253913012,162.81635793442211
2000-05-16,170.7070290216979,181.4795389663266
2000-05-17,157.08595108905823,166.9988994894035
2000-05-18,140.52899198568807,149.39710932303595
2000-05-19,120.06931535930627,127.64631966408203
2000-05-22,120.45890746582846,128.0604970783441
2000-05-23,93.6898418499613,99.60216285293014
2000-05-24,108.22814799321543,115.05791245708801
2000-05-25,99.9015103214588,106.20582022356922
2000-05-26,100.06042596092696,106.37476427438247
2000-05-30,130.2652753552404,138.48569827658216
2000-05-31,119.90378762661946,127.47034626224672
2000-06-01,140.9346963166363,149.8284157276935
2000-06-02,169.30243424253766,179.98630688082108
2000-06-05,165.7881792464213,176.25028394046376
2000-06-06,154.50684802650954,164.2570414802732
2000-06-07,165.83098824312404,176.2957944096562
2000-06-08,161.92634214368755,172.14474463734524
2000-06-09,168.78355660634796,179.4346853410679
2000-06-12,152.29237116111577,161.90281949605617
2000-06-13,168.2126297886218,178.82773004310368
2000-06-14,156.29318069433955,166.15610111979794
2000-06-15,165.7163278469029,176.1738983403312
2000-06-16,170.31742976627555,181.06535395203124
2000-06-19,189.97496148982398,201.96337915257564
2000-06-20,189.898827147256,201.88244033319646
2000-06-21,195.04199855155778,207.3501728608292
2000-06-22,170.4944804329313,181.2535774454779
2000-06-23,154.43457002198258,164.1802023541158
2000-06-26,165.18783298250014,175.61205267476288
2000-06-27,155.58541200582113,165.40366851041315
2000-06-28,164.6004772929019,174.98763175684047
2000-06-29,150.73883802898038,160.25125026540078
2000-06-30,162.74780179267233,173.01804270381365
2000-07-03,167.98369910263983,178.58435262868002
2000-07-05,147.3722836920424,156.67224867141874
2000-07-06,164.70320001881174,175.09683682617074
2000-07-07,170.84561227927625,181.62686755518382
2000-07-10,161.54423897314896,171.73852875025315
2000-07-11,157.9085785686275,167.8734390826987
2000-07-12,177.64005549764062,188.85007581947224
2000-07-13,185.1397255120939,196.8230143939557
2000-07-14,196.90606784374165,209.33187471391355
2000-07-17,199.83783569190967,212.44865250854207
2000-07-18,184.84263231400314,196.50717305497554
2000-07-19,168.37320562708248,178.99843906018396
2000-07-20,188.19430211323635,200.07035081876225
2000-07-21,175.84755764915062,186.94446194401345
2000-07-24,159.81628775356867,169.90153473493427
2000-07-25,169.19348232878247,179.87047952918195
2000-07-26,162.9266364893535,173.20816280894866
2000-07-27,145.3488140700247,154.5210874906483
2000-07-28,121.07682162738284,128.7174048682712
2000-07-31,134.80883089381734,143.31597602867197
2000-08-01,124.8586235695542,132.7378583719168
2000-08-02,121.5186816851096,129.18714861592724
2000-08-03,135.36609452695157,143.90840592334865
2000-08-04,134.75260045976776,143.2561971589577
2000-08-07,144.93625866809174,154.0824976764506
2000-08-08,142.04898955021838,151.01302671566918
2000-08-09,142.74901269792375,151.7572249999424
2000-08-10,131.33088482436438,139.61855329891517
2000-08-11,136.68111748756965,145.30641373820418
2000-08-14,145.05078553009642,154.20425178484894
2000-08-15,145.33039727134386,154.5015084952607
2000-08-16,145.09726471189828,154.25366404709303
2000-08-17,157.8147310016424,167.77366924142632
2000-08-18,154.88322685296595,164.65717178711202
2000-08-21,157.25992323671167,167.1838501931329
2000-08-22,157.21454489562143,167.13560824043003
2000-08-23,165.64129562295432,176.09413118904362
2000-08-24,172.27226842221023,183.1435531923652
2000-08-25,169.78887915971333,180.5034490266804
2000-08-28,172.6827660292239,183.57995535397833
2000-08-29,172.29509331986807,183.16781846092294
2000-08-30,174.40496195007972,185.41083088100117
2000-08-31,188.66925956074198,200.57528057529248
2000-09-01,191.5884374016023,203.67867386703978
2000-09-05,175.75122987378757,186.84205538019037
2000-09-06,155.90505626590476,165.7434840018176
2000-09-07,169.93307238919462,180.65674160612662
2000-09-08,151.80492507449978,161.3846130017075
2000-09-11,138.9865289511397,147.7573087712563
2000-09-12,134.43219838021145,142.91557602569225
2000-09-13,142.60056216732875,151.5994064613263
2000-09-14,142.03419548026918,150.9972990622198
2000-09-15,134.9983360658325,143.51743997216698
2000-09-18,124.92694180594526,132.81048784777542
2000-09-19,142.7259051793817,151.73265927563855
2000-09-20,146.53577758517122,155.78295463655968
2000-09-21,138.07732270463404,146.79072683619037
2000-09-22,136.1176920693649,144.7074332174623
2000-09-25,127.32471466493128,135.35957276530067
2000-09-26,123.09446338057936,130.86237041109464
2000-09-27,121.9310016503988,129.62548813619256
2000-09-28,137.56414279908742,146.24516258380368
2000-09-29,120.3745991684828,127.97086848471788
2000-10-02,108.92223162528794,115.79579641110249
2000-10-03,98.98059355838753,105.22678877684835
2000-10-04,107.78798085956663,114.5899684659091
2000-10-05,105.01485075364815,111.64183928810144
2000-10-06,94.62313844315729,100.59435536206536
2000-10-09,95.17237152057723,101.17824793079232
2000-10-10,83.88872748594049,89.18254670512262
2000-10-11,76.91948781355919,81.77351141268113
2000-10-12,69.73022127665607,74.1305644051658
2000-10-13,88.72579683481594,94.32486053023457
2000-10-16,86.3824631493663,91.83365018396576
2000-10-17,80.17691753126464,85.236502050924
2000-10-18,77.64371765604314,82.54344396128717
2000-10-19,97.16650105455787,103.29821750990052
2000-10-20,101.71449110396216,108.13320961373722
2000-10-23,98.60831432215929,104.83101676590877
2000-10-24,92.61657775979651,98.4611701627729
2000-10-25,72.21582047276404,76.77301796287729
2000-10-26,76.32983963351258,81.14665333612474
2000-10-27,76.87804906397912,81.7294576604002
2000-10-30,69.99885475512922,74.41615006677337
2000-10-31,83.67909178393846,88.9596818894894
2000-11-01,79.27547453492848,84.27817326787947
2000-11-02,85.37161063929916,90.75900757234474
2000-11-03,86.36855774852422,91.81886727931075
2000-11-06,83.87308927158304,89.16592163732008
2000-11-07,82.99764703584361,88.23523439940062
2000-11-08,66.21677151112654,70.39539750967371
2000-11-09,66.05183766526685,70.22005547204293
2000-11-10,55.20700281571082,58.69085459529861
2000-11-13,52.10566440056926,55.39380544047494
2000-11-14,63.259668097689776,67.25168534256639
2000-11-15,65.55071294472312,69.68730715013672
2000-11-16,55.832016545055275,59.355309973024376
2000-11-17,56.356672520229615,59.91307449529525
2000-11-20,48.12503474840588,51.1619771542567
2000-11-21,47.796966472305854,50.81320604718914
2000-11-22,41.68654474847221,44.31718462565643
2000-11-24,49.251070987143656,52.35907219267796
2000-11-27,46.05376707088395,48.96000160968346
2000-11-28,38.636549356986166,41.07471850889242
2000-11-29,37.809744475883626,40.19573789809094
2000-11-30,33.593757287035096,35.713699778717896
2000-12-01,35.31391491763117,37.54240838866216
2000-12-04,35.489877396331785,37.72947502377946
2000-12-05,47.912633243993284,50.93617199955711
2000-12-06,42.38828969209563,45.063213360211606
2000-12-07,41.26447599826776,43.86848112095505
2000-12-08,49.23060399448557,52.33731362530728
2000-12-11,53.16023063375887,56.51492034069607
2000-12-12,47.248835763993675,50.23048541284939
2000-12-13,41.56516912995098,44.188149568241286
2000-12-14,36.571777238206714,38.87964842692765
2000-12-15,32.55566057867326,34.610093716825624
2000-12-18,32.53938274838393,34.59278866996721
2000-12-19,27.01630083935362,28.721171289779093
2000-12-20,20.608743003513187,21.909262907256714
2000-12-21,21.004587074324085,22.330086817584302
2000-12-22,26.982094681957697,28.684806544228795
2000-12-26,25.916682974178105,27.552161763019516
2000-12-27,27.701807230669317,29.449936734104355
2000-12-28,27.83693056124668,29.5935870563981
2000-12-29,23.65800495905456,25.15094930441655
2001-01-02,17.19283777580671,18.277796122148285
2001-01-03,26.866202896645586,28.561601378694846
2001-01-04,24.674261588506972,26.231337063734035
2001-01-05,18.878915059119965,20.070273735934144
2001-01-08,19.211364919460262,20.423702928216017
2001-01-09,19.95605070695476,21.21538229938063
2001-01-10,22.59603132578671,24.021959558274656
2001-01-11,25.690331268981236,27.311526076611145
2001-01-12,25.120587271343144,26.705828240893727
2001-01-16,24.045583339052953,25.56298591543673
2001-01-17,26.601404623983235,28.28009294452407
2001-01-18,30.07511681508735,31.973014615975302
2001-01-19,29.563422016358373,31.429029188444964
2001-01-22,29.126519007105973,30.964555305052336
2001-01-23,31.98546024393954,34.003910746745525
2001-01-24,31.842930514423315,33.85238664284754
2001-01-25,27.251078294701568,28.970764435418197
2001-01-26,28.36902354365094,30.15925790010816
2001-01-29,30.384062075842678,32.301455945011504
2001-01-30,30.08504344189194,31.983567665057766
2001-01-31,26.940471752168577,28.640556989000473
2001-02-01,27.36835289947314,29.095439683580935
2001-02-02,23.103859569344884,24.56183443069893
2001-02-05,22.955492200960595,24.404104302265814
2001-02-06,23.10980816773678,24.568158416886515
2001-02-07,21.315987796621677,22.661138560680154
2001-02-08,19.87253428598811,21.12659555369121
2001-02-09,17.486166994130283,18.589635954472637
2001-02-12,18.057030774257488,19.196524236834406
2001-02-13,16.191728493610743,17.21351158724057
2001-02-14,18.32645224675308,19.48294761902515
2001-02-15,19.87237655112713,21.126427864932193
2001-02-16,15.876381437299607,16.878264475732
2001-02-20,13.341152130946352,14.183048887202089
2001-02-21,12.635873624405239,13.43326360335375
2001-02-22,12.148560976135533,12.915198968011728
2001-02-23,12.566403238325995,13.359409271111392
2001-02-26,13.322513564434347,14.163234129268703
2001-02-27,10.779442716133001,11.459682156316427
2001-02-28,9.848933172934908,10.470452574669308
2001-03-01,10.768353755916808,11.447893424480466
2001-03-02,9.340115940339233,9.929526302805904
2001-03-05,9.861794959468947,10.484126007473204
2001-03-06,10.777297621749808,11.45740169521338
2001-03-07,11.097793455055527,11.798122498582043
2001-03-08,10.12357958112592,10.762430613434937
2001-03-09,8.157735272240956,8.672531205656751
2001-03-12,6.366713585102227,6.768486645082067
2001-03-13,7.60297479716829,8.082762431459814
2001-03-14,7.031149304195473,7.474851747121745
2001-03-15,6.457005266790388,6.864476206022635
2001-03-16,5.87866513150144,6.2496397712287255
2001-03-19,6.763674854279916,7.190498254859997
2001-03-20,5.400217780200565,5.74099987964754
2001-03-21,5.302891536227381,5.637531838602009
2001-03-22,6.260287162219402,6.655344156051017
2001-03-23,6.291586888368816,6.688619059280959
2001-03-26,5.977149631093731,6.3543391599051375
2001-03-27,6.6021732382487635,7.018805038783201
2001-03-28,5.076434498044959,5.396784172143577
2001-03-29,4.702436355082298,4.999184782428355
2001-03-30,4.79132756347119,5.093685492850332
2001-04-02,4.271166617162902,4.540699659371165
2001-04-03,3.2760273727016638,3.4827619029289925
2001-04-04,3.075586461247527,3.2696721174107677
2001-04-05,4.072282384693457,4.329264787455967
2001-04-06,3.500118567735195,3.7209944291123707
2001-04-09,3.7380803392077473,3.973972837944968
2001-04-10,4.6193626974560065,4.910868740771103
2001-04-11,5.046272318337246,5.364718600509268
2001-04-12,5.658819258499467,6.015920469190048
2001-04-16,5.021410684463115,5.338288066984761
2001-04-17,5.213341223502362,5.542330430899219
2001-04-18,6.701089629371123,7.123963573613169
2001-04-19,8.042759079883142,8.55029941180046
2001-04-20,7.795265008206889,8.287187164565482
2001-04-23,6.319694760280315,6.718500685509572
2001-04-24,5.796697440554965,6.162499488556418
2001-04-25,6.308137080487541,6.706213655430417
2001-04-26,5.773026313501262,6.137334589084275
2001-04-27,6.233139723954655,6.626483571875676
2001-04-30,6.69150059723289,7.113769423193279
2001-05-01,7.379181110841253,7.8448461883445795
2001-05-02,7.8762661425279195,8.373299895813718
2001-05-03,6.853448889394597,7.285937503010044
2001-05-04,7.357187000710295,7.821464134369324
2001-05-07,7.024176735687949,7.467439172927182
2001-05-08,7.39677470161481,7.863550027083063
2001-05-09,6.7876052521642185,7.215938786513629
2001-05-10,6.368838331203727,6.770745473819995
2001-05-11,6.187717832925562,6.578195321004116
2001-05-14,5.9181848946224385,6.291653438928054
2001-05-15,5.935204175463714,6.309746725761723
2001-05-16,6.9467250613584905,7.38509989123484
2001-05-17,7.224892483391095,7.680821138304942
2001-05-18,7.249989034716648,7.707501413805648
2001-05-21,8.655376244315017,9.201575936271068
2001-05-22,8.529097123105423,9.067327939398735
2001-05-23,7.45559041654992,7.92607732248249
2001-05-24,7.975279702050144,8.478561730879829
2001-05-25,7.462170611640048,7.933072762436594
2001-05-29,6.462730338795855,6.870562560135028
2001-05-30,5.481256705750798,5.827152786949986
2001-05-31,5.671608038401262,6.02951628825983
2001-06-01,6.055788050151312,6.437940076149753
2001-06-04,6.033120711904446,6.413842309829234
2001-06-05,6.867334597041061,7.300699471725349
2001-06-06,6.649088622473894,7.068681030114068
2001-06-07,7.268855185088158,7.727558117335154
2001-06-08,6.520048392442247,6.931497683953933
2001-06-11,6.003910189452802,6.382788450021177
2001-06-12,6.05485104385195,6.436943939832514
2001-06-13,5.445497641673693,5.789137138152331
2001-06-14,4.72350647015483,5.0215845324049315
2001-06-15,4.6395028278031365,4.932279819102588
2001-06-18,4.350555704228229,4.625098614716709
2001-06-19,4.42207821895331,4.701134575698551
2001-06-20,4.781306835577332,5.083032404405723
2001-06-21,5.026040538588358,5.3432100892175045
2001-06-22,4.819038422508536,5.123145052607646
2001-06-25,4.954131253195717,5.266762950307978
2001-06-26,5.01744766356891,5.334074958661596
2001-06-27,5.05275003851002,5.37160509884062
2001-06-28,5.50703702720725,5.854559982067455
2001-06-29,5.698360494031004,6.057956964321775
2001-07-02,5.695511313783989,6.054927985839615
2001-07-03,5.617696867911794,5.972203039815212
2001-07-05,4.9567315014445175,5.2695272878756505
2001-07-06,4.254394062386696,4.522868668312874
2001-07-09,4.469960386191121,4.7520383591269555
2001-07-10,3.8979992852159695,4.143983509209502
2001-07-11,4.015585389059723,4.268989913671608
2001-07-12,4.810329237087072,5.113886271852588
2001-07-13,4.816004664231628,5.119919848252657
2001-07-16,4.274243558978393,4.54397077237279
2001-07-17,4.605351531663501,4.895973396841937
2001-07-18,4.102345771489092,4.361225331826667
2001-07-19,4.314558736948793,4.586830049775384
2001-07-20,4.164103913623222,4.426880737032589
2001-07-23,3.8152995301513113,4.056064965328952
2001-07-24,3.6373417121941447,3.86687707457013
2001-07-25,3.7919083836309553,4.031197714632038
2001-07-26,4.108182974850939,4.367430893372853
2001-07-27,4.178232705152132,4.4419011294998025
2001-07-30,4.07821491748614,4.3355716942206675
2001-07-31,4.175662606772635,4.43916884441651
2001-08-01,4.515245255103091,4.800180941066274
2001-08-02,4.684665177638305,4.980292150367991
2001-08-03,4.477304964703921,4.759846419111618
2001-08-06,4.295600097433354,4.566675020551289
2001-08-07,4.244488670724608,4.512338194421912
2001-08-08,3.7156488634623828,3.9501258182883516
2001-08-09,3.732436180942355,3.967972503654538
2001-08-10,3.651723755343775,3.8821667001652016
2001-08-13,3.8925112635760053,4.138149164585465
2001-08-14,3.7258484867156403,3.9609690913289484
2001-08-15,3.3267938822366347,3.5367320457997065
2001-08-16,3.388299959294597,3.602119479299516
2001-08-17,2.9663826027083013,3.1535769219485847
2001-08-20,3.078795656993069,3.2730838302599183
2001-08-21,2.745020773652891,2.918245999068939
2001-08-22,2.9364640002914646,3.121770298611275
2001-08-23,2.827858053696005,3.0063107464762524
2001-08-24,3.294775499898297,3.502693135401526
2001-08-27,3.285055811639032,3.492360083773267
2001-08-28,2.958536064382501,3.14523522585084
2001-08-29,2.802723453879124,2.9795900214246145
2001-08-30,2.544215243651543,2.7047685856584955
2001-08-31,2.6258891718591175,2.791596567620477
2001-09-04,2.3802653127309696,2.5304725531662142
2001-09-05,2.3348503697693217,2.48219168882164
2001-09-06,2.068357766560921,2.1988820029501257
2001-09-07,2.033511808863481,2.1618370823395763
2001-09-10,2.0825869276794218,2.214009098855092
2001-09-17,1.5658976862494167,1.6647140530625744
2001-09-18,1.4598884468554252,1.55201507398921
2001-09-19,1.4004714949606718,1.4888486004207804
2001-09-20,1.253862623839402,1.332987939662167
2001-09-21,1.1264160969184498,1.1974988676478326
2001-09-24,1.3179720408934292,1.4011429975824006
2001-09-25,1.3065237925700965,1.3889723046730515
2001-09-26,1.159716000274437,1.2329001697693738
2001-09-27,1.1615399122325136,1.2348391801496952
2001-09-28,1.2343502555165122,1.3122442384351423
2001-10-01,1.1794409657526417,1.2538698841486
2001-10-02,1.203838721969405,1.2798072668996536
2001-10-03,1.4837176310089832,1.5773480047941961
2001-10-04,1.5230550645608,1.6191678369710822
2001-10-05,1.5624157047093814,1.6610123402028507
2001-10-08,1.5907518151596962,1.6911366080206005
2001-10-09,1.4591664909764313,1.5512475589031314
2001-10-10,1.6698973713066154,1.7752766643679623
2001-10-11,1.9961735610447426,2.1221425950136106
2001-10-12,2.0122808522856346,2.1392663409140904
2001-10-15,1.9466552278952969,2.0694993950127474
2001-10-16,2.0553306052667386,2.18503275937031
2001-10-17,1.659231036712992,1.7639372280506371
2001-10-18,1.717195997808515,1.8255600825757394
2001-10-19,1.7831752986859906,1.8957030238077777
2001-10-22,1.9231285370766458,2.044488046460548
2001-10-23,1.9262971613784636,2.0478566275948276
2001-10-24,2.094976711702861,2.227180743311398
2001-10-25,2.3337354207195085,2.4810063806319853
2001-10-26,2.2182524064440075,2.35823578173359
2001-10-29,1.8497568304487744,1.9664861998564103
2001-10-30,1.7183541843098242,1.8267913567271277
2001-10-31,1.8039850378616267,1.9178259668010857
2001-11-01,2.0385112768310396,2.167152042988995
2001-11-02,2.04449152955468,2.173509681062882
2001-11-05,2.277618027439461,2.421347685153427
2001-11-06,2.474419256761781,2.6305681054846906
2001-11-07,2.4808830546131175,2.637439802923013
2001-11-08,2.410959829603629,2.563104055235976
2001-11-09,2.430630325546433,2.5840158627660887
2001-11-12,2.4957900064232392,2.653287461671443
2001-11-13,2.749271915391289,2.922765410174541
2001-11-14,2.7746637302477715,2.9497595818854614
2001-11-15,2.755902621941204,2.9298145491267906
2001-11-16,2.7522263304983254,2.9259062643889977
2001-11-19,2.9357998532436618,3.1210642403972004
2001-11-20,2.564738893708673,2.726587385807615
2001-11-21,2.5749259002226097,2.7374172459263875
2001-11-23,2.7003596164352373,2.8707664883070705
2001-11-26,2.9156246162034307,3.099615839955927
2001-11-27,2.861350034095677,3.0419162467115664
2001-11-28,2.578169332442671,2.7408653557513816
2001-11-29,2.7868555199035416,2.9627207374897946
2001-11-30,2.7684722587855717,2.9431773960614653
2001-12-03,2.618729571381187,2.783985158756039
2001-12-04,2.9518571628388273,3.138134850547646
2001-12-05,3.4198549652296117,3.635665771810051
2001-12-06,3.400617234761284,3.615214039528384
2001-12-07,3.1372155784348044,3.3351903555181583
2001-12-10,2.9751781484039106,3.1629275127645817
2001-12-11,3.059997239545318,3.2530991339573383
2001-12-12,3.1064315692059927,3.3024637136546313
2001-12-13,2.7251759330661596,2.8971488448323526
2001-12-14,2.743002977293839,2.916100869163819
2001-12-17,2.919313744869636,3.1035377720132487
2001-12-18,3.0104345736973723,3.200408803631901
2001-12-19,2.8509866288340615,3.030898856157835
2001-12-20,2.4749764847942,2.63116049753206
2001-12-21,2.5734304809441286,2.7358274578387176
2001-12-24,2.5674480050799864,2.7294674563324897
2001-12-26,2.632233725943711,2.798341496384206
2001-12-27,2.7085523962052434,2.8794762755023258
2001-12-28,2.7812986862394005,2.9568132384415113
2001-12-31,2.5530301366135295,2.7141397446549753
2002-01-02,2.7136722700171076,2.8849192402370982
2002-01-03,2.9967776888258673,3.1858900976102413
2002-01-04,3.0404289059749425,3.2322959357818273
2002-01-07,2.901683036259414,3.0847944731076944
2002-01-08,2.9886107406859326,3.177207772156561
2002-01-09,2.918147954621973,3.102298414279183
2002-01-10,2.9321466016249165,3.1171804494174293
2002-01-11,2.8111595951982853,2.9885585275607136
2002-01-14,2.6528166274747385,2.8202232870863644
2002-01-15,2.69466259218396,2.8647099519094366
2002-01-16,2.425196040024706,2.578238645291528
2002-01-17,2.626246296176735,2.791976228357861
2002-01-18,2.3589191459895265,2.5077793312108194
2002-01-22,2.145467395020981,2.2808576538825647
2002-01-23,2.3476721784656016,2.4958226209762824
2002-01-24,2.4188740277761887,2.5715176808721036
2002-01-25,2.3858123113195617,2.536369596494035
2002-01-28,2.4149345699797666,2.567329622601925
2002-01-29,2.2029375571434926,2.3419544850211804
2002-01-30,2.2871360057143475,2.4314662978380768
2002-01-31,2.336062173067407,2.4834799632712325
2002-02-01,2.2353435122714274,2.376405426087196
2002-02-04,2.0192853965350315,2.1467129086877486
2002-02-05,1.951478843089819,2.074627405655717
2002-02-06,1.8828683872456664,2.001687269761936
2002-02-07,1.7565292292666643,1.8673754474847823
2002-02-08,1.8984361167718318,2.0182374047701543
2002-02-11,1.9973783249500705,2.1234233858477976
2002-02-12,1.9441485599034571,2.066834543107658
2002-02-13,2.030737193646847,2.158887374332769
2002-02-14,1.980385712447677,2.1053584502652334
2002-02-15,1.8262647706366142,1.941511667709065
2002-02-19,1.6368526910007923,1.740146691211273
2002-02-20,1.7103331138674154,1.8182641146197167
2002-02-21,1.49083130644747,1.5849105905080427
2002-02-22,1.51632551977288,1.6120136225689925
2002-02-25,1.6894209209147664,1.7960322524780636
2002-02-26,1.6640984552859701,1.7691118062952618
2002-02-27,1.5823531555440455,1.6822079488803279
2002-02-28,1.5152364515877421,1.6108558284624792
2002-03-01,1.7692851868223476,1.8809363729460595
2002-03-04,1.987642647943545,2.113073336498366
2002-03-05,2.0036036968872892,2.130041611444804
2002-03-06,2.0868122002629894,2.2185010083263506
2002-03-07,2.0316476276316138,2.1598552614828272
2002-03-08,2.2260016801720943,2.3664740753267517
2002-03-11,2.219263506329024,2.3593106873308187
2002-03-12,2.0756399276584268,2.206623706652824
2002-03-13,1.9342594287121613,2.0563213558085818
2002-03-14,1.8978413516680663,2.0176051068651217
2002-03-15,1.9671180218808486,2.0912534987526046
2002-03-18,2.0074917320693477,2.134175002063623
2002-03-19,2.001608982273278,2.127921019864042
2002-03-20,1.786502026340202,1.8992396854462157
2002-03-21,1.9257811997363832,2.047308106063724
2002-03-22,1.8516009524050625,1.968446695591956
2002-03-25,1.6900880317654499,1.7967414615265438
2002-03-26,1.7316848680607215,1.8409632766245274
2002-03-27,1.7198481191678354,1.8283795667195997
2002-03-28,1.7775334362736133,1.889705130250743
2002-04-01,1.871014160476947,1.989084979035429
2002-04-02,1.6115064080853745,1.7132009247459947
2002-04-03,1.5551710119932873,1.6533104693331842
2002-04-04,1.5636293822627725,1.6623026071830997
2002-04-05,1.494850053691903,1.5891829418067644
2002-04-08,1.5470030386040796,1.6446270539316177
2002-04-09,1.387504413275747,1.4750632277890547
2002-04-10,1.4424113747110117,1.5334351068172296
2002-04-11,1.3190424673953942,1.4022809736176416
2002-04-12,1.3996373681875922,1.487961835868169
2002-04-15,1.4090011175469024,1.4979164869827861
2002-04-16,1.5918395957251774,1.6922930332518942
2002-04-17,1.5565255292070206,1.6547504636959172
2002-04-18,1.529766759246833,1.6263030748361205
2002-04-19,1.4931987765215737,1.587427460375833
2002-04-22,1.3786678446258003,1.465669025254882
2002-04-23,1.2951870517629254,1.3769201559896789
2002-04-24,1.2343527489499706,1.3122468892173444
2002-04-25,1.2337355725754957,1.311590765772736
2002-04-26,1.0869543086875417,1.1555468333585954
2002-04-29,1.0756184995756677,1.1434956751653864
2002-04-30,1.1535551923543288,1.2263505825179937
2002-05-01,1.1268825642514997,1.1979947715191013
2002-05-02,1.0141057847194963,1.0781011849874447
2002-05-03,0.9276202394130979,0.9861579476210354
2002-05-06,0.8580255540167224,0.9121714721219194
2002-05-07,0.853362349344602,0.9072139947476604
2002-05-08,1.124922218386724,1.1959107175361292
2002-05-09,1.0138333298955167,1.0778115368333627
2002-05-10,0.8867290341449988,0.9426862925734348
2002-05-13,1.0043491414595265,1.0677288463038799
2002-05-14,1.1591904829983524,1.232341489593582
2002-05-15,1.1732611441653618,1.247300083367806
2002-05-16,1.1855609039293649,1.260376022561172
2002-05-17,1.211862719470956,1.2883376207790085
2002-05-20,1.1191465744457847,1.1897706001335704
2002-05-21,1.0242719751681293,1.0889089154378842
2002-05-22,1.0448012682799457,1.1107337147480723
2002-05-23,1.0994558601300952,1.168837298345073
2002-05-24,1.0124206777189824,1.0763097388863982
2002-05-28,0.9920137684138828,1.0546150464437902
2002-05-29,0.9290240649440856,0.9876503619147695
2002-05-30,0.9496452545324781,1.0095728568517706
2002-05-31,0.903787787261657,0.9608215425903396
2002-06-03,0.7929598330953587,0.8429997625385969
2002-06-04,0.8328903507671632,0.8854501055578333
2002-06-05,0.8680842626767342,0.9228649381184691
2002-06-06,0.7849223248906628,0.8344550453597812
2002-06-07,0.7491764129496297,0.7964533786670462
2002-06-10,0.739695343477677,0.7863740039246097
2002-06-11,0.6716167680078907,0.713999312849817
2002-06-12,0.712219579806314,0.7571643752853995
2002-06-13,0.679909020409995,0.7228148499226053
2002-06-14,0.6852095625037714,0.7284498840566003
2002-06-17,0.7595447827619602,0.8074760470607125
2002-06-18,0.7364956529344022,0.782972396105903
2002-06-19,0.6566925912684317,0.6981333421885578
2002-06-20,0.5933777481036314,0.6308229999424122
2002-06-21,0.5481442808456827,0.5827350633714022
2002-06-24,0.5828825435174568,0.6196654928346401
2002-06-25,0.5248251842866002,0.5579444093666651
2002-06-26,0.5314595585539593,0.564997447488589
2002-06-27,0.5675447757134485,0.6033598313408174
2002-06-28,0.5685088728795736,0.6043847681007728
2002-07-01,0.4818621892613353,0.5122702237488801
2002-07-02,0.4316425897781435,0.45888150382613585
2002-07-03,0.47445399138465405,0.5043945296843987
2002-07-05,0.5674369418479728,0.6032451925921749
2002-07-08,0.4924427568942834,0.5235184807599337
2002-07-09,0.45709586332338525,0.4859410125918066
2002-07-10,0.41368872268599755,0.4397946534414853
2002-07-11,0.46392430714040644,0.4932003670710704
2002-07-12,0.46758302538304924,0.49708996964741253
2002-07-15,0.49566156601225025,0.5269404136357908
2002-07-16,0.4812577557354323,0.5116276472935033
2002-07-17,0.5059151883713057,0.5378410934093206
2002-07-18,0.45530872645149983,0.48404109799872774
2002-07-19,0.41492496192104583,0.4411089058639801
2002-07-22,0.380844206582006,0.4048774758988616
2002-07-23,0.3292149130521663,0.3499901028325686
2002-07-24,0.38935609172829266,0.4139265056953211
2002-07-25,0.3190341042956133,0.3391668315822164
2002-07-26,0.33648749625828683,0.35772162422863973
2002-07-29,0.401946375262459,0.42731130223434005
2002-07-30,0.4144609253997142,0.44061558620141306
2002-07-31,0.39109466970643597,0.4157747970734713
2002-08-01,0.33174108415004194,0.3526756885920996
2002-08-02,0.30861160569505186,0.3280866185895419
2002-08-05,0.27170441148827007,0.28885038662198725
2002-08-06,0.3142034238832966,0.3340313098691095
2002-08-07,0.3319911950183681,0.3529415827695944
2002-08-08,0.3623411380620019,0.3852067665922994
2002-08-09,0.3507875877865413,0.3729241266246836
2002-08-12,0.3524646472259915,0.37470701732130435
2002-08-13,0.3169736486543288,0.3369763503701432
2002-08-14,0.3809558934199156,0.40499621076273096
2002-08-15,0.39508600529183985,0.42001800689353636
2002-08-16,0.4131087231417511,0.4391780528803149
2002-08-19,0.4502290976964646,0.47864091799520414
2002-08-20,0.42625639515364444,0.45315541203695275
2002-08-21,0.4608661385467769,0.48994921198018876
2002-08-22,0.47874160527001824,0.5089527145209624
2002-08-23,0.42573714771295373,0.4526033973560926
2002-08-26,0.4334871650445267,0.46084248147802487
2002-08-27,0.3791436684567368,0.40306962488805587
2002-08-28,0.3443574407469507,0.36608820354103444
2002-08-29,0.3626854850519943,0.3855728436855884
2002-08-30,0.34059028920461193,0.3620833249543827
2002-09-03,0.2940793706625356,0.31263732321509
2002-09-04,0.314859513904422,0.3347288026158148
2002-09-05,0.275666863237229,0.2930628898838534
2002-09-06,0.3123399681800276,0.3320502603256227
2002-09-09,0.322354450201966,0.34269670875099445
2002-09-10,0.3382620566147556,0.3596081686621378
2002-09-11,0.3366795721904191,0.3579258211607149
2002-09-12,0.3030104618096801,0.32213201311238776
2002-09-13,0.31162133446738716,0.3312862770520395
2002-09-16,0.29593215031964015,0.3146070229978376
2002-09-17,0.28508353260926417,0.3030738005418911
2002-09-18,0.28272073252959823,0.3005618953697094
2002-09-19,0.254847330440181,0.2709295352401947
2002-09-20,0.25972601588487754,0.2761160913553077
2002-09-23,0.2341003678807979,0.24887333039727697
2002-09-24,0.23442479097051586,0.24921822628756019
2002-09-25,0.26501087467504936,0.28173445248688483
2002-09-26,0.2588282939671813,0.27516171847050536
2002-09-27,0.2467992940633836,0.2623736255063327
2002-09-30,0.2227260587575522,0.23678124263980835
2002-10-01,0.25320166050089127,0.2691800148860265
2002-10-02,0.2346832216891758,0.24949296534163382
2002-10-03,0.22102441974249823,0.23497222126729148
2002-10-04,0.20674061050476425,0.2197870286598012
2002-10-07,0.19845279972350968,0.21097621349746218
2002-10-08,0.2034293212642024,0.21626677967998365
2002-10-09,0.20025923282414976,0.21289664201265826
2002-10-10,0.23152170903124966,0.2461319446333201
2002-10-11,0.26495814200272017,0.2816783921060229
2002-10-14,0.27387568309313604,0.29115867686685865
2002-10-15,0.3190456578202604,0.3391791141949384
2002-10-16,0.27831141189702474,0.29587432345108367
2002-10-17,0.31021630108684184,0.32979257868709844
2002-10-18,0.32096239519010716,0.34121680775795565
2002-10-21,0.3441859853271396,0.36590592838388997
2002-10-22,0.3276928861672153,0.34837202805873985
2002-10-23,0.35348623725708017,0.37579307504790793
2002-10-24,0.32714421575648917,0.3477887336639297
2002-10-25,0.35814532380088776,0.3807461744183325
2002-10-28,0.34069843359769725,0.36219829382655744
2002-10-29,0.3209845947584965,0.3412404082356843
2002-10-30,0.3461502413329543,0.3679941392583337
2002-10-31,0.34961030740084537,0.3716725536645389
2002-11-01,0.38072429299425553,0.4047499951340362
2002-11-04,0.41183815260201323,0.4378273026675248
2002-11-05,0.4156444775391696,0.44187382669591363
2002-11-06,0.4338012850115805,0.46117642406450027
2002-11-07,0.3846594005172597,0.40893342860570037
2002-11-08,0.3648476045332129,0.38787140425975075
2002-11-11,0.32572905108354133,0.3462842646688342
2002-11-12,0.3551688062358715,0.37758182296473375
2002-11-13,0.3656256551931475,0.38869855400201136
2002-11-14,0.41518455921484787,0.44138488511021323
2002-11-15,0.4190392941461059,0.44548287405754117
2002-11-18,0.3997705849741815,0.42499820815340555
2002-11-19,0.3775051011627563,0.4013276553934132
2002-11-20,0.42651542695475125,0.4534307901049321
2002-11-21,0.4832077935782251,0.5137007427641763
2002-11-22,0.48020472435620576,0.5105081641045901
2002-11-25,0.494228702795812,0.5254171292261725
2002-11-26,0.4419258082603572,0.4698136473936098
2002-11-27,0.48825079404673466,0.5190619830439527
2002-11-29,0.47555383622156144,0.5055637805059984
2002-12-02,0.4809276219397744,0.5112766803217473
2002-12-03,0.4398820595752761,0.4676409274344076
2002-12-04,0.4161973034892284,0.4424615388664097
2002-12-05,0.39686537339800776,0.4219096624709859
2002-12-06,0.4112629660225273,0.43721581879446497
2002-12-09,0.3518778465503314,0.374083186441614
2002-12-10,0.37066461492080177,0.3940554985489658
2002-12-11,0.3739991232631102,0.3976004318777779
2002-12-12,0.37772048794778557,0.40155663421561255
2002-12-13,0.34037524512170664,0.3618547104606109
2002-12-16,0.3773507120819639,0.4011635235508979
2002-12-17,0.3745232187034764,0.3981576004925508
2002-12-18,0.34587963971444097,0.36770646125671436
2002-12-19,0.3379065246594682,0.3592302007735094
2002-12-20,0.3456474524923189,0.3674596218016194
2002-12-23,0.3642928201400969,0.38728161005815637
2002-12-24,0.35457186539981905,0.3769472120272826
2002-12-26,0.347294802343597,0.369210928079044
2002-12-27,0.3280456214976248,0.3487470228407749
2002-12-30,0.3200310287713763,0.34022666722743006
2002-12-31,0.31451715322219237,0.3343648371767389
2003-01-02,0.3560465002614347,0.37851490409223953
2003-01-03,0.3597862351081708,0.38249063584582604
2003-01-06,0.39083733648468033,0.41550122477411994
2003-01-07,0.40209662637110394,0.4274710349769362
2003-01-08,0.3688868268805284,0.3921655227478661
2003-01-09,0.4042953290627902,0.4298084873542518
2003-01-10,0.4168413463560195,0.44314622422008065
2003-01-13,0.4116187017224567,0.4375940032850923
2003-01-14,0.4249472745865225,0.45176367908761766
2003-01-15,0.3999684719681176,0.4252085828557994
2003-01-16,0.386200241032176,0.4105715042483391
2003-01-17,0.3381114721702526,0.35944808154844077
2003-01-21,0.32931998152046454,0.35010180167295
2003-01-22,0.3267856366168624,0.347407526297629
2003-01-23,0.352102537110248,0.37432205615575215
2003-01-24,0.31460118612970067,0.33445417300198305
2003-01-27,0.30518754705672235,0.3244464838707853
2003-01-28,0.3189576020716812,0.33908550166622736
2003-01-29,0.3332743585429879,0.3543057206507407
2003-01-30,0.3025787940271226,0.3216731048259857
2003-01-31,0.30015242383083723,0.31909361792900776
2003-02-03,0.30368461796468815,0.32284871206089233
2003-02-04,0.28937411367447646,0.30763513980293244
2003-02-05,0.28676369417432607,0.30485998912453954
2003-02-06,0.2880231159782541,0.30619888705774617
2003-02-07,0.2758602116853886,0.29326843963439947
2003-02-10,0.28688585132124866,0.30498985502890213
2003-02-11,0.28820644135947365,0.3063937812331953
2003-02-12,0.2748565030708651,0.29220139173564486
2003-02-13,0.27052198523492316,0.287593343062921
2003-02-14,0.2961259589893274,0.3148130620123064
2003-02-18,0.3256661256111821,0.34621736826873617
2003-02-19,0.3168106354970094,0.3368030502265854
2003-02-20,0.3124852945877941,0.33220475759285445
2003-02-21,0.32585541754327846,0.3464186055157539
2003-02-24,0.30526399861535547,0.32452775992422894
2003-02-25,0.3093373162532609,0.32885812529481084
2003-02-26,0.2861606199494811,0.3042188577492554
2003-02-27,0.30390973417443995,0.3230880342856051
2003-02-28,0.31745021666033196,0.33748299231986956
2003-03-03,0.2996826313190875,0.31859417904280146
2003-03-04,0.2921939324527853,0.3106329039535289
2003-03-05,0.29851309231489986,0.3173508359859896
2003-03-06,0.2926934418109599,0.31116393497521794
2003-03-07,0.2950993297460911,0.3137216470728068
2003-03-10,0.2747395939824722,0.2920771050698637
2003-03-11,0.2699268125427709,0.2869606118485349
2003-03-12,0.2796900604091794,0.29733997192388695
2003-03-13,0.3307742355904438,0.3516478268112949
2003-03-14,0.3312447506913207,0.3521480338857967
2003-03-17,0.37598021735049003,0.3997065434051533
2003-03-18,0.3812171122654741,0.4052739138891514
2003-03-19,0.37339648532686576,0.3969597643231961
2003-03-20,0.37870149426915445,0.40259954718730073
2003-03-21,0.39205823644417737,0.4167991699322267
2003-03-24,0.3423456095714309,0.36394941525385144
2003-03-25,0.3612713496043215,0.3840694688652875
2003-03-26,0.3608164528171368,0.38358586570208647
2003-03-27,0.35619986509675367,0.3786779470540134
2003-03-28,0.34071615394274907,0.3622171324184348
2003-03-31,0.3131445002507199,0.3329055625947185
2003-04-01,0.31664918976832435,0.33663141642463973
2003-04-02,0.3544188717093172,0.3767845636315126
2003-04-03,0.35484164518411965,0.37723401633263476
2003-04-04,0.3412982800453393,0.36283599373494746
2003-04-07,0.34364188692711317,0.36532749451766316
2003-04-08,0.3366382256592959,0.3578818654463597
2003-04-09,0.31448205903115045,0.33432752835795626
2003-04-10,0.3231922045146265,0.3435873297599825
2003-04-11,0.31647067368517123,0.3364416350392195
2003-04-14,0.3368152910858802,0.35807010463116384
2003-04-15,0.34124449572666005,0.3627788153433283
2003-04-16,0.34283349067170393,0.36446808421350313
2003-04-17,0.37061489679982673,0.39400264295347837
2003-04-21,0.3678437886721737,0.3910566633513825
2003-04-22,0.38950499980963393,0.414084810658538
2003-04-23,0.4004290875415926,0.42569826569073577
2003-04-24,0.39503693653974553,0.4199658416455159
2003-04-25,0.36817725488751857,0.3914111730360068
2003-04-28,0.39240491488060963,0.4171677255984687
2003-04-29,0.4024802565236076,0.4278788742065737
2003-04-30,0.39067807492783113,0.4153319129767223
2003-05-01,0.3980591149356325,0.4231787353681866
2003-05-02,0.4226831486109012,0.4493566748736012
2003-05-05,0.42237141445416776,0.4490252686546056
2003-05-06,0.44058273052361724,0.4683858143989385
2003-05-07,0.4209508712035586,0.4475150816653546
2003-05-08,0.4017395519359486,0.4270914272698603
2003-05-09,0.42824451477424214,0.45526899244558444
2003-05-12,0.4469831691284441,0.475190154289586
2003-05-13,0.441617295220276,0.46948566556064203
2003-05-14,0.43242260982274966,0.4597107472315825
2003-05-15,0.44891746304617886,0.47724651231085563
2003-05-16,0.43890724265943215,0.4666045944522348
2003-05-19,0.39079684815167054,0.41545818141468566
2003-05-20,0.3909808180149671,0.4156537607424151
2003-05-21,0.3916602288903614,0.41637604601175565
2003-05-22,0.41021241015598403,0.4360989673360847
2003-05-23,0.4084846807527223,0.43426220913485886
2003-05-27,0.4544009149184115,0.4830759987908196
2003-05-28,0.4550225075688879,0.483736817201636
2003-05-29,0.464695679625255,0.4940204172103288
2003-05-30,0.4834197507255681,0.5139260755205418
2003-06-02,0.4677297759893502,0.497245980987585
2003-06-03,0.4834087495849536,0.5139143801501855
2003-06-04,0.5148560739797067,0.5473461958498126
2003-06-05,0.5233759855066182,0.5564037585336624
2003-06-06,0.4993913255998568,0.5309055406390147
2003-06-09,0.4774553523106779,0.5075852922455416
2003-06-10,0.4981110908508737,0.5295445163546275
2003-06-11,0.5166491502774557,0.5492524246777162
2003-06-12,0.5177536498631349,0.5504266239871779
2003-06-13,0.4853890349582725,0.516019631929396
2003-06-16,0.530709297406224,0.5641998409226749
2003-06-17,0.5279434419769896,0.5612594454918508
2003-06-18,0.5382457744580952,0.5722119092519178
2003-06-19,0.509496498064118,0.5416484025498517
2003-06-20,0.5061371287900299,0.5380770394339155
2003-06-23,0.47705238935347,0.5071569002097028
2003-06-24,0.4667135994103389,0.49616567833031183
2003-06-25,0.46252079992644674,0.49170829118184073
2003-06-26,0.49294054921333486,0.5240476863883146
2003-06-27,0.4813221280231526,0.5116960818106093
2003-06-30,0.4768282466784061,0.5069186129548289
2003-07-01,0.4952552775950582,0.5265084862859803
2003-07-02,0.5296446475480244,0.563068006067755
2003-07-03,0.5110000600845621,0.543246847229261
2003-07-07,0.5736786287247614,0.6098807626871112
2003-07-08,0.5955174300395202,0.6330977070443109
2003-07-09,0.5908027769988085,0.6280855346392379
2003-07-10,0.5542287992773465,0.5892035468670065
2003-07-11,0.5695738750667921,0.6055169775185233
2003-07-14,0.5895311547338301,0.6267336663318218
2003-07-15,0.5875029023000679,0.6245774205187703
2003-07-16,0.5838324891510492,0.620675385026048
2003-07-17,0.5346690106642856,0.5684094328804882
2003-07-18,0.539472027468211,0.5735155452662476
2003-07-21,0.5146288642105382,0.5471046479510904
2003-07-22,0.5353377571472289,0.5691203807782134
2003-07-23,0.5489768080381273,0.5836201274014406
2003-07-24,0.5295392723278342,0.5629559811178266
2003-07-25,0.5603814487358858,0.5957444608150503
2003-07-28,0.563020808844444,0.598550378406214
2003-07-29,0.5556692964432204,0.5907349469683572
2003-07-30,0.5405014913407211,0.5746099737150134
2003-07-31,0.5571161856554361,0.5922731424877397
2003-08-01,0.5403458957821959,0.5744445592596851
2003-08-04,0.5439734228394778,0.5783010023230795
2003-08-05,0.4952091348023703,0.52645943164077
2003-08-06,0.4773353604008516,0.5074577282161065
2003-08-07,0.47950083740611854,0.5097598581917155
2003-08-08,0.46757265365106815,0.49707894340467995
2003-08-11,0.48576631230239603,0.5164207174550854
2003-08-12,0.5064450542433672,0.5384043966003307
2003-08-13,0.5057877744455339,0.5377056389957596
2003-08-14,0.5196397393028359,0.55243173557472
2003-08-15,0.5215341647776585,0.5544457092449733
2003-08-18,0.5601879016713683,0.5955386999144116
2003-08-19,0.5793710667620451,0.6159324234565654
2003-08-20,0.5791349266327188,0.6156813816450644
2003-08-21,0.5987896214826619,0.636576390950382
2003-08-22,0.5846757037431537,0.6215718108867865
2003-08-25,0.5872069006241075,0.6242627395826992
2003-08-26,0.5901625211800721,0.627404875316241
2003-08-27,0.6032301266925322,0.6412971153568878
2003-08-28,0.6213143800057801,0.6605225800178735
2003-08-29,0.6334129360707483,0.6733846185022384
2003-09-02,0.6612767985759274,0.7030068370496555
2003-09-03,0.6596343469722579,0.7012607381249852
2003-09-04,0.6783198137925773,0.721125356022419
2003-09-05,0.6611469084327568,0.7028687501563743
2003-09-08,0.6969781274474274,0.740961107247056
2003-09-09,0.6722483629483825,0.7146707647476734
2003-09-10,0.6155841263275801,0.6544307172419848
2003-09-11,0.6409480319376099,0.6813952184864446
2003-09-12,0.6503499003851393,0.6913903942039179
2003-09-15,0.6358549432377543,0.6759807291449019
2003-09-16,0.6851448914410098,0.7283811319101795
2003-09-17,0.6758542950603688,0.7185042501113249
2003-09-18,0.709873537677361,0.7546702855786204
2003-09-19,0.6975482097537188,0.7415671647404791
2003-09-22,0.6582100700589619,0.6997465818593255
2003-09-23,0.6894301873515607,0.732936852495547
2003-09-24,0.6168074089370467,0.6557311954077859
2003-09-25,0.5973129615528169,0.6350065460247565
2003-09-26,0.5747933959508895,0.611065877579052
2003-09-29,0.609011711957827,0.6474435490125683
2003-09-30,0.5651896777418961,0.6008561143202167
2003-10-01,0.6060575247669485,0.6443029370969763
2003-10-02,0.6081508906068905,0.6465284053140598
2003-10-03,0.6599973865021237,0.7016466873555713
2003-10-06,0.6688524212112212,0.7110605212541953
2003-10-07,0.6842894563896988,0.7274717144150872
2003-10-08,0.668969707881729,0.7111852093295055
2003-10-09,0.6897581832729602,0.7332855466819523
2003-10-10,0.7011451098596403,0.7453910481310545
2003-10-13,0.7155423692855782,0.7606968502293718
2003-10-14,0.7241977608082106,0.7698984424081022
2003-10-15,0.7191406541612132,0.7645222057759014
2003-10-16,0.7326607516068785,0.7788954923668552
2003-10-17,0.6819324604336265,0.7249659796371762
2003-10-20,0.7040304272429575,0.7484584441925803
2003-10-21,0.7228912861759803,0.7685095223660446
2003-10-22,0.6695684372215469,0.7118217216347015
2003-10-23,0.6557833499309748,0.6971667229481177
2003-10-24,0.6447486746681356,0.6854357017311258
2003-10-27,0.6540227337067507,0.695295002594832
2003-10-28,0.7143920257164662,0.7594739139403873
2003-10-29,0.7138839407857525,0.7589337661825001
2003-10-30,0.7096958821899849,0.7544814190970895
2003-10-31,0.7078539411821249,0.7525232419392694
2003-11-03,0.7475906826266288,0.7947675804337087
2003-11-04,0.7258479769626086,0.7716527958674249
2003-11-05,0.7257593501268413,0.7715585762129252
2003-11-06,0.7414187016943633,0.7882061150944337
2003-11-07,0.7358738326605259,0.782311335707455
2003-11-10,0.7015325815893381,0.74580297136158
2003-11-11,0.6937728604557611,0.737553571076781
2003-11-12,0.7434494431145535,0.790365006962027
2003-11-13,0.7374381527868251,0.7839743726482507
2003-11-14,0.6873493452938603,0.730724698377129
2003-11-17,0.6668468078678016,0.7089283431769688
2003-11-18,0.6248159516471381,0.6642451192171843
2003-11-19,0.6440076821495002,0.6846479486934794
2003-11-20,0.6220941628580093,0.6613515712628584
2003-11-21,0.6352379082427589,0.6753247560015603
2003-11-24,0.6987393494120024,0.7428334715660893
2003-11-25,0.6866482979855422,0.7299794113023302
2003-11-26,0.6990760017877427,0.7431913684745608
2003-11-28,0.7048404653450925,0.7493195999526159
2003-12-01,0.7383826777599057,0.7849785021070034
2003-12-02,0.7147611646050106,0.7598663474312137
2003-12-03,0.6962538526669226,0.7401911269246036
2003-12-04,0.7144574998215724,0.7595435198053421
2003-12-05,0.6759877348863241,0.7186461106910144
2003-12-08,0.6917072992546964,0.735357662117295
2003-12-09,0.6410363724383108,0.6814891337366313
2003-12-10,0.6480820693752258,0.6889794511484896
2003-12-11,0.6869520262659892,0.7303023064322055
2003-12-12,0.6870595059293247,0.7304165686266926
2003-12-15,0.6569748181238327,0.6984333790405591
2003-12-16,0.665761561071549,0.7077746116090463
2003-12-17,0.6607602234339552,0.7024576633035955
2003-12-18,0.7047622175625308,0.7492364143240815
2003-12-19,0.696817166856718,0.7407899891978396
2003-12-22,0.7045890576993773,0.7490523271642694
2003-12-23,0.7285383215012399,0.7745129152739278
2003-12-24,0.7206579552635988,0.7661352565454689
2003-12-26,0.7213013870918977,0.7668192923009098
2003-12-29,0.7606711264841519,0.8086734689864086
2003-12-30,0.7597320938641143,0.8076751784770172
2003-12-31,0.7561118129256738,0.8038264388006137
2004-01-02,0.7490116738127633,0.7962782436255692
2004-01-05,0.7993177987099411,0.8497589491702825
2004-01-06,0.8064169377497205,0.8573060811623298
2004-01-07,0.8269629721619299,0.8791486782368774
2004-01-08,0.853402082318048,0.9072562350803764
2004-01-09,0.835931208047583,0.8886828569007372
2004-01-12,0.8673625795305882,0.9220977129761134
2004-01-13,0.8415970179627851,0.894706209173777
2004-01-14,0.8565754058471154,0.9106298119878214
2004-01-15,0.8526797661154317,0.9064883369323625
2004-01-16,0.8883362138209756,0.944394893726556
2004-01-20,0.8866055300362425,0.942554994706874
2004-01-21,0.8754226920738392,0.9306664609459464
2004-01-22,0.847509978391066,0.9009923084551027
2004-01-23,0.8483985347551389,0.9019369373917181
2004-01-26,0.8852911171108826,0.9411576354237047
2004-01-27,0.8259926986521052,0.8781171753735015
2004-01-28,0.7804641110415267,0.8297154948058808
2004-01-29,0.7876558954502048,0.8373611185761018
2004-01-30,0.7820193422139995,0.8313688692321356
2004-02-02,0.7733948008428454,0.8222000740114414
2004-02-03,0.7792614386975102,0.8284369275215077
2004-02-04,0.7330516573656491,0.7793110663317205
2004-02-05,0.736323867583027,0.7827897701967803
2004-02-06,0.7871001482142136,0.8367703007711907
2004-02-09,0.7740412923013759,0.8228873624758483
2004-02-10,0.7882638274329087,0.8380074142592747
2004-02-11,0.8097634543754165,0.8608637805602687
2004-02-12,0.7887584454058023,0.8385332452235861
2004-02-13,0.761775116127342,0.8098471261733323
2004-02-17,0.7954169002311674,0.8456118835131775
2004-02-18,0.7964764460655797,0.8467382922536072
2004-02-19,0.7601137821884638,0.8080809533389471
2004-02-20,0.7555869793043488,0.8032684854217872
2004-02-23,0.7271442721415035,0.7730308940791876
2004-02-24,0.7242472555834705,0.7699510605635869
2004-02-25,0.736026392443395,0.782473522813742
2004-02-26,0.7460363518572929,0.7931151632307569
2004-02-27,0.73543590882697,0.7818457765803848
2004-03-01,0.7637427567630588,0.8119389352655983
2004-03-02,0.7383333061779912,0.7849260149190109
2004-03-03,0.7272441109150275,0.7731370332035923
2004-03-04,0.7496042616904797,0.7969082269101551
2004-03-05,0.7365231948996979,0.7830016761138369
2004-03-08,0.688348110212947,0.7317864906073044
2004-03-09,0.6827736553703339,0.7258602583916559
2004-03-10,0.6539760847492403,0.6952454098431406
2004-03-11,0.632472660666465,0.6723850067823889
2004-03-12,0.6716691514611914,0.7140550019740963
2004-03-15,0.6269479298612133,0.6665116364519692
2004-03-16,0.6363081995254493,0.6764625882844806
2004-03-17,0.6655926002550904,0.7075949884778253
2004-03-18,0.6497203578345551,0.6907211242125502
2004-03-19,0.6230128515203027,0.6623282340039419
2004-03-22,0.59972899868,0.6375750477817107
2004-03-23,0.5846463948651544,0.6215406524646788
2004-03-24,0.5994860870578608,0.6373168071606419
2004-03-25,0.6564513088664008,0.6978768335999418
2004-03-26,0.6416622819219349,0.6821545413954356
2004-03-29,0.6779537837392755,0.7207362275506637
2004-03-30,0.6817605403985169,0.7247832105450681
2004-03-31,0.6717399117236189,0.7141302275806579
2004-04-01,0.6921528377643587,0.73583131644652
2004-04-02,0.744789272904945,0.7917893870478797
2004-04-05,0.7715086753236795,0.8201949240676315
2004-04-06,0.7484282701734862,0.795658024153096
2004-04-07,0.730585825811301,0.7766896278577676
2004-04-08,0.7354709082589932,0.781882984660357
2004-04-12,0.7505799568066763,0.7979454935117345
2004-04-13,0.7155087170860622,0.7606610743993524
2004-04-14,0.7192024846215114,0.764587938062927
2004-04-15,0.6951416275917446,0.7390087146066875
2004-04-16,0.6799478193345984,0.7228560972630913
2004-04-19,0.7139837966398337,0.7590399234653348
2004-04-20,0.6604516759626307,0.7021296448665917
2004-04-21,0.6795778423194668,0.7224627727554891
2004-04-22,0.7276980219457644,0.7736195884039373
2004-04-23,0.7442493085908436,0.7912153481501086
2004-04-26,0.7192977609745508,0.7646892268541566
2004-04-27,0.7173930618257857,0.762664331187186
2004-04-28,0.6785722858430481,0.7213937603850502
2004-04-29,0.6478729432158039,0.6887571280302489
2004-04-30,0.6068125285094067,0.6451055855402441
2004-05-03,0.6246049674304673,0.6640208207885254
2004-05-04,0.6333221335620597,0.6732880858784308
2004-05-05,0.6414358326207106,0.6819138019541778
2004-05-06,0.6238444569790211,0.6632123181340155
2004-05-07,0.6110917370021042,0.6496548345597253
2004-05-10,0.5989354386025416,0.6367314098962377
2004-05-11,0.6305183698060065,0.670307389906302
2004-05-12,0.6208110410740786,0.6599874777564577
2004-05-13,0.6234756340883784,0.6628202205822177
2004-05-14,0.6004087132505462,0.638297655910962
2004-05-17,0.5744383484022518,0.6106884246656763
2004-05-18,0.5960936991589941,0.6337103417713167
2004-05-19,0.5943496345670988,0.6318562175452754
2004-05-20,0.5947292778455913,0.6322598183082161
2004-05-21,0.6088651888214267,0.6472877794968417
2004-05-24,0.6160840809470589,0.6549622216233042
2004-05-25,0.6598919073396831,0.7015345519040905
2004-05-26,0.6679717742425912,0.7101243008374087
2004-05-27,0.6803735612063477,0.7233087056825955
2004-05-28,0.6843719788303213,0.727559444455053
2004-06-01,0.6872785341058998,0.7306494186313659
2004-06-02,0.680869503013717,0.7238359440222896
2004-06-03,0.6540098235577585,0.695281277747645
2004-06-04,0.6670282172396615,0.7091212004328065
2004-06-07,0.7167684566611864,0.7620003101567865
2004-06-08,0.7229268330273637,0.7685473124104133
2004-06-09,0.6841905643697865,0.7273665817894186
2004-06-10,0.7002886248665661,0.7444805144373604
2004-06-14,0.6678426409209441,0.7099870185250634
2004-06-15,0.6957490026732516,0.7396544182452738
2004-06-16,0.6965159244968576,0.740469736863194
2004-06-17,0.6736343378891442,0.7161442019852008
2004-06-18,0.6741533433301945,0.7166959593949724
2004-06-21,0.6580469142295283,0.6995731300402938
2004-06-22,0.6871147757555311,0.7304753262691643
2004-06-23,0.7128373273512161,0.757821105944289
2004-06-24,0.7050209726001943,0.7495114981633909
2004-06-25,0.7189790352752176,0.7643503878895096
2004-06-28,0.7109756487637306,0.7558419456619236
2004-06-29,0.7285914473388584,0.7745693936308734
2004-06-30,0.7441814824914215,0.7911432418676461
2004-07-01,0.7039613525155785,0.7483850104871799
2004-07-02,0.6917283596329015,0.7353800515159568
2004-07-06,0.641674133270673,0.6821671406265126
2004-07-07,0.6503811846605873,0.6914236526814257
2004-07-08,0.6213629235396808,0.6605741869036738
2004-07-09,0.6326056706532198,0.6725264103977674
2004-07-12,0.6218908928009379,0.6611354737977779
2004-07-13,0.6171116245188911,0.6560546085903354
2004-07-14,0.6004366552244759,0.638327361170175
2004-07-15,0.5999710620280938,0.6378323865981875
2004-07-16,0.569480149860863,0.6054173377599323
2004-07-19,0.5748403986235295,0.6111158463671549
2004-07-20,0.6045548671861299,0.6427054539320823
2004-07-21,0.5602213800874802,0.5955742909943812
2004-07-22,0.586534863192562,0.6235482930602334
2004-07-23,0.5449782815198849,0.5793692728629144
2004-07-26,0.5362903541203908,0.5701330916226405
2004-07-27,0.5631815787170764,0.5987212937020413
2004-07-28,0.5534900190415002,0.5884181457188107
2004-07-29,0.5709730123684434,0.6070044077310313
2004-07-30,0.5729410830258928,0.6090966739816591
2004-08-02,0.5799452310123794,0.6165428204861358
2004-08-03,0.5460173270234321,0.5804738875939506
2004-08-04,0.5458273959707143,0.580271970894444
2004-08-05,0.5149587432919239,0.5474553441347664
2004-08-06,0.471166703093929,0.5008997962403865
2004-08-09,0.4747245691951864,0.504682182375629
2004-08-10,0.5045941738771567,0.5364367159637062
2004-08-11,0.47954518908009497,0.5098070086892186
2004-08-12,0.4573455263365028,0.48620643065207775
2004-08-13,0.4606824388669795,0.48975391988595635
2004-08-16,0.48055162819030117,0.5108769593922718
2004-08-17,0.48995976721454376,0.5208788013927769
2004-08-18,0.5205381144476642,0.5533868029087167
2004-08-19,0.508265702630407,0.5403399374611455
2004-08-20,0.5232117547006837,0.5562291639014684
2004-08-23,0.527739279173114,0.5610423989429556
2004-08-24,0.526181955440678,0.5593867999052154
2004-08-25,0.5482640781590038,0.5828624205242716
2004-08-26,0.5418448552868047,0.5760381109803412
2004-08-27,0.546953400345394,0.5814690320580178
2004-08-30,0.522313149284783,0.5552738517650855
2004-08-31,0.5228997720102063,0.5558974934649447
2004-09-01,0.5332743974287739,0.5669268122264508
2004-09-02,0.5566691186110747,0.5917978631652498
2004-09-03,0.5247184949256789,0.5578309873468252
2004-09-07,0.5359540503610857,0.5697755653301316
2004-09-08,0.5297868556639301,0.5632191882625353
2004-09-09,0.5465611025115998,0.5810519781708847
2004-09-10,0.5715865592020861,0.6076566725917216
2004-09-13,0.5887031687299329,0.6258534300631754
2004-09-14,0.5971073766109497,0.6347879875934939
2004-09-15,0.5729931986983445,0.6091520784267114
2004-09-16,0.5759495064994424,0.6122949447741634
2004-09-17,0.5858120380707024,0.6227798538774996
2004-09-20,0.5835722160696947,0.6203986873465195
2004-09-21,0.5970309429226497,0.634706730538095
2004-09-22,0.5572035961978445,0.5923660690943828
2004-09-23,0.5587702026990143,0.5940315366923095
2004-09-24,0.5504775878237748,0.5852156142724277
2004-09-27,0.5342670060980378,0.5679820597151121
2004-09-28,0.5388004698076333,0.5728016087908177
2004-09-29,0.5631429356396754,0.5986802120435346
2004-09-30,0.5651125687131628,0.6007741393068572
2004-10-01,0.6130713685720124,0.6517593912770971
2004-10-04,0.6204486710362033,0.6596022402663226
2004-10-05,0.62364678557553,0.6630021726269564
2004-10-06,0.639461961594417,0.6798153693009733
2004-10-07,0.614953614276622,0.6537604165696789
2004-10-08,0.5832049723171323,0.6200082685847075
2004-10-11,0.5911909789068889,0.6284982341262368
2004-10-12,0.5875276999560581,0.624603783037071
2004-10-13,0.5865706164372083,0.6235863025223637
2004-10-14,0.5749299704152795,0.611211070609322
2004-10-15,0.5816253863725014,0.61832900247228
2004-10-18,0.613440351688148,0.6521516591654577
2004-10-19,0.5960729138707901,0.63368824482228
2004-10-20,0.6062529631529604,0.6445107086714278
2004-10-21,0.6341656456779776,0.6741848280382975
2004-10-22,0.5867114717749076,0.6237360465715285
2004-10-25,0.5794668502524642,0.6160342513882063
2004-10-26,0.5907902406052163,0.6280722071333795
2004-10-27,0.637061164933742,0.6772630697639936
2004-10-28,0.6458980064628286,0.6866575623974123
2004-10-29,0.6450538319248164,0.6857601160131389
2004-11-01,0.6474257711232687,0.6882817370304936
2004-11-02,0.6549817413634419,0.6963145286705824
2004-11-03,0.6665636444620607,0.7086273106733835
2004-11-04,0.6825986264202313,0.7256741841956933
2004-11-05,0.6944669006043921,0.7382914088033202
2004-11-08,0.6967013315939178,0.7406668441216846
2004-11-09,0.6961750499569272,0.7401073513498003
2004-11-10,0.6822317969996011,0.725284205912334
2004-11-11,0.715132842008759,0.7602614796308836
2004-11-12,0.7380286897345785,0.784602175578423
2004-11-15,0.7412824429464758,0.7880612577040353
2004-11-16,0.7232032948008028,0.7688412203735068
2004-11-17,0.7544919758116709,0.8021043814586608
2004-11-18,0.7680749782342504,0.8165445426608975
2004-11-19,0.7258570568873391,0.7716624487830863
2004-11-22,0.7481802922622062,0.7953943975334375
2004-11-23,0.7396768422451478,0.786354335167155
2004-11-24,0.7676378768732343,0.8160798579087032
2004-11-26,0.7610112288753074,0.8090350336243848
2004-11-29,0.7637841056815696,0.8119828935179978
2004-11-30,0.7504409141077688,0.7977976764883876
2004-12-01,0.8011377335665663,0.8516937314731663
2004-12-02,0.8097098673007462,0.8608068118597915
2004-12-03,0.811187299790103,0.8623774780974908
2004-12-06,0.8186050730103852,0.8702633517600361
2004-12-07,0.7723119393322033,0.8210488782531772
2004-12-08,0.7902651052195057,0.8401349831832763
2004-12-09,0.8015322247690277,0.8521131171420475
2004-12-10,0.7942154670844007,0.8443346336259079
2004-12-13,0.8175682295247281,0.869161078005782
2004-12-14,0.8266908054057602,0.8788593363291965
2004-12-15,0.8204410224902824,0.8722151592930162
2004-12-16,0.7957606134335806,0.8459772868235629
2004-12-17,0.7790131004681244,0.8281729178457791
2004-12-20,0.7718317683048854,0.8205384059125709
2004-12-21,0.7965939425278141,0.8468632033596037
2004-12-22,0.8025959835499421,0.8532440046880265
2004-12-23,0.802493237190772,0.8531347744940532
2004-12-27,0.7928723658763164,0.8429067756787271
2004-12-28,0.8170375322092198,0.8685968909028781
2004-12-29,0.8177759664333982,0.8693819242042533
2004-12-30,0.8155705206864299,0.8670373032494584
2004-12-31,0.8111847126114529,0.8623747276542821
2005-01-03,0.7843437836677409,0.8338399951476692
2005-01-04,0.7374634956248906,0.7840013147524778
2005-01-05,0.7257361100158648,0.7715338695289082
2005-01-06,0.7166853623419548,0.7619119721496681
2005-01-07,0.7263904491284203,0.7722295008755186
2005-01-10,0.7261804206894609,0.7720062185391636
2005-01-11,0.7097801929999449,0.7545710503618894
2005-01-12,0.726395334029286,0.7722346940392806
2005-01-13,0.6973619671173709,0.7413691692157841
2005-01-14,0.7185815074649228,0.7639277739868953
2005-01-18,0.7353178268627925,0.7817202430241984
2005-01-19,0.6959199422206089,0.7398361449757039
2005-01-20,0.6535777528788856,0.6948219411400545
2005-01-21,0.6391139918646572,0.6794454408540137
2005-01-24,0.6094918885665334,0.6479540272867779
2005-01-25,0.6214249505747371,0.6606401281703574
2005-01-26,0.6441774607876168,0.6848284412551995
2005-01-27,0.6419856549775188,0.6824983209889172
2005-01-28,0.6313292433478633,0.6711694338266934
2005-01-31,0.6564906282920727,0.6979186342878472
2005-02-01,0.6613853842150174,0.7031222750127747
2005-02-02,0.6629298267476763,0.7047641799793903
2005-02-03,0.6406122874516335,0.6810382867603483
2005-02-04,0.6737403833947511,0.7162569395190759
2005-02-07,0.6662380545190278,0.7082811742952142
2005-02-08,0.6706628600968527,0.7129852083404509
2005-02-09,0.6363545591370157,0.6765118734309797
2005-02-10,0.6360615910865283,0.6762004175580785
2005-02-11,0.6657309638063026,0.7077420834956911
2005-02-14,0.6754459174478408,0.7180701017269818
2005-02-15,0.6870828850272459,0.7304414230684604
2005-02-16,0.6802250698179502,0.7231508437078351
2005-02-17,0.6492962034284729,0.6902702034361332
2005-02-18,0.6439841500040657,0.6846229315460965
2005-02-22,0.6164688782480244,0.6553713016546007
2005-02-23,0.6198989186949078,0.6590177956654426
2005-02-24,0.6452032869488612,0.6859190024340164
2005-02-25,0.6566012234482955,0.6980362085791828
2005-02-28,0.6357866490772516,0.6759081252642466
2005-03-01,0.6559558534021874,0.697350112294211
2005-03-02,0.6530895605687997,0.6943029413316166
2005-03-03,0.6355631339016679,0.6756705051073651
2005-03-04,0.6462044955397122,0.6869833925444768
2005-03-07,0.6772698476672808,0.7200091315210551
2005-03-08,0.6551694342131004,0.6965140659246637
2005-03-09,0.6462656374500051,0.6870483928303764
2005-03-10,0.6489998115494142,0.6899551076730991
2005-03-11,0.6247398426170391,0.6641642073076242
2005-03-14,0.6361907646189352,0.6763377426186941
2005-03-15,0.619458779312487,0.6585498811767402
2005-03-16,0.5995637860401449,0.6373994093567198
2005-03-17,0.6009583662901475,0.6388819949436897
2005-03-18,0.5967434383947328,0.6344010829647286
2005-03-21,0.5965052798215235,0.6341478953349362
2005-03-22,0.572868415858898,0.6090194211348386
2005-03-23,0.5804179341382163,0.6170453536614623
2005-03-24,0.5779625563936999,0.614435028687636
2005-03-28,0.5809409893637547,0.6176014164183893
2005-03-29,0.5707453643444439,0.6067623939212965
2005-03-30,0.6024985290557865,0.6405193500675125
2005-03-31,0.5910378526380725,0.6283354447857644
2005-04-01,0.5749789215264471,0.6112631107926555
2005-04-04,0.5833434045321737,0.6201554365994504
2005-04-05,0.5913828747634335,0.6287022396190091
2005-04-06,0.5874044201939215,0.6244727236745792
2005-04-07,0.6097709955664027,0.6482507474039803
2005-04-08,0.5922550625207232,0.6296294670037988
2005-04-11,0.5835272813518786,0.620350917012049
2005-04-12,0.5957975867036338,0.6333955430650837
2005-04-13,0.5625163167409842,0.5980140502018473
2005-04-14,0.5385094742874128,0.5724922499252013
2005-04-15,0.5017623460701517,0.5334261849516414
2005-04-18,0.502996901457072,0.5347386472663491
2005-04-19,0.5143252713740701,0.5467818968124208
2005-04-20,0.49891845721938,0.5304028317806133
2005-04-21,0.5417784680448403,0.5759675343547975
2005-04-22,0.5121309647666856,0.5444491179354111
2005-04-25,0.5292798403672386,0.5626801776381938
2005-04-26,0.5103673528869099,0.5425742128849778
2005-04-27,0.5137015769093967,0.5461188439518944
2005-04-28,0.49778215648060264,0.5291948244982991
2005-04-29,0.5097191774024251,0.5418851341237357
2005-05-02,0.5126069500154242,0.5449551403528292
2005-05-03,0.5165632593788387,0.5491611136123683
2005-05-04,0.5429977153087568,0.5772637225235541
2005-05-05,0.540437956631337,0.5745424296318351
2005-05-06,0.546696960194681,0.5811964091871812
2005-05-09,0.5547367152221157,0.589743514975049
2005-05-10,0.5396524966079881,0.5737074029564209
2005-05-11,0.5496410353501744,0.5843262709448553
2005-05-12,0.5439886054152224,0.5783171429990801
2005-05-13,0.561485692598602,0.5969183882640876
2005-05-16,0.5727162583918116,0.6088576617325727
2005-05-17,0.583407032194148,0.6202230795010155
2005-05-18,0.6055724256566528,0.6437872256854781
2005-05-19,0.6199188907019733,0.6590390280110304
2005-05-20,0.62771327741886,0.6673252814594814
2005-05-23,0.6362231025541699,0.6763721212474542
2005-05-24,0.6424320777112811,0.682972915341426
2005-05-25,0.6324022416572332,0.672310143963892
2005-05-26,0.6520025438080398,0.6931473281051317
2005-05-27,0.6529394606467751,0.6941433693163104
2005-05-31,0.6435506516230584,0.6841620771408696
2005-06-01,0.6643422274887437,0.7062657106239899
2005-06-02,0.6760997996026532,0.7187652472794162
2005-06-03,0.6441148428959202,0.6847618718457191
2005-06-06,0.644781226683926,0.6854703079500494
2005-06-07,0.6267460674592944,0.6662970354724738
2005-06-08,0.6222083950456343,0.6614730121013765
2005-06-09,0.6362907965132959,0.6764440870508743
2005-06-10,0.6131078180513146,0.6517981409099461
2005-06-13,0.6226084238630211,0.6618982848377637
2005-06-14,0.6165439240175149,0.655451083206225
2005-06-15,0.6223871939327569,0.6616630941371816
2005-06-16,0.6317568035611785,0.6716239753346646
2005-06-17,0.6323161368251257,0.6722186054647266
2005-06-20,0.6309887535645807,0.6708074573501127
2005-06-21,0.6296511427477343,0.6693854362666879
2005-06-22,0.6267299883628548,0.6662799417006147
2005-06-23,0.6038571445944306,0.6419637013809801
2005-06-24,0.584710071608334,0.6216083475447316
2005-06-27,0.5768991847340332,0.6133045526922886
2005-06-28,0.5938279001983545,0.6313015589981429
2005-06-29,0.5882170371623294,0.625336621040892
2005-06-30,0.575498574615505,0.6118155567204251
2005-07-01,0.5717544234812295,0.6078351299883648
2005-07-05,0.5896737298462474,0.626885238682521
2005-07-06,0.5796316585775275,0.6162094599840197
2005-07-07,0.585993045260431,0.6229722835714017
2005-07-08,0.6201750294772815,0.6593113304880919
2005-07-11,0.63732630423747,0.6775449407500815
2005-07-12,0.6468042771302707,0.6876210235029608
2005-07-13,0.6490130942669039,0.6899692285998124
2005-07-14,0.6684636657061601,0.71064723323534
2005-07-15,0.673711866432809,0.7162266229870878
2005-07-18,0.6634731590595616,0.7053417994132918
2005-07-19,0.6890027468707374,0.732482438275817
2005-07-20,0.7045914116103428,0.7490548296193782
2005-07-21,0.7031049309858262,0.747474544261677
2005-07-22,0.701265426168028,0.7455189570303047
2005-07-25,0.691465264048962,0.735100353219109
2005-07-26,0.6980969372768343,0.7421505198517707
2005-07-27,0.714801450069448,0.759909175120004
2005-07-28,0.7233439542154552,0.7689907561358523
2005-07-29,0.7048834894983887,0.7493653391559134
2005-08-01,0.711078607953908,0.7559514021176589
2005-08-02,0.7331139225867472,0.7793772608152367
2005-08-03,0.7329905916475393,0.7792461470461318
2005-08-04,0.7076909764720779,0.7523499933002622
2005-08-05,0.6979011603668935,0.7419423883907528
2005-08-08,0.6823617898000518,0.7254224019411094
2005-08-09,0.6964020336850762,0.7403486589431287
2005-08-10,0.6759203265053897,0.7185744484872701
2005-08-11,0.6946872963076126,0.7385257126327522
2005-08-12,0.6827520343706872,0.7258372729933964
2005-08-15,0.6939402921991935,0.7377315686424387
2005-08-16,0.6588684080398202,0.7004464644238276
2005-08-17,0.6689368423769937,0.7111502698388392
2005-08-18,0.6603203705228525,0.701990053364056
2005-08-19,0.6574255824603459,0.6989125889737515
2005-08-22,0.6594404555395402,0.7010546111247045
2005-08-23,0.6537242866602991,0.6949777219725508
2005-08-24,0.6414278327703437,0.6819052972712447
2005-08-25,0.6462452987669427,0.6870267706696108
2005-08-26,0.6372058144555748,0.6774168474302351
2005-08-29,0.6524368589708771,0.6936090508354115
2005-08-30,0.6448992117610259,0.6855957385050754
2005-08-31,0.6643224595681211,0.7062446952437713
2005-09-01,0.6583707113860839,0.6999173604977459
2005-09-02,0.6528697252643895,0.6940692332651034
2005-09-06,0.6826112188241461,0.7256875712464208
2005-09-07,0.6855904658521057,0.7288548244064075
2005-09-08,0.682445162219621,0.7255110355981571
2005-09-09,0.6951104581878382,0.7389755782497194
2005-09-12,0.7004307211818365,0.7446315777762983
2005-09-13,0.6937983350777497,0.7375806532811895
2005-09-14,0.6704669759625561,0.7127769628886577
2005-09-15,0.668765245488607,0.7109678442857091
2005-09-16,0.6821845025866763,0.7252339269736028
2005-09-19,0.6647104559087239,0.7066571761909048
2005-09-20,0.6545082192179442,0.6958111247911544
2005-09-21,0.6338266148165388,0.6738244025491901
2005-09-22,0.6402301121205516,0.6806319941590039
2005-09-23,0.6452896538061101,0.686010819493486
2005-09-26,0.6463341387324879,0.6871212169034966
2005-09-27,0.6410551411016924,0.6815090868012303
2005-09-28,0.6406979517012004,0.6811293568739014
2005-09-29,0.6662536561151098,0.7082977604339359
2005-09-30,0.6806667296407525,0.723620374584692
2005-10-03,0.6853367736227814,0.7285851228652291
2005-10-04,0.6721248462234571,0.7145394534687969
2005-10-05,0.6414333213140291,0.6819111321708581
2005-10-06,0.61836160993385,0.6573834746488773
2005-10-07,0.6216123498084052,0.6608393532797374
2005-10-10,0.6105984904282178,0.6491304615369007
2005-10-11,0.6011993611725451,0.6391381978686742
2005-10-12,0.5796675556994454,0.6162476224028327
2005-10-13,0.5937934170574479,0.6312648997899677
2005-10-14,0.6056797651289565,0.6439013388421433
2005-10-17,0.6119541790642975,0.6505717012448821
2005-10-18,0.5980855156100731,0.6358278522998461
2005-10-19,0.634151334771705,0.6741696140386901
2005-10-20,0.6168412209950284,0.6557671411841796
2005-10-21,0.627869685495839,0.667491559707445
2005-10-24,0.6582809311798308,0.6998219146890259
2005-10-25,0.6519550945013812,0.6930968844980583
2005-10-26,0.6384570619708543,0.6787470552342548
2005-10-27,0.5995176428513153,0.6373503542903688
2005-10-28,0.615217894722612,0.6540413744995951
2005-10-31,0.6410700968101276,0.6815249862934029
2005-11-01,0.6375100292617711,0.6777402597881892
2005-11-02,0.6623880917853122,0.7041882586961534
2005-11-03,0.6898995218701749,0.7334358044868461
2005-11-04,0.700237395907417,0.7444260526618769
2005-11-07,0.7014872861473408,0.7457548175393387
2005-11-08,0.7000128051745405,0.7441872890743895
2005-11-09,0.7019969526480844,0.7462966466726298
2005-11-10,0.7284132583854592,0.7743799600188129
2005-11-11,0.7312654104748377,0.7774120978821956
2005-11-14,0.7289625972214492,0.774963965020031
2005-11-15,0.7185500480335735,0.7638943293002288
2005-11-16,0.7275509970040881,0.7734632854163874
2005-11-17,0.7601494702885586,0.8081188935455633
2005-11-18,0.7644760940857566,0.8127185500242454
2005-11-21,0.7728042074699941,0.8215722110954519
2005-11-22,0.7832933818287203,0.8327233074367577
2005-11-23,0.7865497194857438,0.8361851370995549
2005-11-25,0.792108558001586,0.842094767516209
2005-11-28,0.7684388399181239,0.8169313659277272
2005-11-29,0.7577213531805824,0.8055375494975935
2005-11-30,0.7515405486787593,0.7989667037751875
2005-12-01,0.793923501591336,0.8440242435770682
2005-12-02,0.8002625255403906,0.8507632932246648
2005-12-05,0.7797329805738805,0.8289382261664293
2005-12-06,0.7884250697839648,0.838178831849396
2005-12-07,0.7820390353670077,0.8313898051265118
2005-12-08,0.7658185645215607,0.814145737394103
2005-12-09,0.7750175708661955,0.8239252493447237
2005-12-12,0.782500999840234,0.8318809219838575
2005-12-13,0.7923659248451221,0.8423683755590523
2005-12-14,0.7825073955173246,0.8318877212617574
2005-12-15,0.7858743918553289,0.8354671927493941
2005-12-16,0.7674430149354887,0.8158726991594316
2005-12-19,0.7339015619605229,0.7802146043695339
2005-12-20,0.7344737855989257,0.7808229383243693
2005-12-21,0.7414377965104642,0.7882264148937015
2005-12-22,0.7580295829900612,0.8058652302266206
2005-12-23,0.7570697604515431,0.8048448378457209
2005-12-27,0.7370549950436153,0.7835670356394143
2005-12-28,0.735003254154489,0.7813858191261231
2005-12-29,0.7191077137432206,0.7644871866445576
2005-12-30,0.7055072473081285,0.7500284593589122
2006-01-03,0.7498341796222415,0.797152653870752
2006-01-04,0.7707499529459929,0.8193883223237254
2006-01-05,0.7832633214557477,0.8326913500963978
2006-01-06,0.8237964859336501,0.8757823700998038
2006-01-09,0.8332275180365907,0.8858085498524884
2006-01-10,0.8358531654492571,0.8885998894046415
2006-01-11,0.8558807739951898,0.9098913452184026
2006-01-12,0.8395496220707026,0.8925296118496598
2006-01-13,0.8383083206079914,0.891209977746354
2006-01-17,0.8229301522874499,0.8748613662512544
2006-01-18,0.7944097743870095,0.8445412027396544
2006-01-19,0.8124773820132559,0.8637489712833791
2006-01-20,0.7366340080812823,0.7831194821890796
2006-01-23,0.7361602883364612,0.7826158682407726
2006-01-24,0.7488614422227049,0.7961185316332852
2006-01-25,0.7362030615817365,0.7826613407024348
2006-01-26,0.7536012786757302,0.8011574766562314
2006-01-27,0.7808009584232037,0.8300735990261884
2006-01-30,0.783613825245601,0.8330639725159492
2006-01-31,0.7795177040091389,0.8287093645199959
2006-02-01,0.7822310059428528,0.8315938900537644
2006-02-02,0.744509687636223,0.791492158480549
2006-02-03,0.7159959099661986,0.7611790117085632
2006-02-06,0.7066177003050373,0.7512089877711144
2006-02-07,0.6989744813150799,0.7430834415269709
2006-02-08,0.7222747996293956,0.7678541322810886
2006-02-09,0.7006536071186108,0.7448685289860968
2006-02-10,0.7125917150061517,0.7575599941704965
2006-02-13,0.6892097094302849,0.7327024612596694
2006-02-14,0.7091163895455558,0.753865357423777
2006-02-15,0.7230982838315793,0.768729582660694
2006-02-16,0.7427810900532975,0.7896544773129637
2006-02-17,0.7247266024745662,0.7704606567606479
2006-02-21,0.6990172492896923,0.7431289083853638
2006-02-22,0.726329811240963,0.7721650364189423
2006-02-23,0.7191732417575731,0.7645568498207151
2006-02-24,0.7242451733261921,0.7699488469049403
2006-02-27,0.7487143581217004,0.7959621657531423
2006-02-28,0.7151046082254889,0.7602314641476289
2006-03-01,0.7455802491050753,0.792630277999797
2006-03-02,0.7441516051285554,0.7911114790862919
2006-03-03,0.7313108453768091,0.777460399965068
2006-03-06,0.7122143302670251,0.7571587944726159
2006-03-07,0.7004454243058688,0.7446472087446654
2006-03-08,0.7011578321613664,0.7454045732768269
2006-03-09,0.6795808611722841,0.7224659821137721
2006-03-10,0.683132457662561,0.7262417029926584
2006-03-13,0.689704228535175,0.733228187116887
2006-03-14,0.7235903800137158,0.7692527326960091
2006-03-15,0.7404149308732996,0.7871390010635799
2006-03-16,0.7198440767022652,0.7652700179730926
2006-03-17,0.7279856739707363,0.773925392782198
2006-03-20,0.7319230348250946,0.7781112217822573
2006-03-21,0.7100931307049501,0.7549037360793729
2006-03-22,0.7146419232485415,0.759739581318994
2006-03-23,0.70713532759106,0.7517592800570395
2006-03-24,0.7183111705942226,0.7636403774400664
2006-03-27,0.7190038778234878,0.7643767981330287
2006-03-28,0.7088901553212572,0.7536248466319286
2006-03-29,0.7476997305631542,0.7948835098676599
2006-03-30,0.7536978390114224,0.8012601304561617
2006-03-31,0.7466780064667242,0.7937973096154879
2006-04-03,0.7503937890297491,0.7977475775704832
2006-04-04,0.7629181740770117,0.8110623170820299
2006-04-05,0.7841235027643858,0.8336058133625781
2006-04-06,0.7925014940387004,0.8425124998806434
2006-04-07,0.7700007913525144,0.8185918846997161
2006-04-10,0.7640251678975714,0.812239168025691
2006-04-11,0.7443610017166743,0.7913340896987006
2006-04-12,0.7444473547302376,0.7914258920408749
2006-04-13,0.7536647740826307,0.8012249789567333
2006-04-17,0.7298469314104149,0.7759041053401184
2006-04-18,0.7712486815297002,0.8199185232999783
2006-04-19,0.780779297443211,0.8300505711246126
2006-04-20,0.7734457860631863,0.822254276666919
2006-04-21,0.7463783312832928,0.7934787233543334
2006-04-24,0.7426247585349365,0.7894882804548692
2006-04-25,0.7357648088404424,0.782195431911821
2006-04-26,0.7363439204164538,0.7828110884692979
2006-04-27,0.7553642314086079,0.8030316809641361
2006-04-28,0.7333039699094651,0.7795793011219906
2006-05-01,0.7146986382373023,0.7597998753213663
2006-05-02,0.7185619119832228,0.7639069419274007
2006-05-03,0.7135721732576193,0.7586023244861948
2006-05-04,0.7319147358114048,0.7781023990572241
2006-05-05,0.7480842560273747,0.795292300907885
2006-05-08,0.7495304213193328,0.7968297268238401
2006-05-09,0.7438332574199966,0.7907730419656219
2006-05-10,0.722139532753887,0.7677103293554248
2006-05-11,0.6740483211581652,0.7165843097723981
2006-05-12,0.647273738840157,0.6881201107119689
2006-05-15,0.6457273849860836,0.6864761738095208
2006-05-16,0.6322629854455675,0.6721620999540107
2006-05-17,0.6029990523019434,0.6410514589588395
2006-05-18,0.5893470487917584,0.6265379423380323
2006-05-19,0.6043698806620972,0.6425087937869857
2006-05-22,0.5856178455394806,0.6225734067778177
2006-05-23,0.568073333986114,0.6039217444160433
2006-05-24,0.579921923749719,0.6165180424128108
2006-05-25,0.601101308929562,0.6390339580142687
2006-05-26,0.6083422648281674,0.6467318562536398
2006-05-30,0.5681831039089994,0.6040384413974843
2006-05-31,0.5768919875252312,0.6132969013018169
2006-06-01,0.6171318393926541,0.6560760991287848
2006-06-02,0.6126202527951112,0.651279807725783
2006-06-05,0.5719764668601164,0.6080711854704488
2006-06-06,0.5693953370104962,0.6053271727733398
2006-06-07,0.5580833212573101,0.5933013094246953
2006-06-08,0.5538787185373599,0.58883137419399
2006-06-09,0.5423435807265632,0.5765683086142456
2006-06-12,0.5099089109338075,0.5420868408372734
2006-06-13,0.5061724420038138,0.5381145810969258
2006-06-14,0.5193441305278521,0.55211747233374
2006-06-15,0.5626815353635559,0.5981896949870961
2006-06-16,0.5514118400529109,0.5862088227231492
2006-06-19,0.5364232303041507,0.5702743529913525
2006-06-20,0.5355108753468768,0.5693044236453344
2006-06-21,0.5614321927811226,0.5968615123271882
2006-06-22,0.5407393858267739,0.5748628805923635
2006-06-23,0.5368791986085347,0.5707590952901148
2006-06-26,0.5419274518086771,0.576125919776473
2006-06-27,0.5111815776205088,0.5434398194749075
2006-06-28,0.5222242044117196,0.5551792940034661
2006-06-29,0.5701473101735662,0.6061265993917461
2006-06-30,0.5587185408414923,0.5939766147002918
2006-07-03,0.5701652583513888,0.6061456801938384
2006-07-05,0.5350501696988554,0.5688146450516743
2006-07-06,0.5323036687203827,0.5658948254390886
2006-07-07,0.5136758580243321,0.5460915020701278
2006-07-10,0.5005479650017771,0.5321351700609185
2006-07-11,0.5123037668926845,0.5446328247829755
2006-07-12,0.4803681338837759,0.5106818856314432
2006-07-13,0.45776463152503516,0.48665198357880346
2006-07-14,0.4426801480189935,0.4706155899521905
2006-07-17,0.44820809660298827,0.4764923811200891
2006-07-18,0.4515000370313831,0.4799920602760878
2006-07-19,0.4680728429376462,0.4976106972618253
2006-07-20,0.44550285655563815,0.4736164262200484
2006-07-21,0.43160422862522885,0.4588407218830314
2006-07-24,0.4585531671923173,0.4874902799874339
2006-07-25,0.46498721301588425,0.4943303478888015
2006-07-26,0.46321881690920946,0.492450356701629
2006-07-27,0.4542544778152268,0.4829203207374567
2006-07-28,0.4833098271166381,0.51380921515466
2006-07-31,0.4822329530226134,0.5126643846504425
2006-08-01,0.4585195216531196,0.487454511238034
2006-08-02,0.4726856143480843,0.5025145587707556
2006-08-03,0.48201336337439077,0.5124309377423123
2006-08-04,0.4753012556145202,0.5052952607363069
2006-08-07,0.4658568607909416,0.49525487500514204
2006-08-08,0.45689693265218734,0.4857295283506358
2006-08-09,0.45744389729378043,0.4863110093333233
2006-08-10,0.46704368639771704,0.4965165955399401
2006-08-11,0.45787677991082554,0.4867712091166485
2006-08-14,0.46466037054194664,0.4939828799384497
2006-08-15,0.5018352933403122,0.5335037355776081
2006-08-16,0.5365427511024922,0.5704014161796943
2006-08-17,0.5398933466437378,0.5739634518941733
2006-08-18,0.5425774565588396,0.5768169432396627
2006-08-21,0.5264672886111951,0.559690139097128
2006-08-22,0.528541166056726,0.5618948890997759
2006-08-23,0.5150720521445176,0.5475758033709638
2006-08-24,0.5195784106430611,0.5523665367544656
2006-08-25,0.5218343531499884,0.5547648410799405
2006-08-28,0.5342265923766666,0.5679390956757026
2006-08-29,0.5373887694920872,0.5713008227722679
2006-08-30,0.545623148900225,0.5800548347612687
2006-08-31,0.5430532973885607,0.5773228121244651
2006-09-01,0.552826526258921,0.5877127830575305
2006-09-05,0.567387468502108,0.6031925972183931
2006-09-06,0.5336801832475956,0.5673582052612943
2006-09-07,0.5259183454716243,0.5591065547628509
2006-09-08,0.5356068413011065,0.5694064455552101
2006-09-11,0.5445940577600363,0.578960802566191
2006-09-12,0.577301067989022,0.613731796891028
2006-09-13,0.5858447649639684,0.6228146460095854
2006-09-14,0.5877054741336794,0.6247927756988241
2006-09-15,0.5944164205662137,0.6319272180916399
2006-09-18,0.5938243810204902,0.6312978177416749
2006-09-19,0.581411987398787,0.6181021369027274
2006-09-20,0.6072460642127252,0.645566479623016
2006-09-21,0.5953389641323847,0.6329079790012787
2006-09-22,0.5813856454417317,0.6180741326298556
2006-09-25,0.6111968371238325,0.6497665670510344
2006-09-26,0.6207014774308923,0.6598710000720479
2006-09-27,0.6164295451555324,0.6553294864374268
2006-09-28,0.622733544142769,0.6620313008641924
2006-09-29,0.6140346064127522,0.6527834144837226
2006-10-02,0.5899848637076094,0.6272160067243542
2006-10-03,0.5977981173650623,0.6355223177163948
2006-10-04,0.6421621216676159,0.6826859236538175
2006-10-05,0.6513409317997157,0.6924439649048383
2006-10-06,0.6457525994610701,0.6865029794502843
2006-10-09,0.6525583636119959,0.693738223057427
2006-10-10,0.6547905822928034,0.6961113064587758
2006-10-11,0.6521313913237414,0.6932843065756753
2006-10-12,0.6833384386336411,0.7264606824446564
2006-10-13,0.6933389623382147,0.7370922917095399
2006-10-16,0.6934740278836409,0.737235880600136
2006-10-17,0.671451335171807,0.713823440333059
2006-10-18,0.6606763004602594,0.7023684443495645
2006-10-19,0.666895421517958,0.7089800246037289
2006-10-20,0.6703255917656651,0.7126266566065081
2006-10-23,0.6892230285005085,0.7327166208331646
2006-10-24,0.6744424244110512,0.7170032830100479
2006-10-25,0.6893107398084828,0.7328098671852599
2006-10-26,0.7096961078642916,0.7544816590126299
2006-10-27,0.6770400358860423,0.7197648174096367
2006-10-30,0.6887515406129909,0.7322153795840767
2006-10-31,0.6940756603007623,0.737875479182058
2006-11-01,0.6638149356942453,0.7057051439483539
2006-11-02,0.6664218504308935,0.7084765686942636
2006-11-03,0.6588521774282251,0.7004292095754103
2006-11-06,0.6913265854693954,0.7349529232929447
2006-11-07,0.7020796214140357,0.7463845322718206
2006-11-08,0.7116699673196828,0.7565800793647479
2006-11-09,0.6995882207010653,0.7437359110910678
2006-11-10,0.7124691934613206,0.7574297408728036
2006-11-13,0.7327289370980297,0.7789679807205522
2006-11-14,0.7562715598737392,0.8039962666199619
2006-11-15,0.7642591136551456,0.8124878769890589
2006-11-16,0.7742939667746086,0.8231559820351813
2006-11-17,0.7722311113240647,0.8209629495732825
2006-11-20,0.7758848536141366,0.8248472621883168
2006-11-21,0.7820392206432168,0.8313900020946219
2006-11-22,0.7957595691438502,0.8459761766336666
2006-11-24,0.7898125277930788,0.8396538457446762
2006-11-27,0.7367440415754187,0.7832364593745014
2006-11-28,0.7428126458034272,0.7896880243966311
2006-11-29,0.7579998427727553,0.8058336132454308
2006-11-30,0.7556928076547514,0.8033809920968239
2006-12-01,0.7349001749105851,0.7812762350406407
2006-12-04,0.7653468384327595,0.8136442429119789
2006-12-05,0.7712401533130951,0.8199094569081218
2006-12-06,0.7635218388712035,0.8117040762946873
2006-12-07,0.7355508235510735,0.7819679430270172
2006-12-08,0.746045857734194,0.7931252689784076
2006-12-11,0.7526020125732925,0.8000951516154032
2006-12-12,0.7399143219644264,0.7866068011037688
2006-12-13,0.7413754602663176,0.7881601449052098
2006-12-14,0.7659094576524,0.8142423663587937
2006-12-15,0.7720881594483452,0.8208109766835391
2006-12-18,0.7491997245690816,0.7964781613720995
2006-12-19,0.7414585865089316,0.7882485168502437
2006-12-20,0.7321162492003606,0.7783166289992057
2006-12-21,0.7173707302658003,0.7626405903884987
2006-12-22,0.6954820970125226,0.7393706694357831
2006-12-26,0.701028853424576,0.7452674553044542
2006-12-27,0.7125037229903111,0.7574664493963942
2006-12-28,0.70672906415349,0.7513273792631959
2006-12-29,0.7039168289239519,0.7483376772231202
2007-01-03,0.7065337143606797,0.7511197018726423
2007-01-04,0.7465878122608801,0.7937014236816285
2007-01-05,0.7367078690416515,0.7831980041639051
2007-01-08,0.7386173125554898,0.7852279435902983
2007-01-09,0.74877463368614,0.7960262450222155
2007-01-10,0.7740706852670034,0.8229186102919549
2007-01-11,0.7976070572797983,0.8479402509724863
2007-01-12,0.8101840372470837,0.8613109044196947
2007-01-16,0.8066562967431502,0.8575605449651622
2007-01-17,0.7868664647293261,0.836521870631293
2007-01-18,0.74255922982285,0.7894186165369467
2007-01-19,0.7460752889955574,0.7931565575069119
2007-01-22,0.7235417979330986,0.7692010848309914
2007-01-23,0.7163229349382212,0.7615266736735872
2007-01-24,0.7513850482694059,0.7988013904734426
2007-01-25,0.7198973744415477,0.7653266790795993
2007-01-26,0.7137304272327565,0.7587705651181827
2007-01-29,0.7159217621093451,0.7611001847325782
2007-01-30,0.7188065432277213,0.7641670106880293
2007-01-31,0.7360598970034989,0.782509141687527
2007-02-01,0.734669168800475,0.7810306512319279
2007-02-02,0.7425202544473741,0.7893771816106114
2007-02-05,0.738754637559816,0.7853739345235158
2007-02-06,0.7355091177427477,0.7819236053631814
2007-02-07,0.7571565417222388,0.804937095470301
2007-02-08,0.7562638118013938,0.8039880296035651
2007-02-09,0.724545585375956,0.7702682165325617
2007-02-12,0.7155278852075814,0.7606814521299947
2007-02-13,0.7216878964961531,0.7672301924782041
2007-02-14,0.759146709574393,0.807052853364656
2007-02-15,0.7693451827078224,0.8178949037068243
2007-02-16,0.7665301573177716,0.814902235432456
2007-02-20,0.7815743326022843,0.8308957771770957
2007-02-21,0.7881140316952172,0.8378481656239306
2007-02-22,0.796988930165494,0.8472831167913725
2007-02-23,0.7880825099211441,0.8378146546603871
2007-02-26,0.7758913858358473,0.8248542066275194
2007-02-27,0.681002420474727,0.7239772492730628
2007-02-28,0.6868620700395425,0.7302066734954935
2007-03-01,0.6769853578098738,0.7197066888597377
2007-03-02,0.6448873861519544,0.6855831666379725
2007-03-05,0.6298926034711436,0.6696421344296977
2007-03-06,0.6628495460272731,0.7046788331239608
2007-03-07,0.6545324401909036,0.6958368742346955
2007-03-08,0.6658888984180199,0.7079099846107507
2007-03-09,0.6636227625920249,0.7055008437142479
2007-03-12,0.6766186955524537,0.7193168882884646
2007-03-13,0.6370565999202262,0.6772582166741531
2007-03-14,0.6596724245276692,0.7013012185740946
2007-03-15,0.6612952898522025,0.7030264952225641
2007-03-16,0.6579629929319069,0.6994839128681064
2007-03-19,0.6757614825585325,0.7184055806532473
2007-03-20,0.6858239166319047,0.7291030071563032
2007-03-21,0.7310020657513527,0.7771321347237874
2007-03-22,0.722623838747702,0.7682251976006271
2007-03-23,0.7153846484145111,0.7605291763431195
2007-03-26,0.725685605066333,0.7714801774518502
2007-03-27,0.7096012739983588,0.7543808406317671
2007-03-28,0.6861854955278648,0.7294874035793143
2007-03-29,0.6872142756996311,0.7305811051822291
2007-03-30,0.6876154147016952,0.7310075581617765
2007-04-02,0.6884005539567961,0.731842243826782
2007-04-03,0.7148187425920366,0.7599275588915735
2007-04-04,0.7209436499385194,0.7664389800546112
2007-04-05,0.7340277379069995,0.7803487426808051
2007-04-09,0.7278911477678796,0.7738249014795664
2007-04-10,0.7380822609818983,0.7846591274527609
2007-04-11,0.7147532804101352,0.7598579657022403
2007-04-12,0.7327607545464468,0.7790018060170437
2007-04-13,0.7364672922686406,0.7829422457332053
2007-04-16,0.7569058584440892,0.8046705927609172
2007-04-17,0.7577037387254273,0.8055188234778209
2007-04-18,0.7542030527853123,0.8017972258721522
2007-04-19,0.7539246798593574,0.8015012861527832
2007-04-20,0.7701117581262475,0.8187098540595779
2007-04-23,0.7750961600674783,0.8240087979372928
2007-04-24,0.7856300466905471,0.8352074281216135
2007-04-25,0.8137145650036038,0.8650642270170886
2007-04-26,0.8239996122128467,0.8759983147138702
2007-04-27,0.8255370273468342,0.8776327488160561
2007-04-30,0.7945964344132298,0.8447396419937143
2007-05-01,0.8014485278586976,0.8520241385171681
2007-05-02,0.8219670030253157,0.873837437213009
2007-05-03,0.8292679992235431,0.8815991646101907
2007-05-04,0.8289320248436174,0.8812419884826297
2007-05-07,0.8288586419567694,0.8811639747502747
2007-05-08,0.8335197611124983,0.8861192350011063
2007-05-09,0.8407633846885314,0.8938199692623593
2007-05-10,0.8000397369476582,0.8505264455018271
2007-05-11,0.8298333095525524,0.8822001489895067
2007-05-14,0.8153764238883795,0.8668309579242137
2007-05-15,0.7938640983120043,0.8439610916388727
2007-05-16,0.8186343450928656,0.8702944710646341
2007-05-17,0.8092795971005091,0.8603493893504931
2007-05-18,0.8246553679530311,0.8766954520847515
2007-05-21,0.8428017052390121,0.8959869185431637
2007-05-22,0.8493786995733795,0.9029789557570117
2007-05-23,0.8329455842823744,0.8855088245978956
2007-05-24,0.7934143889873796,0.8434830032943593
2007-05-25,0.8116193146540523,0.8628367553679431
2007-05-29,0.8247974657435823,0.8768465169920676
2007-05-30,0.8482068739582733,0.901733181792125
2007-05-31,0.8611951817876914,0.9155411200495234
2007-06-01,0.8608584689311701,0.9151831588436158
2007-06-04,0.8677541325172929,0.9225139750123946
2007-06-05,0.8654624392842741,0.9200776639022784
2007-06-06,0.8415159664357913,0.8946200428698139
2007-06-07,0.7980098211769447,0.8483684313865285
2007-06-08,0.8282520902228736,0.8805191464168579
2007-06-11,0.8222329715560166,0.8741201897546458
2007-06-12,0.8071796824886486,0.8581169590995944
2007-06-13,0.8364902079378583,0.8892771326194983
2007-06-14,0.8500625483511266,0.9037059589836481
2007-06-15,0.8733168585507795,0.9284277382694708
2007-06-18,0.875523823607844,0.9307739744108071
2007-06-19,0.8715468153356339,0.9265459960326338
2007-06-20,0.8446784915368681,0.8979821399117577
2007-06-21,0.8695684936141796,0.9244428318220319
2007-06-22,0.8430912607472005,0.8962947465244272
2007-06-25,0.8307731805012599,0.8831993307305095
2007-06-26,0.824807422511377,0.8768571020841951
2007-06-27,0.8560539487443168,0.9100754482035712
2007-06-28,0.8537792214721697,0.9076571736955489
2007-06-29,0.856574349748287,0.9106286892436112
2007-07-02,0.8827454660609183,0.9384513404248156
2007-07-03,0.8973197233749713,0.9539453099074359
2007-07-05,0.918596466868817,0.9765647276437559
2007-07-06,0.9282224121734202,0.9867981206446523
2007-07-09,0.9290046129776843,0.9876296824271429
2007-07-10,0.9042876303645014,0.9613529284177401
2007-07-11,0.920606016061593,0.9787010899431009
2007-07-12,0.9715798192500418,1.0328916077853634
2007-07-13,0.9871457771752434,1.0494398593952943
2007-07-16,0.9806190210103717,1.0425012306432468
2007-07-17,1.0000890578113086,1.0631999290069933
2007-07-18,0.9940050808347948,1.0567320211352025
2007-07-19,1.0154710408063734,1.0795525959026102
2007-07-20,0.9895739540726949,1.0520212670057694
2007-07-23,0.9897352862567446,1.0521927800978168
2007-07-24,0.9370691534178731,0.9962031377174622
2007-07-25,0.9514818216060399,1.0115253209518191
2007-07-26,0.91617598299035,0.9739914985221609
2007-07-27,0.8736445888983733,0.9287761501229689
2007-07-30,0.8969762455129274,0.9535801567886331
2007-07-31,0.8394491527821896,0.8924228024214592
2007-08-01,0.856000238990299,0.9100183490820354
2007-08-02,0.8839841431801629,0.9397681845748015
2007-08-03,0.8187605096136383,0.8704285972291804
2007-08-06,0.8641976407763353,0.918733049966804
2007-08-07,0.8734096734300298,0.9285264102549896
2007-08-08,0.9073012639878467,0.9645567381478518
2007-08-09,0.8375722117887255,0.8904274165951526
2007-08-10,0.8220778588151716,0.8739552885853288
2007-08-13,0.8335423371199997,0.8861432356732323
2007-08-14,0.7903497500047121,0.8402249694989147
2007-08-15,0.7445619197161978,0.7915476866790504
2007-08-16,0.7216361370724351,0.767175166763052
2007-08-17,0.7713379265728341,0.8200134001739756
2007-08-20,0.7761836153546093,0.8251648773634657
2007-08-21,0.7978625923841868,0.8482119116838229
2007-08-22,0.8297541300778749,0.8821159728741919
2007-08-23,0.8230542891661768,0.8749933368188942
2007-08-24,0.8603471248221315,0.9146395462361373
2007-08-27,0.8416386459796055,0.8947504641370555
2007-08-28,0.7786618214311992,0.8277994712569948
2007-08-29,0.8466704381831166,0.9000997888514554
2007-08-30,0.8578112449666402,0.9119436390454025
2007-08-31,0.8901178323730161,0.9462889417648307
2007-09-04,0.9323451891215512,0.991181066467655
2007-09-05,0.8957066874222629,0.9522304829157695
2007-09-06,0.9010390013508514,0.9578992938541928
2007-09-07,0.8460572886114734,0.8994479463220826
2007-09-10,0.848031970306609,0.9015472408015904
2007-09-11,0.8849608553898186,0.9408065324537782
2007-09-12,0.8844916529714448,0.9403077208989385
2007-09-13,0.8969502296674965,0.9535524992067415
2007-09-14,0.8994501768857041,0.9562102062220911
2007-09-17,0.8750759041878874,0.9302977889233456
2007-09-18,0.9438606178241836,1.0034231791910138
2007-09-19,0.951721888697771,1.0117805375376738
2007-09-20,0.939007765145363,0.9982640860249559
2007-09-21,0.9619186291550549,1.0226207458627332
2007-09-24,0.9723781912516188,1.033740361252635
2007-09-25,0.9996561158297124,1.0627396661129018
2007-09-26,1.0158343487467065,1.0799388304817736
2007-09-27,1.027015171423763,1.0918252217822664
2007-09-28,1.0187420107174312,1.0830299811915078
2007-10-01,1.05602767837003,1.1226685702667427
2007-10-02,1.0538833084975712,1.1203888793948593
2007-10-03,1.034110714847283,1.099368531255787
2007-10-04,1.037355457300097,1.1028180339961007
2007-10-05,1.1020321757447473,1.1715761930037074
2007-10-08,1.122382109110926,1.1932103140264578
2007-10-09,1.1341951351037953,1.2057688039918046
2007-10-10,1.1426704537919776,1.2147789597946363
2007-10-11,1.0853166531036216,1.1538058331077063
2007-10-12,1.1411508290215997,1.213163438721424
2007-10-15,1.1106051512208872,1.1806901682506303
2007-10-16,1.0980430939812298,1.1673353792335253
2007-10-17,1.1403716278236655,1.2123350658361745
2007-10-18,1.1529577231380814,1.2257154098567837
2007-10-19,1.0631392728795044,1.130228943734029
2007-10-22,1.102073391949111,1.1716200101670002
2007-10-23,1.1746669602220092,1.2487946137998218
2007-10-24,1.1475681284526786,1.2199857034449995
2007-10-25,1.1044124814948926,1.1741067085461012
2007-10-26,1.154550987248434,1.2274092172990165
2007-10-29,1.1679095628280713,1.2416107891460155
2007-10-30,1.1739885564773704,1.2480733992164759
2007-10-31,1.223448269067386,1.3006542793927816
2007-11-01,1.1541339081863018,1.2269658183579062
2007-11-02,1.1800165618586071,1.2544818033914107
2007-11-05,1.158031202509839,1.231109052418653
2007-11-06,1.194537925310434,1.269919541131343
2007-11-07,1.1060570797262774,1.1758550895619677
2007-11-08,1.008731735082105,1.072388004597832
2007-11-09,0.9049769120858929,0.9620857074352939
2007-11-12,0.8349395418718648,0.8876286113819136
2007-11-13,0.9405702647352289,0.9999251875439091
2007-11-14,0.901818483611345,0.958727965538525
2007-11-15,0.8827563835975414,0.9384629469153295
2007-11-16,0.9144890197402258,0.9721980790324057
2007-11-19,0.877231025561146,0.9325889097721872
2007-11-20,0.8882506495349973,0.944303929884819
2007-11-21,0.8568788176908202,0.9109523707121342
2007-11-23,0.8853037275926984,0.941171041693143
2007-11-26,0.8331015850443356,0.8856746698271248
2007-11-27,0.8884663875328678,0.9445332820832343
2007-11-28,0.9687928633955832,1.0299287803816812
2007-11-29,0.9780593618733214,1.0397800435734175
2007-11-30,0.9589809267551918,1.0194976590150344
2007-12-03,0.9286865735718357,0.9872915730647029
2007-12-04,0.9169161564621768,0.9747783808268442
2007-12-05,0.9702286534518729,1.0314551763301152
2007-12-06,1.0090366321030624,1.0727121422218813
2007-12-07,1.0118757108067509,1.0757303817002863
2007-12-10,1.0183244699788854,1.0825860914397787
2007-12-11,0.9446064249364301,1.004216050648411
2007-12-12,0.9681243700042994,1.0292181015470288
2007-12-13,0.9584073720456068,1.0188879099914359
2007-12-14,0.9269481332855649,0.9854434280675057
2007-12-17,0.8576247619645829,0.9117453879866595
2007-12-18,0.8682599471339915,0.9230517091875308
2007-12-19,0.8697638621947662,0.9246505291859692
2007-12-20,0.9190223432373459,0.9770174790474927
2007-12-21,0.974631981612409,1.0361363776202506
2007-12-24,0.9974748255119095,1.0604207249216975
2007-12-26,1.0086721373056966,1.0723246458887739
2007-12-27,0.9644828285175543,1.0253467596700794
2007-12-28,0.9653194278958945,1.026236152862327
2007-12-31,0.934434577858603,0.9934023066057713
2008-01-02,0.886612159864771,0.9425620429123974
2008-01-03,0.8888291300004563,0.9449189155053539
2008-01-04,0.7737071604904786,0.8225321451930975
2008-01-07,0.7661329088676448,0.8144799185191033
2008-01-08,0.7104339535055156,0.7552660665883759
2008-01-09,0.7534449061524773,0.8009912362056208
2008-01-10,0.7582169780148307,0.8060644508614977
2008-01-11,0.7102989693290522,0.7551225642015514
2008-01-14,0.750427045272318,0.7977829324565924
2008-01-15,0.6864571008687955,0.7297761486435065
2008-01-16,0.6624116488896461,0.704213302377473
2008-01-17,0.6300369306119602,0.6697955693709877
2008-01-18,0.6317637676743078,0.6716313789199019
2008-01-22,0.5816218539502778,0.6183252471356644
2008-01-23,0.5754229081700017,0.611735115324872
2008-01-24,0.6112034447139282,0.6497735916147628
2008-01-25,0.5730096002393754,0.6091695149911085
2008-01-28,0.5880092876183965,0.6251157614098062
2008-01-29,0.5902464657019679,0.627494117178276
2008-01-30,0.5907741478119569,0.6280550988003591
2008-01-31,0.6227302782170505,0.6620278288414112
2008-02-01,0.6364702413095786,0.676634855756099
2008-02-04,0.6089095857376969,0.6473349780916647
2008-02-05,0.5533577163020479,0.5882774939817531
2008-02-06,0.5226219734460932,0.5556021643526654
2008-02-07,0.5334829220137302,0.5671484958077175
2008-02-08,0.5518741843687,0.5867003433931174
2008-02-11,0.569659663356951,0.6056081795002809
2008-02-12,0.557413603712569,0.5925893291860733
2008-02-13,0.5970122812779776,0.6346868912456481
2008-02-14,0.5619245947438997,0.5973849874395075
2008-02-15,0.5548443309477668,0.589857921818098
2008-02-19,0.5400100786539695,0.5740875503072312
2008-02-20,0.5605226560443447,0.5958945790461778
2008-02-21,0.5403453350604285,0.5744439631534294
2008-02-22,0.546627855945699,0.5811229440972093
2008-02-25,0.557469343288497,0.5926485862219408
2008-02-26,0.5626702892088905,0.5981777391410151
2008-02-27,0.5705211788033583,0.6065240610953293
2008-02-28,0.5650250028190662,0.6006810475450183
2008-02-29,0.5182769005802035,0.5509828945721776
2008-03-03,0.5073271708677667,0.539342179415883
2008-03-04,0.5162320128561156,0.5488089636946261
2008-03-05,0.5247400967503095,0.5578539523600248
2008-03-06,0.48760828621877705,0.5183789295981268
2008-03-07,0.48309346059053976,0.5135791947645851
2008-03-10,0.4535947236404602,0.48221893260977416
2008-03-11,0.5086116176405698,0.5407076815249114
2008-03-12,0.5033003539118757,0.535061249164534
2008-03-13,0.5162926606805326,0.5488734387152363
2008-03-14,0.48367472636255626,0.514197141459147
2008-03-17,0.4608779644284924,0.48996178413714037
2008-03-18,0.5211750839487155,0.5540639685301256
2008-03-19,0.4805533563124917,0.510878796568047
2008-03-20,0.5109010772046122,0.5431416180098093
2008-03-24,0.5652441469803531,0.6009140208536478
2008-03-25,0.5744383500609662,0.6106884264290642
2008-03-26,0.5672939045024551,0.6030931288390404
2008-03-27,0.5301215312426242,0.5635749836276862
2008-03-28,0.5206249256748084,0.5534790923801548
2008-03-31,0.5330536101168324,0.5666920920757312
2008-04-01,0.5987931320347851,0.6365801230367781
2008-04-02,0.5920265724204373,0.6293865579783415
2008-04-03,0.5978691129549497,0.6355977935008145
2008-04-04,0.6078957101878953,0.6462571216706271
2008-04-07,0.6026656665169768,0.6406970347801723
2008-04-08,0.5880914712442133,0.6252031312539728
2008-04-09,0.5687320222921476,0.604621999413078
2008-04-10,0.593468044150392,0.6309189941438842
2008-04-11,0.5410458436002081,0.5751886774605657
2008-04-14,0.5337458181222662,0.5674279820412169
2008-04-15,0.536876389482931,0.5707561088939338
2008-04-16,0.5834174844164814,0.6202341913134642
2008-04-17,0.5774302365501741,0.6138691166666759
2008-04-18,0.6330376744525004,0.672985675905312
2008-04-21,0.6455532361154535,0.6862910352306661
2008-04-22,0.6133732710099327,0.6520803453441936
2008-04-23,0.6375245940450232,0.6777557436857459
2008-04-24,0.6551813345338338,0.6965267172181252
2008-04-25,0.6487260358518867,0.6896640552914112
2008-04-28,0.653149047602298,0.6943661823093048
2008-04-29,0.6633569907102556,0.7052183002311225
2008-04-30,0.6466609258670947,0.6874686260223142
2008-05-01,0.7098065966142736,0.7545991201829317
2008-05-02,0.7109893237226965,0.7558564835826092
2008-05-05,0.7041225238762433,0.7485563526070418
2008-05-06,0.7195826316114983,0.7649920743242019
2008-05-07,0.6767227000713442,0.7194274560386431
2008-05-08,0.6924473470979002,0.7361444108655288
2008-05-09,0.6851621314590073,0.7283994598638421
2008-05-12,0.7233332262345097,0.7689793511629732
2008-05-13,0.726872484299385,0.7727419549970238
2008-05-14,0.7229012957197778,0.7685201635646168
2008-05-15,0.7595009918674894,0.8074294927308464
2008-05-16,0.7590427843774323,0.8069423699420366
2008-05-19,0.7422176045113018,0.789055432874303
2008-05-20,0.7242572724935227,0.7699617095932634
2008-05-21,0.6762513610595561,0.7189263730601251
2008-05-22,0.6843318130764514,0.7275167440311956
2008-05-23,0.6777624099496653,0.7205327770699902
2008-05-27,0.7152876402688242,0.7604260464740319
2008-05-28,0.7199090266840869,0.7653390666398302
2008-05-29,0.7400118496981318,0.7867104833496062
2008-05-30,0.7545408139662346,0.8021563015572348
2008-06-02,0.7255087062066604,0.771292115345204
2008-06-03,0.7142462645585338,0.7593189544879708
2008-06-04,0.7403514881385796,0.7870715547591489
2008-06-05,0.7769651814577309,0.8259957643918375
2008-06-06,0.7031714952566355,0.7475453090875143
2008-06-09,0.691500656575555,0.7351379791999815
2008-06-10,0.6836416758519268,0.7267830555237689
2008-06-11,0.6331739950247367,0.6731305990215003
2008-06-12,0.6327883634678803,0.6727206320883854
2008-06-13,0.6736601362293473,0.716171628336142
2008-06-16,0.6925975634003492,0.7363041066054754
2008-06-17,0.679751528383502,0.7226474193222213
2008-06-18,0.6569602627045854,0.6984179050979237
2008-06-19,0.6885420165496989,0.7319926334521422
2008-06-20,0.6316264476987457,0.6714853933327893
2008-06-23,0.616492730935795,0.6553966595722238
2008-06-24,0.6069336929096443,0.6452343960503923
2008-06-25,0.6354380043743091,0.6755374792497515
2008-06-26,0.5577680437963087,0.5929661363003256
2008-06-27,0.5577867343140636,0.592986006287898
2008-06-30,0.5407085882343838,0.5748301395101691
2008-07-01,0.5630603455103997,0.5985924100434054
2008-07-02,0.5205563741166273,0.5534062148586757
2008-07-03,0.5204680297273817,0.5533122954745564
2008-07-07,0.5293028365748453,0.5627046250272572
2008-07-08,0.567585749413842,0.6034033906968658
2008-07-09,0.5198939739425936,0.5527020137552778
2008-07-10,0.5371153899340915,0.5710101915285967
2008-07-11,0.5117162699084717,0.5440082536540058
2008-07-14,0.5005670203436259,0.5321554278949004
2008-07-15,0.5005839535505996,0.5321734296761536
2008-07-16,0.5383461591165719,0.5723186287094824
2008-07-17,0.5464855668989856,0.5809716758644629
2008-07-18,0.5194640328551446,0.5522449411275128
2008-07-21,0.5162383695059001,0.5488157214823915
2008-07-22,0.5175631993914246,0.5502241550906131
2008-07-23,0.5377101487561053,0.5716424827554655
2008-07-24,0.512460587166387,0.5447995412394397
2008-07-25,0.5372241613123985,0.571125826952053
2008-07-28,0.4989362451360896,0.5304217422082743
2008-07-29,0.5340193455955199,0.5677187705343748
2008-07-30,0.5400458096619349,0.574125536129429
2008-07-31,0.5365841087486353,0.570445383710485
2008-08-01,0.5166504301388428,0.5492537853050775
2008-08-04,0.497961237751481,0.5293852067377574
2008-08-05,0.551447213223067,0.5862464281260921
2008-08-06,0.5736893067327058,0.6098921145334286
2008-08-07,0.5596717730865108,0.5949900009055645
2008-08-08,0.6005973012165691,0.6384981447679496
2008-08-11,0.6143279743755514,0.6530952955055018
2008-08-12,0.613868875572148,0.652607225156793
2008-08-13,0.6144633312063806,0.6532391940631395
2008-08-14,0.6353804807726919,0.6754763256068052
2008-08-15,0.6284450372342409,0.6681032191618146
2008-08-18,0.6041879307170445,0.6423153618449473
2008-08-19,0.5813590102763816,0.6180458166457051
2008-08-20,0.5850340214521274,0.6219527403247861
2008-08-21,0.5789798854982474,0.6155165566008579
2008-08-22,0.601218104629892,0.6391581241366038
2008-08-25,0.5619303154779138,0.5973910691818779
2008-08-26,0.5586162393493745,0.593867857446817
2008-08-27,0.5707571661767776,0.6067749405112229
2008-08-28,0.5838253480780775,0.620667793313872
2008-08-29,0.5445918687218066,0.5789584753881533
2008-09-02,0.5247757378350419,0.557891842584361
2008-09-03,0.5100050664582901,0.54218906428028
2008-09-04,0.46108082737969636,0.4901774488058348
2008-09-05,0.45574525668079574,0.4845051755777907
2008-09-08,0.45143474491540964,0.479922647884735
2008-09-09,0.4194054797309728,0.4458721678757192
2008-09-10,0.43126955118854177,0.4584849245426371
2008-09-11,0.4575395092804568,0.48641265493843394
2008-09-12,0.4522649303259786,0.480805222354164
2008-09-15,0.4046888042818604,0.43022679292585414
2008-09-16,0.4177414826869976,0.44410316388032106
2008-09-17,0.35092725417682546,0.37307260669760783
2008-09-18,0.3926515919694907,0.4174299693070038
2008-09-19,0.42551590015131735,0.45236818791150596
2008-09-22,0.3674251321247626,0.3906115873773887
2008-09-23,0.3556360678443907,0.3780785712344253
2008-09-24,0.3638270012871677,0.38678639558950845
2008-09-25,0.38087148708029056,0.4049064779398425
2008-09-26,0.3701794597161068,0.3935397275032171
2008-09-29,0.25317144277598197,0.2691478902639966
2008-09-30,0.3030378089637882,0.3221610860155248
2008-10-01,0.28530984479365556,0.3033143942135236
2008-10-02,0.2453810469866608,0.2608658795915977
2008-10-03,0.2352512905916741,0.2500968823749118
2008-10-06,0.20655499100434463,0.21958969559418362
2008-10-07,0.17075448013401884,0.1815299844930089
2008-10-08,0.17091175953050203,0.1816971890453126
2008-10-09,0.149436158803541,0.15886636514023247
2008-10-10,0.14749805578540845,0.1568059576443277
2008-10-13,0.20308977474791653,0.21590580599550013
2008-10-14,0.17530653774102614,0.1863693008386928
2008-10-15,0.12883156041941202,0.1369615083996073
2008-10-16,0.1501198214211265,0.15959317045902316
2008-10-17,0.1496160012623596,0.15905755660258766
2008-10-20,0.16358438847104795,0.17390742239466161
2008-10-21,0.13835113175526223,0.1470818146757335
2008-10-22,0.1232958564324821,0.1310764724221233
2008-10-23,0.1238531550440359,0.13166893950254155
2008-10-24,0.11272983709379837,0.11984368177909782
2008-10-27,0.1035342823589866,0.1100678392530051
2008-10-28,0.13741360572322422,0.14608512582795585
2008-10-29,0.13879045941013238,0.14754886621261465
2008-10-30,0.14889594433070238,0.15829206029739426
2008-10-31,0.14910281115220805,0.1585119815016319
2008-11-03,0.14901819639727992,0.15842202711134049
2008-11-04,0.1635636114291749,0.17388533421234245
2008-11-05,0.13556540760747335,0.1441202967058799
2008-11-06,0.11734930553565567,0.12475466293729724
2008-11-07,0.12569520552522553,0.13362723304203317
2008-11-10,0.11951771392314808,0.12705990928074348
2008-11-11,0.11217510327754068,0.11925394134602713
2008-11-12,0.09558642625912998,0.10161843169762354
2008-11-13,0.11412885891462447,0.12133098922333369
2008-11-14,0.09715842067354133,0.10328962721441007
2008-11-17,0.09027283894911259,0.09596952912573992
2008-11-18,0.09111871679446058,0.0968687863049863
2008-11-19,0.07495442213659409,0.07968443977258548
2008-11-20,0.06435400188304331,0.06841507733631942
2008-11-21,0.07345980681473703,0.07809550637542495
2008-11-24,0.08738394336681865,0.09289832906209212
2008-11-25,0.08466954070907924,0.09001263334283205
2008-11-26,0.0958561601280678,0.10190518719011242
2008-11-28,0.09403909235402604,0.09997345289777843
2008-12-01,0.0714869380031924,0.07599813918198234
2008-12-02,0.0790849516596435,0.08407562739869383
2008-12-03,0.08664595269313011,0.09211376730157184
2008-12-04,0.07803240302381285,0.08295665741681979
2008-12-05,0.08839724492525612,0.09397557526989599
2008-12-08,0.09897766094567112,0.10522367110086957
2008-12-09,0.09587170416131638,0.10192171213348349
2008-12-10,0.09817935710057718,0.10437499009111291
2008-12-11,0.08802944047523807,0.0935845604276744
2008-12-12,0.09384457399418794,0.09976665940798359
2008-12-15,0.08801601350420496,0.09357028614426165
2008-12-16,0.10173886567184705,0.1081591223448506
2008-12-17,0.09736068348381544,0.10350465387013087
2008-12-18,0.09226787908420182,0.09809046676966836
2008-12-19,0.09509389120210801,0.10109481509211311
2008-12-22,0.08847442464462461,0.09405762543484125
2008-12-23,0.08709987190240882,0.0925963311965676
2008-12-24,0.08730148179462935,0.0928106637316771
2008-12-26,0.08750991491859929,0.09303225008028941
2008-12-29,0.08474441197684188,0.09009222938075301
2008-12-30,0.09081107942925722,0.09654173540657934
2008-12-31,0.0931037319992751,0.09897906639289698
2009-01-02,0.10505579937265054,0.11168537197999114
2009-01-05,0.1047089959332778,0.11131668342246664
2009-01-06,0.10763488398422615,0.11442721037379502
2009-01-07,0.09848797614730748,0.10470308462030609
2009-01-08,0.10175931261235434,0.10818085959467445
2009-01-09,0.09451592921453265,0.10048038066813923
2009-01-12,0.08939591883693283,0.0950372707496161
2009-01-13,0.08969061014119221,0.09535055862265138
2009-01-14,0.08086874538912954,0.08597198787953264
2009-01-15,0.08501972876734827,0.09038492010647842
2009-01-16,0.08812795906518563,0.09368929605798648
2009-01-20,0.07450656062509145,0.07920831584790551
2009-01-21,0.08413489005369305,0.08944424342354407
2009-01-22,0.08032938979883363,0.08539859611923568
2009-01-23,0.08190052894801722,0.08706888239906746
2009-01-26,0.0836711797081576,0.08895127052017879
2009-01-27,0.08571659770597814,0.09112576513452016
2009-01-28,0.09460845705768768,0.10057874750407773
2009-01-29,0.08719859586420885,0.0927012851587745
2009-01-30,0.08202673779170207,0.08720305568353419
2009-02-02,0.08521744931779805,0.09059511786192781
2009-02-03,0.08943162251734527,0.09507522751974902
2009-02-04,0.08933615026294624,0.09497373046475541
2009-02-05,0.09583605665693869,0.10188381508438808
2009-02-06,0.10326500095967162,0.10978156478334818
2009-02-09,0.10422218873216833,0.11079915613065484
2009-02-10,0.09139653063657871,0.09716413165939256
2009-02-11,0.09085120902060391,0.09658439738586772
2009-02-12,0.0943064130996611,0.10025764298621244
2009-02-13,0.0929024780268323,0.09876511223797219
2009-02-17,0.0816320304469667,0.08678344023266667
2009-02-18,0.08194812358472138,0.08711948050727568
2009-02-19,0.07758904629234535,0.08248532254745065
2009-02-20,0.07851089454649342,0.08346534426722671
2009-02-23,0.06968669002789898,0.07408428610602152
2009-02-24,0.0775181920458356,0.08240999702591774
2009-02-25,0.0753711666422429,0.08012748304494119
2009-02-26,0.06876335087192137,0.07310267940068148
2009-02-27,0.06687856598887802,0.07109895469417316
2009-03-02,0.059602787350643865,0.0633640362174422
2009-03-03,0.06023728738546082,0.06403857653633009
2009-03-04,0.06516195895555763,0.0692740207428375
2009-03-05,0.058829738154576414,0.06254220355768232
2009-03-06,0.057187383443315185,0.06079620763984008
2009-03-09,0.05380232106002733,0.05719753004459443
2009-03-10,0.06437795359402737,0.06844054052604132
2009-03-11,0.06669127582023555,0.07089984553239495
2009-03-12,0.07354532646326298,0.07818642276285197
2009-03-13,0.07423030946243495,0.0789146317862408
2009-03-16,0.06979661157481337,0.07420114427976404
2009-03-17,0.07830221082121687,0.08324349150304937
2009-03-18,0.08117728291131131,0.0862999957395502
2009-03-19,0.08058181871002505,0.085666954620273
2009-03-20,0.07712276959082005,0.08198962133755616
2009-03-23,0.09123899571558927,0.09699665545764448
2009-03-24,0.0856595284692257,0.09106509452924781
2009-03-25,0.08609971627028967,0.09153306049206436
2009-03-26,0.09538055290311295,0.10139956665176371
2009-03-27,0.08867116926145521,0.0942667856701353
2009-03-30,0.08210973701489432,0.08729129259355377
2009-03-31,0.08533743076378199,0.09072267076719752
2009-04-01,0.08850265082794821,0.09408763283855334
2009-04-02,0.09731708136470997,0.10345830022834727
2009-04-03,0.10219931185941517,0.10864862510474013
2009-04-06,0.10143537514474818,0.10783647997180837
2009-04-07,0.09265247086257224,0.09849932830881467
2009-04-08,0.09812640368167355,0.10431869503340853
2009-04-09,0.10702357829417111,0.11377732808462124
2009-04-13,0.1061052765921658,0.11280107672305173
2009-04-14,0.1026325238764526,0.10910917507492696
2009-04-15,0.10123067644528878,0.10761886370950333
2009-04-16,0.10959294010570242,0.11650883011864185
2009-04-17,0.10976658231568114,0.11669343006389675
2009-04-20,0.09887625872567758,0.10511586986831312
2009-04-21,0.10328746919348843,0.10980545088070358
2009-04-22,0.10478854415444012,0.11140125155410634
2009-04-23,0.10678138193764013,0.11351984786617643
2009-04-24,0.11360709337348758,0.12077629753666613
2009-04-27,0.11272134525154145,0.11983465405700228
2009-04-28,0.11068530590121761,0.11767012993206362
2009-04-29,0.11561839934294514,0.12291452747452641
2009-04-30,0.11855897167766731,0.12604066536504457
2009-05-01,0.11908385379971635,0.12659867030524546
2009-05-04,0.12704098910975037,0.13505794263769347
2009-05-05,0.12586985836095685,0.13381290738883256
2009-05-06,0.12581750984277096,0.13375725540425765
2009-05-07,0.11673613520531258,0.12410279833924158
2009-05-08,0.11776885727412736,0.1252006905936082
2009-05-11,0.11812304697118713,0.12557723152046632
2009-05-12,0.11339504992733364,0.12055087303558154
2009-05-13,0.10405943625192861,0.1106261331142694
2009-05-14,0.10863011634505328,0.11548524712273472
2009-05-15,0.10748283090531241,0.11426556194714371
2009-05-18,0.11638076931854244,0.12372500699892597
2009-05-19,0.11765626239838983,0.12508099038995565
2009-05-20,0.11650420986830543,0.12385623729558758
2009-05-21,0.10984301572946112,0.11677468682745189
2009-05-22,0.10877111815034637,0.11563514688236773
2009-05-26,0.1205515826863071,0.12815902059188888
2009-05-27,0.11774422990744206,0.12517450911076233
2009-05-28,0.12232919137408332,0.1300488057224072
2009-05-29,0.1262109610220821,0.13417553541906635
2009-06-01,0.1371067188278943,0.1457588727580122
2009-06-02,0.13792647340061176,0.14663035814894707
2009-06-03,0.1364962046357486,0.14510983191442212
2009-06-04,0.14122935360582164,0.1501416674391246
2009-06-05,0.14129213186894848,0.1502084073403147
2009-06-08,0.1398816312471588,0.14870889672249726
2009-06-09,0.14349366809802178,0.15254887206610582
2009-06-10,0.14162149288609435,0.1505585527671765
2009-06-11,0.14204508116734668,0.1510088716933142
2009-06-12,0.1399700581587688,0.14880290383657546
2009-06-15,0.13059704069769557,0.13883839975430542
2009-06-16,0.12684499640287866,0.13484958176182513
2009-06-17,0.13011430755292955,0.13832520361318598
2009-06-18,0.1294889035608964,0.13766033334514652
2009-06-19,0.1340815727729246,0.142542824101387
2009-06-22,0.12181510864309888,0.12950228167155658
2009-06-23,0.12120344343193998,0.12885201717360936
2009-06-24,0.12691178516869683,0.13492058524948627
2009-06-25,0.13441533107466333,0.14289764430459043
2009-06-26,0.13554489502326283,0.14409848966989033
2009-06-29,0.13647434318176166,0.14508659088789014
2009-06-30,0.1345905438352785,0.14308391391047418
2009-07-01,0.1356411447705504,0.1442008132816565
2009-07-02,0.1259423751209455,0.13389000033717505
2009-07-06,0.12450266064040999,0.13235943231271768
2009-07-07,0.11504964394536525,0.12230988062472217
2009-07-08,0.11665056759312187,0.12401183096139068
2009-07-09,0.11744756685931361,0.12485912506646582
2009-07-10,0.11859902299869216,0.12608324413474276
2009-07-13,0.12552114489311342,0.13344218827001098
2009-07-14,0.12679536134325428,0.13479681446929584
2009-07-15,0.13933609907189126,0.14812893860228263
2009-07-16,0.1442486257602368,0.15335147152122533
2009-07-17,0.14656692607955568,0.1558160687645058
2009-07-20,0.15131311453792895,0.16086176663769297
2009-07-21,0.15388642036340716,0.16359746157365126
2009-07-22,0.15737371047900797,0.16730481800793506
2009-07-23,0.16831219483220045,0.1789335781637657
2009-07-24,0.16745244788444963,0.17801957666892573
2009-07-27,0.16744726113451797,0.17801406260783684
2009-07-28,0.16929836009698399,0.17998197563528856
2009-07-29,0.1673598875599454,0.17792117530189436
2009-07-30,0.1704965815131718,0.1812558111149143
2009-07-31,0.16834296543988075,0.17896629055837265
2009-08-03,0.17605774149173795,0.18716790949078077
2009-08-04,0.1760897415590747,0.1872019289304046
2009-08-05,0.1714439723881031,0.18226298732897395
2009-08-06,0.16685034260460233,0.1773794753841568
2009-08-07,0.17277242584644192,0.18367527317648236
2009-08-10,0.16978640971186196,0.18050082374370177
2009-08-11,0.16472311247663624,0.17511800586464746
2009-08-12,0.17235687695041169,0.18323350096299046
2009-08-13,0.17516321471139734,0.1862169333732794
2009-08-14,0.16956791566134458,0.1802685415712451
2009-08-17,0.1547452044597611,0.16451043945611515
2009-08-18,0.16107858578329748,0.17124349039889286
2009-08-19,0.164077470649346,0.17443162064767367
2009-08-20,0.16942456341357198,0.1801161430438696
2009-08-21,0.17675826878315765,0.18791264373288405
2009-08-24,0.17569855992768543,0.18678606168390946
2009-08-25,0.17726153048795457,0.18844766389397152
2009-08-26,0.17623248367581254,0.18735367882427317
2009-08-27,0.17742653810678816,0.18862308436003827
2009-08-28,0.17807414856221815,0.18931156243592506
2009-08-31,0.1721169843202498,0.182978469848146
2009-09-01,0.1627059309600681,0.17297352960180043
2009-09-02,0.16214744194763986,0.17237979699996153
2009-09-03,0.16563622506217165,0.17608874064924884
2009-09-04,0.17548241141823784,0.18655627306848097
2009-09-08,0.18077465160091863,0.1921824813971954
2009-09-09,0.18541004474677084,0.1971103921918353
2009-09-10,0.19095886675094054,0.20300937400233196
2009-09-11,0.19062553588544556,0.20265500820884386
2009-09-14,0.19334642989619716,0.20554760491957844
2009-09-15,0.195225737936621,0.2075455071659381
2009-09-16,0.20346770114595372,0.21630758153381316
2009-09-17,0.2024310916751926,0.21520555656202395
2009-09-18,0.20379422835259917,0.21665471432185113
2009-09-21,0.20593905943179777,0.2189348955050415
2009-09-22,0.2067316460936802,0.21977749854730402
2009-09-23,0.20311618972013692,0.21593388789117748
2009-09-24,0.19788686533053448,0.2103745656724668
2009-09-25,0.19236784355102624,0.20450726463729405
2009-09-28,0.2026408697967478,0.21542857278463196
2009-09-29,0.20010025825706465,0.21272763531558597
2009-09-30,0.20046151021722486,0.2131116841714314
2009-10-01,0.18196630777916736,0.19344933733789288
2009-10-02,0.18059115822847904,0.19198740862939812
2009-10-05,0.1847862023872604,0.19644718210353113
2009-10-06,0.19448979774067338,0.2067631252790716
2009-10-07,0.19617177134644348,0.20855124025171215
2009-10-08,0.19859919293151962,0.2111318448856346
2009-10-09,0.2019578738044344,0.21470247615866855
2009-10-12,0.20251264607561192,0.21529225747336653
2009-10-13,0.202636196895633,0.21542360499891855
2009-10-14,0.2109634598795311,0.22427636200505857
2009-10-15,0.21053327326552107,0.2238190283567171
2009-10-16,0.20537046783714172,0.21833042279498574
2009-10-19,0.21141717459497292,0.22475870850158247
2009-10-20,0.21113451034895028,0.22445820665731495
2009-10-21,0.21008042549872394,0.2233376035178499
2009-10-22,0.21342208348745803,0.22689013767332117
2009-10-23,0.20985829441763915,0.22310145479909838
2009-10-26,0.2072833583369178,0.2203640267302303
2009-10-27,0.19853236436747895,0.21106079908827421
2009-10-28,0.1844635053104261,0.19610412114660816
2009-10-29,0.19398122492124936,0.2062224588441345
2009-10-30,0.17887374383360727,0.19016161636775766
2009-11-02,0.18064480160236968,0.19204443718187236
2009-11-03,0.18259207976095468,0.19411459881777246
2009-11-04,0.18298034655709533,0.19452736728760847
2009-11-05,0.19609082545408643,0.20846518624848603
2009-11-06,0.1992980231205784,0.21187477492930631
2009-11-09,0.21220118293404822,0.22559219188382254
2009-11-10,0.21381223418578785,0.22730490892946728
2009-11-11,0.2172431678061435,0.23095235247771784
2009-11-12,0.21354867716585776,0.22702472007759422
2009-11-13,0.21903129523648387,0.23285332013869192
2009-11-16,0.22588359762810692,0.24013803879390055
2009-11-17,0.2275138952835483,0.24187121679238693
2009-11-18,0.22345678099401173,0.23755807728654268
2009-11-19,0.21272248434793958,0.2261463901543781
2009-11-20,0.20944904736567221,0.22266638210912243
2009-11-23,0.2195117261578175,0.23336406877399102
2009-11-24,0.21694479833030217,0.23063515432115905
2009-11-25,0.21953987796022217,0.2333939971029576
2009-11-27,0.20907161728039145,0.22226513420350705
2009-11-30,0.20966699621031534,0.22289808467035116
2009-12-01,0.21677946767320064,0.23045939043141336
2009-12-02,0.21780243758446485,0.23154691511587763
2009-12-03,0.21480748719796472,0.22836296763296537
2009-12-04,0.21795308110604675,0.23170706503472763
2009-12-07,0.2148300672354196,0.2283869725893555
2009-12-08,0.21077688861106184,0.22407801710982972
2009-12-09,0.21672466843947846,0.2304011330782827
2009-12-10,0.22012930346518614,0.23402061845246433
2009-12-11,0.21733641442550847,0.23105148344841958
2009-12-14,0.22342377568204796,0.2375229891660772
2009-12-15,0.21928100096767442,0.23311878361277039
2009-12-16,0.22012617700057785,0.23401729469152163
2009-12-17,0.2117468321678323,0.22510916919838073
2009-12-18,0.22203258889115546,0.23604401118330695
2009-12-21,0.22981956250034896,0.24432238371804166
2009-12-22,0.23374611006147092,0.24849671704927895
2009-12-23,0.2383867216725635,0.253430175621719
2009-12-24,0.24516043353957107,0.2606313442775159
2009-12-28,0.2483183365733453,0.26398852757543895
2009-12-29,0.24575088219854316,0.2612590533474214
2009-12-30,0.24823908388044363,0.26390427362144503
2009-12-31,0.2408448029122639,0.25604337469547184
2010-01-04,0.25097407267501437,0.26681185457087203
2010-01-05,0.2515390147873672,0.2674124474971271
2010-01-06,0.24741324328438574,0.26302631814713817
2010-01-07,0.24661776896729168,0.2621806452234565
2010-01-08,0.2527508374599661,0.26870074254386617
2010-01-11,0.250080390145821,0.2658617759811986
2010-01-12,0.2402305216790036,0.2553903290906914
2010-01-13,0.24953231097879944,0.26527911014067557
2010-01-14,0.24956233996938415,0.2653110341182538
2010-01-15,0.2407066074882801,0.2558964584145456
2010-01-19,0.2525769012473262,0.26851583004283824
2010-01-20,0.24144530085033225,0.2566817672067552
2010-01-21,0.23458512486753333,0.2493886780954218
2010-01-22,0.21326660064521483,0.22672484304726417
2010-01-25,0.215858471028775,0.22948027406240526
2010-01-26,0.2162786832485308,0.2299270038798377
2010-01-27,0.22158034267874976,0.23556322586007214
2010-01-28,0.20400039358075278,0.21687388965851212
2010-01-29,0.19351122332073947,0.2057227976745695
2010-02-01,0.19997655857638028,0.21259612953548127
2010-02-02,0.20539641720556595,0.2183580097048225
2010-02-03,0.20799158670795984,0.22111694803051998
2010-02-04,0.1898085236457323,0.2017864382065264
2010-02-05,0.19402787426647378,0.2062720520080068
2010-02-08,0.19018391610205337,0.20218551989809472
2010-02-09,0.19632420574403292,0.20871329406025013
2010-02-10,0.19485591726557838,0.20715234886855782
2010-02-11,0.20343799889087677,0.21627600491046906
2010-02-12,0.21039099991321564,0.21716099977493286
2010-02-16,0.22226600348949432,0.22557300329208374
2010-02-17,0.22859400510787964,0.22940100729465485
2010-02-18,0.22916699945926666,0.23375000059604645
2010-02-19,0.2321610003709793,0.23375000059604645
2010-02-22,0.2365099936723709,0.23210899531841278
2010-02-23,0.2308329939842224,0.22304700314998627
2010-02-24,0.22697900235652924,0.22979199886322021
2010-02-25,0.22244800627231598,0.2296610027551651
2010-02-26,0.22898399829864502,0.2325260043144226
2010-03-01,0.2354689985513687,0.24250000715255737
2010-03-02,0.24463500082492828,0.2439579963684082
2010-03-03,0.24669300019741058,0.24531300365924835
2010-03-04,0.2461719959974289,0.24802100658416748
2010-03-05,0.2533070147037506,0.2589839994907379
2010-03-08,0.2592189908027649,0.26036500930786133
2010-03-09,0.2589319944381714,0.2649739980697632
2010-03-10,0.2653389871120453,0.2714579999446869
2010-03-11,0.2698180079460144,0.2739579975605011
2010-03-12,0.276978999376297,0.27458301186561584
2010-03-15,0.2727600038051605,0.27273398637771606
2010-03-16,0.2754170000553131,0.27789101004600525
2010-03-17,0.2786720097064972,0.27981799840927124
2010-03-18,0.28078100085258484,0.2826560139656067
2010-03-19,0.2776559889316559,0.2776559889316559
2010-03-22,0.2744010090827942,0.2851560115814209
2010-03-23,0.28710898756980896,0.2911199927330017
2010-03-24,0.2890630066394806,0.28697898983955383
2010-03-25,0.29398399591445923,0.28518199920654297
2010-03-26,0.28924500942230225,0.28666698932647705
2010-03-29,0.2909899950027466,0.29059898853302
2010-03-30,0.29299500584602356,0.2936460077762604
2010-03-31,0.2903650104999542,0.28968799114227295
2010-04-01,0.29291701316833496,0.2891150116920471
2010-04-05,0.29122400283813477,0.2974739968776703
2010-04-06,0.29520800709724426,0.2997399866580963
2010-04-07,0.2987239956855774,0.2980470061302185
2010-04-08,0.2950260043144226,0.29911500215530396
2010-04-09,0.3001039922237396,0.30450499057769775
2010-04-12,0.30554699897766113,0.3057290017604828
2010-04-13,0.3047400116920471,0.3103390038013458
2010-04-14,0.314765989780426,0.3212760090827942
2010-04-15,0.32093799114227295,0.32557299733161926
2010-04-16,0.32213500142097473,0.3139840066432953
2010-04-19,0.31104201078414917,0.31349000334739685
2010-04-20,0.31835898756980896,0.31812500953674316
2010-04-21,0.3245829939842224,0.32372400164604187
2010-04-22,0.3142710030078888,0.32851600646972656
2010-04-23,0.32882800698280334,0.33286499977111816
2010-04-26,0.33309900760650635,0.330390989780426
2010-04-27,0.32718798518180847,0.3100000023841858
2010-04-28,0.314765989780426,0.3107289969921112
2010-04-29,0.31505200266838074,0.3265889883041382
2010-04-30,0.32609400153160095,0.307343989610672
2010-05-03,0.3109380006790161,0.31989601254463196
2010-05-04,0.3077859878540039,0.29161500930786133
2010-05-05,0.28247401118278503,0.28682300448417664
2010-05-06,0.28091099858283997,0.25872400403022766
2010-05-07,0.25187501311302185,0.2398959994316101
2010-05-10,0.2701820135116577,0.27567699551582336
2010-05-11,0.267890989780426,0.2754949927330017
2010-05-12,0.2792710065841675,0.29033899307250977
2010-05-13,0.28755199909210205,0.277213990688324
2010-05-14,0.2704170048236847,0.2601560056209564
2010-05-17,0.2626819908618927,0.26367199420928955
2010-05-18,0.27010399103164673,0.2535940110683441
2010-05-19,0.24921900033950806,0.2469010055065155
2010-05-20,0.2319529950618744,0.2219270020723343
2010-05-21,0.20841099321842194,0.22364600002765656
2010-05-24,0.2248699963092804,0.22549499571323395
2010-05-25,0.20874999463558197,0.2239059954881668
2010-05-26,0.2273699939250946,0.2169789969921112
2010-05-27,0.2314320057630539,0.24046899378299713
2010-05-28,0.24205699563026428,0.2371090054512024
2010-06-01,0.234608992934227,0.2305469959974289
2010-06-02,0.234375,0.24677099287509918
2010-06-03,0.2485940009355545,0.2531769871711731
2010-06-04,0.23729200661182404,0.2281769961118698
2010-06-07,0.2303909957408905,0.21494799852371216
2010-06-08,0.21648399531841278,0.21375000476837158
2010-06-09,0.21807299554347992,0.2090359926223755
2010-06-10,0.2163279950618744,0.22638000547885895
2010-06-11,0.2193489968776703,0.23229199647903442
2010-06-14,0.23919300734996796,0.23242199420928955
2010-06-15,0.23627600073814392,0.2494010031223297
2010-06-16,0.2491929978132248,0.2544269859790802
2010-06-17,0.2584109902381897,0.25697898864746094
2010-06-18,0.25830700993537903,0.2576819956302643
2010-06-21,0.26708298921585083,0.25091099739074707
2010-06-22,0.25380200147628784,0.24497400224208832
2010-06-23,0.2458849996328354,0.24169300496578217
2010-06-24,0.2388020008802414,0.22997400164604187
2010-06-25,0.2329690009355545,0.22981800138950348
2010-06-28,0.23000000417232513,0.22776000201702118
2010-06-29,0.217057004570961,0.20234400033950806
2010-06-30,0.19932299852371216,0.19234399497509003
2010-07-01,0.1934109926223755,0.19046899676322937
2010-07-02,0.1909639984369278,0.18942700326442719
2010-07-06,0.19666700065135956,0.19041700661182404
2010-07-07,0.19205699861049652,0.20841099321842194
2010-07-08,0.21341100335121155,0.21192699670791626
2010-07-09,0.2113800048828125,0.2178650051355362
2010-07-12,0.217057004570961,0.22033900022506714
2010-07-13,0.22549499571323395,0.22786499559879303
2010-07-14,0.22981800138950348,0.2315099984407425
2010-07-15,0.2305469959974289,0.2323179990053177
2010-07-16,0.23028600215911865,0.21362000703811646
2010-07-19,0.2148440033197403,0.21843799948692322
2010-07-20,0.20760400593280792,0.22533899545669556
2010-07-21,0.2338539958000183,0.21744799613952637
2010-07-22,0.22593800723552704,0.23210899531841278
2010-07-23,0.2288540005683899,0.23815099895000458
2010-07-26,0.23919300734996796,0.24338500201702118
2010-07-27,0.2469789981842041,0.24333299696445465
2010-07-28,0.2428389936685562,0.2383590042591095
2010-07-29,0.2416670024394989,0.232682004570961
2010-07-30,0.22677099704742432,0.23427100479602814
2010-08-02,0.24294300377368927,0.24687500298023224
2010-08-03,0.24640600383281708,0.2443230003118515
2010-08-04,0.24752600491046906,0.25137999653816223
2010-08-05,0.24760399758815765,0.24989600479602814
2010-08-06,0.24091100692749023,0.24872399866580963
2010-08-09,0.2521350085735321,0.2530730068683624
2010-08-10,0.24739600718021393,0.24770799279212952
2010-08-11,0.23455700278282166,0.22731800377368927
2010-08-12,0.21369799971580505,0.22091099619865417
2010-08-13,0.21908900141716003,0.21650999784469604
2010-08-16,0.21328100562095642,0.21773399412631989
2010-08-17,0.22260400652885437,0.22601599991321564
2010-08-18,0.2248699963092804,0.22804699838161469
2010-08-19,0.22481800615787506,0.21966099739074707
2010-08-20,0.21744799613952637,0.2189060002565384
2010-08-23,0.22380200028419495,0.21286499500274658
2010-08-24,0.20591099560260773,0.20065100491046906
2010-08-25,0.19674499332904816,0.2066670060157776
2010-08-26,0.2093230038881302,0.19992199540138245
2010-08-27,0.20341099798679352,0.20653599500656128
2010-08-30,0.203358992934227,0.19984400272369385
2010-08-31,0.19687500596046448,0.198853999376297
2010-09-01,0.2065100073814392,0.21552099287509918
2010-09-02,0.21684899926185608,0.22291700541973114
2010-09-03,0.22968800365924835,0.23427100479602814
2010-09-07,0.2311200052499771,0.22856800258159637
2010-09-08,0.2311200052499771,0.23664100468158722
2010-09-09,0.24401000142097473,0.23963500559329987
2010-09-10,0.2413800060749054,0.24221399426460266
2010-09-13,0.24854199588298798,0.25289100408554077
2010-09-14,0.2518230080604553,0.2560940086841583
2010-09-15,0.2540630102157593,0.2604430019855499
2010-09-16,0.26028600335121155,0.26411500573158264
2010-09-17,0.26950499415397644,0.26692700386047363
2010-09-20,0.2699219882488251,0.28083300590515137
2010-09-21,0.28106799721717834,0.27994799613952637
2010-09-22,0.2768230140209198,0.27862000465393066
2010-09-23,0.2729170024394989,0.277785986661911
2010-09-24,0.28770801424980164,0.29351601004600525
2010-09-27,0.294869989156723,0.2901560068130493
2010-09-28,0.2928909957408905,0.29088500142097473
2010-09-29,0.28859400749206543,0.2885420024394989
2010-09-30,0.29291701316833496,0.2846350073814392
2010-10-01,0.29130199551582336,0.2837499976158142
2010-10-04,0.28091099858283997,0.27390599250793457
2010-10-05,0.2836199998855591,0.2942970097064972
2010-10-06,0.29307299852371216,0.2867969870567322
2010-10-07,0.29166701436042786,0.28960898518562317
2010-10-08,0.29012998938560486,0.29544299840927124
2010-10-11,0.2962760031223297,0.29604199528694153
2010-10-12,0.2940889894962311,0.3021880090236664
2010-10-13,0.30776000022888184,0.30953100323677063
2010-10-14,0.30989599227905273,0.30781298875808716
2010-10-15,0.3188279867172241,0.3274480104446411
2010-10-18,0.3279690146446228,0.3274480104446411
2010-10-19,0.3144789934158325,0.314426988363266
2010-10-20,0.3174999952316284,0.3209640085697174
2010-10-21,0.3274480104446411,0.3232029974460602
2010-10-22,0.32359400391578674,0.32950499653816223
2010-10-25,0.33346399664878845,0.33450499176979065
2010-10-26,0.329245001077652,0.3365100026130676
2010-10-27,0.33221399784088135,0.33997398614883423
2010-10-28,0.3446879982948303,0.3419269919395447
2010-10-29,0.3418489992618561,0.340285986661911
2010-11-01,0.34375,0.34106799960136414
2010-11-02,0.3492709994316101,0.3514060080051422
2010-11-03,0.353177011013031,0.35648399591445923
2010-11-04,0.3689059913158417,0.3691149950027466
2010-11-05,0.3700000047683716,0.3695569932460785
2010-11-08,0.36768200993537903,0.3704949915409088
2010-11-09,0.3757550120353699,0.36450499296188354
2010-11-10,0.3664320111274719,0.3700779974460602
2010-11-11,0.3528650104999542,0.36385399103164673
2010-11-12,0.3578389883041382,0.34533900022506714
2010-11-15,0.3512499928474426,0.34164100885391235
2010-11-16,0.334322988986969,0.32468798756599426
2010-11-17,0.3252600133419037,0.3277600109577179
2010-11-18,0.3383069932460785,0.3429949879646301
2010-11-19,0.34187498688697815,0.34380200505256653
2010-11-22,0.339713990688324,0.3528650104999542
2010-11-23,0.3424220085144043,0.33619800209999084
2010-11-24,0.345755010843277,0.3558329939842224
2010-11-26,0.3496350049972534,0.35359400510787964
2010-11-29,0.3476560115814209,0.3486720025539398
2010-11-30,0.33760398626327515,0.3354170024394989
2010-12-01,0.3508070111274719,0.35674500465393066
2010-12-02,0.3583329916000366,0.36757799983024597
2010-12-03,0.36315101385116577,0.3706510066986084
2010-12-06,0.370728999376297,0.3700000047683716
2010-12-07,0.38367199897766113,0.3703390061855316
2010-12-08,0.37400999665260315,0.37546899914741516
2010-12-09,0.38174501061439514,0.37585899233818054
2010-12-10,0.37843799591064453,0.38374999165534973
2010-12-13,0.3885680139064789,0.37924501299858093
2010-12-14,0.3822399973869324,0.3808329999446869
2010-12-15,0.3805209994316101,0.37695300579071045
2010-12-16,0.377344012260437,0.3848179876804352
2010-12-17,0.3860419988632202,0.3859899938106537
2010-12-20,0.38802099227905273,0.3870309889316559
2010-12-21,0.391510009765625,0.3934110105037689
2010-12-22,0.39346399903297424,0.39382800459861755
2010-12-23,0.39177098870277405,0.3908329904079437
2010-12-27,0.3876819908618927,0.3909899890422821
2010-12-28,0.39390599727630615,0.3892970085144043
2010-12-29,0.39273399114608765,0.39161500334739685
2010-12-30,0.39177098870277405,0.38867199420928955
2010-12-31,0.387813001871109,0.3851040005683899
2011-01-03,0.3953390121459961,0.4025000035762787
2011-01-04,0.40755200386047363,0.40187498927116394
2011-01-05,0.39789101481437683,0.4118489921092987
2011-01-06,0.4133070111274719,0.41557300090789795
2011-01-07,0.4176819920539856,0.41460898518562317
2011-01-10,0.41145798563957214,0.41927099227905273
2011-01-11,0.4243749976158142,0.4211980104446411
2011-01-12,0.427031010389328,0.4297400116920471
2011-01-13,0.43127599358558655,0.4310939908027649
2011-01-14,0.43088498711586,0.4404430091381073
2011-01-18,0.42919299006462097,0.44395801424980164
2011-01-19,0.44622400403022766,0.4290890097618103
2011-01-20,0.4239580035209656,0.4194529950618744
2011-01-21,0.4255729913711548,0.4098699986934662
2011-01-24,0.4121609926223755,0.4267970025539398
2011-01-25,0.42104199528694153,0.4282810091972351
2011-01-26,0.43104198575019836,0.4349220097064972
2011-01-27,0.4400259852409363,0.4433070123195648
2011-01-28,0.4434640109539032,0.4098699986934662
2011-01-31,0.4114840030670166,0.41593798995018005
2011-02-01,0.42552098631858826,0.4390360116958618
2011-02-02,0.43671900033950806,0.4370569884777069
2011-02-03,0.4346350133419037,0.4387499988079071
2011-02-04,0.4398699998855591,0.44666698575019836
2011-02-07,0.4494529962539673,0.45315098762512207
2011-02-08,0.45330700278282166,0.46281298995018005
2011-02-09,0.45974001288414,0.46000000834465027
2011-02-10,0.45234400033950806,0.4622400104999542
2011-02-11,0.4579690098762512,0.47171899676322937
2011-02-14,0.4716149866580963,0.47468799352645874
2011-02-15,0.4720570147037506,0.4734640121459961
2011-02-16,0.47718799114227295,0.4822140038013458
2011-02-17,0.4751040041446686,0.4817970097064972
2011-02-18,0.4820829927921295,0.4790630042552948
2011-02-22,0.45994800329208374,0.43687498569488525
2011-02-23,0.4367449879646301,0.4260939955711365
2011-02-24,0.4290890097618103,0.43216100335121155
2011-02-25,0.44020798802375793,0.4506770074367523
2011-02-28,0.45583298802375793,0.45395800471305847
2011-03-01,0.4600520133972168,0.4321349859237671
2011-03-02,0.431302011013031,0.4382289946079254
2011-03-03,0.4509899914264679,0.46437498927116394
2011-03-04,0.46458300948143005,0.45750001072883606
2011-03-07,0.4632290005683899,0.4392710030078888
2011-03-08,0.4367710053920746,0.4438540041446686
2011-03-09,0.44020798802375793,0.43489599227905273
2011-03-10,0.41947901248931885,0.41499999165534973
2011-03-11,0.4080730080604553,0.42192700505256653
2011-03-14,0.41505199670791626,0.4178130030632019
2011-03-15,0.38062500953674316,0.4007290005683899
2011-03-16,0.39072901010513306,0.3713020086288452
2011-03-17,0.388280987739563,0.38098999857902527
2011-03-18,0.3943229913711548,0.3789060115814209
2011-03-21,0.39552098512649536,0.400052011013031
2011-03-22,0.40192699432373047,0.3989579975605011
2011-03-23,0.39406299591064453,0.4050000011920929
2011-03-24,0.41447898745536804,0.427031010389328
2011-03-25,0.431302011013031,0.43015599250793457
2011-03-28,0.43599000573158264,0.42286500334739685
2011-03-29,0.4203130006790161,0.4350000023841858
2011-03-30,0.44166699051856995,0.4414060115814209
2011-03-31,0.4395830035209656,0.44328099489212036
2011-04-01,0.44963499903678894,0.44395801424980164
2011-04-04,0.4477599859237671,0.4399479925632477
2011-04-05,0.43666699528694153,0.43494799733161926
2011-04-06,0.4453650116920471,0.4382289946079254
2011-04-07,0.4385420083999634,0.43812501430511475
2011-04-08,0.44416698813438416,0.43156298995018005
2011-04-11,0.43656298518180847,0.42765599489212036
2011-04-12,0.42161500453948975,0.4192189872264862
2011-04-13,0.4282810091972351,0.42921900749206543
2011-04-14,0.4202600121498108,0.4268749952316284
2011-04-15,0.421875,0.42411500215530396
2011-04-18,0.41182300448417664,0.41593798995018005
2011-04-19,0.4185419976711273,0.42343801259994507
2011-04-20,0.44578099250793457,0.45161500573158264
2011-04-21,0.4657289981842041,0.4630729854106903
2011-04-25,0.46474000811576843,0.46650999784469604
2011-04-26,0.47031301259994507,0.47453099489212036
2011-04-27,0.4765630066394806,0.484375
2011-04-28,0.47963500022888184,0.4836460053920746
2011-04-29,0.47989600896835327,0.4813019931316376
2011-05-02,0.48338499665260315,0.4786979854106903
2011-05-03,0.47718799114227295,0.47150999307632446
2011-05-04,0.47145798802375793,0.46875
2011-05-05,0.46187499165534973,0.46171900629997253
2011-05-06,0.47578099370002747,0.4657289981842041
2011-05-09,0.46791699528694153,0.47078099846839905
2011-05-10,0.47541698813438416,0.48286500573158264
2011-05-11,0.48140600323677063,0.4724479913711548
2011-05-12,0.4675000011920929,0.4807809889316559
2011-05-13,0.47755199670791626,0.4637500047683716
2011-05-16,0.45765599608421326,0.4396350085735321
2011-05-17,0.43302100896835327,0.44322898983955383
2011-05-18,0.4416149854660034,0.454010009765625
2011-05-19,0.45927101373672485,0.4579170048236847
2011-05-20,0.4563539922237396,0.4478130042552948
2011-05-23,0.42942699790000916,0.4283849895000458
2011-05-24,0.4316670000553131,0.4203130006790161
2011-05-25,0.4182809889316559,0.42500001192092896
2011-05-26,0.4208329916000366,0.43296900391578674
2011-05-27,0.43510401248931885,0.439426988363266
2011-05-31,0.4520829916000366,0.4605729877948761
2011-06-01,0.4575519859790802,0.4311459958553314
2011-06-02,0.4330730140209198,0.43364599347114563
2011-06-03,0.41843798756599426,0.41395801305770874
2011-06-06,0.41203099489212036,0.4039579927921295
2011-06-07,0.40708300471305847,0.4016149938106537
2011-06-08,0.39885398745536804,0.392969012260437
2011-06-09,0.3931249976158142,0.3946880102157593
2011-06-10,0.38932299613952637,0.37656301259994507
2011-06-13,0.3781769871711731,0.3768230080604553
2011-06-14,0.3853130042552948,0.3908329904079437
2011-06-15,0.38025999069213867,0.3694790005683899
2011-06-16,0.3696880042552948,0.3643229901790619
2011-06-17,0.3746350109577179,0.36161500215530396
2011-06-20,0.35807299613952637,0.36640599370002747
2011-06-21,0.37114599347114563,0.3908329904079437
2011-06-22,0.3856250047683716,0.38203099370002747
2011-06-23,0.3694790005683899,0.3926039934158325
2011-06-24,0.38677099347114563,0.3719269931316376
2011-06-27,0.37369799613952637,0.38999998569488525
2011-06-28,0.3928129971027374,0.4074999988079071
2011-06-29,0.4110940098762512,0.4126040041446686
2011-06-30,0.4169270098209381,0.4282810091972351
2011-07-01,0.4296880066394806,0.4481250047683716
2011-07-05,0.44963499903678894,0.45458298921585083
2011-07-06,0.45343801379203796,0.45942699909210205
2011-07-07,0.46953099966049194,0.4780209958553314
2011-07-08,0.4658850133419037,0.4740630090236664
2011-07-11,0.45958301424980164,0.44864600896835327
2011-07-12,0.4480209946632385,0.4377079904079437
2011-07-13,0.4474479854106903,0.4435420036315918
2011-07-14,0.4474479854106903,0.4282810091972351
2011-07-15,0.4430209994316101,0.4453130066394806
2011-07-18,0.43864598870277405,0.43796899914741516
2011-07-19,0.4511460065841675,0.46885401010513306
2011-07-20,0.47630199790000916,0.46229198575019836
2011-07-21,0.46369799971580505,0.47166699171066284
2011-07-22,0.4712499976158142,0.486301988363266
2011-07-25,0.4742709994316101,0.48343798518180847
2011-07-26,0.48182299733161926,0.48609399795532227
2011-07-27,0.4772399961948395,0.4492189884185791
2011-07-28,0.4500519931316376,0.45161500573158264
2011-07-29,0.4405210018157959,0.4472399950027466
2011-08-01,0.4634380042552948,0.4411979913711548
2011-08-02,0.4344789981842041,0.40770798921585083
2011-08-03,0.4087499976158142,0.4182809889316559
2011-08-04,0.40104201436042786,0.3613539934158325
2011-08-05,0.37333300709724426,0.35338500142097473
2011-08-08,0.3222399950027466,0.29130199551582336
2011-08-09,0.30281299352645874,0.3311980068683624
2011-08-10,0.30900999903678894,0.29213500022888184
2011-08-11,0.30349001288414,0.32963499426841736
2011-08-12,0.33713498711586,0.33802101016044617
2011-08-15,0.34224000573158264,0.3526040017604828
2011-08-16,0.3430210053920746,0.3435420095920563
2011-08-17,0.34562501311302185,0.33796900510787964
2011-08-18,0.3104169964790344,0.28895801305770874
2011-08-19,0.2791149914264679,0.2727600038051605
2011-08-22,0.2919270098209381,0.2752079963684082
2011-08-23,0.2810940146446228,0.3092710077762604
2011-08-24,0.3076559901237488,0.3165630102157593
2011-08-25,0.3158850073814392,0.30135399103164673
2011-08-26,0.2986460030078888,0.3231250047683716
2011-08-29,0.33333298563957214,0.35062500834465027
2011-08-30,0.34687501192092896,0.3577600121498108
2011-08-31,0.3643749952316284,0.35984399914741516
2011-09-01,0.3621880114078522,0.34968799352645874
2011-09-02,0.33000001311302185,0.32520800828933716
2011-09-06,0.3022400140762329,0.32515600323677063
2011-09-07,0.33927100896835327,0.34973999857902527
2011-09-08,0.34416699409484863,0.34489598870277405
2011-09-09,0.33854201436042786,0.32218798995018005
2011-09-12,0.31156298518180847,0.33427101373672485
2011-09-13,0.33812499046325684,0.34724000096321106
2011-09-14,0.3532809913158417,0.3622399866580963
2011-09-15,0.3747920095920563,0.3786979913711548
2011-09-16,0.38166698813438416,0.38859400153160095
2011-09-19,0.3748440146446228,0.3895829916000366
2011-09-20,0.3952080011367798,0.3840630054473877
2011-09-21,0.3900519907474518,0.364531010389328
2011-09-22,0.3368229866027832,0.3290629982948303
2011-09-23,0.3206770122051239,0.3393230140209198
2011-09-26,0.34458300471305847,0.350832998752594
2011-09-27,0.36927101016044617,0.3615629971027374
2011-09-28,0.3666670024394989,0.34453099966049194
2011-09-29,0.36192700266838074,0.334322988986969
2011-09-30,0.32109400629997253,0.30833300948143005
2011-10-03,0.29958298802375793,0.28416699171066284
2011-10-04,0.27531298995018005,0.3014580011367798
2011-10-05,0.2993749976158142,0.3243750035762787
2011-10-06,0.32395800948143005,0.34104201197624207
2011-10-07,0.3400520086288452,0.3340100049972534
2011-10-10,0.3510420024394989,0.3682810068130493
2011-10-11,0.3657290041446686,0.37614598870277405
2011-10-12,0.38734400272369385,0.38218799233436584
2011-10-13,0.37989598512649536,0.3924480080604553
2011-10-14,0.4073440134525299,0.4140630066394806
2011-10-17,0.408176988363266,0.394896000623703
2011-10-18,0.3934899866580963,0.40921899676322937
2011-10-19,0.4039579927921295,0.3856250047683716
2011-10-20,0.3847399950027466,0.38072898983955383
2011-10-21,0.3922399878501892,0.39427098631858826
2011-10-24,0.39890599250793457,0.41890600323677063
2011-10-25,0.4144270122051239,0.39515599608421326
2011-10-26,0.40104201436042786,0.39359399676322937
2011-10-27,0.42104199528694153,0.42531299591064453
2011-10-28,0.41749998927116394,0.4267190098762512
2011-10-31,0.4153130054473877,0.4055730104446411
2011-11-01,0.37630200386047363,0.37416699528694153
2011-11-02,0.3849479854106903,0.3833850026130676
2011-11-03,0.3927600085735321,0.40671899914741516
2011-11-04,0.4007290005683899,0.4004170000553131
2011-11-07,0.40046900510787964,0.4093230068683624
2011-11-08,0.41802099347114563,0.4229690134525299
2011-11-09,0.3983849883079529,0.3792189955711365
2011-11-10,0.3903129994869232,0.3776560127735138
2011-11-11,0.38838499784469604,0.39885398745536804
2011-11-14,0.3965100049972534,0.39208298921585083
2011-11-15,0.38911500573158264,0.4046880006790161
2011-11-16,0.39604198932647705,0.3847399950027466
2011-11-17,0.38197898864746094,0.3582809865474701
2011-11-18,0.35822901129722595,0.34968799352645874
2011-11-21,0.3361459970474243,0.3293749988079071
2011-11-22,0.3265100121498108,0.3322399854660034
2011-11-23,0.32541701197624207,0.310155987739563
2011-11-25,0.30677101016044617,0.3031249940395355
2011-11-28,0.325313001871109,0.33442699909210205
2011-11-29,0.33338499069213867,0.32838499546051025
2011-11-30,0.3552600145339966,0.36442700028419495
2011-12-01,0.3648439943790436,0.37224000692367554
2011-12-02,0.38322898745536804,0.36869800090789795
2011-12-05,0.3864060044288635,0.38078099489212036
2011-12-06,0.3826040029525757,0.3778649866580963
2011-12-07,0.375,0.37843799591064453
2011-12-08,0.37083300948143005,0.3591670095920563
2011-12-09,0.36234399676322937,0.3761979937553406
2011-12-12,0.36458298563957214,0.36385399103164673
2011-12-13,0.3707810044288635,0.3515630066394806
2011-12-14,0.3473440110683441,0.335207998752594
2011-12-15,0.3446879982948303,0.33260399103164673
2011-12-16,0.3380729854106903,0.33677101135253906
2011-12-19,0.34135401248931885,0.3274480104446411
2011-12-20,0.34296900033950806,0.3565100133419037
2011-12-21,0.35041698813438416,0.3416669964790344
2011-12-22,0.3430210053920746,0.3499999940395355
2011-12-23,0.35197898745536804,0.3590629994869232
2011-12-27,0.35770800709724426,0.3618229925632477
2011-12-28,0.36093801259994507,0.35020801424980164
2011-12-29,0.3511979877948761,0.357030987739563
2011-12-30,0.3549480140209198,0.35411500930786133
2012-01-03,0.37406298518180847,0.3742710053920746
2012-01-04,0.3725000023841858,0.3787499964237213
2012-01-05,0.3768230080604553,0.38807299733161926
2012-01-06,0.38911500573158264,0.39208298921585083
2012-01-09,0.39531299471855164,0.3888019919395447
2012-01-10,0.40135401487350464,0.39677101373672485
2012-01-11,0.39677101373672485,0.3995310068130493
2012-01-12,0.4027079939842224,0.4042710065841675
2012-01-13,0.39802101254463196,0.39963498711586
2012-01-17,0.4108330011367798,0.4103649854660034
2012-01-18,0.413332998752594,0.4266670048236847
2012-01-19,0.4327079951763153,0.4352079927921295
2012-01-20,0.4293749928474426,0.4332810044288635
2012-01-23,0.43317699432373047,0.433228999376297
2012-01-24,0.4277079999446869,0.43083301186561584
2012-01-25,0.4444270133972168,0.4472920000553131
2012-01-26,0.45302098989486694,0.44255200028419495
2012-01-27,0.4399999976158142,0.446927011013031
2012-01-30,0.4355210065841675,0.4476560056209564
2012-01-31,0.4540629982948303,0.4492189884185791
2012-02-01,0.45692700147628784,0.4602600038051605
2012-02-02,0.46479201316833496,0.4650000035762787
2012-02-03,0.4778650104999542,0.483489990234375
2012-02-06,0.4780209958553314,0.48302099108695984
2012-02-07,0.48177099227905273,0.4851039946079254
2012-02-08,0.48583298921585083,0.49317699670791626
2012-02-09,0.49854201078414917,0.5041149854660034
2012-02-10,0.4934380054473877,0.49333301186561584
2012-02-13,0.5043749809265137,0.5066149830818176
2012-02-14,0.5037500262260437,0.5110419988632202
2012-02-15,0.5183849930763245,0.4996350109577179
2012-02-16,0.5011460185050964,0.5205209851264954
2012-02-17,0.5209900140762329,0.5160940289497375
2012-02-21,0.5180730223655701,0.5204690098762512
2012-02-22,0.5172920227050781,0.5135939717292786
2012-02-23,0.5153650045394897,0.5233330130577087
2012-02-24,0.5277079939842224,0.5284379720687866
2012-02-27,0.5193750262260437,0.5309900045394897
2012-02-28,0.5320829749107361,0.546875
2012-02-29,0.5485420227050781,0.539687991142273
2012-03-01,0.545989990234375,0.5528129935264587
2012-03-02,0.5509380102157593,0.5511459708213806
2012-03-05,0.5505729913711548,0.5339580178260803
2012-03-06,0.5189579725265503,0.5186460018157959
2012-03-07,0.525833010673523,0.5304170250892639
2012-03-08,0.5394269824028015,0.5472400188446045
2012-03-09,0.5504689812660217,0.5538539886474609
2012-03-12,0.553176999092102,0.5547400116920471
2012-03-13,0.5644789934158325,0.5859900116920471
2012-03-14,0.5877079963684082,0.5925520062446594
2012-03-15,0.5974479913711548,0.5970829725265503
2012-03-16,0.6000000238418579,0.5957810282707214
2012-03-19,0.5987499952316284,0.6087499856948853
2012-03-20,0.5994269847869873,0.6120830178260803
2012-03-21,0.6126559972763062,0.6118749976158142
2012-03-22,0.6009899973869324,0.6081770062446594
2012-03-23,0.6105729937553406,0.6073439717292786
2012-03-26,0.6186460256576538,0.6390630006790161
2012-03-27,0.639739990234375,0.641510009765625
2012-03-28,0.6427080035209656,0.6340100169181824
2012-03-29,0.6250519752502441,0.6274999976158142
2012-03-30,0.6354169845581055,0.6231250166893005
2012-04-02,0.6214060187339783,0.6421350240707397
2012-04-03,0.6449480056762695,0.6421880125999451
2012-04-04,0.6271349787712097,0.6159899830818176
2012-04-05,0.612604022026062,0.627240002155304
2012-04-09,0.6033849716186523,0.6128129959106445
2012-04-10,0.6116669774055481,0.5832290053367615
2012-04-11,0.5993750095367432,0.5916669964790344
2012-04-12,0.5951560139656067,0.6115099787712097
2012-04-13,0.605364978313446,0.5838540196418762
2012-04-16,0.5935940146446228,0.5654690265655518
2012-04-17,0.5724999904632568,0.5988019704818726
2012-04-18,0.5934380292892456,0.5944269895553589
2012-04-19,0.5881770253181458,0.5752080082893372
2012-04-20,0.583541989326477,0.5690100193023682
2012-04-23,0.5543749928474426,0.5546879768371582
2012-04-24,0.5511980056762695,0.5448960065841675
2012-04-25,0.5787500143051147,0.5881770253181458
2012-04-26,0.5873439908027649,0.5986980199813843
2012-04-27,0.6060420274734497,0.6089580059051514
2012-04-30,0.6035419702529907,0.5963019728660583
2012-05-01,0.5930209755897522,0.5996879935264587
2012-05-02,0.5899999737739563,0.6036459803581238
2012-05-03,0.6057289838790894,0.5848960280418396
2012-05-04,0.5689060091972351,0.5419790148735046
2012-05-07,0.5316669940948486,0.5427600145339966
2012-05-08,0.5323439836502075,0.5367709994316101
2012-05-09,0.5184900164604187,0.5338019728660583
2012-05-10,0.5391150116920471,0.5283330082893372
2012-05-11,0.5219789743423462,0.5278130173683167
2012-05-14,0.5151039958000183,0.5132290124893188
2012-05-15,0.5190629959106445,0.5087500214576721
2012-05-16,0.5141670107841492,0.4977079927921295
2012-05-17,0.49854201078414917,0.46708300709724426
2012-05-18,0.47145798802375793,0.4483329951763153
2012-05-21,0.45093798637390137,0.48604199290275574
2012-05-22,0.4896880090236664,0.48427098989486694
2012-05-23,0.4722920060157776,0.48697900772094727
2012-05-24,0.48958298563957214,0.47822898626327515
2012-05-25,0.4790630042552948,0.4755209982395172
2012-05-29,0.48906299471855164,0.4932290017604828
2012-05-30,0.48020800948143005,0.48124998807907104
2012-05-31,0.4795829951763153,0.47437500953674316
2012-06-01,0.4497919976711273,0.43708300590515137
2012-06-04,0.44093799591064453,0.44645801186561584
2012-06-05,0.44239598512649536,0.4526039958000183
2012-06-06,0.46312499046325684,0.48354199528694153
2012-06-07,0.4980210065841675,0.4781250059604645
2012-06-08,0.4751040041446686,0.4921880066394806
2012-06-11,0.5023959875106812,0.46864598989486694
2012-06-12,0.4724999964237213,0.48343798518180847
2012-06-13,0.47968798875808716,0.47395798563957214
2012-06-14,0.47343799471855164,0.4792709946632385
2012-06-15,0.4826039969921112,0.4969789981842041
2012-06-18,0.491457998752594,0.5097919702529907
2012-06-19,0.5183330178260803,0.5265629887580872
2012-06-20,0.5294790267944336,0.5284379720687866
2012-06-21,0.5263540148735046,0.48885399103164673
2012-06-22,0.49281299114227295,0.5040630102157593
2012-06-25,0.4911459982395172,0.47416698932647705
2012-06-26,0.47895801067352295,0.4833329916000366
2012-06-27,0.48885399103164673,0.4921880066394806
2012-06-28,0.4808329939842224,0.47447898983955383
2012-06-29,0.503125011920929,0.5208330154418945
2012-07-02,0.5223960280418396,0.5249999761581421
2012-07-03,0.5259379744529724,0.5375000238418579
2012-07-05,0.5370830297470093,0.5393750071525574
2012-07-06,0.5321879982948303,0.5181249976158142
2012-07-09,0.5174999833106995,0.5163540244102478
2012-07-10,0.5248960256576538,0.5005210041999817
2012-07-11,0.49958300590515137,0.4936459958553314
2012-07-12,0.481563001871109,0.4793750047683716
2012-07-13,0.48302099108695984,0.5002080202102661
2012-07-16,0.4975000023841858,0.4964579939842224
2012-07-17,0.5055209994316101,0.5040630102157593
2012-07-18,0.5009379982948303,0.5245829820632935
2012-07-19,0.5358330011367798,0.5416669845581055
2012-07-20,0.5420830249786377,0.5208330154418945
2012-07-23,0.4902079999446869,0.5015630125999451
2012-07-24,0.5043749809265137,0.49010398983955383
2012-07-25,0.4788540005683899,0.47916701436042786
2012-07-26,0.5007290244102478,0.4979169964790344
2012-07-27,0.5095829963684082,0.5356249809265137
2012-07-30,0.5384380221366882,0.5323960185050964
2012-07-31,0.5356249809265137,0.5327079892158508
2012-08-01,0.543749988079071,0.5274999737739563
2012-08-02,0.5151039958000183,0.5219789743423462
2012-08-03,0.5475000143051147,0.5516669750213623
2012-08-06,0.5607290267944336,0.5640630125999451
2012-08-07,0.5724999904632568,0.5780209898948669
2012-08-08,0.5737500190734863,0.5770829916000366
2012-08-09,0.5772920250892639,0.581978976726532
2012-08-10,0.5771880149841309,0.5843750238418579
2012-08-13,0.5839580297470093,0.5879169702529907
2012-08-14,0.5945829749107361,0.5887500047683716
2012-08-15,0.5872920155525208,0.5929170250892639
2012-08-16,0.6001039743423462,0.6141669750213623
2012-08-17,0.6182289719581604,0.6226040124893188
2012-08-20,0.6214579939842224,0.625
2012-08-21,0.6310420036315918,0.617812991142273
2012-08-22,0.6131250262260437,0.6244789958000183
2012-08-23,0.6175000071525574,0.6106250286102295
2012-08-24,0.605417013168335,0.6214579939842224
2012-08-27,0.6295830011367798,0.6244789958000183
2012-08-28,0.6225000023841858,0.6243749856948853
2012-08-29,0.6251040101051331,0.6245830059051514
2012-08-30,0.6162499785423279,0.605521023273468
2012-08-31,0.6187499761581421,0.6184380054473877
2012-09-04,0.614687979221344,0.6158329844474792
2012-09-05,0.6144790053367615,0.6130210161209106
2012-09-06,0.6248959898948669,0.6535419821739197
2012-09-07,0.6502079963684082,0.6507290005683899
2012-09-10,0.6467710137367249,0.6267709732055664
2012-09-11,0.6264579892158508,0.6240630149841309
2012-09-12,0.6301040053367615,0.6294789910316467
2012-09-13,0.6311460137367249,0.6545829772949219
2012-09-14,0.6625000238418579,0.6713539958000183
2012-09-17,0.6735420227050781,0.6726040244102478
2012-09-18,0.6675000190734863,0.6738539934158325
2012-09-19,0.6745830178260803,0.6783329844474792
2012-09-20,0.6684380173683167,0.6767709851264954
2012-09-21,0.6866670250892639,0.6767709851264954
2012-09-24,0.6597920060157776,0.6642709970474243
2012-09-25,0.6703130006790161,0.6376039981842041
2012-09-26,0.6339579820632935,0.6208329796791077
2012-09-27,0.6255210041999817,0.6471880078315735
2012-09-28,0.6402080059051514,0.6316670179367065
2012-10-01,0.640625,0.628957986831665
2012-10-02,0.636667013168335,0.6330209970474243
2012-10-03,0.6387500166893005,0.6449999809265137
2012-10-04,0.6494789719581604,0.6524999737739563
2012-10-05,0.6620830297470093,0.6412500143051147
2012-10-08,0.6307290196418762,0.6242709755897522
2012-10-09,0.6186460256576538,0.5921880006790161
2012-10-10,0.5941669940948486,0.5849999785423279
2012-10-11,0.599166989326477,0.5797920227050781
2012-10-12,0.5804169774055481,0.5796880125999451
2012-10-15,0.5857290029525757,0.5912500023841858
2012-10-16,0.5944790244102478,0.6169790029525757
2012-10-17,0.6072919964790344,0.6151040196418762
2012-10-18,0.6096879839897156,0.5940629839897156
2012-10-19,0.5920829772949219,0.5511459708213806
2012-10-22,0.550000011920929,0.5597919821739197
2012-10-23,0.5466669797897339,0.5432289838790894
2012-10-24,0.5532289743423462,0.5378130078315735
2012-10-25,0.5495830178260803,0.5378130078315735
2012-10-26,0.5385419726371765,0.5434380173683167
2012-10-31,0.5411459803581238,0.5329170227050781
2012-11-01,0.5426040291786194,0.5555210113525391
2012-11-02,0.5630210041999817,0.535207986831665
2012-11-05,0.5382289886474609,0.5483329892158508
2012-11-06,0.550728976726532,0.5516669750213623
2012-11-07,0.5339580178260803,0.5120829939842224
2012-11-08,0.515625,0.4881249964237213
2012-11-09,0.48885399103164673,0.4934380054473877
2012-11-12,0.5028129816055298,0.4941670000553131
2012-11-13,0.4826039969921112,0.48343798518180847
2012-11-14,0.49031299352645874,0.46614599227905273
2012-11-15,0.4671880006790161,0.4619790017604828
2012-11-16,0.4625000059604645,0.4671880006790161
2012-11-19,0.4828130006790161,0.5008329749107361
2012-11-20,0.5007290244102478,0.5009379982948303
2012-11-21,0.5022919774055481,0.5044789910316467
2012-11-23,0.5136460065841675,0.5276039838790894
2012-11-26,0.5239580273628235,0.534375011920929
2012-11-27,0.5333330035209656,0.5283330082893372
2012-11-28,0.521041989326477,0.5425000190734863
2012-11-29,0.5510420203208923,0.5518749952316284
2012-11-30,0.5520830154418945,0.5498960018157959
2012-12-03,0.5623959898948669,0.5471879839897156
2012-12-04,0.5473960041999817,0.543645977973938
2012-12-05,0.542917013168335,0.5268750190734863
2012-12-06,0.5220829844474792,0.536562979221344
2012-12-07,0.5454170107841492,0.527396023273468
2012-12-10,0.5234379768371582,0.5320829749107361
2012-12-11,0.5440629720687866,0.5526040196418762
2012-12-12,0.5612499713897705,0.5488539934158325
2012-12-13,0.5462499856948853,0.5364580154418945
2012-12-14,0.5262500047683716,0.5212500095367432
2012-12-17,0.5220829844474792,0.5415629744529724
2012-12-18,0.5498960018157959,0.5666670203208923
2012-12-19,0.5712500214576721,0.558542013168335
2012-12-20,0.5620830059051514,0.5589579939842224
2012-12-21,0.5332289934158325,0.5415629744529724
2012-12-24,0.5387499928474426,0.5369790196418762
2012-12-26,0.5386459827423096,0.5242710113525391
2012-12-27,0.5251039862632751,0.5213540196418762
2012-12-28,0.5106250047683716,0.5062500238418579
2012-12-31,0.503853976726532,0.5392709970474243
2013-01-02,0.578125,0.5895829796791077
2013-01-03,0.5894790291786194,0.5810419917106628
2013-01-04,0.5814579725265503,0.5753129720687866
2013-01-07,0.5703129768371582,0.5759379863739014
2013-01-08,0.5752080082893372,0.5726040005683899
2013-01-09,0.5744789838790894,0.5784379839897156
2013-01-10,0.589896023273468,0.5886459946632385
2013-01-11,0.5880209803581238,0.5908330082893372
2013-01-14,0.5814579725265503,0.5832290053367615
2013-01-15,0.5752080082893372,0.5745829939842224
2013-01-16,0.5779169797897339,0.5810419917106628
2013-01-17,0.5888540148735046,0.5899999737739563
2013-01-18,0.5842710137367249,0.586667001247406
2013-01-22,0.5882290005683899,0.5890629887580872
2013-01-23,0.5985419750213623,0.5986459851264954
2013-01-24,0.5752080082893372,0.5747920274734497
2013-01-25,0.5807290077209473,0.5833330154418945
2013-01-28,0.5840629935264587,0.5874999761581421
2013-01-29,0.5851039886474609,0.5874999761581421
2013-01-30,0.5913540124893188,0.5842710137367249
2013-01-31,0.5833330154418945,0.5805209875106812
2013-02-01,0.5922920107841492,0.5995830297470093
2013-02-04,0.5894790291786194,0.5690630078315735
2013-02-05,0.5761460065841675,0.5940629839897156
2013-02-06,0.5880209803581238,0.5885419845581055
2013-02-07,0.5903130173683167,0.5899999737739563
2013-02-08,0.5994790196418762,0.6079170107841492
2013-02-11,0.6092709898948669,0.6077079772949219
2013-02-12,0.6066669821739197,0.6006249785423279
2013-02-13,0.6060420274734497,0.6076040267944336
2013-02-14,0.5992709994316101,0.6063539981842041
2013-02-15,0.6071879863739014,0.6011459827423096
2013-02-19,0.605417013168335,0.6142709851264954
2013-02-20,0.6141669750213623,0.5862500071525574
2013-02-21,0.5798959732055664,0.567188024520874
2013-02-22,0.5769789814949036,0.5838540196418762
2013-02-25,0.5957289934158325,0.5620830059051514
2013-02-26,0.5655210018157959,0.5688539743423462
2013-02-27,0.569582998752594,0.5861459970474243
2013-02-28,0.5861459970474243,0.5839580297470093
2013-03-01,0.5767710208892822,0.5899999737739563
2013-03-04,0.5841670036315918,0.597603976726532
2013-03-05,0.6091669797897339,0.6238539814949036
2013-03-06,0.6302080154418945,0.6198959946632385
2013-03-07,0.6216670274734497,0.6253129839897156
2013-03-08,0.6310420036315918,0.6260420083999634
2013-03-11,0.6248959898948669,0.6324999928474426
2013-03-12,0.6268749833106995,0.6247919797897339
2013-03-13,0.6270830035209656,0.6228129863739014
2013-03-14,0.6294789910316467,0.6291670203208923
2013-03-15,0.6302080154418945,0.6232290267944336
2013-03-18,0.6069790124893188,0.6189579963684082
2013-03-19,0.6248959898948669,0.616457998752594
2013-03-20,0.6290630102157593,0.628229022026062
2013-03-21,0.612500011920929,0.6081249713897705
2013-03-22,0.6150000095367432,0.6248959898948669
2013-03-25,0.6310420036315918,0.6185420155525208
2013-03-26,0.6258329749107361,0.6280210018157959
2013-03-27,0.6161460280418396,0.6313539743423462
2013-03-28,0.6309379935264587,0.6349999904632568
2013-04-01,0.6369789838790894,0.6227080225944519
2013-04-02,0.6309379935264587,0.636771023273468
2013-04-03,0.6381250023841858,0.6198959946632385
2013-04-04,0.6192709803581238,0.6202080249786377
2013-04-05,0.5909379720687866,0.6050000190734863
2013-04-08,0.605521023273468,0.6142709851264954
2013-04-09,0.6193749904632568,0.6263539791107178
2013-04-10,0.6329169869422913,0.6630210280418396
2013-04-11,0.6585419774055481,0.6618750095367432
2013-04-12,0.6576039791107178,0.6611459851264954
2013-04-15,0.6529170274734497,0.6209380030632019
2013-04-16,0.6332290172576904,0.6468750238418579
2013-04-17,0.6294789910316467,0.6090630292892456
2013-04-18,0.6141669750213623,0.5827080011367798
2013-04-19,0.5873960256576538,0.6068750023841858
2013-04-22,0.6135420203208923,0.6255210041999817
2013-04-23,0.6369789838790894,0.6439579725265503
2013-04-24,0.6389579772949219,0.6423959732055664
2013-04-25,0.6486459970474243,0.6528130173683167
2013-04-26,0.6487500071525574,0.6472920179367065
2013-04-29,0.6528130173683167,0.6644790172576904
2013-04-30,0.6675000190734863,0.6790630221366882
2013-05-01,0.6790630221366882,0.6704170107841492
2013-05-02,0.6730210185050964,0.6946880221366882
2013-05-03,0.7152079939842224,0.7189580202102661
2013-05-06,0.7231249809265137,0.7282289862632751
2013-05-07,0.7316669821739197,0.7264580130577087
2013-05-08,0.7246879935264587,0.7378129959106445
2013-05-09,0.7323960065841675,0.7352079749107361
2013-05-10,0.7384380102157593,0.7477080225944519
2013-05-13,0.7440630197525024,0.7506250143051147
2013-05-14,0.7505210041999817,0.761667013168335
2013-05-15,0.7582290172576904,0.7672920227050781
2013-05-16,0.768854022026062,0.7644789814949036
2013-05-17,0.7754169702529907,0.7860419750213623
2013-05-20,0.7798960208892822,0.7825000286102295
2013-05-21,0.7819790244102478,0.7854170203208923
2013-05-22,0.7879170179367065,0.7662500143051147
2013-05-23,0.7442709803581238,0.7579169869422913
2013-05-24,0.7437499761581421,0.7574999928474426
2013-05-28,0.7839580178260803,0.7731249928474426
2013-05-29,0.7635419964790344,0.7614579796791077
2013-05-30,0.761667013168335,0.7738540172576904
2013-05-31,0.7642710208892822,0.7517709732055664
2013-06-03,0.7534379959106445,0.7561460137367249
2013-06-04,0.7604169845581055,0.7447919845581055
2013-06-05,0.7369790077209473,0.7162500023841858
2013-06-06,0.7182289958000183,0.7250000238418579
2013-06-07,0.7355210185050964,0.755312979221344
2013-06-10,0.7601040005683899,0.7556250095367432
2013-06-11,0.7332289814949036,0.7337499856948853
2013-06-12,0.7471879720687866,0.7083330154418945
2013-06-13,0.7052080035209656,0.7337499856948853
2013-06-14,0.7347919940948486,0.7208330035209656
2013-06-17,0.737500011920929,0.7408329844474792
2013-06-18,0.7441669702529907,0.7583330273628235
2013-06-19,0.7594789862632751,0.7344790101051331
2013-06-20,0.7086459994316101,0.680312991142273
2013-06-21,0.6808329820632935,0.6707289814949036
2013-06-24,0.6544790267944336,0.6499999761581421
2013-06-25,0.6691669821739197,0.6638540029525757
2013-06-26,0.6816669702529907,0.6819790005683899
2013-06-27,0.6926040053367615,0.6895830035209656
2013-06-28,0.6841670274734497,0.691457986831665
2013-07-01,0.7082290053367615,0.706250011920929
2013-07-02,0.7058330178260803,0.7065629959106445
2013-07-03,0.6997920274734497,0.7161459922790527
2013-07-05,0.7279170155525208,0.7319790124893188
2013-07-08,0.7435420155525208,0.734375
2013-07-09,0.7444790005683899,0.7478129863739014
2013-07-10,0.7451040148735046,0.7604169845581055
2013-07-11,0.7846879959106445,0.8078129887580872
2013-07-12,0.8080210089683533,0.8162500262260437
2013-07-15,0.8188539743423462,0.8226040005683899
2013-07-16,0.8240630030632019,0.8193749785423279
2013-07-17,0.8263540267944336,0.8252080082893372
2013-07-18,0.8247920274734497,0.8191670179367065
2013-07-19,0.7979170083999634,0.7942709922790527
2013-07-22,0.8027080297470093,0.800000011920929
2013-07-23,0.8046879768371582,0.7821879982948303
2013-07-24,0.805417001247406,0.7895830273628235
2013-07-25,0.8012499809265137,0.8038539886474609
2013-07-26,0.7952079772949219,0.817188024520874
2013-07-29,0.8130210041999817,0.8134379982948303
2013-07-30,0.8223959803581238,0.8255209922790527
2013-07-31,0.8307290077209473,0.8307290077209473
2013-08-01,0.847603976726532,0.8560420274734497
2013-08-02,0.8566669821739197,0.8703129887580872
2013-08-05,0.8672919869422913,0.8721879720687866
2013-08-06,0.8683329820632935,0.8566669821739197
2013-08-07,0.8486459851264954,0.8517709970474243
2013-08-08,0.8659380078315735,0.8631250262260437
2013-08-09,0.8605210185050964,0.8538540005683899
2013-08-12,0.8436459898948669,0.8591669797897339
2013-08-13,0.8627079725265503,0.8734380006790161
2013-08-14,0.8729169964790344,0.8637499809265137
2013-08-15,0.8353130221366882,0.8204169869422913
2013-08-16,0.8206250071525574,0.8174999952316284
2013-08-19,0.8204169869422913,0.8142709732055664
2013-08-20,0.8198959827423096,0.8254169821739197
2013-08-21,0.8182290196418762,0.817188024520874
2013-08-22,0.8267710208892822,0.840520977973938
2013-08-23,0.8590630292892456,0.8582289814949036
2013-08-26,0.859375,0.8589580059051514
2013-08-27,0.8286460041999817,0.8048959970474243
2013-08-28,0.8043749928474426,0.8153129816055298
2013-08-29,0.8149999976158142,0.8321880102157593
2013-08-30,0.8345829844474792,0.8166670203208923
2013-09-03,0.8364580273628235,0.8301039934158325
2013-09-04,0.8380209803581238,0.8571879863739014
2013-09-05,0.8584380149841309,0.8609380125999451
2013-09-06,0.8693749904632568,0.864063024520874
2013-09-09,0.8742709755897522,0.894478976726532
2013-09-10,0.910207986831665,0.9080209732055664
2013-09-11,0.8901039958000183,0.9034379720687866
2013-09-12,0.903020977973938,0.8993750214576721
2013-09-13,0.9037500023841858,0.902292013168335
2013-09-16,0.9244790077209473,0.8946880102157593
2013-09-17,0.8997920155525208,0.9126039743423462
2013-09-18,0.916458010673523,0.9461460113525391
2013-09-19,0.9536460041999817,0.9519789814949036
2013-09-20,0.9592710137367249,0.9415630102157593
2013-09-23,0.9547920227050781,0.9362499713897705
2013-09-24,0.9427080154418945,0.9364579916000366
2013-09-25,0.9378129839897156,0.9276040196418762
2013-09-26,0.9385420083999634,0.9488540291786194
2013-09-27,0.9331250190734863,0.9443749785423279
2013-09-30,0.9154170155525208,0.9384379982948303
2013-10-01,0.9380210041999817,0.9665629863739014
2013-10-02,0.945937991142273,0.964792013168335
2013-10-03,0.9613540172576904,0.9312499761581421
2013-10-04,0.9307289719581604,0.9552080035209656
2013-10-07,0.9309380054473877,0.9315630197525024
2013-10-08,0.9312499761581421,0.878853976726532
2013-10-09,0.8836460113525391,0.8691669702529907
2013-10-10,0.8969789743423462,0.9243749976158142
2013-10-11,0.9173960089683533,0.9452080130577087
2013-10-14,0.9284380078315735,0.964792013168335
2013-10-15,0.9629169702529907,0.9544789791107178
2013-10-16,0.9672920107841492,0.9870830178260803
2013-10-17,0.9730209708213806,1.003021001815796
2013-10-18,1.0309380292892456,1.0526039600372314
2013-10-21,1.0586459636688232,1.0586459636688232
2013-10-22,1.0703129768371582,1.0622919797897339
2013-10-23,1.0485420227050781,1.0452079772949219
2013-10-24,1.0459380149841309,1.0582289695739746
2013-10-25,1.0885419845581055,1.0793750286102295
2013-10-28,1.0809379816055298,1.0815629959106445
2013-10-29,1.0919790267944336,1.086771011352539
2013-10-30,1.0985419750213623,1.0833330154418945
2013-10-31,1.0760420560836792,1.0763540267944336
2013-11-01,1.0857290029525757,1.0758329629898071
2013-11-04,1.087499976158142,1.0810420513153076
2013-11-05,1.0688539743423462,1.0856250524520874
2013-11-06,1.0982290506362915,1.0837500095367432
2013-11-07,1.084375023841858,1.0236459970474243
2013-11-08,1.0343749523162842,1.0640629529953003
2013-11-11,1.0573960542678833,1.0589580535888672
2013-11-12,1.0496879816055298,1.0641670227050781
2013-11-13,1.0439579486846924,1.1022919416427612
2013-11-14,1.0934380292892456,1.1108330488204956
2013-11-15,1.1145830154418945,1.118541955947876
2013-11-18,1.1179169416427612,1.08760404586792
2013-11-19,1.0846879482269287,1.0768749713897705
2013-11-20,1.0862499475479126,1.0693750381469727
2013-11-21,1.0819790363311768,1.1020829677581787
2013-11-22,1.1079169511795044,1.1194789409637451
2013-11-25,1.1306250095367432,1.1268750429153442
2013-11-26,1.128957986831665,1.1455210447311401
2013-11-27,1.1521879434585571,1.1684379577636719
2013-11-29,1.1825000047683716,1.1876039505004883
2013-12-02,1.1943750381469727,1.1802079677581787
2013-12-03,1.1769789457321167,1.1767710447311401
2013-12-04,1.1619789600372314,1.179792046546936
2013-12-05,1.1836459636688232,1.1761460304260254
2013-12-06,1.2044789791107178,1.2004170417785645
2013-12-09,1.2145830392837524,1.214792013168335
2013-12-10,1.2086460590362549,1.21260404586792
2013-12-11,1.2118749618530273,1.1672919988632202
2013-12-12,1.1677080392837524,1.1578129529953003
2013-12-13,1.1731250286102295,1.152292013168335
2013-12-16,1.1689579486846924,1.1720830202102661
2013-12-17,1.1720830202102661,1.164687991142273
2013-12-18,1.1677080392837524,1.2048959732055664
2013-12-19,1.1982289552688599,1.1940629482269287
2013-12-20,1.2000000476837158,1.2300000190734863
2013-12-23,1.2605210542678833,1.2697919607162476
2013-12-24,1.2698960304260254,1.2715630531311035
2013-12-26,1.2776039838790894,1.2839579582214355
2013-12-27,1.2883330583572388,1.2745829820632935
2013-12-30,1.2679170370101929,1.2679170370101929
2013-12-31,1.2753130197525024,1.2928129434585571
2014-01-02,1.27510404586792,1.262603998184204
2014-01-03,1.262395977973938,1.235103964805603
2014-01-06,1.2361459732055664,1.221979022026062
2014-01-07,1.2378129959106445,1.2536460161209106
2014-01-08,1.2555210590362549,1.2630209922790527
2014-01-09,1.2763539552688599,1.25
2014-01-10,1.260208010673523,1.2625000476837158
2014-01-13,1.2573959827423096,1.206354022026062
2014-01-14,1.2190630435943604,1.2754169702529907
2014-01-15,1.2905210256576538,1.3052079677581787
2014-01-16,1.3034379482269287,1.3079169988632202
2014-01-17,1.2955210208892822,1.2846879959106445
2014-01-21,1.3091670274734497,1.313438057899475
2014-01-22,1.3236459493637085,1.325624942779541
2014-01-23,1.3118749856948853,1.3096879720687866
2014-01-24,1.2902079820632935,1.2320829629898071
2014-01-27,1.2335419654846191,1.1962499618530273
2014-01-28,1.1777080297470093,1.1958329677581787
2014-01-29,1.164167046546936,1.1581250429153442
2014-01-30,1.1997920274734497,1.2191669940948486
2014-01-31,1.179582953453064,1.2106250524520874
2014-02-03,1.2039580345153809,1.130416989326477
2014-02-04,1.144374966621399,1.152500033378601
2014-02-05,1.140625,1.1418750286102295
2014-02-06,1.1535420417785645,1.1856249570846558
2014-02-07,1.2064579725265503,1.2485419511795044
2014-02-10,1.2491669654846191,1.2714580297470093
2014-02-11,1.278749942779541,1.315000057220459
2014-02-12,1.3229169845581055,1.3212499618530273
2014-02-13,1.292917013168335,1.3552080392837524
2014-02-14,1.3533329963684082,1.3591669797897339
2014-02-18,1.3660420179367065,1.380416989326477
2014-02-19,1.3722920417785645,1.350208044052124
2014-02-20,1.3533329963684082,1.3697919845581055
2014-02-21,1.382707953453064,1.3627079725265503
2014-02-24,1.371042013168335,1.386667013168335
2014-02-25,1.3922920227050781,1.3816670179367065
2014-02-26,1.3937499523162842,1.3770829439163208
2014-02-27,1.3785419464111328,1.4041670560836792
2014-02-28,1.4043749570846558,1.397083044052124
2014-03-03,1.3591669797897339,1.3664580583572388
2014-03-04,1.412708044052124,1.4214580059051514
2014-03-05,1.428125023841858,1.4331250190734863
2014-03-06,1.4416669607162476,1.4277080297470093
2014-03-07,1.4431250095367432,1.4072920083999634
2014-03-10,1.4049999713897705,1.410207986831665
2014-03-11,1.4214580059051514,1.3927079439163208
2014-03-12,1.3743749856948853,1.4083329439163208
2014-03-13,1.4239579439163208,1.3485419750213623
2014-03-14,1.3339580297470093,1.3208329677581787
2014-03-17,1.3454170227050781,1.3560420274734497
2014-03-18,1.3602080345153809,1.4047919511795044
2014-03-19,1.4060419797897339,1.3816670179367065
2014-03-20,1.368749976158142,1.3925000429153442
2014-03-21,1.415416955947876,1.3414579629898071
2014-03-24,1.3581249713897705,1.3077080249786377
2014-03-25,1.3287500143051147,1.3197920322418213
2014-03-26,1.3402080535888672,1.269582986831665
2014-03-27,1.2645829916000366,1.2470829486846924
2014-03-28,1.259374976158142,1.2552080154418945
2014-03-31,1.283750057220459,1.2802079916000366
2014-04-01,1.300832986831665,1.3495830297470093
2014-04-02,1.3668750524520874,1.3602080345153809
2014-04-03,1.3643749952316284,1.328125
2014-04-04,1.351667046546936,1.222707986831665
2014-04-07,1.1983330249786377,1.1860419511795044
2014-04-08,1.1904170513153076,1.2191669940948486
2014-04-09,1.2320829629898071,1.2816669940948486
2014-04-10,1.2841670513153076,1.1633330583572388
2014-04-11,1.131458044052124,1.1227079629898071
2014-04-14,1.1504169702529907,1.1479170322418213
2014-04-15,1.1591670513153076,1.1593749523162842
2014-04-16,1.1891670227050781,1.2043750286102295
2014-04-17,1.1924999952316284,1.2050000429153442
2014-04-21,1.2145830392837524,1.2322920560836792
2014-04-22,1.2439579963684082,1.2625000476837158
2014-04-23,1.261667013168335,1.228124976158142
2014-04-24,1.2897919416427612,1.2643749713897705
2014-04-25,1.2410420179367065,1.2033330202102661
2014-04-28,1.2193750143051147,1.216249942779541
2014-04-29,1.2258330583572388,1.2431249618530273
2014-04-30,1.2277079820632935,1.2541669607162476
2014-05-01,1.2597919702529907,1.2654169797897339
2014-05-02,1.2764580249786377,1.259166955947876
2014-05-05,1.2354170083999634,1.2770830392837524
2014-05-06,1.2714580297470093,1.2277079820632935
2014-05-07,1.2370829582214355,1.2166670560836792
2014-05-08,1.2045830488204956,1.212499976158142
2014-05-09,1.2112499475479126,1.226667046546936
2014-05-12,1.2489579916000366,1.2864580154418945
2014-05-13,1.2910419702529907,1.289167046546936
2014-05-14,1.2785420417785645,1.2699999809265137
2014-05-15,1.2685420513153076,1.240625023841858
2014-05-16,1.2433329820632935,1.2637499570846558
2014-05-19,1.252500057220459,1.2908329963684082
2014-05-20,1.289167046546936,1.2766669988632202
2014-05-21,1.2825000286102295,1.3127080202102661
2014-05-22,1.316249966621399,1.3289580345153809
2014-05-23,1.334583044052124,1.3587499856948853
2014-05-27,1.3777079582214355,1.4097919464111328
2014-05-28,1.4085420370101929,1.3964580297470093
2014-05-29,1.4120830297470093,1.4247920513153076
2014-05-30,1.4247920513153076,1.4235420227050781
2014-06-02,1.4291670322418213,1.4199999570846558
2014-06-03,1.4054169654846191,1.417917013168335
2014-06-04,1.4066669940948486,1.4329169988632202
2014-06-05,1.4375,1.4702080488204956
2014-06-06,1.4874999523162842,1.4939579963684082
2014-06-09,1.4970829486846924,1.4912500381469727
2014-06-10,1.486875057220459,1.4997919797897339
2014-06-11,1.4829169511795044,1.497499942779541
2014-06-12,1.4885419607162476,1.4583330154418945
2014-06-13,1.4770829677581787,1.4683330059051514
2014-06-16,1.4637500047683716,1.4737499952316284
2014-06-17,1.4714579582214355,1.4758330583572388
2014-06-18,1.481874942779541,1.5027079582214355
2014-06-19,1.5081249475479126,1.4968750476837158
2014-06-20,1.5002080202102661,1.5022920370101929
2014-06-23,1.5018750429153442,1.503957986831665
2014-06-24,1.503957986831665,1.4997919797897339
2014-06-25,1.4887499809265137,1.5270830392837524
2014-06-26,1.53125,1.53125
2014-06-27,1.5252079963684082,1.5464580059051514
2014-06-30,1.5491670370101929,1.5579169988632202
2014-07-01,1.5735419988632202,1.6102080345153809
2014-07-02,1.6122920513153076,1.6164580583572388
2014-07-03,1.632707953453064,1.6475000381469727
2014-07-07,1.6414580345153809,1.6316670179367065
2014-07-08,1.6239579916000366,1.5747920274734497
2014-07-09,1.5864579677581787,1.6104170083999634
2014-07-10,1.5483330488204956,1.5952080488204956
2014-07-11,1.6045830249786377,1.6229170560836792
2014-07-14,1.6447919607162476,1.6539579629898071
2014-07-15,1.6608330011367798,1.636667013168335
2014-07-16,1.6716669797897339,1.6552079916000366
2014-07-17,1.6412500143051147,1.5891669988632202
2014-07-18,1.6162500381469727,1.6643749475479126
2014-07-21,1.6527080535888672,1.6583329439163208
2014-07-22,1.6825000047683716,1.691249966621399
2014-07-23,1.7066669464111328,1.7229169607162476
2014-07-24,1.7314579486846924,1.7168749570846558
2014-07-25,1.6920830011367798,1.6958329677581787
2014-07-28,1.7004170417785645,1.6979169845581055
2014-07-29,1.708541989326477,1.6893750429153442
2014-07-30,1.7166670560836792,1.709583044052124
2014-07-31,1.6666669845581055,1.605417013168335
2014-08-01,1.5954170227050781,1.5868749618530273
2014-08-04,1.597499966621399,1.6193749904632568
2014-08-05,1.6010420322418213,1.5814579725265503
2014-08-06,1.5520830154418945,1.5787500143051147
2014-08-07,1.599166989326477,1.5635420083999634
2014-08-08,1.571666955947876,1.5968749523162842
2014-08-11,1.6145830154418945,1.6258330345153809
2014-08-12,1.6202080249786377,1.6220829486846924
2014-08-13,1.6439579725265503,1.6747920513153076
2014-08-14,1.6804169416427612,1.700624942779541
2014-08-15,1.7274999618530273,1.7237499952316284
2014-08-18,1.7504169940948486,1.7654169797897339
2014-08-19,1.7777080535888672,1.7958329916000366
2014-08-20,1.7897919416427612,1.7958329916000366
2014-08-21,1.7985420227050781,1.806041955947876
2014-08-22,1.8066669702529907,1.8131250143051147
2014-08-25,1.840000033378601,1.8333330154418945
2014-08-26,1.8408329486846924,1.8395830392837524
2014-08-27,1.8408329486846924,1.839792013168335
2014-08-28,1.8214579820632935,1.8322919607162476
2014-08-29,1.8460420370101929,1.8537499904632568
2014-09-02,1.8679169416427612,1.8691669702529907
2014-09-03,1.882707953453064,1.8370829820632935
2014-09-04,1.8493750095367432,1.8312499523162842
2014-09-05,1.840000033378601,1.8595830202102661
2014-09-08,1.8591669797897339,1.8689579963684082
2014-09-09,1.868749976158142,1.8235419988632202
2014-09-10,1.8300000429153442,1.865833044052124
2014-09-11,1.8429169654846191,1.8643749952316284
2014-09-12,1.8583329916000366,1.8350000381469727
2014-09-15,1.840000033378601,1.7797919511795044
2014-09-16,1.7610419988632202,1.8279169797897339
2014-09-17,1.8260420560836792,1.8368749618530273
2014-09-18,1.8524999618530273,1.8764580488204956
2014-09-19,1.9018750190734863,1.8722920417785645
2014-09-22,1.8595830202102661,1.8214579820632935
2014-09-23,1.7987500429153442,1.8056249618530273
2014-09-24,1.8097920417785645,1.8641669750213623
2014-09-25,1.8447920083999634,1.7458330392837524
2014-09-26,1.7637499570846558,1.8016669750213623
2014-09-29,1.747499942779541,1.7956249713897705
2014-09-30,1.8104170560836792,1.802291989326477
2014-10-01,1.7881250381469727,1.7160420417785645
2014-10-02,1.7141669988632202,1.7152080535888672
2014-10-03,1.7450000047683716,1.7668750286102295
2014-10-06,1.7804169654846191,1.7547919750213623
2014-10-07,1.7293750047683716,1.6806249618530273
2014-10-08,1.6839580535888672,1.7777080535888672
2014-10-09,1.7708330154418945,1.6891670227050781
2014-10-10,1.6595829725265503,1.5627080202102661
2014-10-13,1.556249976158142,1.4895830154418945
2014-10-14,1.5202080011367798,1.492292046546936
2014-10-15,1.4229170083999634,1.4604170322418213
2014-10-16,1.3691669702529907,1.4377080202102661
2014-10-17,1.4914580583572388,1.4939579963684082
2014-10-20,1.4885419607162476,1.5583330392837524
2014-10-21,1.6143749952316284,1.6802079677581787
2014-10-22,1.6960419416427612,1.6541670560836792
2014-10-23,1.7041670083999634,1.7297919988632202
2014-10-24,1.7370829582214355,1.769582986831665
2014-10-27,1.760208010673523,1.7762500047683716
2014-10-28,1.7979170083999634,1.855625033378601
2014-10-29,1.8364579677581787,1.8333330154418945
2014-10-30,1.8089580535888672,1.8447920083999634
2014-10-31,1.9377080202102661,1.9208329916000366
2014-11-03,1.9306249618530273,1.9406249523162842
2014-11-04,1.9189579486846924,1.9199999570846558
2014-11-05,1.9554170370101929,1.9197920560836792
2014-11-06,1.9168750047683716,1.9362499713897705
2014-11-07,1.9479169845581055,1.9314579963684082
2014-11-10,1.9341670274734497,1.9512499570846558
2014-11-11,1.9541670083999634,1.9697920083999634
2014-11-12,1.946666955947876,1.980625033378601
2014-11-13,1.9914580583572388,2.006042003631592
2014-11-14,2.005000114440918,2.024583101272583
2014-11-17,2.0102078914642334,2.005625009536743
2014-11-18,2.0118749141693115,2.0506250858306885
2014-11-19,2.0447919368743896,2.024583101272583
2014-11-20,1.9977079629898071,2.0514578819274902
2014-11-21,2.105833053588867,2.0662500858306885
2014-11-24,2.0799999237060547,2.112916946411133
2014-11-25,2.1204171180725098,2.1197919845581055
2014-11-26,2.126667022705078,2.1631250381469727
2014-11-28,2.1806249618530273,2.1954169273376465
2014-12-01,2.17520809173584,2.114375114440918
2014-12-02,2.1247920989990234,2.137083053588867
2014-12-03,2.152292013168335,2.1564579010009766
2014-12-04,2.1468749046325684,2.1500000953674316
2014-12-05,2.162708044052124,2.1514580249786377
2014-12-08,2.1337499618530273,2.1050000190734863
2014-12-09,2.030208110809326,2.1254169940948486
2014-12-10,2.112916946411133,2.0225000381469727
2014-12-11,2.0416669845581055,2.0541670322418213
2014-12-12,1.9939579963684082,1.9862500429153442
2014-12-15,2.0158329010009766,1.9266669750213623
2014-12-16,1.8883329629898071,1.8310420513153076
2014-12-17,1.834583044052124,1.9293750524520874
2014-12-18,2.014167070388794,2.0708329677581787
2014-12-19,2.077083110809326,2.0939579010009766
2014-12-22,2.087291955947876,2.112916946411133
2014-12-23,2.1362500190734863,2.092708110809326
2014-12-24,2.099375009536743,2.09708309173584
2014-12-26,2.112499952316284,2.139583110809326
2014-12-29,2.1337499618530273,2.140000104904175
2014-12-30,2.118957996368408,2.0958330631256104
2014-12-31,2.104374885559082,2.030208110809326
2015-01-02,2.059375047683716,2.0135419368743896
2015-01-05,1.984375,1.9229170083999634
2015-01-06,1.929792046546936,1.8466670513153076
2015-01-07,1.8818750381469727,1.9177080392837524
2015-01-08,1.9670829772949219,2.027082920074463
2015-01-09,2.046041965484619,1.9860420227050781
2015-01-12,1.9993749856948853,1.9249999523162842
2015-01-13,1.9793750047683716,1.9233330488204956
2015-01-14,1.8622920513153076,1.8937499523162842
2015-01-15,1.915416955947876,1.8185420036315918
2015-01-16,1.8095829486846924,1.8833329677581787
2015-01-20,1.9149999618530273,1.9249999523162842
2015-01-21,1.9075000286102295,1.9545830488204956
2015-01-22,1.9791669845581055,2.063333034515381
2015-01-23,2.063333034515381,2.077083110809326
2015-01-26,2.0708329677581787,2.072499990463257
2015-01-27,1.9739580154418945,1.9120830297470093
2015-01-28,1.9997919797897339,1.8791669607162476
2015-01-29,1.8727079629898071,1.933542013168335
2015-01-30,1.9268749952316284,1.8891669511795044
2015-02-02,1.8993749618530273,1.9387500286102295
2015-02-03,1.9550000429153442,1.9916670322418213
2015-02-04,1.9666670560836792,1.9864579439163208
2015-02-05,2.000624895095825,2.0391669273376465
2015-02-06,2.047916889190674,2.0020830631256104
2015-02-09,1.978124976158142,1.9800000190734863
2015-02-10,2.016458034515381,2.07479190826416
2015-02-11,2.082292079925537,2.0981249809265137
2015-02-12,2.1358330249786377,2.1714580059051514
2015-02-13,2.1887500286102295,2.226249933242798
2015-02-17,2.225832939147949,2.2322919368743896
2015-02-18,2.224792003631592,2.241874933242798
2015-02-19,2.2364580631256104,2.275624990463257
2015-02-20,2.2702078819274902,2.3193750381469727
2015-02-23,2.3179171085357666,2.3285419940948486
2015-02-24,2.3183329105377197,2.3333330154418945
2015-02-25,2.321042060852051,2.3145830631256104
2015-02-26,2.3212499618530273,2.349792003631592
2015-02-27,2.34708309173584,2.3187499046325684
2015-03-02,2.331249952316284,2.3812499046325684
2015-03-03,2.360416889190674,2.34708309173584
2015-03-04,2.32479190826416,2.321042060852051
2015-03-05,2.338749885559082,2.331249952316284
2015-03-06,2.324583053588867,2.251041889190674
2015-03-09,2.267082929611206,2.272707939147949
2015-03-10,2.222707986831665,2.1468749046325684
2015-03-11,2.152708053588867,2.1091670989990234
2015-03-12,2.1031250953674316,2.149583101272583
2015-03-13,2.14395809173584,2.121875047683716
2015-03-16,2.1454169750213623,2.203125
2015-03-17,2.18416690826416,2.21541690826416
2015-03-18,2.196458101272583,2.2791669368743896
2015-03-19,2.2870829105377197,2.290208101272583
2015-03-20,2.344791889190674,2.337707996368408
2015-03-23,2.3304169178009033,2.318125009536743
2015-03-24,2.3177080154418945,2.2945830821990967
2015-03-25,2.306457996368408,2.1343750953674316
2015-03-26,2.084167003631592,2.116874933242798
2015-03-27,2.11270809173584,2.13729190826416
2015-03-30,2.180417060852051,2.2141671180725098
2015-03-31,2.193958044052124,2.145625114440918
2015-04-01,2.1427080631256104,2.109375
2015-04-02,2.113542079925537,2.112916946411133
2015-04-06,2.07479190826416,2.163749933242798
2015-04-07,2.1610419750213623,2.153749942779541
2015-04-08,2.155416965484619,2.2049999237060547
2015-04-09,2.2029170989990234,2.246042013168335
2015-04-10,2.2456250190734863,2.2729170322418213
2015-04-13,2.2789580821990967,2.256042003631592
2015-04-14,2.251041889190674,2.2366669178009033
2015-04-15,2.2558329105377197,2.276249885559082
2015-04-16,2.2608330249786377,2.2683329582214355
2015-04-17,2.203749895095825,2.162292003631592
2015-04-20,2.195625066757202,2.258958101272583
2015-04-21,2.2991669178009033,2.287916898727417
2015-04-22,2.3056249618530273,2.325000047683716
2015-04-23,2.302917003631592,2.352916955947876
2015-04-24,2.425416946411133,2.444999933242798
2015-04-27,2.4749999046325684,2.429374933242798
2015-04-28,2.43416690826416,2.4135420322418213
2015-04-29,2.3731250762939453,2.367500066757202
2015-04-30,2.328125,2.2562499046325684
2015-05-01,2.282083034515381,2.3475000858306885
2015-05-04,2.366874933242798,2.355833053588867
2015-05-05,2.3293750286102295,2.2441670894622803
2015-05-06,2.253541946411133,2.1962499618530273
2015-05-07,2.193958044052124,2.2339580059051514
2015-05-08,2.303333044052124,2.31583309173584
2015-05-11,2.3222920894622803,2.290416955947876
2015-05-12,2.249375104904175,2.2608330249786377
2015-05-13,2.290208101272583,2.2725000381469727
2015-05-14,2.3293750286102295,2.3731250762939453
2015-05-15,2.3918750286102295,2.3729169368743896
2015-05-18,2.3612499237060547,2.402082920074463
2015-05-19,2.4114580154418945,2.3952078819274902
2015-05-20,2.400624990463257,2.399167060852051
2015-05-21,2.387500047683716,2.436875104904175
2015-05-22,2.428541898727417,2.4302079677581787
2015-05-26,2.412916898727417,2.3460419178009033
2015-05-27,2.366457939147949,2.4589579105377197
2015-05-28,2.443958044052124,2.44083309173584
2015-05-29,2.436666965484619,2.399583101272583
2015-06-01,2.4372920989990234,2.4206249713897705
2015-06-02,2.3952078819274902,2.3985419273376465
2015-06-03,2.4327080249786377,2.4195830821990967
2015-06-04,2.380000114440918,2.366874933242798
2015-06-05,2.3564579486846924,2.3489580154418945
2015-06-08,2.344374895095825,2.277082920074463
2015-06-09,2.2604169845581055,2.2658329010009766
2015-06-10,2.287916898727417,2.3556249141693115
2015-06-11,2.3808329105377197,2.368541955947876
2015-06-12,2.329792022705078,2.308332920074463
2015-06-15,2.2579169273376465,2.2764580249786377
2015-06-16,2.266249895095825,2.3112499713897705
2015-06-17,2.323957920074463,2.330625057220459
2015-06-18,2.350208044052124,2.4291670322418213
2015-06-19,2.436042070388794,2.392082929611206
2015-06-22,2.44979190826416,2.44979190826416
2015-06-23,2.4583330154418945,2.4558329582214355
2015-06-24,2.446458101272583,2.4181249141693115
2015-06-25,2.4452080726623535,2.402292013168335
2015-06-26,2.400207996368408,2.357707977294922
2015-06-29,2.274583101272583,2.191041946411133
2015-06-30,2.2366669178009033,2.2160420417785645
2015-07-01,2.2760419845581055,2.261457920074463
2015-07-02,2.281874895095825,2.2699999809265137
2015-07-06,2.2231249809265137,2.250833034515381
2015-07-07,2.2572920322418213,2.26229190826416
2015-07-08,2.217292070388794,2.1489579677581787
2015-07-09,2.2356250286102295,2.1427080631256104
2015-07-10,2.2249999046325684,2.2422919273376465
2015-07-13,2.2989580631256104,2.356874942779541
2015-07-14,2.3702080249786377,2.4041669368743896
2015-07-15,2.417917013168335,2.4156250953674316
2015-07-16,2.4739580154418945,2.509999990463257
2015-07-17,2.5760419368743896,2.6247920989990234
2015-07-20,2.646667003631592,2.6541669368743896
2015-07-21,2.6583330631256104,2.6468749046325684
2015-07-22,2.52791690826416,2.559999942779541
2015-07-23,2.567500114440918,2.5293750762939453
2015-07-24,2.568958044052124,2.4574999809265137
2015-07-27,2.413749933242798,2.3943750858306885
2015-07-28,2.428541898727417,2.4574999809265137
2015-07-29,2.471874952316284,2.484999895095825
2015-07-30,2.467292070388794,2.519582986831665
2015-07-31,2.542707920074463,2.5118749141693115
2015-08-03,2.5133330821990967,2.4887499809265137
2015-08-04,2.4816670417785645,2.472707986831665
2015-08-05,2.5137500762939453,2.530625104904175
2015-08-06,2.5356249809265137,2.4091670513153076
2015-08-07,2.390625,2.399583101272583
2015-08-10,2.4447920322418213,2.4806249141693115
2015-08-11,2.440624952316284,2.3860421180725098
2015-08-12,2.3379170894622803,2.407083034515381
2015-08-13,2.4166669845581055,2.396250009536743
2015-08-14,2.3802080154418945,2.4091670513153076
2015-08-17,2.390625,2.4683330059051514
2015-08-18,2.4543750286102295,2.428957939147949
2015-08-19,2.40625,2.3833329677581787
2015-08-20,2.316667079925537,2.1870830059051514
2015-08-21,2.09375,1.9149999618530273
2015-08-24,1.5635420083999634,1.6881250143051147
2015-08-25,1.8645830154418945,1.6658329963684082
2015-08-26,1.8081250190734863,1.90625
2015-08-27,1.9958330392837524,2.0552079677581787
2015-08-28,2.0225000381469727,2.053541898727417
2015-08-31,2.019792079925537,1.9772919416427612
2015-09-01,1.8287500143051147,1.7979170083999634
2015-09-02,1.8891669511795044,1.9441670179367065
2015-09-03,1.9679169654846191,1.9120830297470093
2015-09-04,1.8354170322418213,1.8481249809265137
2015-09-08,1.9529169797897339,2.005000114440918
2015-09-09,2.0737500190734863,1.9352079629898071
2015-09-10,1.927291989326477,1.9970829486846924
2015-09-11,1.9704170227050781,2.0293750762939453
2015-09-14,2.0520830154418945,2.0112500190734863
2015-09-15,2.026249885559082,2.08145809173584
2015-09-16,2.085624933242798,2.1162500381469727
2015-09-17,2.1139578819274902,2.1220829486846924
2015-09-18,2.024791955947876,2.032291889190674
2015-09-21,2.063333034515381,2.0495829582214355
2015-09-22,1.9547920227050781,1.9591670036315918
2015-09-23,1.9729169607162476,1.962291955947876
2015-09-24,1.9043749570846558,1.9395829439163208
2015-09-25,2.0054171085357666,1.8925000429153442
2015-09-28,1.8662500381469727,1.7293750047683716
2015-09-29,1.7418750524520874,1.7037500143051147
2015-09-30,1.7745829820632935,1.816457986831665
2015-10-01,1.8279169797897339,1.8418749570846558
2015-10-02,1.7679170370101929,1.9375
2015-10-05,1.9827079772949219,2.0258328914642334
2015-10-06,2.0110421180725098,1.9968750476837158
2015-10-07,2.0325000286102295,2.0289580821990967
2015-10-08,2.0072920322418213,2.0537500381469727
2015-10-09,2.056457996368408,2.078749895095825
2015-10-12,2.094583034515381,2.096250057220459
2015-10-13,2.0604169368743896,2.0552079677581787
2015-10-14,2.055833101272583,2.0464580059051514
2015-10-15,2.068542003631592,2.1464579105377197
2015-10-16,2.1606249809265137,2.1731250286102295
2015-10-19,2.1631250381469727,2.212083101272583
2015-10-20,2.1987500190734863,2.175416946411133
2015-10-21,2.209583044052124,2.1404170989990234
2015-10-22,2.193958044052124,2.267292022705078
2015-10-23,2.4502079486846924,2.4558329582214355
2015-10-26,2.4527080059051514,2.463124990463257
2015-10-27,2.443125009536743,2.4791669845581055
2015-10-28,2.490417003631592,2.5366671085357666
2015-10-29,2.5037500858306885,2.527292013168335
2015-10-30,2.530625104904175,2.4927079677581787
2015-11-02,2.5112500190734863,2.5777080059051514
2015-11-03,2.561875104904175,2.602292060852051
2015-11-04,2.628124952316284,2.603332996368408
2015-11-05,2.6112499237060547,2.5804169178009033
2015-11-06,2.569582939147949,2.5889580249786377
2015-11-09,2.558958053588867,2.505625009536743
2015-11-10,2.465625047683716,2.487916946411133
2015-11-11,2.5068750381469727,2.476875066757202
2015-11-12,2.444999933242798,2.4049999713897705
2015-11-13,2.3747920989990234,2.2635419368743896
2015-11-16,2.256042003631592,2.357917070388794
2015-11-17,2.3722920417785645,2.366041898727417
2015-11-18,2.3927080631256104,2.501667022705078
2015-11-19,2.5058329105377197,2.5054171085357666
2015-11-20,2.540416955947876,2.5552079677581787
2015-11-23,2.558332920074463,2.53458309173584
2015-11-24,2.485416889190674,2.5266671180725098
2015-11-25,2.5364580154418945,2.532291889190674
2015-11-27,2.550416946411133,2.5414578914642334
2015-11-30,2.5668749809265137,2.5254170894622803
2015-12-01,2.5537500381469727,2.600416898727417
2015-12-02,2.605417013168335,2.5531249046325684
2015-12-03,2.5733330249786377,2.422916889190674
2015-12-04,2.443542003631592,2.5893750190734863
2015-12-07,2.59708309173584,2.5577080249786377
2015-12-08,2.4766669273376465,2.5579171180725098
2015-12-09,2.521667003631592,2.4387500286102295
2015-12-10,2.45645809173584,2.4733328819274902
2015-12-11,2.3877079486846924,2.3037500381469727
2015-12-14,2.3137500286102295,2.355417013168335
2015-12-15,2.415832996368408,2.3954169750213623
2015-12-16,2.446042060852051,2.5012500286102295
2015-12-17,2.53458309173584,2.397083044052124
2015-12-18,2.3712499141693115,2.2654170989990234
2015-12-21,2.321458101272583,2.3327078819274902
2015-12-22,2.3691670894622803,2.3768749237060547
2015-12-23,2.4141669273376465,2.4312500953674316
2015-12-24,2.4291670322418213,2.4262499809265137
2015-12-28,2.4091670513153076,2.4256250858306885
2015-12-29,2.467708110809326,2.536250114440918
2015-12-30,2.5316669940948486,2.4714579582214355
2015-12-31,2.444582939147949,2.3797919750213623
2016-01-04,2.221250057220459,2.234375
2016-01-05,2.2604169845581055,2.2143750190734863
2016-01-06,2.103749990463257,2.1549999713897705
2016-01-07,2.014583110809326,1.9500000476837158
2016-01-08,1.992292046546936,1.9039579629898071
2016-01-11,1.9435420036315918,1.9206249713897705
2016-01-12,1.9722919464111328,1.9854170083999634
2016-01-13,2.0093750953674316,1.7777080535888672
2016-01-14,1.8002079725265503,1.8927079439163208
2016-01-15,1.7037500143051147,1.71875
2016-01-19,1.7860419750213623,1.7260420322418213
2016-01-20,1.6449999809265137,1.7104170322418213
2016-01-21,1.731874942779541,1.7166670560836792
2016-01-22,1.8177080154418945,1.8645830154418945
2016-01-25,1.8479169607162476,1.7806249856948853
2016-01-26,1.8041670322418213,1.8314579725265503
2016-01-27,1.7981250286102295,1.695207953453064
2016-01-28,1.774791955947876,1.7620830535888672
2016-01-29,1.7660419940948486,1.8768750429153442
2016-02-01,1.846250057220459,1.8875000476837158
2016-02-02,1.8652080297470093,1.7677079439163208
2016-02-03,1.8010419607162476,1.7427079677581787
2016-02-04,1.7254170179367065,1.7395830154418945
2016-02-05,1.7229169607162476,1.5606249570846558
2016-02-08,1.4735419750213623,1.4893749952316284
2016-02-09,1.4279170036315918,1.4720829725265503
2016-02-10,1.5260419845581055,1.4895830154418945
2016-02-11,1.4333330392837524,1.4860420227050781
2016-02-12,1.5325000286102295,1.549375057220459
2016-02-16,1.621250033378601,1.652500033378601
2016-02-17,1.6943750381469727,1.7666670083999634
2016-02-18,1.7854169607162476,1.7066669464111328
2016-02-19,1.6872919797897339,1.7243750095367432
2016-02-22,1.7712500095367432,1.8058329820632935
2016-02-23,1.7739579677581787,1.7158329486846924
2016-02-24,1.6577080488204956,1.7668750286102295
2016-02-25,1.7785420417785645,1.8156249523162842
2016-02-26,1.8570829629898071,1.8114579916000366
2016-02-29,1.8072919845581055,1.7635420560836792
2016-03-01,1.8118749856948853,1.9322919845581055
2016-03-02,1.9249999523162842,1.9343750476837158
2016-03-03,1.9293750524520874,1.9235420227050781
2016-03-04,1.9308329820632935,1.9268749952316284
2016-03-07,1.896875023841858,1.8910419940948486
2016-03-08,1.8508330583572388,1.8410420417785645
2016-03-09,1.865833044052124,1.8762500286102295
2016-03-10,1.90625,1.8691669702529907
2016-03-11,1.929582953453064,1.9660420417785645
2016-03-14,1.9462499618530273,1.9774999618530273
2016-03-15,1.9574999809265137,1.9762500524520874
2016-03-16,1.9587500095367432,2.0266671180725098
2016-03-17,2.0112500190734863,2.0208330154418945
2016-03-18,2.0374999046325684,2.0325000286102295
2016-03-21,2.023750066757202,2.0566670894622803
2016-03-22,2.0233330726623535,2.075000047683716
2016-03-23,2.063957929611206,2.025624990463257
2016-03-24,1.9927079677581787,2.0250000953674316
2016-03-28,2.045417070388794,2.0177080631256104
2016-03-29,2.006666898727417,2.1141669750213623
2016-03-30,2.152708053588867,2.1458330154418945
2016-03-31,2.1410419940948486,2.1333329677581787
2016-04-01,2.100832939147949,2.2043750286102295
2016-04-04,2.2010419368743896,2.1770830154418945
2016-04-05,2.1272919178009033,2.118541955947876
2016-04-06,2.125,2.2200000286102295
2016-04-07,2.1822919845581055,2.124166965484619
2016-04-08,2.162708044052124,2.1191670894622803
2016-04-11,2.146667003631592,2.0964579582214355
2016-04-12,2.100416898727417,2.1454169750213623
2016-04-13,2.1977078914642334,2.2291669845581055
2016-04-14,2.2297921180725098,2.2306249141693115
2016-04-15,2.2233328819274902,2.2135419845581055
2016-04-18,2.1952080726623535,2.2462499141693115
2016-04-19,2.268749952316284,2.2074999809265137
2016-04-20,2.204582929611206,2.2129170894622803
2016-04-21,2.211667060852051,2.2135419845581055
2016-04-22,2.128541946411133,2.113332986831665
2016-04-25,2.090208053588867,2.1116669178009033
2016-04-26,2.123958110809326,2.0827078819274902
2016-04-27,2.019582986831665,2.032707929611206
2016-04-28,2.039375066757202,1.9606250524520874
2016-04-29,1.9539580345153809,1.9293750524520874
2016-05-02,1.941457986831665,1.980417013168335
2016-05-03,1.9389580488204956,1.9277080297470093
2016-05-04,1.8922920227050781,1.8895829916000366
2016-05-05,1.9075000286102295,1.8885420560836792
2016-05-06,1.8583329916000366,1.9158329963684082
2016-05-09,1.9177080392837524,1.9327080249786377
2016-05-10,1.9533330202102661,2.0137500762939453
2016-05-11,2.003957986831665,1.9587500095367432
2016-05-12,1.974166989326477,1.931249976158142
2016-05-13,1.9299999475479126,1.9079170227050781
2016-05-16,1.915624976158142,1.9814579486846924
2016-05-17,1.9791669845581055,1.9054169654846191
2016-05-18,1.8947919607162476,1.9270830154418945
2016-05-19,1.9035420417785645,1.8966670036315918
2016-05-20,1.9197920560836792,1.9600000381469727
2016-05-23,1.965000033378601,1.9504170417785645
2016-05-24,1.9839580059051514,2.0697920322418213
2016-05-25,2.0935420989990234,2.114375114440918
2016-05-26,2.121458053588867,2.132082939147949
2016-05-27,2.135624885559082,2.1641669273376465
2016-05-31,2.176042079925537,2.1770830154418945
2016-06-01,2.157291889190674,2.177917003631592
2016-06-02,2.1631250381469727,2.1902079582214355
2016-06-03,2.1777079105377197,2.160207986831665
2016-06-06,2.1700000762939453,2.183332920074463
2016-06-07,2.1904170513153076,2.167917013168335
2016-06-08,2.1797919273376465,2.177500009536743
2016-06-09,2.1514580249786377,2.167917013168335
2016-06-10,2.1095829010009766,2.0950000286102295
2016-06-13,2.0597920417785645,2.041249990463257
2016-06-14,2.024583101272583,2.0422921180725098
2016-06-15,2.0556249618530273,2.0239579677581787
2016-06-16,1.9941669702529907,2.0385420322418213
2016-06-17,2.030208110809326,1.96875
2016-06-20,2.039375066757202,2.004167079925537
2016-06-21,2.016458034515381,2.024167060852051
2016-06-22,2.0299999713897705,2.0110421180725098
2016-06-23,2.0577080249786377,2.0958330631256104
2016-06-24,1.875,1.8391669988632202
2016-06-27,1.7972919940948486,1.7320829629898071
2016-06-28,1.7847919464111328,1.8406250476837158
2016-06-29,1.8856250047683716,1.9362499713897705
2016-06-30,1.9479169845581055,2.006666898727417
2016-07-01,2.003124952316284,2.0341670513153076
2016-07-05,2.0079169273376465,1.9981249570846558
2016-07-06,1.9708329439163208,2.045207977294922
2016-07-07,2.054374933242798,2.0645830631256104
2016-07-08,2.095207929611206,2.1600000858306885
2016-07-11,2.1845829486846924,2.1968750953674316
2016-07-12,2.23770809173584,2.2314579486846924
2016-07-13,2.2495830059051514,2.2158329486846924
2016-07-14,2.2597920894622803,2.2608330249786377
2016-07-15,2.2754170894622803,2.2481250762939453
2016-07-18,2.254167079925537,2.292917013168335
2016-07-19,2.2708330154418945,2.269166946411133
2016-07-20,2.303957939147949,2.346874952316284
2016-07-21,2.3539578914642334,2.3329169750213623
2016-07-22,2.3383328914642334,2.359999895095825
2016-07-25,2.3547921180725098,2.3620829582214355
2016-07-26,2.3597919940948486,2.369999885559082
2016-07-27,2.4281249046325684,2.416249990463257
2016-07-28,2.4295830726623535,2.442500114440918
2016-07-29,2.4600000381469727,2.4585421085357666
2016-08-01,2.464582920074463,2.4970829486846924
2016-08-02,2.4864580631256104,2.44083309173584
2016-08-03,2.4354169368743896,2.4639580249786377
2016-08-04,2.4633328914642334,2.486042022705078
2016-08-05,2.526249885559082,2.5579171180725098
2016-08-08,2.5622920989990234,2.5497920513153076
2016-08-09,2.5541670322418213,2.566667079925537
2016-08-10,2.568542003631592,2.546875
2016-08-11,2.5708329677581787,2.579792022705078
2016-08-12,2.5645830631256104,2.584583044052124
2016-08-15,2.59375,2.6170830726623535
2016-08-16,2.601875066757202,2.5758330821990967
2016-08-17,2.5758330821990967,2.5879170894622803
2016-08-18,2.579792022705078,2.59041690826416
2016-08-19,2.5762500762939453,2.5868749618530273
2016-08-22,2.574583053588867,2.5893750190734863
2016-08-23,2.620832920074463,2.6047921180725098
2016-08-24,2.6010420322418213,2.5545830726623535
2016-08-25,2.534374952316284,2.5425000190734863
2016-08-26,2.545833110809326,2.5547919273376465
2016-08-29,2.5562500953674316,2.561875104904175
2016-08-30,2.552500009536743,2.538749933242798
2016-08-31,2.527708053588867,2.532083034515381
2016-09-01,2.533750057220459,2.543333053588867
2016-09-02,2.5885419845581055,2.573124885559082
2016-09-06,2.5885419845581055,2.620832920074463
2016-09-07,2.628957986831665,2.625624895095825
2016-09-08,2.6041669845581055,2.580625057220459
2016-09-09,2.5177080631256104,2.384999990463257
2016-09-12,2.3491671085357666,2.5072920322418213
2016-09-13,2.473750114440918,2.448124885559082
2016-09-14,2.4543750286102295,2.4795830249786377
2016-09-15,2.483333110809326,2.594583034515381
2016-09-16,2.588124990463257,2.5916669368743896
2016-09-19,2.6114580631256104,2.5577080249786377
2016-09-20,2.5833330154418945,2.5718750953674316
2016-09-21,2.6041669845581055,2.646667003631592
2016-09-22,2.6962499618530273,2.7085421085357666
2016-09-23,2.700000047683716,2.659791946411133
2016-09-26,2.6139578819274902,2.59375
2016-09-27,2.5908329486846924,2.6672921180725098
2016-09-28,2.676875114440918,2.681874990463257
2016-09-29,2.670417070388794,2.625
2016-09-30,2.649167060852051,2.678957939147949
2016-10-03,2.6697919368743896,2.672916889190674
2016-10-04,2.6918749809265137,2.657707929611206
2016-10-05,2.681874990463257,2.6854169368743896
2016-10-06,2.675416946411133,2.6812500953674316
2016-10-07,2.6897919178009033,2.663749933242798
2016-10-10,2.703125,2.7114579677581787
2016-10-11,2.7058329582214355,2.599375009536743
2016-10-12,2.6020829677581787,2.5939579010009766
2016-10-13,2.539792060852051,2.563541889190674
2016-10-14,2.5981249809265137,2.5693750381469727
2016-10-17,2.5687499046325684,2.5516669750213623
2016-10-18,2.640625,2.6170830726623535
2016-10-19,2.6122920513153076,2.6181249618530273
2016-10-20,2.60604190826416,2.6070830821990967
2016-10-21,2.61270809173584,2.6354169845581055
2016-10-24,2.6887500286102295,2.7314579486846924
2016-10-25,2.7339580059051514,2.704166889190674
2016-10-26,2.652082920074463,2.652292013168335
2016-10-27,2.6847920417785645,2.6152079105377197
2016-10-28,2.59041690826416,2.569999933242798
2016-10-31,2.5950000286102295,2.555417060852051
2016-11-01,2.5718750953674316,2.5029170513153076
2016-11-02,2.4945828914642334,2.4377079010009766
2016-11-03,2.4277079105377197,2.367500066757202
2016-11-04,2.3456249237060547,2.340625047683716
2016-11-07,2.453958034515381,2.5083329677581787
2016-11-08,2.5,2.557499885559082
2016-11-09,2.4668750762939453,2.5933330059051514
2016-11-10,2.6247920989990234,2.4700000286102295
2016-11-11,2.431874990463257,2.467916965484619
2016-11-14,2.4725000858306885,2.384582996368408
2016-11-15,2.444999933242798,2.494999885559082
2016-11-16,2.457292079925537,2.5356249809265137
2016-11-17,2.5339579582214355,2.594374895095825
2016-11-18,2.5991671085357666,2.5652079582214355
2016-11-21,2.58145809173584,2.642292022705078
2016-11-22,2.674375057220459,2.6660420894622803
2016-11-23,2.6404170989990234,2.633958101272583
2016-11-25,2.6464579105377197,2.659374952316284
2016-11-28,2.647291898727417,2.644582986831665
2016-11-29,2.6468749046325684,2.6700000762939453
2016-11-30,2.675416946411133,2.5835421085357666
2016-12-01,2.5704169273376465,2.441667079925537
2016-12-02,2.443958044052124,2.451457977294922
2016-12-05,2.491041898727417,2.508125066757202
2016-12-06,2.5274999141693115,2.526249885559082
2016-12-07,2.511457920074463,2.619999885559082
2016-12-08,2.626667022705078,2.6360421180725098
2016-12-09,2.665832996368408,2.6977078914642334
2016-12-12,2.6608328819274902,2.660207986831665
2016-12-13,2.689167022705078,2.764167070388794
2016-12-14,2.769582986831665,2.743957996368408
2016-12-15,2.751457929611206,2.760624885559082
2016-12-16,2.7735419273376465,2.7270829677581787
2016-12-19,2.738542079925537,2.7604169845581055
2016-12-20,2.782083034515381,2.793750047683716
2016-12-21,2.7947919368743896,2.7839579582214355
2016-12-22,2.785207986831665,2.7597920894622803
2016-12-23,2.748542070388794,2.7683329582214355
2016-12-27,2.7833330631256104,2.8087499141693115
2016-12-28,2.8258330821990967,2.7437500953674316
2016-12-29,2.7422919273376465,2.730417013168335
2016-12-30,2.746042013168335,2.650624990463257
2017-01-03,2.7002079486846924,2.714792013168335
2017-01-04,2.727292060852051,2.7610421180725098
2017-01-05,2.7587499618530273,2.809999942779541
2017-01-06,2.8152079582214355,2.8812499046325684
2017-01-09,2.8883330821990967,2.910417079925537
2017-01-10,2.9091670513153076,2.9270830154418945
2017-01-11,2.9291670322418213,2.949583053588867
2017-01-12,2.920417070388794,2.9345829486846924
2017-01-13,2.944166898727417,2.9683330059051514
2017-01-17,2.941667079925537,2.9404170513153076
2017-01-18,2.954166889190674,2.9604170322418213
2017-01-19,2.96875,2.952500104904175
2017-01-20,2.9916670322418213,2.9716670513153076
2017-01-23,2.9625000953674316,2.978332996368408
2017-01-24,2.9945828914642334,3.040416955947876
2017-01-25,3.095417022705078,3.129167079925537
2017-01-26,3.1433329582214355,3.142082929611206
2017-01-27,3.1583330631256104,3.157083034515381
2017-01-30,3.1237499713897705,3.0854170322418213
2017-01-31,3.0537500381469727,3.0683329105377197
2017-02-01,3.12833309173584,3.126667022705078
2017-02-02,3.110832929611206,3.1187500953674316
2017-02-03,3.1312499046325684,3.1458330154418945
2017-02-06,3.1304171085357666,3.1575000286102295
2017-02-07,3.1741669178009033,3.190000057220459
2017-02-08,3.1787500381469727,3.2079169750213623
2017-02-09,3.2166669368743896,3.2412500381469727
2017-02-10,3.2637500762939453,3.2733330726623535
2017-02-13,3.3041670322418213,3.3308329582214355
2017-02-14,3.3329169750213623,3.3620829582214355
2017-02-15,3.357917070388794,3.4200000762939453
2017-02-16,3.428333044052124,3.4170830249786377
2017-02-17,3.40291690826416,3.4600000381469727
2017-02-21,3.4841670989990234,3.515000104904175
2017-02-22,3.504167079925537,3.5154170989990234
2017-02-23,3.5308330059051514,3.4774999618530273
2017-02-24,3.427500009536743,3.4962499141693115
2017-02-27,3.477916955947876,3.506666898727417
2017-02-28,3.507082939147949,3.4791669845581055
2017-03-01,3.5399999618530273,3.5916669368743896
2017-03-02,3.5899999141693115,3.5350000858306885
2017-03-03,3.5266671180725098,3.553333044052124
2017-03-06,3.515000104904175,3.528749942779541
2017-03-07,3.5062499046325684,3.5112500190734863
2017-03-08,3.5199999809265137,3.5291669368743896
2017-03-09,3.5283329486846924,3.5399999618530273
2017-03-10,3.5854170322418213,3.578749895095825
2017-03-13,3.5754170417785645,3.5995829105377197
2017-03-14,3.575000047683716,3.5729169845581055
2017-03-15,3.5975000858306885,3.6354169845581055
2017-03-16,3.660417079925537,3.6333329677581787
2017-03-17,3.641666889190674,3.6245830059051514
2017-03-20,3.6245830059051514,3.6354169845581055
2017-03-21,3.675832986831665,3.4733328819274902
2017-03-22,3.475416898727417,3.5416669845581055
2017-03-23,3.528749942779541,3.5133330821990967
2017-03-24,3.5466670989990234,3.5325000286102295
2017-03-27,3.4604170322418213,3.5512499809265137
2017-03-28,3.550832986831665,3.617917060852051
2017-03-29,3.6212499141693115,3.665832996368408
2017-03-30,3.6645829677581787,3.68416690826416
2017-03-31,3.667917013168335,3.675416946411133
2017-04-03,3.6862499713897705,3.6675000190734863
2017-04-04,3.6354169845581055,3.68416690826416
2017-04-05,3.702083110809326,3.642082929611206
2017-04-06,3.654582977294922,3.6449999809265137
2017-04-07,3.6424999237060547,3.6408329010009766
2017-04-10,3.6533329486846924,3.6449999809265137
2017-04-11,3.6308329105377197,3.5991671085357666
2017-04-12,3.5950000286102295,3.5516669750213623
2017-04-13,3.5374999046325684,3.509582996368408
2017-04-17,3.5391669273376465,3.592916965484619
2017-04-18,3.5595829486846924,3.5824999809265137
2017-04-19,3.6237499713897705,3.5950000286102295
2017-04-20,3.6387500762939453,3.6820828914642334
2017-04-21,3.694166898727417,3.680417060852051
2017-04-24,3.8020830154418945,3.814167022705078
2017-04-25,3.8520829677581787,3.898750066757202
2017-04-26,3.9024999141693115,3.881666898727417
2017-04-27,3.9108328819274902,3.949583053588867
2017-04-28,3.997499942779541,3.97208309173584
2017-05-01,4.008749961853027,4.072082996368408
2017-05-02,4.092082977294922,4.096250057220459
2017-05-03,4.071249961853027,4.055832862854004
2017-05-04,4.05791711807251,4.059999942779541
2017-05-05,4.08916711807251,4.1041669845581055
2017-05-08,4.110416889190674,4.128749847412109
2017-05-09,4.1483330726623535,4.174167156219482
2017-05-10,4.178750038146973,4.180832862854004
2017-05-11,4.147082805633545,4.170833110809326
2017-05-12,4.176249980926514,4.1979169845581055
2017-05-15,4.202083110809326,4.2370829582214355
2017-05-16,4.267083168029785,4.290417194366455
2017-05-17,4.189582824707031,3.9658329486846924
2017-05-18,3.9600000381469727,4.066249847412109
2017-05-19,4.105833053588867,4.115417003631592
2017-05-22,4.144166946411133,4.22208309173584
2017-05-23,4.256667137145996,4.232500076293945
2017-05-24,4.267917156219482,4.290832996368408
2017-05-25,4.337916851043701,4.403749942779541
2017-05-26,4.400416851043701,4.422500133514404
2017-05-30,4.4116668701171875,4.431666851043701
2017-05-31,4.47208309173584,4.426249980926514
2017-06-01,4.452499866485596,4.4791669845581055
2017-06-02,4.5233330726623535,4.632082939147949
2017-06-05,4.62833309173584,4.62833309173584
2017-06-06,4.611667156219482,4.575832843780518
2017-06-07,4.608333110809326,4.625833034515381
2017-06-08,4.654582977294922,4.638332843780518
2017-06-09,4.65500020980835,4.302917003631592
2017-06-12,4.183332920074463,4.224999904632568
2017-06-13,4.290832996368408,4.323750019073486
2017-06-14,4.374582767486572,4.265832901000977
2017-06-15,4.1354169845581055,4.2083330154418945
2017-06-16,4.199999809265137,4.157917022705078
2017-06-19,4.273749828338623,4.359167098999023
2017-06-20,4.348750114440918,4.2604169845581055
2017-06-21,4.2866668701171875,4.384167194366455
2017-06-22,4.403749942779541,4.379167079925537
2017-06-23,4.363749980926514,4.428332805633545
2017-06-26,4.50124979019165,4.3695831298828125
2017-06-27,4.318749904632568,4.129167079925537
2017-06-28,4.172500133514404,4.302499771118164
2017-06-29,4.249582767486572,4.0833330154418945
2017-06-30,4.118750095367432,4.069167137145996
2017-07-03,4.141666889190674,3.9583330154418945
2017-07-05,3.9887499809265137,4.071249961853027
2017-07-06,3.9770829677581787,3.963749885559082
2017-07-07,4.0029168128967285,4.082499980926514
2017-07-10,4.097917079925537,4.167916774749756
2017-07-11,4.149582862854004,4.202083110809326
2017-07-12,4.307499885559082,4.3516669273376465
2017-07-13,4.368750095367432,4.3804168701171875
2017-07-14,4.4320831298828125,4.483333110809326
2017-07-17,4.497917175292969,4.485833168029785
2017-07-18,4.4766669273376465,4.574999809265137
2017-07-19,4.6145830154418945,4.658750057220459
2017-07-20,4.6929168701171875,4.676249980926514
2017-07-21,4.618332862854004,4.6691670417785645
2017-07-24,4.667916774749756,4.730000019073486
2017-07-25,4.68625020980835,4.698332786560059
2017-07-26,4.728332996368408,4.740417003631592
2017-07-27,4.8358330726623535,4.655832767486572
2017-07-28,4.573750019073486,4.640832901000977
2017-07-31,4.678750038146973,4.580417156219482
2017-08-01,4.62624979019165,4.610416889190674
2017-08-02,4.697500228881836,4.644166946411133
2017-08-03,4.6616668701171875,4.595832824707031
2017-08-04,4.622917175292969,4.613749980926514
2017-08-07,4.640832901000977,4.6954169273376465
2017-08-08,4.6745829582214355,4.677917003631592
2017-08-09,4.563333034515381,4.65958309173584
2017-08-10,4.581250190734863,4.357082843780518
2017-08-11,4.37833309173584,4.456666946411133
2017-08-14,4.560417175292969,4.630000114440918
2017-08-15,4.655832767486572,4.638332843780518
2017-08-16,4.670833110809326,4.662499904632568
2017-08-17,4.605833053588867,4.375833034515381
2017-08-18,4.382500171661377,4.360416889190674
2017-08-21,4.367917060852051,4.352499961853027
2017-08-22,4.4166669845581055,4.546249866485596
2017-08-23,4.4716668128967285,4.49541711807251
2017-08-24,4.5283331871032715,4.457917213439941
2017-08-25,4.50333309173584,4.427917003631592
2017-08-28,4.466667175292969,4.466667175292969
2017-08-29,4.350417137145996,4.521667003631592
2017-08-30,4.529582977294922,4.678332805633545
2017-08-31,4.716249942779541,4.81125020980835
2017-09-01,4.847917079925537,4.80791711807251
2017-09-05,4.762083053588867,4.679166793823242
2017-09-06,4.717082977294922,4.719583034515381
2017-09-07,4.7470831871032715,4.74875020980835
2017-09-08,4.730833053588867,4.631667137145996
2017-09-11,4.736249923706055,4.779167175292969
2017-09-12,4.824999809265137,4.819582939147949
2017-09-13,4.7916669845581055,4.839582920074463
2017-09-14,4.786250114440918,4.7579169273376465
2017-09-15,4.7529168128967285,4.796249866485596
2017-09-18,4.81708288192749,4.78458309173584
2017-09-19,4.8070831298828125,4.804999828338623
2017-09-20,4.802499771118164,4.764999866485596
2017-09-21,4.750833034515381,4.673333168029785
2017-09-22,4.627082824707031,4.6616668701171875
2017-09-25,4.604582786560059,4.515417098999023
2017-09-26,4.5808329582214355,4.546249866485596
2017-09-27,4.618750095367432,4.669582843780518
2017-09-28,4.635832786560059,4.6616668701171875
2017-09-29,4.690000057220459,4.7604169845581055
2017-10-02,4.784999847412109,4.773749828338623
2017-10-03,4.7916669845581055,4.803750038146973
2017-10-04,4.7758331298828125,4.816249847412109
2017-10-05,4.872499942779541,4.954999923706055
2017-10-06,4.908332824707031,4.972917079925537
2017-10-09,4.995832920074463,4.960416793823242
2017-10-10,5.007500171661377,4.970832824707031
2017-10-11,4.964582920074463,5.014166831970215
2017-10-12,4.992917060852051,4.9870829582214355
2017-10-13,5.044582843780518,5.042916774749756
2017-10-16,5.0808329582214355,5.09499979019165
2017-10-17,5.088749885559082,5.112916946411133
2017-10-18,5.127082824707031,5.093332767486572
2017-10-19,5.005833148956299,5.037083148956299
2017-10-20,5.097499847412109,5.073750019073486
2017-10-23,5.105833053588867,4.9791669845581055
2017-10-24,5.0029168128967285,5.00458288192749
2017-10-25,4.970832824707031,4.943749904632568
2017-10-26,4.936666965484619,4.897916793823242
2017-10-27,5.130833148956299,5.320000171661377
2017-10-30,5.306666851043701,5.357916831970215
2017-10-31,5.405832767486572,5.414583206176758
2017-11-01,5.482500076293945,5.40749979019165
2017-11-02,5.391250133514404,5.380000114440918
2017-11-03,5.437082767486572,5.53000020980835
2017-11-06,5.520417213439941,5.586249828338623
2017-11-07,5.573750019073486,5.595417022705078
2017-11-08,5.590000152587891,5.665417194366455
2017-11-09,5.527500152587891,5.574583053588867
2017-11-10,5.537083148956299,5.5729169845581055
2017-11-13,5.514166831970215,5.589582920074463
2017-11-14,5.533332824707031,5.533332824707031
2017-11-15,5.462500095367432,5.452083110809326
2017-11-16,5.537917137145996,5.65625
2017-11-17,5.662083148956299,5.592916965484619
2017-11-20,5.6016669273376465,5.579166889190674
2017-11-21,5.657083034515381,5.755000114440918
2017-11-22,5.775416851043701,5.77791690826416
2017-11-24,5.800000190734863,5.842916965484619
2017-11-27,5.835416793823242,5.8333330154418945
2017-11-28,5.872917175292969,5.87624979019165
2017-11-29,5.861667156219482,5.574166774749756
2017-11-30,5.644166946411133,5.712500095367432
2017-12-01,5.602083206176758,5.636250019073486
2017-12-04,5.74666690826416,5.441667079925537
2017-12-05,5.4320831298828125,5.449583053588867
2017-12-06,5.389166831970215,5.521667003631592
2017-12-07,5.525000095367432,5.576250076293945
2017-12-08,5.699999809265137,5.650000095367432
2017-12-11,5.658750057220459,5.779582977294922
2017-12-12,5.771249771118164,5.7579169273376465
2017-12-13,5.823332786560059,5.7866668701171875
2017-12-14,5.8204169273376465,5.7783331871032715
2017-12-15,5.845832824707031,5.966249942779541
2017-12-18,6.083749771118164,6.1195831298828125
2017-12-19,6.086667060852051,6.019999980926514
2017-12-20,6.077499866485596,5.994999885559082
2017-12-21,6.016250133514404,5.9920830726623535
2017-12-22,5.966667175292969,5.97208309173584
2017-12-26,5.876667022705078,5.875417232513428
2017-12-27,5.875833034515381,5.875417232513428
2017-12-28,5.927499771118164,5.891250133514404
2017-12-29,5.913332939147949,5.78000020980835
2018-01-02,5.870832920074463,6.076666831970215
2018-01-03,6.101250171661377,6.25458288192749
2018-01-04,6.327917098999023,6.291250228881836
2018-01-05,6.379167079925537,6.481249809265137
2018-01-08,6.480416774749756,6.553332805633545
2018-01-09,6.593332767486572,6.558332920074463
2018-01-10,6.467082977294922,6.511666774749756
2018-01-11,6.544582843780518,6.642083168029785
2018-01-12,6.6195831298828125,6.782917022705078
2018-01-16,6.920000076293945,6.730416774749756
2018-01-17,6.820000171661377,6.942500114440918
2018-01-18,6.912083148956299,6.949166774749756
2018-01-19,7.008749961853027,7.015832901000977
2018-01-22,6.999166965484619,7.235000133514404
2018-01-23,7.3045830726623535,7.418333053588867
2018-01-24,7.458749771118164,7.267917156219482
2018-01-25,7.419582843780518,7.258749961853027
2018-01-26,7.375,7.582917213439941
2018-01-29,7.537917137145996,7.482500076293945
2018-01-30,7.274167060852051,7.291250228881836
2018-01-31,7.418749809265137,7.381249904632568
2018-02-01,7.217916965484619,7.196667194366455
2018-02-02,7.116250038146973,6.757082939147949
2018-02-05,6.5729169845581055,5.977083206176758
2018-02-06,5.700832843780518,6.437917232513428
2018-02-07,6.377500057220459,6.183332920074463
2018-02-08,6.2470831871032715,5.417082786560059
2018-02-09,5.633333206176758,5.672082901000977
2018-02-12,5.865832805633545,5.9895830154418945
2018-02-13,5.884582996368408,6.0625
2018-02-14,5.9716668128967285,6.417500019073486
2018-02-15,6.5833330154418945,6.7529168128967285
2018-02-16,6.703750133514404,6.677499771118164
2018-02-20,6.600832939147949,6.7108330726623535
2018-02-21,6.8070831298828125,6.650416851043701
2018-02-22,6.7470831871032715,6.65166711807251
2018-02-23,6.802499771118164,7.047916889190674
2018-02-26,7.158750057220459,7.3308329582214355
2018-02-27,7.34375,7.068333148956299
2018-02-28,7.18625020980835,6.926249980926514
2018-03-01,6.941667079925537,6.592916965484619
2018-03-02,6.361667156219482,6.774167060852051
2018-03-05,6.678750038146973,6.986667156219482
2018-03-06,7.0908331871032715,7.074999809265137
2018-03-07,6.920416831970215,7.1279168128967285
2018-03-08,7.207499980926514,7.234167098999023
2018-03-09,7.3983330726623535,7.655416965484619
2018-03-12,7.7291669845581055,7.769999980926514
2018-03-13,7.7291669845581055,7.487916946411133
2018-03-14,7.582499980926514,7.462500095367432
2018-03-15,7.485000133514404,7.429166793823242
2018-03-16,7.4716668128967285,7.380000114440918
2018-03-19,7.187082767486572,6.9166669845581055
2018-03-20,6.918333053588867,6.96750020980835
2018-03-21,6.9166669845581055,6.866666793823242
2018-03-22,6.599999904632568,6.364999771118164
2018-03-23,6.341667175292969,5.850832939147949
2018-03-26,6.2083330154418945,6.509167194366455
2018-03-27,6.662083148956299,5.885000228881836
2018-03-28,5.782083034515381,5.6820831298828125
2018-03-29,5.7683329582214355,5.99666690826416
2018-04-02,5.855000019073486,5.46416711807251
2018-04-03,5.6145830154418945,5.647500038146973
2018-04-04,5.3179168701171875,5.914583206176758
2018-04-05,6.0908331871032715,6.007500171661377
2018-04-06,5.8204169273376465,5.55916690826416
2018-04-09,5.7058329582214355,5.670416831970215
2018-04-10,5.935417175292969,6.045000076293945
2018-04-11,5.941667079925537,5.943333148956299
2018-04-12,6.0625,6.15166711807251
2018-04-13,6.250417232513428,6.060417175292969
2018-04-16,6.18416690826416,6.194167137145996
2018-04-17,6.380000114440918,6.59041690826416
2018-04-18,6.599999904632568,6.636250019073486
2018-04-19,6.540417194366455,6.4558329582214355
2018-04-20,6.40625,6.146249771118164
2018-04-23,6.2316670417785645,6.097917079925537
2018-04-24,6.178332805633545,5.709167003631592
2018-04-25,5.736667156219482,5.7316670417785645
2018-04-26,5.949583053588867,6.087082862854004
2018-04-27,6.353332996368408,6.101250171661377
2018-04-30,6.142083168029785,5.971250057220459
2018-05-01,5.9191670417785645,6.165417194366455
2018-05-02,6.206250190734863,6.05791711807251
2018-05-03,5.977083206176758,6.058332920074463
2018-05-04,5.9816670417785645,6.399167060852051
2018-05-07,6.494166851043701,6.551249980926514
2018-05-08,6.516250133514404,6.529582977294922
2018-05-09,6.574999809265137,6.748332977294922
2018-05-10,6.8125,6.9583330154418945
2018-05-11,6.922916889190674,6.9375
2018-05-14,6.981249809265137,6.968332767486572
2018-05-15,6.802499771118164,6.742917060852051
2018-05-16,6.758333206176758,6.8670830726623535
2018-05-17,6.797082901000977,6.789583206176758
2018-05-18,6.712082862854004,6.680832862854004
2018-05-21,6.834167003631592,6.797500133514404
2018-05-22,6.884582996368408,6.762083053588867
2018-05-23,6.612500190734863,6.9320831298828125
2018-05-24,6.929999828338623,6.926249980926514
2018-05-25,6.928750038146973,6.943749904632568
2018-05-29,6.848750114440918,6.855000019073486
2018-05-30,6.925000190734863,7.00124979019165
2018-05-31,6.991250038146973,6.986249923706055
2018-06-01,7.081250190734863,7.31125020980835
2018-06-04,7.362500190734863,7.49875020980835
2018-06-05,7.558750152587891,7.576250076293945
2018-06-06,7.599999904632568,7.701250076293945
2018-06-07,7.711249828338623,7.522500038146973
2018-06-08,7.403749942779541,7.517499923706055
2018-06-11,7.49875020980835,7.576250076293945
2018-06-12,7.607500076293945,7.696249961853027
2018-06-13,7.724999904632568,7.6875
2018-06-14,7.797500133514404,7.921249866485596
2018-06-15,7.829999923706055,7.84250020980835
2018-06-18,7.6875,7.824999809265137
2018-06-19,7.523749828338623,7.755000114440918
2018-06-20,7.857500076293945,7.917500019073486
2018-06-21,7.972499847412109,7.712500095367432
2018-06-22,7.789999961853027,7.635000228881836
2018-06-25,7.452499866485596,7.147500038146973
2018-06-26,7.216249942779541,7.226250171661377
2018-06-27,7.317500114440918,6.93625020980835
2018-06-28,6.902500152587891,7.106249809265137
2018-06-29,7.208749771118164,7.138750076293945
2018-07-02,6.957499980926514,7.298749923706055
2018-07-03,7.377500057220459,7.047500133514404
2018-07-05,7.18625020980835,7.306250095367432
2018-07-06,7.351250171661377,7.635000228881836
2018-07-09,7.760000228881836,7.847499847412109
2018-07-10,7.881249904632568,7.866250038146973
2018-07-11,7.6875,7.75124979019165
2018-07-12,7.846250057220459,8.133749961853027
2018-07-13,8.135000228881836,8.157500267028809
2018-07-16,8.163749694824219,8.102499961853027
2018-07-17,7.849999904632568,8.2524995803833
2018-07-18,8.25,8.199999809265137
2018-07-19,8.119999885559082,8.078749656677246
2018-07-20,8.145000457763672,8.067500114440918
2018-07-23,7.996250152587891,8.137499809265137
2018-07-24,8.393750190734863,8.241250038146973
2018-07-25,8.2524995803833,8.585000038146973
2018-07-26,8.239999771118164,8.210000038146973
2018-07-27,8.354999542236328,7.867499828338623
2018-07-30,7.868750095367432,7.528749942779541
2018-07-31,7.608749866485596,7.678750038146973
2018-08-01,7.75,7.783750057220459
2018-08-02,7.612500190734863,8.09375
2018-08-03,8.136249542236328,8.166250228881836
2018-08-06,8.15625,8.31624984741211
2018-08-07,8.381250381469727,8.397500038146973
2018-08-08,8.369999885559082,8.420000076293945
2018-08-09,8.412500381469727,8.412500381469727
2018-08-10,8.244999885559082,8.2162504196167
2018-08-13,8.261249542236328,8.192500114440918
2018-08-14,8.282500267028809,8.34375
2018-08-15,8.154999732971191,8.039999961853027
2018-08-16,8.217499732971191,8.113750457763672
2018-08-17,8.048749923706055,8.112500190734863
2018-08-20,8.171250343322754,8.0962495803833
2018-08-21,8.167499542236328,8.180000305175781
2018-08-22,8.125,8.274999618530273
2018-08-23,8.233750343322754,8.233750343322754
2018-08-24,8.321249961853027,8.462499618530273
2018-08-27,8.598750114440918,8.717499732971191
2018-08-28,8.789999961853027,8.756250381469727
2018-08-29,8.801250457763672,9.0625
2018-08-30,9.007499694824219,9.011249542236328
2018-08-31,8.977499961853027,9.037500381469727
2018-09-04,8.958749771118164,8.930000305175781
2018-09-05,8.875,8.574999809265137
2018-09-06,8.59000015258789,8.3412504196167
2018-09-07,8.170000076293945,8.258749961853027
2018-09-10,8.386249542236328,8.331250190734863
2018-09-11,8.2212495803833,8.516249656677246
2018-09-12,8.481249809265137,8.442500114440918
2018-09-13,8.587499618530273,8.692500114440918
2018-09-14,8.723750114440918,8.626250267028809
2018-09-17,8.577500343322754,8.262499809265137
2018-09-18,8.279999732971191,8.458749771118164
2018-09-19,8.462499618530273,8.4399995803833
2018-09-20,8.602499961853027,8.704999923706055
2018-09-21,8.782500267028809,8.56624984741211
2018-09-24,8.388750076293945,8.640000343322754
2018-09-25,8.623749732971191,8.675000190734863
2018-09-26,8.682499885559082,8.666250228881836
2018-09-27,8.795000076293945,8.90625
2018-09-28,8.829999923706055,8.892499923706055
2018-10-01,9.0625,8.943750381469727
2018-10-02,8.920000076293945,8.892499923706055
2018-10-03,9.001250267028809,8.918749809265137
2018-10-04,8.8125,8.40999984741211
2018-10-05,8.399999618530273,8.09375
2018-10-08,7.980000019073486,7.948750019073486
2018-10-09,7.958749771118164,8.010000228881836
2018-10-10,7.87375020980835,6.971250057220459
2018-10-11,6.87624979019165,6.68874979019165
2018-10-12,7.222499847412109,7.253749847412109
2018-10-15,7.182499885559082,6.980000019073486
2018-10-16,7.204999923706055,7.581250190734863
2018-10-17,7.710000038146973,7.606249809265137
2018-10-18,7.507500171661377,7.078750133514404
2018-10-19,7.223750114440918,7.050000190734863
2018-10-22,7.176249980926514,7.15625
2018-10-23,6.773749828338623,7.077499866485596
2018-10-24,7.051249980926514,6.114999771118164
2018-10-25,6.386250019073486,6.742499828338623
2018-10-26,6.050000190734863,6.21875
2018-10-29,6.497499942779541,5.886250019073486
2018-10-30,5.78000020980835,6.113749980926514
2018-10-31,6.40625,6.526249885559082
2018-11-01,6.583749771118164,6.81125020980835
2018-11-02,6.743750095367432,6.506249904632568
2018-11-05,6.510000228881836,6.442500114440918
2018-11-06,6.426249980926514,6.578750133514404
2018-11-07,6.81374979019165,7.183750152587891
2018-11-08,7.098750114440918,7.06125020980835
2018-11-09,6.864999771118164,6.702499866485596
2018-11-12,6.5625,6.113749980926514
2018-11-13,6.183750152587891,6.111249923706055
2018-11-14,6.284999847412109,5.956250190734863
2018-11-15,5.923749923706055,6.275000095367432
2018-11-16,6.09499979019165,6.206250190734863
2018-11-19,6.114999771118164,5.611249923706055
2018-11-20,5.215000152587891,5.300000190734863
2018-11-21,5.503749847412109,5.418749809265137
2018-11-23,5.284999847412109,5.298749923706055
2018-11-26,5.522500038146973,5.662499904632568
2018-11-27,5.577499866485596,5.721250057220459
2018-11-28,5.849999904632568,6.263750076293945
2018-11-29,6.190000057220459,6.206250190734863
2018-11-30,6.230000019073486,6.336249828338623
2018-12-03,6.760000228881836,6.661250114440918
2018-12-04,6.568749904632568,5.928750038146973
2018-12-06,5.551249980926514,6.014999866485596
2018-12-07,5.949999809265137,5.426249980926514
2018-12-10,5.394999980926514,5.596250057220459
2018-12-11,5.866250038146973,5.65625
2018-12-12,5.902500152587891,5.798749923706055
2018-12-13,5.912499904632568,5.800000190734863
2018-12-14,5.611249923706055,5.362500190734863
2018-12-17,5.308750152587891,5.016250133514404
2018-12-18,5.135000228881836,5.099999904632568
2018-12-19,5.088749885559082,4.731249809265137
2018-12-20,4.683750152587891,4.541250228881836
2018-12-21,4.581250190734863,4.102499961853027
2018-12-24,4.0,3.7987499237060547
2018-12-26,3.9124999046325684,4.482500076293945
2018-12-27,4.324999809265137,4.546249866485596
2018-12-28,4.625,4.527500152587891
2018-12-31,4.670000076293945,4.630000114440918
2019-01-02,4.347499847412109,4.696249961853027
2019-01-03,4.497499942779541,4.241250038146973
2019-01-04,4.443749904632568,4.783750057220459
2019-01-07,4.808750152587891,4.93625020980835
2019-01-08,5.086249828338623,5.078750133514404
2019-01-09,5.139999866485596,5.198750019073486
2019-01-10,5.079999923706055,5.24875020980835
2019-01-11,5.15500020980835,5.18625020980835
2019-01-14,5.053750038146973,5.051249980926514
2019-01-15,5.117499828338623,5.331250190734863
2019-01-16,5.371250152587891,5.338749885559082
2019-01-17,5.287499904632568,5.463749885559082
2019-01-18,5.590000152587891,5.613749980926514
2019-01-22,5.50124979019165,5.303750038146973
2019-01-23,5.368750095367432,5.308750152587891
2019-01-24,5.352499961853027,5.402500152587891
2019-01-25,5.53249979019165,5.59499979019165
2019-01-28,5.37624979019165,5.388750076293945
2019-01-29,5.398749828338623,5.236249923706055
2019-01-30,5.412499904632568,5.628749847412109
2019-01-31,5.727499961853027,5.87624979019165
2019-02-01,5.792500019073486,5.801249980926514
2019-02-04,5.808750152587891,6.013750076293945
2019-02-05,6.046249866485596,6.172500133514404
2019-02-06,6.184999942779541,6.12375020980835
2019-02-07,5.958749771118164,5.87375020980835
2019-02-08,5.713749885559082,5.903749942779541
2019-02-11,5.971250057220459,5.889999866485596
2019-02-12,6.016250133514404,6.144999980926514
2019-02-13,6.232500076293945,6.15749979019165
2019-02-14,6.087500095367432,6.179999828338623
2019-02-15,6.31374979019165,6.253749847412109
2019-02-19,6.195000171661377,6.291250228881836
2019-02-20,6.306250095367432,6.286250114440918
2019-02-21,6.233749866485596,6.215000152587891
2019-02-22,6.257500171661377,6.349999904632568
2019-02-25,6.50124979019165,6.420000076293945
2019-02-26,6.369999885559082,6.440000057220459
2019-02-27,6.353750228881836,6.420000076293945
2019-02-28,6.363749980926514,6.380000114440918
2019-03-01,6.514999866485596,6.507500171661377
2019-03-04,6.621250152587891,6.508749961853027
2019-03-05,6.522500038146973,6.525000095367432
2019-03-06,6.541250228881836,6.412499904632568
2019-03-07,6.360000133514404,6.178750038146973
2019-03-08,5.96750020980835,6.143750190734863
2019-03-11,6.216249942779541,6.527500152587891
2019-03-12,6.578750133514404,6.633749961853027
2019-03-13,6.733749866485596,6.777500152587891
2019-03-14,6.789999961853027,6.747499942779541
2019-03-15,6.826250076293945,6.914999961853027
2019-03-18,6.921249866485596,6.977499961853027
2019-03-19,7.067500114440918,7.047500133514404
2019-03-20,7.043749809265137,7.12624979019165
2019-03-21,7.059999942779541,7.456250190734863
2019-03-22,7.358749866485596,6.96875
2019-03-25,6.882500171661377,6.925000190734863
2019-03-26,7.086249828338623,7.019999980926514
2019-03-27,7.048749923706055,6.882500171661377
2019-03-28,6.933750152587891,6.926249980926514
2019-03-29,7.078750133514404,7.082499980926514
2019-04-01,7.287499904632568,7.361249923706055
2019-04-02,7.386250019073486,7.442500114440918
2019-04-03,7.567500114440918,7.571249961853027
2019-04-04,7.572500228881836,7.559999942779541
2019-04-05,7.632500171661377,7.673749923706055
2019-04-08,7.635000228881836,7.733749866485596
2019-04-09,7.65500020980835,7.648749828338623
2019-04-10,7.682499885559082,7.772500038146973
2019-04-11,7.801249980926514,7.713749885559082
2019-04-12,7.8125,7.808750152587891
2019-04-15,7.808750152587891,7.815000057220459
2019-04-16,7.893750190734863,7.891250133514404
2019-04-17,8.045000076293945,7.96999979019165
2019-04-18,8.010000228881836,7.994999885559082
2019-04-22,7.893750190734863,8.0625
2019-04-23,8.126250267028809,8.368749618530273
2019-04-24,8.387499809265137,8.287500381469727
2019-04-25,8.4712495803833,8.380000114440918
2019-04-26,8.351249694824219,8.40999984741211
2019-04-29,8.407500267028809,8.454999923706055
2019-04-30,8.25,8.261249542236328
2019-05-01,8.414999961853027,8.166250228881836
2019-05-02,8.168749809265137,8.06624984741211
2019-05-03,8.267499923706055,8.446249961853027
2019-05-06,7.913750171661377,8.295000076293945
2019-05-07,8.026249885559082,7.8125
2019-05-08,7.733749866485596,7.743750095367432
2019-05-09,7.494999885559082,7.621250152587891
2019-05-10,7.53000020980835,7.642499923706055
2019-05-13,7.059999942779541,6.852499961853027
2019-05-14,6.952499866485596,7.067500114440918
2019-05-15,6.932499885559082,7.361249923706055
2019-05-16,7.375,7.591249942779541
2019-05-17,7.361249923706055,7.355000019073486
2019-05-20,7.047500133514404,6.986249923706055
2019-05-21,7.158750057220459,7.196249961853027
2019-05-22,7.072500228881836,7.102499961853027
2019-05-23,6.857500076293945,6.767499923706055
2019-05-24,6.883749961853027,6.757500171661377
2019-05-28,6.817500114440918,6.684999942779541
2019-05-29,6.56125020980835,6.517499923706055
2019-05-30,6.566249847412109,6.59499979019165
2019-05-31,6.358749866485596,6.277500152587891
2019-06-03,6.227499961853027,5.87624979019165
2019-06-04,6.050000190734863,6.352499961853027
2019-06-05,6.536250114440918,6.492499828338623
2019-06-06,6.525000095367432,6.642499923706055
2019-06-07,6.75,7.021249771118164
2019-06-10,7.170000076293945,7.277500152587891
2019-06-11,7.507500171661377,7.304999828338623
2019-06-12,7.241250038146973,7.181250095367432
2019-06-13,7.266250133514404,7.298749923706055
2019-06-14,7.183750152587891,7.203750133514404
2019-06-17,7.24875020980835,7.335000038146973
2019-06-18,7.59375,7.652500152587891
2019-06-19,7.691249847412109,7.742499828338623
2019-06-20,8.061249732971191,7.954999923706055
2019-06-21,7.913750171661377,7.918749809265137
2019-06-24,7.961249828338623,7.916250228881836
2019-06-25,7.897500038146973,7.511250019073486
2019-06-26,7.652500152587891,7.606249809265137
2019-06-27,7.68874979019165,7.68874979019165
2019-06-28,7.747499942779541,7.721250057220459
2019-07-01,8.162500381469727,8.0287504196167
2019-07-02,8.020000457763672,8.126250267028809
2019-07-03,8.177499771118164,8.306249618530273
2019-07-05,8.136249542236328,8.2524995803833
2019-07-08,8.098750114440918,8.078749656677246
2019-07-09,7.958749771118164,8.199999809265137
2019-07-10,8.350000381469727,8.442500114440918
2019-07-11,8.483750343322754,8.420000076293945
2019-07-12,8.443750381469727,8.561249732971191
2019-07-15,8.619999885559082,8.633749961853027
2019-07-16,8.606249809265137,8.511249542236328
2019-07-17,8.515000343322754,8.385000228881836
2019-07-18,8.261249542236328,8.421250343322754
2019-07-19,8.587499618530273,8.217499732971191
2019-07-22,8.279999732971191,8.411250114440918
2019-07-23,8.551250457763672,8.573749542236328
2019-07-24,8.479999542236328,8.756250381469727
2019-07-25,8.667499542236328,8.506250381469727
2019-07-26,8.662500381469727,8.758749961853027
2019-07-29,8.744999885559082,8.677499771118164
2019-07-30,8.477499961853027,8.561249732971191
2019-07-31,8.62874984741211,8.199999809265137
2019-08-01,8.244999885559082,8.085000038146973
2019-08-02,7.900000095367432,7.715000152587891
2019-08-05,7.242499828338623,6.90500020980835
2019-08-06,7.090000152587891,7.18874979019165
2019-08-07,6.951250076293945,7.293749809265137
2019-08-08,7.40500020980835,7.776249885559082
2019-08-09,7.65749979019165,7.546249866485596
2019-08-12,7.409999847412109,7.293749809265137
2019-08-13,7.28000020980835,7.772500038146973
2019-08-14,7.393750190734863,7.076250076293945
2019-08-15,7.112500190734863,7.046249866485596
2019-08-16,7.222499847412109,7.371250152587891
2019-08-19,7.683750152587891,7.716249942779541
2019-08-20,7.676249980926514,7.557499885559082
2019-08-21,7.753749847412109,7.75
2019-08-22,7.795000076293945,7.675000190734863
2019-08-23,7.516250133514404,6.972499847412109
2019-08-26,7.18625020980835,7.255000114440918
2019-08-27,7.40625,7.211249828338623
2019-08-28,7.138750076293945,7.283750057220459
2019-08-29,7.552499771118164,7.614999771118164
2019-08-30,7.739999771118164,7.56125020980835
2019-09-03,7.411250114440918,7.341249942779541
2019-09-04,7.547500133514404,7.650000095367432
2019-09-05,7.902500152587891,8.072500228881836
2019-09-06,8.106249809265137,8.050000190734863
2019-09-09,8.12125015258789,7.99875020980835
2019-09-10,7.867499828338623,7.932499885559082
2019-09-11,7.96875,8.146249771118164
2019-09-12,8.297499656677246,8.2475004196167
2019-09-13,8.212499618530273,8.15999984741211
2019-09-16,7.99875020980835,8.047499656677246
2019-09-17,8.045000076293945,8.1537504196167
2019-09-18,8.107500076293945,8.148750305175781
2019-09-19,8.19124984741211,8.1850004196167
2019-09-20,8.220000267028809,7.927499771118164
2019-09-23,7.909999847412109,7.934999942779541
2019-09-24,8.043749809265137,7.621250152587891
2019-09-25,7.59499979019165,7.864999771118164
2019-09-26,7.841249942779541,7.786250114440918
2019-09-27,7.818749904632568,7.503749847412109
2019-09-30,7.574999809265137,7.703750133514404
2019-10-01,7.789999961853027,7.517499923706055
2019-10-02,7.366250038146973,7.132500171661377
2019-10-03,7.127500057220459,7.367499828338623
2019-10-04,7.463749885559082,7.677499771118164
2019-10-07,7.607500076293945,7.606249809265137
2019-10-08,7.454999923706055,7.260000228881836
2019-10-09,7.449999809265137,7.480000019073486
2019-10-10,7.481249809265137,7.643750190734863
2019-10-11,7.902500152587891,7.929999828338623
2019-10-14,7.90625,7.93874979019165
2019-10-15,8.010000228881836,8.239999771118164
2019-10-16,8.15250015258789,8.178750038146973
2019-10-17,8.319999694824219,8.234999656677246
2019-10-18,8.202500343322754,7.99875020980835
2019-10-21,8.12874984741211,8.210000038146973
2019-10-22,8.295000076293945,8.020000457763672
2019-10-23,7.963749885559082,8.057499885559082
2019-10-24,8.233750343322754,8.288749694824219
2019-10-25,8.161250114440918,8.477499961853027
2019-10-28,8.607500076293945,8.736249923706055
2019-10-29,8.693750381469727,8.53499984741211
2019-10-30,8.579999923706055,8.654999732971191
2019-10-31,8.7212495803833,8.661250114440918
2019-11-01,8.776249885559082,8.896249771118164
2019-11-04,9.076250076293945,9.055000305175781
2019-11-05,9.0962495803833,9.06624984741211
2019-11-06,9.043749809265137,9.008749961853027
2019-11-07,9.151249885559082,9.100000381469727
2019-11-08,9.046250343322754,9.207500457763672
2019-11-11,9.071249961853027,9.168749809265137
2019-11-12,9.1899995803833,9.243749618530273
2019-11-13,9.1537504196167,9.229999542236328
2019-11-14,9.148750305175781,9.227499961853027
2019-11-15,9.388750076293945,9.401249885559082
2019-11-18,9.388750076293945,9.449999809265137
2019-11-19,9.55875015258789,9.488750457763672
2019-11-20,9.418749809265137,9.322500228881836
2019-11-21,9.289999961853027,9.25
2019-11-22,9.319999694824219,9.274999618530273
2019-11-25,9.390000343322754,9.5962495803833
2019-11-26,9.613750457763672,9.6537504196167
2019-11-27,9.72249984741211,9.848750114440918
2019-11-29,9.776249885559082,9.717499732971191
2019-12-02,9.717499732971191,9.404999732971191
2019-12-03,9.037500381469727,9.193750381469727
2019-12-04,9.336250305175781,9.329999923706055
2019-12-05,9.427499771118164,9.37874984741211
2019-12-06,9.585000038146973,9.668749809265137
2019-12-09,9.636249542236328,9.550000190734863
2019-12-10,9.556249618530273,9.5287504196167
2019-12-11,9.585000038146973,9.672499656677246
2019-12-12,9.641249656677246,9.893750190734863
2019-12-13,9.869999885559082,9.982500076293945
2019-12-16,10.177499771118164,10.268750190734863
2019-12-17,10.321249961853027,10.282500267028809
2019-12-18,10.331250190734863,10.306249618530273
2019-12-19,10.332500457763672,10.516249656677246
2019-12-20,10.6537504196167,10.641249656677246
2019-12-23,10.7524995803833,10.720000267028809
2019-12-24,10.743749618530273,10.729999542236328
2019-12-26,10.7787504196167,11.008749961853027
2019-12-27,11.126250267028809,10.976249694824219
2019-12-30,10.9662504196167,10.757499694824219
2019-12-31,10.662500381469727,10.818750381469727
2020-01-02,11.088749885559082,11.354999542236328
2020-01-03,10.911250114440918,11.046250343322754
2020-01-06,10.7837495803833,11.256250381469727
2020-01-07,11.267499923706055,11.242500305175781
2020-01-08,11.244999885559082,11.501250267028809
2020-01-09,11.7787504196167,11.791250228881836
2020-01-10,11.923749923706055,11.694999694824219
2020-01-13,11.8412504196167,12.103750228881836
2020-01-14,12.072500228881836,11.962499618530273
2020-01-15,11.97249984741211,11.970000267028809
2020-01-16,12.138750076293945,12.303750038146973
2020-01-17,12.463749885559082,12.487500190734863
2020-01-21,12.37874984741211,12.481249809265137
2020-01-22,12.6537504196167,12.56624984741211
2020-01-23,12.541250228881836,12.682499885559082
2020-01-24,12.862500190734863,12.353750228881836
2020-01-27,11.53125,11.59000015258789
2020-01-28,11.831250190734863,12.12874984741211
2020-01-29,12.328749656677246,12.172499656677246
2020-01-30,11.949999809265137,12.3100004196167
2020-01-31,12.460000038146973,11.704999923706055
2020-02-03,11.888750076293945,12.242500305175781
2020-02-04,12.75,13.078749656677246
2020-02-05,13.569999694824219,13.229999542236328
2020-02-06,13.313750267028809,13.552499771118164
2020-02-07,13.3725004196167,13.3774995803833
2020-02-10,13.2475004196167,13.859999656677246
2020-02-11,14.087499618530273,13.869999885559082
2020-02-12,14.111249923706055,14.276249885559082
2020-02-13,13.973750114440918,14.2212495803833
2020-02-14,14.27750015258789,14.317500114440918
2020-02-18,14.114999771118164,14.342499732971191
2020-02-19,14.601249694824219,14.757499694824219
2020-02-20,14.662500381469727,14.337499618530273
2020-02-21,14.132499694824219,13.517499923706055
2020-02-24,12.03499984741211,11.960000038146973
2020-02-25,12.241250038146973,10.992500305175781
2020-02-26,11.15999984741211,11.143750190734863
2020-02-27,10.287500381469727,9.477499961853027
2020-02-28,8.551250457763672,9.625
2020-03-02,9.9087495803833,10.938750267028809
2020-03-03,11.046250343322754,9.9087495803833
2020-03-04,10.442500114440918,11.111249923706055
2020-03-05,10.279999732971191,10.136249542236328
2020-03-06,9.0912504196167,9.604999542236328
2020-03-09,7.691249847412109,7.653749942779541
2020-03-10,8.4975004196167,8.845000267028809
2020-03-11,8.22249984741211,7.707499980926514
2020-03-12,6.1875,5.59499979019165
2020-03-13,6.53000020980835,7.105000019073486
2020-03-16,5.057499885559082,4.65625
2020-03-17,4.922500133514404,5.414999961853027
2020-03-18,4.537499904632568,4.913750171661377
2020-03-19,4.856249809265137,5.027500152587891
2020-03-20,5.37375020980835,4.43874979019165
2020-03-23,4.491250038146973,4.452499866485596
2020-03-24,5.153749942779541,5.445000171661377
2020-03-25,5.525000095367432,5.318749904632568
2020-03-26,5.478750228881836,6.184999942779541
2020-03-27,5.703750133514404,5.542500019073486
2020-03-30,5.697500228881836,6.125
2020-03-31,6.076250076293945,5.954999923706055
2020-04-01,5.449999809265137,5.216249942779541
2020-04-02,5.150000095367432,5.525000095367432
2020-04-03,5.482500076293945,5.302499771118164
2020-04-06,5.888750076293945,6.412499904632568
2020-04-07,6.987500190734863,6.400000095367432
2020-04-08,6.586249828338623,6.808750152587891
2020-04-09,6.991250038146973,6.833749771118164
2020-04-13,6.75,7.071249961853027
2020-04-14,7.506249904632568,7.988749980926514
2020-04-15,7.613749980926514,7.723750114440918
2020-04-16,7.976250171661377,8.137499809265137
2020-04-17,8.458749771118164,8.3412504196167
2020-04-20,8.148750305175781,8.071249961853027
2020-04-21,7.832499980926514,7.178750038146973
2020-04-22,7.628749847412109,7.81374979019165
2020-04-23,7.903749942779541,7.762499809265137
2020-04-24,7.817500114440918,8.137499809265137
2020-04-27,8.397500038146973,8.296250343322754
2020-04-28,8.52750015258789,7.847499847412109
2020-04-29,8.381250381469727,8.663749694824219
2020-04-30,8.801250457763672,8.7212495803833
2020-05-01,8.164999961853027,7.93874979019165
2020-05-04,7.817500114440918,8.21875
2020-05-05,8.4662504196167,8.481249809265137
2020-05-06,8.692500114440918,8.648750305175781
2020-05-07,8.978750228881836,8.986249923706055
2020-05-08,9.193750381469727,9.348750114440918
2020-05-11,9.18375015258789,9.581250190734863
2020-05-12,9.68375015258789,9.011249542236328
2020-05-13,9.073749542236328,8.670000076293945
2020-05-14,8.505000114440918,8.957500457763672
2020-05-15,8.588749885559082,9.111249923706055
2020-05-18,9.5,9.638750076293945
2020-05-19,9.672499656677246,9.5649995803833
2020-05-20,9.901249885559082,10.125
2020-05-21,10.154999732971191,9.813750267028809
2020-05-22,9.761249542236328,9.90250015258789
2020-05-26,10.381250381469727,9.861249923706055
2020-05-27,9.763750076293945,10.0
2020-05-28,9.824999809265137,9.936249732971191
2020-05-29,10.005000114440918,10.3462495803833
2020-06-01,10.257499694824219,10.473750114440918
2020-06-02,10.529999732971191,10.682499885559082
2020-06-03,10.768750190734863,10.827500343322754
2020-06-04,10.7787504196167,10.607500076293945
2020-06-05,10.737500190734863,11.236249923706055
2020-06-08,11.198749542236328,11.486249923706055
2020-06-09,11.361249923706055,11.742500305175781
2020-06-10,11.994999885559082,12.166250228881836
2020-06-11,11.572500228881836,10.375
2020-06-12,11.036250114440918,10.600000381469727
2020-06-15,10.135000228881836,10.973750114440918
2020-06-16,11.673749923706055,11.553750038146973
2020-06-17,11.771249771118164,11.666250228881836
2020-06-18,11.617500305175781,11.756250381469727
2020-06-19,12.12125015258789,11.739999771118164
2020-06-22,11.738750457763672,12.157500267028809
2020-06-23,12.421250343322754,12.475000381469727
2020-06-24,12.362500190734863,11.739999771118164
2020-06-25,11.738750457763672,12.051250457763672
2020-06-26,12.0024995803833,11.1850004196167
2020-06-29,11.151249885559082,11.542499542236328
2020-06-30,11.539999961853027,12.206250190734863
2020-07-01,12.232500076293945,12.642499923706055
2020-07-02,13.036250114440918,12.911250114440918
2020-07-06,13.412500381469727,13.859999656677246
2020-07-07,13.818750381469727,13.587499618530273
2020-07-08,13.803750038146973,14.109999656677246
2020-07-09,14.426250457763672,14.462499618530273
2020-07-10,14.427499771118164,14.768750190734863
2020-07-13,15.256250381469727,13.856249809265137
2020-07-14,13.448749542236328,14.149999618530273
2020-07-15,14.357500076293945,14.220000267028809
2020-07-16,13.755000114440918,13.914999961853027
2020-07-17,14.020000457763672,13.979999542236328
2020-07-20,14.100000381469727,15.170000076293945
2020-07-21,15.448749542236328,14.6850004196167
2020-07-22,14.771249771118164,14.854999542236328
2020-07-23,14.788749694824219,13.69124984741211
2020-07-24,13.063750267028809,13.286250114440918
2020-07-27,13.573749542236328,14.0
2020-07-28,13.885000228881836,13.473750114440918
2020-07-29,13.711250305175781,13.932499885559082
2020-07-30,13.612500190734863,14.1587495803833
2020-07-31,14.914999961853027,14.922499656677246
2020-08-03,15.28125,15.478750228881836
2020-08-04,15.414999961853027,15.680000305175781
2020-08-05,15.768750190734863,15.805000305175781
2020-08-06,15.763750076293945,16.40999984741211
2020-08-07,16.327499389648438,15.873749732971191
2020-08-10,15.9087495803833,15.65999984741211
2020-08-11,15.444999694824219,14.771249771118164
2020-08-12,15.137499809265137,15.876250267028809
2020-08-13,16.010000228881836,15.987500190734863
2020-08-14,16.082500457763672,15.94124984741211
2020-08-17,16.233749389648438,16.467500686645508
2020-08-18,16.678749084472656,16.951250076293945
2020-08-19,16.948749542236328,16.6200008392334
2020-08-20,16.46875,17.303749084472656
2020-08-21,17.332500457763672,17.665000915527344
2020-08-24,18.2762508392334,17.99250030517578
2020-08-25,17.853750228881836,18.412500381469727
2020-08-26,18.658750534057617,19.591249465942383
2020-08-27,19.822500228881836,19.41374969482422
2020-08-28,19.6612491607666,19.7137508392334
2020-08-31,19.8174991607666,20.170000076293945
2020-09-01,20.739999771118164,21.217500686645508
2020-09-02,21.934999465942383,21.81624984741211
2020-09-03,20.841249465942383,18.466249465942383
2020-09-04,18.172500610351562,17.704999923706055
2020-09-08,15.618749618530273,15.202500343322754
2020-09-09,16.12874984741211,16.508750915527344
2020-09-10,17.065000534057617,15.553750038146973
2020-09-11,15.875,15.213749885559082
2020-09-14,15.875,15.9975004196167
2020-09-15,16.666250228881836,16.677499771118164
2020-09-16,16.81624984741211,15.876250267028809
2020-09-17,14.651249885559082,15.145000457763672
2020-09-18,15.357500076293945,14.5600004196167
2020-09-21,13.9037504196167,14.732500076293945
2020-09-22,15.149999618530273,15.537500381469727
2020-09-23,15.481249809265137,14.098750114440918
2020-09-24,13.711250305175781,14.305000305175781
2020-09-25,14.383749961853027,15.307499885559082
2020-09-28,16.1612491607666,16.21500015258789
2020-09-29,16.184999465942383,16.045000076293945
2020-09-30,16.073749542236328,16.362499237060547
2020-10-01,17.071250915527344,17.12874984741211
2020-10-02,16.014999389648438,15.7162504196167
2020-10-05,16.05875015258789,16.707500457763672
2020-10-06,16.548749923706055,15.8100004196167
2020-10-07,16.271249771118164,16.641250610351562
2020-10-08,17.056249618530273,16.886249542236328
2020-10-09,17.1924991607666,17.637500762939453
2020-10-12,18.549999237060547,19.282499313354492
2020-10-13,19.649999618530273,19.28499984741211
2020-10-14,19.457500457763672,18.80875015258789
2020-10-15,17.877500534057617,18.420000076293945
2020-10-16,18.758750915527344,18.137500762939453
2020-10-19,18.5049991607666,17.236249923706055
2020-10-20,17.372499465942383,17.34749984741211
2020-10-21,17.386249542236328,17.302499771118164
2020-10-22,17.462499618530273,17.311250686645508
2020-10-23,17.426250457763672,17.412500381469727
2020-10-26,16.971250534057617,16.618749618530273
2020-10-27,16.783750534057617,17.011249542236328
2020-10-28,16.177499771118164,15.015000343322754
2020-10-29,15.242500305175781,15.7787504196167
2020-10-30,15.443750381469727,14.681249618530273
2020-11-02,14.973750114440918,14.686249732971191
2020-11-03,14.9975004196167,15.425000190734863
2020-11-04,16.948749542236328,17.510000228881836
2020-11-05,18.707500457763672,18.861249923706055
2020-11-06,18.733749389648438,18.924999237060547
2020-11-09,19.459999084472656,17.770000457763672
2020-11-10,17.142499923706055,16.811250686645508
2020-11-11,17.258750915527344,17.94124984741211
2020-11-12,18.106250762939453,17.678749084472656
2020-11-13,17.97249984741211,18.142499923706055
2020-11-16,18.09375,18.559999465942383
2020-11-17,18.600000381469727,18.388750076293945
2020-11-18,18.282499313354492,17.962499618530273
2020-11-19,17.863750457763672,18.407499313354492
2020-11-20,18.381250381469727,18.033750534057617
2020-11-23,18.227500915527344,18.037500381469727
2020-11-24,18.227500915527344,18.774999618530273
2020-11-25,18.96500015258789,19.12874984741211
2020-11-27,19.5049991607666,19.6512508392334
2020-11-30,19.71500015258789,19.752500534057617
2020-12-01,20.2237491607666,20.528749465942383
2020-12-02,20.2762508392334,20.611249923706055
2020-12-03,20.6612491607666,20.69499969482422
2020-12-04,20.700000762939453,20.948749542236328
2020-12-07,20.987499237060547,21.303749084472656
2020-12-08,21.206249237060547,21.498750686645508
2020-12-09,21.479999542236328,20.05875015258789
2020-12-10,19.6299991607666,20.30500030517578
2020-12-11,19.956249237060547,20.162500381469727
2020-12-14,20.403749465942383,20.592500686645508
2020-12-15,21.072500228881836,21.232500076293945
2020-12-16,21.346250534057617,21.5887508392334
2020-12-17,21.956249237060547,22.03125
2020-12-18,22.19499969482422,21.791250228881836
2020-12-21,21.196250915527344,21.709999084472656
2020-12-22,21.912500381469727,21.881250381469727
2020-12-23,21.8799991607666,21.551250457763672
2020-12-24,21.613750457763672,21.831249237060547
2020-12-28,22.395000457763672,22.486249923706055
2020-12-29,22.793750762939453,22.552499771118164
2020-12-30,22.806249618530273,22.548749923706055
2020-12-31,22.533750534057617,22.725000381469727
2021-01-04,23.010000228881836,21.731250762939453
2021-01-05,21.53499984741211,22.2762508392334
2021-01-06,21.237499237060547,21.354999542236328
2021-01-07,21.921249389648438,22.897499084472656
2021-01-08,23.41374969482422,23.78499984741211
2021-01-11,23.10124969482422,22.733749389648438
2021-01-12,22.764999389648438,22.635000228881836
2021-01-13,22.696250915527344,23.075000762939453
2021-01-14,23.1875,22.7237491607666
2021-01-15,22.676250457763672,22.171249389648438
2021-01-19,22.681249618530273,23.13249969482422
2021-01-20,23.9637508392334,24.7450008392334
2021-01-21,25.0625,25.360000610351562
2021-01-22,25.102500915527344,25.1299991607666
2021-01-25,25.940000534057617,25.827499389648438
2021-01-26,25.93000030517578,25.854999542236328
2021-01-27,25.315000534057617,23.770000457763672
2021-01-28,23.97249984741211,24.1200008392334
2021-01-29,23.725000381469727,22.61750030517578
2021-02-01,23.387500762939453,24.280000686645508
2021-02-02,24.97249984741211,25.454999923706055
2021-02-03,25.982500076293945,25.162500381469727
2021-02-04,25.510000228881836,26.052499771118164
2021-02-05,26.299999237060547,26.325000762939453
2021-02-08,26.739999771118164,26.84000015258789
2021-02-09,26.6200008392334,26.827499389648438
2021-02-10,27.19499969482422,26.637500762939453
2021-02-11,27.040000915527344,27.0674991607666
2021-02-12,26.895000457763672,27.52750015258789
2021-02-16,27.739999771118164,27.297500610351562
2021-02-17,26.5575008392334,26.917499542236328
2021-02-18,26.014999389648438,26.55500030517578
2021-02-19,26.90999984741211,26.204999923706055
2021-02-22,25.135000228881836,24.174999237060547
2021-02-23,22.94499969482422,23.959999084472656
2021-02-24,23.309999465942383,24.537500381469727
2021-02-25,23.905000686645508,21.975000381469727
2021-02-26,22.59749984741211,22.30500030517578
2021-03-01,23.34000015258789,24.25
2021-03-02,24.385000228881836,23.087499618530273
2021-03-03,22.842500686645508,21.084999084472656
2021-03-04,20.99250030517578,20.042499542236328
2021-03-05,20.572500228881836,20.940000534057617
2021-03-08,20.81999969482422,19.149999618530273
2021-03-09,20.61750030517578,21.405000686645508
2021-03-10,22.315000534057617,21.22249984741211
2021-03-11,22.2549991607666,22.69499969482422
2021-03-12,21.792499542236328,22.1299991607666
2021-03-15,22.202499389648438,22.837499618530273
2021-03-16,23.334999084472656,23.212499618530273
2021-03-17,22.530000686645508,23.5049991607666
2021-03-18,22.40250015258789,21.34749984741211
2021-03-19,21.3125,21.6200008392334
2021-03-22,22.072500228881836,22.772499084472656
2021-03-23,23.012500762939453,22.475000381469727
2021-03-24,22.772499084472656,21.34000015258789
2021-03-25,20.954999923706055,21.225000381469727
2021-03-26,21.18000030517578,22.162500381469727
2021-03-29,22.059999465942383,22.149999618530273
2021-03-30,21.737499237060547,21.834999084472656
2021-03-31,22.197500228881836,22.815000534057617
2021-04-01,23.65999984741211,23.975000381469727
2021-04-05,24.552499771118164,25.415000915527344
2021-04-06,25.34000015258789,25.354999542236328
2021-04-07,25.25749969482422,25.542499542236328
2021-04-08,26.229999542236328,26.34000015258789
2021-04-09,26.0049991607666,26.8174991607666
2021-04-12,26.575000762939453,26.712499618530273
2021-04-13,27.094999313354492,27.627500534057617
2021-04-14,27.697500228881836,26.657499313354492
2021-04-15,27.342500686645508,27.834999084472656
2021-04-16,27.977500915527344,27.952499389648438
2021-04-19,27.537500381469727,27.190000534057617
2021-04-20,27.012500762939453,26.594999313354492
2021-04-21,26.25,27.267499923706055
2021-04-22,27.167499542236328,26.274999618530273
2021-04-23,26.43000030517578,27.264999389648438
2021-04-26,27.327499389648438,27.80500030517578
2021-04-27,27.86750030517578,27.440000534057617
2021-04-28,27.34749984741211,27.157499313354492
2021-04-29,27.96500015258789,27.43000030517578
2021-04-30,26.822500228881836,26.915000915527344
2021-05-03,27.190000534057617,26.475000381469727
2021-05-04,25.862499237060547,25.079999923706055
2021-05-05,25.510000228881836,24.787500381469727
2021-05-06,24.717500686645508,25.329999923706055
2021-05-07,25.99250030517578,25.950000762939453
2021-05-10,25.622499465942383,24.0
2021-05-11,22.647499084472656,23.8799991607666
2021-05-12,22.7549991607666,22.0625
2021-05-13,22.649999618530273,22.52750015258789
2021-05-14,23.219999313354492,23.99250030517578
2021-05-17,23.627500534057617,23.587499618530273
2021-05-18,23.802499771118164,23.092500686645508
2021-05-19,21.912500381469727,23.177499771118164
2021-05-20,23.517499923706055,24.517499923706055
2021-05-21,24.885000228881836,24.112499237060547
2021-05-24,24.637500762939453,25.31999969482422
2021-05-25,25.6875,25.4424991607666
2021-05-26,25.59000015258789,25.700000762939453
2021-05-27,25.592500686645508,25.399999618530273
2021-05-28,25.69499969482422,25.647499084472656
2021-06-01,25.962499618530273,25.397499084472656
2021-06-02,25.487499237060547,25.530000686645508
2021-06-03,24.872499465942383,24.727500915527344
2021-06-04,25.157499313354492,25.9950008392334
2021-06-07,25.857500076293945,26.225000381469727
2021-06-08,26.645000457763672,26.2549991607666
2021-06-09,26.59000015258789,26.28499984741211
2021-06-10,26.357500076293945,27.09000015258789
2021-06-11,27.104999542236328,27.30500030517578
2021-06-14,27.40999984741211,28.06999969482422
2021-06-15,28.0049991607666,27.549999237060547
2021-06-16,27.655000686645508,27.2549991607666
2021-06-17,26.989999771118164,28.272499084472656
2021-06-18,27.852500915527344,27.59749984741211
2021-06-21,27.657499313354492,28.102500915527344
2021-06-22,28.077499389648438,28.887500762939453
2021-06-23,28.892499923706055,28.9375
2021-06-24,29.434999465942383,29.469999313354492
2021-06-25,29.622499465942383,29.377500534057617
2021-06-28,29.6924991607666,30.417499542236328
2021-06-29,30.389999389648438,30.760000228881836
2021-06-30,30.72249984741211,30.625
2021-07-01,30.520000457763672,30.639999389648438
2021-07-02,31.15999984741211,31.68000030517578
2021-07-06,31.862499237060547,32.10499954223633
2021-07-07,32.724998474121094,32.310001373291016
2021-07-08,30.922500610351562,31.75
2021-07-09,31.56999969482422,32.287498474121094
2021-07-12,32.70000076293945,32.692501068115234
2021-07-13,32.595001220703125,32.67499923706055
2021-07-14,33.34000015258789,32.852500915527344
2021-07-15,32.852500915527344,32.17250061035156
2021-07-16,32.415000915527344,31.38249969482422
2021-07-19,30.452499389648438,30.6299991607666
2021-07-20,30.860000610351562,31.639999389648438
2021-07-21,31.577499389648438,32.36249923706055
2021-07-22,32.462501525878906,33.04249954223633
2021-07-23,33.42499923706055,34.13999938964844
2021-07-26,34.005001068115234,34.282501220703125
2021-07-27,34.20750045776367,33.162498474121094
2021-07-28,33.46500015258789,33.525001525878906
2021-07-29,33.369998931884766,33.689998626708984
2021-07-30,32.587501525878906,33.185001373291016
2021-08-02,33.6349983215332,33.17499923706055
2021-08-03,33.36000061035156,33.752498626708984
2021-08-04,33.772499084472656,33.91999816894531
2021-08-05,34.13999938964844,34.557498931884766
2021-08-06,34.1974983215332,34.10749816894531
2021-08-09,34.227500915527344,34.290000915527344
2021-08-10,34.442501068115234,33.77750015258789
2021-08-11,34.125,33.595001220703125
2021-08-12,33.45249938964844,33.94499969482422
2021-08-13,34.04499816894531,34.28499984741211
2021-08-16,33.98500061035156,34.345001220703125
2021-08-17,33.5525016784668,33.442501068115234
2021-08-18,33.275001525878906,32.470001220703125
2021-08-19,31.934999465942383,32.932498931884766
2021-08-20,33.23749923706055,33.95000076293945
2021-08-23,34.25749969482422,35.462501525878906
2021-08-24,35.65250015258789,35.8125
2021-08-25,35.872501373291016,35.852500915527344
2021-08-26,35.66749954223633,35.244998931884766
2021-08-27,35.42250061035156,36.275001525878906
2021-08-30,36.5,37.477500915527344
2021-08-31,37.55500030517578,37.372501373291016
2021-09-01,37.70750045776367,37.57749938964844
2021-09-02,37.98749923706055,37.525001525878906
2021-09-03,37.17499923706055,37.86249923706055
2021-09-07,37.88750076293945,38.01750183105469
2021-09-08,37.95249938964844,37.627498626708984
2021-09-09,37.682498931884766,37.224998474121094
2021-09-10,37.75,36.38750076293945
2021-09-13,37.0724983215332,36.30500030517578
2021-09-14,36.73749923706055,35.99250030517578
2021-09-15,36.122501373291016,36.790000915527344
2021-09-16,36.38750076293945,36.86249923706055
2021-09-17,36.724998474121094,35.560001373291016
2021-09-20,33.85499954223633,33.372501373291016
2021-09-21,33.845001220703125,33.415000915527344
2021-09-22,33.71500015258789,34.39250183105469
2021-09-23,34.727500915527344,35.34749984741211
2021-09-24,34.68000030517578,35.4474983215332
2021-09-27,34.5525016784668,34.592498779296875
2021-09-28,33.28499984741211,31.707500457763672
2021-09-29,31.989999771118164,31.497499465942383
2021-09-30,31.94499969482422,31.142499923706055
2021-10-01,31.3125,31.709999084472656
2021-10-04,31.274999618530273,29.760000228881836
2021-10-05,29.99250030517578,30.905000686645508
2021-10-06,30.065000534057617,31.514999389648438
2021-10-07,32.33000183105469,32.36750030517578
2021-10-08,32.66749954223633,31.8700008392334
2021-10-11,31.46500015258789,31.162500381469727
2021-10-12,31.542499542236328,30.844999313354492
2021-10-13,31.44499969482422,31.5674991607666
2021-10-14,32.52750015258789,33.310001373291016
2021-10-15,33.650001525878906,33.9275016784668
2021-10-18,33.5625,34.94499969482422
2021-10-19,35.2599983215332,35.712501525878906
2021-10-20,35.872501373291016,35.599998474121094
2021-10-21,35.36000061035156,36.23749923706055
2021-10-22,35.86750030517578,35.31999969482422
2021-10-25,35.747501373291016,36.380001068115234
2021-10-26,37.08000183105469,36.720001220703125
2021-10-27,36.88999938964844,37.0099983215332
2021-10-28,37.57749938964844,38.224998474121094
2021-10-29,37.29750061035156,38.790000915527344
2021-11-01,38.95000076293945,39.17250061035156
2021-11-02,39.00749969482422,39.69499969482422
2021-11-03,39.834999084472656,40.95500183105469
2021-11-04,41.35749816894531,42.48249816894531
2021-11-05,43.1150016784668,42.63999938964844
2021-11-08,42.625,42.46500015258789
2021-11-09,42.8125,41.59000015258789
2021-11-10,40.68000030517578,39.76750183105469
2021-11-11,40.6875,40.09000015258789
2021-11-12,40.45249938964844,41.36249923706055
2021-11-15,41.727500915527344,41.349998474121094
2021-11-16,41.0724983215332,42.20500183105469
2021-11-17,42.3025016784668,42.255001068115234
2021-11-18,42.91999816894531,43.54750061035156
2021-11-19,44.10749816894531,44.28499984741211
2021-11-22,44.8224983215332,42.75
2021-11-23,42.36249923706055,42.16749954223633
2021-11-24,41.32749938964844,42.557498931884766
2021-11-26,41.69499969482422,40.209999084472656
2021-11-29,41.54999923706055,42.70750045776367
2021-11-30,42.41999816894531,40.872501373291016
2021-12-01,42.21500015258789,38.775001525878906
2021-12-02,38.35499954223633,39.505001068115234
2021-12-03,40.0,37.52000045776367
2021-12-06,37.647499084472656,38.397499084472656
2021-12-07,40.442501068115234,41.86000061035156
2021-12-08,41.97249984741211,42.442501068115234
2021-12-09,42.037498474121094,40.61000061035156
2021-12-10,41.442501068115234,41.86750030517578
2021-12-13,41.86750030517578,40.067501068115234
2021-12-14,38.529998779296875,38.875
2021-12-15,38.7400016784668,41.4474983215332
2021-12-16,41.752498626708984,38.28499984741211
2021-12-17,37.20750045776367,37.70000076293945
2021-12-20,36.255001068115234,36.5724983215332
2021-12-21,37.540000915527344,39.01750183105469
2021-12-22,38.89500045776367,40.40999984741211
2021-12-23,40.54249954223633,41.369998931884766
2021-12-27,41.772499084472656,43.34749984741211
2021-12-28,43.689998626708984,42.837501525878906
2021-12-29,42.82749938964844,42.77000045776367
2021-12-30,42.692501068115234,42.369998931884766
2021-12-31,42.157501220703125,41.58250045776367
2022-01-03,41.95750045776367,42.782501220703125
2022-01-04,42.95750045776367,41.119998931884766
2022-01-05,40.595001220703125,37.337501525878906
2022-01-06,36.75749969482422,37.23500061035156
2022-01-07,37.224998474121094,36.01750183105469
2022-01-10,34.587501525878906,36.150001525878906
2022-01-11,35.85749816894531,37.7400016784668
2022-01-12,38.49250030517578,38.16999816894531
2022-01-13,38.564998626708984,35.400001525878906
2022-01-14,34.54499816894531,35.935001373291016
2022-01-18,34.244998931884766,33.345001220703125
2022-01-19,33.68000030517578,32.185001373291016
2022-01-20,33.0099983215332,30.940000534057617
2022-01-21,30.309999465942383,28.334999084472656
2022-01-24,26.924999237060547,28.7450008392334
2022-01-25,27.075000762939453,26.625
2022-01-26,28.4950008392334,26.575000762939453
2022-01-27,27.700000762939453,25.780000686645508
2022-01-28,26.200000762939453,28.184999465942383
2022-01-31,28.524999618530273,30.915000915527344
2022-02-01,31.209999084472656,31.5049991607666
2022-02-02,32.61000061035156,32.25
2022-02-03,29.65999984741211,28.3700008392334
2022-02-04,28.434999465942383,29.350000381469727
2022-02-07,29.53499984741211,28.684999465942383
2022-02-08,28.399999618530273,29.65999984741211
2022-02-09,30.780000686645508,31.5
2022-02-10,29.655000686645508,29.40999984741211
2022-02-11,29.389999389648438,26.639999389648438
2022-02-14,26.450000762939453,26.71500015258789
2022-02-15,27.915000915527344,28.649999618530273
2022-02-16,28.135000228881836,28.645000457763672
2022-02-17,27.81999969482422,26.104999542236328
2022-02-18,26.295000076293945,25.219999313354492
2022-02-22,24.520000457763672,24.440000534057617
2022-02-23,25.1200008392334,22.56999969482422
2022-02-24,20.3799991607666,24.780000686645508
2022-02-25,25.0,25.954999923706055
2022-02-28,25.229999542236328,26.229999542236328
2022-03-01,25.959999084472656,25.020000457763672
2022-03-02,25.334999084472656,26.21500015258789
2022-03-03,26.875,25.1200008392334
2022-03-04,24.584999084472656,24.045000076293945
2022-03-07,24.024999618530273,21.360000610351562
2022-03-08,21.19499969482422,21.065000534057617
2022-03-09,22.700000762939453,23.31999969482422
2022-03-10,22.450000762939453,22.56999969482422
2022-03-11,23.170000076293945,21.170000076293945
2022-03-14,20.905000686645508,19.93000030517578
2022-03-15,20.434999465942383,21.774999618530273
2022-03-16,22.579999923706055,24.219999313354492
2022-03-17,23.795000076293945,25.030000686645508
2022-03-18,24.729999542236328,26.584999084472656
2022-03-21,26.43000030517578,26.395000457763672
2022-03-22,26.53499984741211,27.954999923706055
2022-03-23,27.280000686645508,26.774999618530273
2022-03-24,27.21500015258789,28.510000228881836
2022-03-25,28.520000457763672,28.46500015258789
2022-03-28,28.459999084472656,29.760000228881836
2022-03-29,30.760000228881836,31.28499984741211
2022-03-30,30.84000015258789,30.344999313354492
2022-03-31,30.31999969482422,29.09000015258789
2022-04-01,29.21500015258789,28.96500015258789
2022-04-04,29.190000534057617,30.774999618530273
2022-04-05,30.40999984741211,28.739999771118164
2022-04-06,27.40999984741211,26.850000381469727
2022-04-07,26.614999771118164,27.024999618530273
2022-04-08,26.610000610351562,25.920000076293945
2022-04-11,24.915000915527344,24.079999923706055
2022-04-12,25.079999923706055,23.770000457763672
2022-04-13,23.829999923706055,25.19499969482422
2022-04-14,25.209999084472656,23.5
2022-04-18,23.235000610351562,23.565000534057617
2022-04-19,23.364999771118164,25.079999923706055
2022-04-20,25.28499984741211,23.950000762939453
2022-04-21,24.81999969482422,22.545000076293945
2022-04-22,22.524999618530273,20.7549991607666
2022-04-25,20.405000686645508,21.524999618530273
2022-04-26,21.110000610351562,19.104999542236328
2022-04-27,19.084999084472656,19.020000457763672
2022-04-28,19.915000915527344,21.030000686645508
2022-04-29,20.19499969482422,18.264999389648438
2022-05-02,18.125,19.125
2022-05-03,19.094999313354492,19.170000076293945
2022-05-04,19.2450008392334,21.06999969482422
2022-05-05,20.25,17.93000030517578
2022-05-06,17.545000076293945,17.30500030517578
2022-05-09,16.280000686645508,15.260000228881836
2022-05-10,16.360000610351562,15.78499984741211
2022-05-11,15.425000190734863,14.380000114440918
2022-05-12,13.71500015258789,14.265000343322754
2022-05-13,14.925000190734863,15.8149995803833
2022-05-16,15.5649995803833,15.324999809265137
2022-05-17,16.21500015258789,16.479999542236328
2022-05-18,15.729999542236328,14.074999809265137
2022-05-19,13.770000457763672,13.789999961853027
2022-05-20,14.324999809265137,13.670000076293945
2022-05-23,13.824999809265137,14.345000267028809
2022-05-24,13.574999809265137,13.449999809265137
2022-05-25,13.220000267028809,13.989999771118164
2022-05-26,13.880000114440918,15.15999984741211
2022-05-27,15.649999618530273,16.645000457763672
2022-05-31,16.649999618530273,16.524999618530273
2022-06-01,16.854999542236328,16.139999389648438
2022-06-02,15.960000038146973,17.450000762939453
2022-06-03,16.56999969482422,16.06999969482422
2022-06-06,16.809999465942383,16.270000457763672
2022-06-07,15.710000038146973,16.665000915527344
2022-06-08,16.540000915527344,16.325000762939453
2022-06-09,16.03499984741211,14.994999885559082
2022-06-10,14.130000114440918,13.395000457763672
2022-06-13,12.135000228881836,11.539999961853027
2022-06-14,11.819999694824219,11.614999771118164
2022-06-15,12.029999732971191,12.449999809265137
2022-06-16,11.494999885559082,10.930000305175781
2022-06-17,11.03499984741211,11.335000038146973
2022-06-21,11.90999984741211,12.1899995803833
2022-06-22,11.854999542236328,12.145000457763672
2022-06-23,12.470000267028809,12.664999961853027
2022-06-24,13.055000305175781,13.989999771118164
2022-06-27,14.175000190734863,13.65999984741211
2022-06-28,13.729999542236328,12.414999961853027
2022-06-29,12.390000343322754,12.4399995803833
2022-06-30,12.029999732971191,12.0
2022-07-01,11.800000190734863,12.194999694824219
2022-07-05,11.704999923706055,12.824999809265137
2022-07-06,12.885000228881836,13.069999694824219
2022-07-07,13.1899995803833,13.880000114440918
2022-07-08,13.494999885559082,13.944999694824219
2022-07-11,13.600000381469727,13.055000305175781
2022-07-12,13.220000267028809,12.675000190734863
2022-07-13,11.920000076293945,12.595000267028809
2022-07-14,12.234999656677246,12.725000381469727
2022-07-15,13.135000228881836,13.395000457763672
2022-07-18,13.805000305175781,13.085000038146973
2022-07-19,13.574999809265137,14.229999542236328
2022-07-20,14.329999923706055,14.944999694824219
2022-07-21,15.005000114440918,15.579999923706055
2022-07-22,15.4399995803833,14.765000343322754
2022-07-25,14.765000343322754,14.545000076293945
2022-07-26,14.244999885559082,13.664999961853027
2022-07-27,14.300000190734863,15.369999885559082
2022-07-28,15.34000015258789,15.8100004196167
2022-07-29,16.065000534057617,16.68000030517578
2022-08-01,16.389999389648438,16.655000686645508
2022-08-02,16.270000457763672,16.5
2022-08-03,16.774999618530273,17.81999969482422
2022-08-04,17.844999313354492,18.075000762939453
2022-08-05,17.21500015258789,17.645000457763672
2022-08-08,17.799999237060547,17.46500015258789
2022-08-09,17.139999389648438,16.864999771118164
2022-08-10,18.06999969482422,18.25
2022-08-11,18.665000915527344,17.975000381469727
2022-08-12,18.299999237060547,18.989999771118164
2022-08-15,18.825000762939453,19.44499969482422
2022-08-16,19.280000686645508,19.31999969482422
2022-08-17,18.7549991607666,18.649999618530273
2022-08-18,18.6299991607666,18.774999618530273
2022-08-19,18.239999771118164,17.674999237060547
2022-08-22,16.94499969482422,16.28499984741211
2022-08-23,16.21500015258789,16.229999542236328
2022-08-24,16.149999618530273,16.354999542236328
2022-08-25,16.639999389648438,17.21500015258789
2022-08-26,17.174999237060547,15.119999885559082
2022-08-29,14.675000190734863,14.654999732971191
2022-08-30,14.895000457763672,14.164999961853027
2022-08-31,14.579999923706055,13.904999732971191
2022-09-01,13.539999961853027,13.920000076293945
2022-09-02,14.319999694824219,13.34000015258789
2022-09-06,13.380000114440918,13.03499984741211
2022-09-07,13.09000015258789,13.805000305175781
2022-09-08,13.515000343322754,14.029999732971191
2022-09-09,14.34000015258789,14.920000076293945
2022-09-12,15.149999618530273,15.46500015258789
2022-09-13,14.119999885559082,12.920000076293945
2022-09-14,13.0649995803833,13.210000038146973
2022-09-15,12.9399995803833,12.545000076293945
2022-09-16,12.104999542236328,12.300000190734863
2022-09-19,11.970000267028809,12.595000267028809
2022-09-20,12.265000343322754,12.295000076293945
2022-09-21,12.404999732971191,11.619999885559082
2022-09-22,11.425000190734863,11.1899995803833
2022-09-23,10.899999618530273,10.654999732971191
2022-09-26,10.579999923706055,10.510000228881836
2022-09-27,10.90999984741211,10.520000457763672
2022-09-28,10.515000343322754,11.135000228881836
2022-09-29,10.654999732971191,10.194999694824219
2022-09-30,10.079999923706055,9.65999984741211
2022-10-03,9.850000381469727,10.329999923706055
2022-10-04,10.949999809265137,11.289999961853027
2022-10-05,10.835000038146973,11.289999961853027
2022-10-06,11.149999618530273,11.005000114440918
2022-10-07,10.4399995803833,9.75
2022-10-10,9.760000228881836,9.444999694824219
2022-10-11,9.260000228881836,9.069999694824219
2022-10-12,9.114999771118164,9.050000190734863
2022-10-13,8.260000228881836,9.654999732971191
2022-10-14,9.925000190734863,8.78499984741211
2022-10-17,9.404999732971191,9.649999618530273
2022-10-18,10.4350004196167,9.890000343322754
2022-10-19,9.704999923706055,9.770000457763672
2022-10-20,9.664999961853027,9.604999542236328
2022-10-21,9.489999771118164,10.28499984741211
2022-10-24,10.3149995803833,10.635000228881836
2022-10-25,10.739999771118164,11.274999618530273
2022-10-26,10.59000015258789,10.529999732971191
2022-10-27,10.395000457763672,9.949999809265137
2022-10-28,9.875,10.850000381469727
2022-10-31,10.59000015258789,10.475000381469727
2022-11-01,10.869999885559082,10.149999618530273
2022-11-02,10.140000343322754,9.100000381469727
2022-11-03,8.824999809265137,8.574999809265137
2022-11-04,9.0649995803833,8.975000381469727
2022-11-07,9.079999923706055,9.260000228881836
2022-11-08,9.425000190734863,9.460000038146973
2022-11-09,9.265000343322754,8.800000190734863
2022-11-10,10.074999809265137,10.725000381469727
2022-11-11,10.71500015258789,11.335000038146973
2022-11-14,11.085000038146973,11.03499984741211
2022-11-15,11.824999809265137,11.479999542236328
2022-11-16,11.25,11.015000343322754
2022-11-17,10.475000381469727,10.930000305175781
2022-11-18,11.279999732971191,10.920000076293945
2022-11-21,10.760000228881836,10.59000015258789
2022-11-22,10.664999961853027,11.03499984741211
2022-11-23,11.024999618530273,11.364999771118164
2022-11-25,11.170000076293945,11.130000114440918
2022-11-28,10.899999618530273,10.640000343322754
2022-11-29,10.65999984741211,10.385000228881836
2022-11-30,10.425000190734863,11.779999732971191
2022-12-01,11.850000381469727,11.845000267028809
2022-12-02,11.225000381469727,11.704999923706055
2022-12-05,11.4399995803833,11.114999771118164
2022-12-06,11.09000015258789,10.40999984741211
2022-12-07,10.279999732971191,10.28499984741211
2022-12-08,10.4350004196167,10.649999618530273
2022-12-09,10.524999618530273,10.444999694824219
2022-12-12,10.454999923706055,10.824999809265137
2022-12-13,12.09000015258789,11.164999961853027
2022-12-14,11.104999542236328,10.899999618530273
2022-12-15,10.430000305175781,9.819999694824219
2022-12-16,9.739999771118164,9.529999732971191
2022-12-19,9.550000190734863,9.135000228881836
2022-12-20,9.0,9.095000267028809
2022-12-21,9.204999923706055,9.489999771118164
2022-12-22,9.114999771118164,8.770000457763672
2022-12-23,8.604999542236328,8.795000076293945
2022-12-27,8.729999542236328,8.420000076293945
2022-12-28,8.375,8.079999923706055
2022-12-29,8.335000038146973,8.649999618530273
2022-12-30,8.380000114440918,8.649999618530273
2023-01-03,8.869999885559082,8.454999923706055
2023-01-04,8.664999961853027,8.585000038146973
2023-01-05,8.404999732971191,8.180000305175781
2023-01-06,8.324999809265137,8.819999694824219
2023-01-09,9.039999961853027,9.005000114440918
2023-01-10,8.90999984741211,9.244999885559082
2023-01-11,9.34000015258789,9.704999923706055
2023-01-12,9.760000228881836,9.854999542236328
2023-01-13,9.585000038146973,10.050000190734863
2023-01-17,10.029999732971191,10.104999542236328
2023-01-18,10.289999961853027,9.729999542236328
2023-01-19,9.53499984741211,9.425000190734863
2023-01-20,9.59000015258789,10.194999694824219
2023-01-23,10.274999618530273,10.864999771118164
2023-01-24,10.680000305175781,10.800000190734863
2023-01-25,10.279999732971191,10.720000267028809
2023-01-26,11.109999656677246,11.34000015258789
2023-01-27,11.180000305175781,11.664999961853027
2023-01-30,11.274999618530273,10.96500015258789
2023-01-31,10.970000267028809,11.454999923706055
2023-02-01,11.430000305175781,12.194999694824219
2023-02-02,12.979999542236328,13.454999923706055
2023-02-03,12.604999542236328,12.760000228881836
2023-02-06,12.425000190734863,12.4350004196167
2023-02-07,12.414999961853027,13.204999923706055
2023-02-08,13.024999618530273,12.494999885559082
2023-02-09,13.024999618530273,12.15999984741211
2023-02-10,11.880000114440918,11.90999984741211
2023-02-13,12.069999694824219,12.475000381469727
2023-02-14,12.270000457763672,12.744999885559082
2023-02-15,12.510000228881836,13.029999732971191
2023-02-16,12.414999961853027,12.28499984741211
2023-02-17,12.015000343322754,12.020000457763672
2023-02-21,11.550000190734863,11.175000190734863
2023-02-22,11.225000381469727,11.1850004196167
2023-02-23,11.595000267028809,11.46500015258789
2023-02-24,10.875,10.885000228881836
2023-02-27,11.239999771118164,11.119999885559082
2023-02-28,11.039999961853027,11.0649995803833
2023-03-01,11.029999732971191,10.795000076293945
2023-03-02,10.505000114440918,11.055000305175781
2023-03-03,11.25,11.729999542236328
2023-03-06,11.880000114440918,11.779999732971191
2023-03-07,11.779999732971191,11.34000015258789
2023-03-08,11.375,11.494999885559082
2023-03-09,11.555000305175781,10.890000343322754
2023-03-10,10.90999984741211,10.4399995803833
2023-03-13,10.234999656677246,10.664999961853027
2023-03-14,11.0600004196167,11.390000343322754
2023-03-15,11.085000038146973,11.555000305175781
2023-03-16,11.4399995803833,12.470000267028809
2023-03-17,12.46500015258789,12.28499984741211
2023-03-20,12.21500015258789,12.414999961853027
2023-03-21,12.654999732971191,12.9399995803833
2023-03-22,12.854999542236328,12.34000015258789
2023-03-23,12.800000190734863,12.779999732971191
2023-03-24,12.720000267028809,12.90999984741211
2023-03-27,12.994999885559082,12.645000457763672
2023-03-28,12.569999694824219,12.4350004196167
2023-03-29,12.880000114440918,13.114999771118164
2023-03-30,13.40999984741211,13.470000267028809
2023-03-31,13.5,14.130000114440918
2023-04-03,13.84000015258789,14.029999732971191
2023-04-04,14.079999923706055,13.890000343322754
2023-04-05,13.734999656677246,13.444999694824219
2023-04-06,13.229999542236328,13.71500015258789
2023-04-10,13.319999694824219,13.6850004196167
2023-04-11,13.680000305175781,13.420000076293945
2023-04-12,13.670000076293945,13.0649995803833
2023-04-13,13.265000343322754,13.8149995803833
2023-04-14,13.604999542236328,13.734999656677246
2023-04-17,13.675000190734863,13.75
2023-04-18,14.03499984741211,13.760000228881836
2023-04-19,13.4350004196167,13.729999542236328
2023-04-20,13.335000038146973,13.40999984741211
2023-04-21,13.350000381469727,13.4350004196167
2023-04-24,13.404999732971191,13.354999542236328
2023-04-25,13.140000343322754,12.600000381469727
2023-04-26,13.010000228881836,12.8100004196167
2023-04-27,13.279999732971191,13.845000267028809
2023-04-28,13.819999694824219,14.125
2023-05-01,14.069999694824219,14.085000038146973
2023-05-02,14.069999694824219,13.710000038146973
2023-05-03,13.75,13.4399995803833
2023-05-04,13.390000343322754,13.289999961853027
2023-05-05,13.5600004196167,14.104999542236328
2023-05-08,14.050000190734863,14.220000267028809
2023-05-09,13.994999885559082,13.944999694824219
2023-05-10,14.260000228881836,14.395000457763672
2023-05-11,14.454999923706055,14.515000343322754
2023-05-12,14.59000015258789,14.364999771118164
2023-05-15,14.425000190734863,14.585000038146973
2023-05-16,14.489999771118164,14.640000343322754
2023-05-17,14.774999618530273,15.164999961853027
2023-05-18,15.199999809265137,15.979999542236328
2023-05-19,16.014999389648438,15.869999885559082
2023-05-22,15.84000015258789,16.03499984741211
2023-05-23,15.779999732971191,15.414999961853027
2023-05-24,15.135000228881836,15.164999961853027
2023-05-25,16.18000030517578,16.260000228881836
2023-05-26,16.405000686645508,17.489999771118164
2023-05-30,18.155000686645508,17.735000610351562
2023-05-31,17.485000610351562,17.375
2023-06-01,17.3700008392334,18.0049991607666
2023-06-02,18.280000686645508,18.40999984741211
2023-06-05,18.3799991607666,18.450000762939453
2023-06-06,18.344999313354492,18.43000030517578
2023-06-07,18.469999313354492,17.489999771118164
2023-06-08,17.510000228881836,18.09000015258789
2023-06-09,18.34000015258789,18.309999465942383
2023-06-12,18.575000762939453,19.2450008392334
2023-06-13,19.684999465942383,19.674999237060547
2023-06-14,19.674999237060547,20.094999313354492
2023-06-15,19.8700008392334,20.799999237060547
2023-06-16,21.204999923706055,20.399999618530273
2023-06-20,20.145000457763672,20.299999237060547
2023-06-21,20.040000915527344,19.424999237060547
2023-06-22,19.184999465942383,20.06999969482422
2023-06-23,19.415000915527344,19.475000381469727
2023-06-26,19.3799991607666,18.704999923706055
2023-06-27,18.924999237060547,19.6299991607666
2023-06-28,19.334999084472656,19.75
2023-06-29,19.68000030517578,19.614999771118164
2023-06-30,20.200000762939453,20.5
2023-07-03,20.600000381469727,20.639999389648438
2023-07-05,20.360000610351562,20.625
2023-07-06,19.985000610351562,20.139999389648438
2023-07-07,20.094999313354492,19.934999465942383
2023-07-10,19.8799991607666,19.950000762939453
2023-07-11,20.010000228881836,20.235000610351562
2023-07-12,20.915000915527344,20.985000610351562
2023-07-13,21.510000228881836,22.030000686645508
2023-07-14,22.110000610351562,22.010000228881836
2023-07-17,22.139999389648438,22.6200008392334
2023-07-18,22.510000228881836,23.15999984741211
2023-07-19,23.364999771118164,23.15999984741211
2023-07-20,22.579999923706055,21.53499984741211
2023-07-21,21.940000534057617,21.344999313354492
2023-07-24,21.489999771118164,21.43000030517578
2023-07-25,21.540000915527344,21.860000610351562
2023-07-26,21.65999984741211,21.635000228881836
2023-07-27,22.55500030517578,21.450000762939453
2023-07-28,22.149999618530273,22.610000610351562
2023-07-31,22.665000915527344,22.655000686645508
2023-08-01,22.395000457763672,22.479999542236328
2023-08-02,21.844999313354492,21.010000228881836
2023-08-03,20.55500030517578,20.860000610351562
2023-08-04,21.19499969482422,20.56999969482422
2023-08-07,20.864999771118164,21.079999923706055
2023-08-08,20.645000457763672,20.540000915527344
2023-08-09,20.579999923706055,19.854999542236328
2023-08-10,20.329999923706055,19.94499969482422
2023-08-11,19.514999389648438,19.545000076293945
2023-08-14,19.415000915527344,20.19499969482422
2023-08-15,20.03499984741211,19.575000762939453
2023-08-16,19.459999084472656,18.924999237060547
2023-08-17,19.125,18.28499984741211
2023-08-18,17.764999389648438,18.200000762939453
2023-08-21,18.434999465942383,19.079999923706055
2023-08-22,19.485000610351562,18.9950008392334
2023-08-23,19.174999237060547,19.889999389648438
2023-08-24,20.440000534057617,18.579999923706055
2023-08-25,18.71500015258789,19.020000457763672
2023-08-28,19.475000381469727,19.44499969482422
2023-08-29,19.399999618530273,20.684999465942383
2023-08-30,20.71500015258789,21.030000686645508
2023-08-31,21.020000457763672,21.219999313354492
2023-09-01,21.604999542236328,21.145000457763672
2023-09-05,20.985000610351562,21.200000762939453
2023-09-06,21.06999969482422,20.639999389648438
2023-09-07,19.8700008392334,20.190000534057617
2023-09-08,20.155000686645508,20.25
2023-09-11,20.7450008392334,20.940000534057617
2023-09-12,20.670000076293945,20.270000457763672
2023-09-13,20.290000915527344,20.469999313354492
2023-09-14,20.75,20.950000762939453
2023-09-15,20.725000381469727,19.875
2023-09-18,19.71500015258789,19.920000076293945
2023-09-19,19.704999923706055,19.799999237060547
2023-09-20,19.885000228881836,18.875
2023-09-21,18.274999618530273,17.799999237060547
2023-09-22,18.065000534057617,17.815000534057617
2023-09-25,17.655000686645508,18.049999237060547
2023-09-26,17.655000686645508,17.2450008392334
2023-09-27,17.405000686645508,17.350000381469727
2023-09-28,17.19499969482422,17.770000457763672
2023-09-29,18.290000915527344,17.809999465942383
2023-10-02,17.834999084472656,18.235000610351562
2023-10-03,17.854999542236328,17.270000457763672
2023-10-04,17.389999389648438,17.969999313354492
2023-10-05,17.94499969482422,17.780000686645508
2023-10-06,17.325000762939453,18.674999237060547
2023-10-09,18.30500030517578,18.950000762939453
2023-10-10,19.0049991607666,19.260000228881836
2023-10-11,19.469999313354492,19.670000076293945
2023-10-12,19.735000610351562,19.440000534057617
2023-10-13,19.545000076293945,18.704999923706055
2023-10-16,18.90999984741211,19.334999084472656
2023-10-17,18.760000228881836,19.149999618530273
2023-10-18,18.735000610351562,18.34000015258789
2023-10-19,18.575000762939453,17.850000381469727
2023-10-20,17.760000228881836,17.045000076293945
2023-10-23,16.834999084472656,17.19499969482422
2023-10-24,17.450000762939453,17.68000030517578
2023-10-25,17.315000534057617,16.385000228881836
2023-10-26,16.190000534057617,15.430000305175781
2023-10-27,15.789999961853027,15.649999618530273
2023-10-30,15.975000381469727,16.155000686645508
2023-10-31,16.15999984741211,16.389999389648438
2023-11-01,16.5,17.235000610351562
2023-11-02,17.8799991607666,18.149999618530273
2023-11-03,18.350000381469727,18.790000915527344
2023-11-06,18.905000686645508,19.0049991607666
2023-11-07,19.174999237060547,19.540000915527344
2023-11-08,19.600000381469727,19.575000762939453
2023-11-09,19.670000076293945,19.110000610351562
2023-11-10,19.375,20.385000228881836
2023-11-13,20.125,20.200000762939453
2023-11-14,21.235000610351562,21.469999313354492
2023-11-15,21.809999465942383,21.530000686645508
2023-11-16,21.3799991607666,21.565000534057617
2023-11-17,21.440000534057617,21.579999923706055
2023-11-20,21.575000762939453,22.350000381469727
2023-11-21,22.045000076293945,21.94499969482422
2023-11-22,22.28499984741211,22.200000762939453
2023-11-24,22.125,22.09000015258789
2023-11-27,22.0049991607666,22.024999618530273
2023-11-28,21.899999618530273,22.200000762939453
2023-11-29,22.6200008392334,22.1200008392334
2023-11-30,22.149999618530273,21.934999465942383
2023-12-01,21.7450008392334,22.1200008392334
2023-12-04,21.454999923706055,21.489999771118164
2023-12-05,21.155000686645508,21.645000457763672
2023-12-06,22.139999389648438,21.260000228881836
2023-12-07,21.739999771118164,22.149999618530273
2023-12-08,21.825000762939453,22.415000915527344
2023-12-11,22.334999084472656,22.985000610351562
2023-12-12,22.989999771118164,23.540000915527344
2023-12-13,23.690000534057617,24.3700008392334
2023-12-14,24.625,24.329999923706055
2023-12-15,24.469999313354492,24.6200008392334
2023-12-18,24.7450008392334,25.135000228881836
2023-12-19,25.209999084472656,25.510000228881836
2023-12-20,25.239999771118164,24.270000457763672
2023-12-21,24.94499969482422,25.075000762939453
2023-12-22,25.299999237060547,25.174999237060547
2023-12-26,25.31999969482422,25.635000228881836
2023-12-27,25.674999237060547,25.770000457763672
2023-12-28,25.959999084472656,25.704999923706055
2023-12-29,25.690000534057617,25.350000381469727
2024-01-02,24.674999237060547,24.065000534057617
2024-01-03,23.584999084472656,23.295000076293945
2024-01-04,22.934999465942383,22.905000686645508
2024-01-05,22.93000030517578,22.989999771118164
2024-01-08,23.19499969482422,24.375
2024-01-09,23.829999923706055,24.53499984741211
2024-01-10,24.584999084472656,25.020000457763672
2024-01-11,25.225000381469727,25.139999389648438
2024-01-12,25.334999084472656,25.170000076293945
2024-01-16,24.940000534057617,25.155000686645508
2024-01-17,24.53499984741211,24.719999313354492
2024-01-18,25.295000076293945,25.780000686645508
2024-01-19,26.15999984741211,27.270000457763672
2024-01-22,27.704999923706055,27.3799991607666
2024-01-23,27.5049991607666,27.704999923706055
2024-01-24,28.475000381469727,28.15999984741211
2024-01-25,28.6299991607666,28.239999771118164
2024-01-26,27.84000015258789,27.719999313354492
2024-01-29,27.80500030517578,28.53499984741211
2024-01-30,28.344999313354492,27.96500015258789
2024-01-31,27.094999313354492,26.31999969482422
2024-02-01,26.645000457763672,27.25
2024-02-02,27.59000015258789,28.6200008392334
2024-02-05,28.594999313354492,28.475000381469727
2024-02-06,28.690000534057617,28.309999465942383
2024-02-07,28.844999313354492,29.155000686645508
2024-02-08,29.155000686645508,29.274999618530273
2024-02-09,29.514999389648438,30.135000228881836
2024-02-12,30.104999542236328,29.780000686645508
2024-02-13,28.1200008392334,28.3700008392334
2024-02-14,28.899999618530273,29.270000457763672
2024-02-15,29.405000686645508,29.514999389648438
2024-02-16,29.579999923706055,28.704999923706055
2024-02-20,28.290000915527344,28.040000915527344
2024-02-21,27.485000610351562,27.690000534057617
2024-02-22,29.389999389648438,30.084999084472656
2024-02-23,30.415000915527344,29.809999465942383
2024-02-26,29.969999313354492,29.770000457763672
2024-02-27,29.979999542236328,29.954999923706055
2024-02-28,29.514999389648438,29.469999313354492
2024-02-29,30.040000915527344,30.18000030517578
2024-03-01,30.375,31.565000534057617
2024-03-04,31.545000076293945,31.190000534057617
2024-03-05,30.549999237060547,29.520000457763672
2024-03-06,30.3700008392334,30.065000534057617
2024-03-07,30.774999618530273,31.405000686645508
2024-03-08,31.459999084472656,30.030000686645508
2024-03-11,29.704999923706055,29.68000030517578
2024-03-12,30.145000457763672,30.940000534057617
2024-03-13,30.719999313354492,30.219999313354492
2024-03-14,30.434999465942383,29.975000381469727
2024-03-15,29.344999313354492,28.8799991607666
2024-03-18,29.940000534057617,29.69499969482422
2024-03-19,29.270000457763672,29.899999618530273
2024-03-20,30.03499984741211,30.850000381469727
2024-03-21,31.875,31.25
2024-03-22,31.135000228881836,31.315000534057617
2024-03-25,30.739999771118164,30.9950008392334
2024-03-26,31.30500030517578,30.704999923706055
2024-03-27,31.28499984741211,30.975000381469727
2024-03-28,30.94499969482422,30.780000686645508
2024-04-01,30.959999084472656,30.969999313354492
2024-04-02,29.934999465942383,30.139999389648438
2024-04-03,29.700000762939453,30.34000015258789
2024-04-04,31.174999237060547,28.90999984741211
2024-04-05,29.200000762939453,29.93000030517578
2024-04-08,30.104999542236328,29.950000762939453
2024-04-09,30.405000686645508,30.260000228881836
2024-04-10,29.18000030517578,29.46500015258789
2024-04-11,29.80500030517578,30.850000381469727
2024-04-12,29.940000534057617,29.360000610351562
2024-04-15,30.100000381469727,27.885000228881836
2024-04-16,27.844999313354492,27.889999389648438
2024-04-17,28.270000457763672,26.854999542236328
2024-04-18,26.94499969482422,26.375
2024-04-19,26.139999389648438,24.739999771118164
2024-04-22,25.190000534057617,25.459999084472656
2024-04-23,25.809999465942383,26.594999313354492
2024-04-24,27.15999984741211,26.854999542236328
2024-04-25,25.450000762939453,26.424999237060547
2024-04-26,27.014999389648438,27.639999389648438
2024-04-29,28.040000915527344,27.969999313354492
2024-04-30,27.649999618530273,26.3700008392334
2024-05-01,26.075000762939453,25.799999237060547
2024-05-02,26.459999084472656,26.7549991607666
2024-05-03,28.165000915527344,28.350000381469727
2024-05-06,28.709999084472656,29.280000686645508
2024-05-07,29.360000610351562,29.280000686645508
2024-05-08,28.75,29.225000381469727
2024-05-09,29.25,29.385000228881836
2024-05-10,29.68000030517578,29.584999084472656
2024-05-13,29.959999084472656,29.780000686645508
2024-05-14,29.68000030517578,30.334999084472656
2024-05-15,30.844999313354492,31.735000610351562
2024-05-16,31.68000030517578,31.540000915527344
2024-05-17,31.545000076293945,31.469999313354492
2024-05-20,31.510000228881836,32.119998931884766
2024-05-21,31.719999313354492,32.28499984741211
2024-05-22,32.345001220703125,32.26499938964844
2024-05-23,33.25,31.78499984741211
2024-05-24,32.125,32.67499923706055
2024-05-28,32.93000030517578,33.029998779296875
2024-05-29,32.119998931884766,32.34000015258789
2024-05-30,32.125,31.299999237060547
2024-05-31,31.299999237060547,31.264999389648438
2024-06-03,31.864999771118164,31.56999969482422
2024-06-04,31.5,31.80500030517578
2024-06-05,32.560001373291016,33.724998474121094
2024-06-06,33.869998931884766,33.685001373291016
2024-06-07,33.560001373291016,33.560001373291016
2024-06-10,33.29499816894531,33.915000915527344
2024-06-11,33.65999984741211,34.6150016784668
2024-06-12,35.505001068115234,35.97999954223633
2024-06-13,36.78499984741211,36.55500030517578
2024-06-14,36.474998474121094,37.084999084472656
2024-06-17,37.13999938964844,38.43000030517578
2024-06-18,38.415000915527344,38.45000076293945
2024-06-20,38.72999954223633,37.54499816894531
2024-06-21,37.45000076293945,37.20000076293945
2024-06-24,36.90999984741211,35.939998626708984
2024-06-25,36.39500045776367,37.13999938964844
2024-06-26,36.79999923706055,37.22999954223633
2024-06-27,37.15999984741211,37.5
2024-06-28,37.64500045776367,36.90999984741211
2024-07-01,37.08000183105469,37.51499938964844
2024-07-02,37.14500045776367,38.665000915527344
2024-07-03,38.474998474121094,39.6150016784668
2024-07-05,39.78499984741211,40.814998626708984
2024-07-08,40.904998779296875,41.084999084472656
2024-07-09,41.459999084472656,41.17499923706055
2024-07-10,41.65999984741211,42.46500015258789
2024-07-11,42.48500061035156,39.67499923706055
2024-07-12,39.755001068115234,40.31999969482422
2024-07-15,40.73500061035156,40.619998931884766
2024-07-16,40.970001220703125,40.650001525878906
2024-07-17,38.665000915527344,37.07500076293945
2024-07-18,37.904998779296875,36.52000045776367
2024-07-19,36.400001525878906,35.529998779296875
2024-07-22,36.82500076293945,37.08000183105469
2024-07-23,36.8650016784668,36.68000030517578
2024-07-24,35.1150016784668,32.724998474121094
2024-07-25,32.779998779296875,31.635000228881836
2024-07-26,32.5,32.540000915527344
2024-07-29,33.1349983215332,32.72999954223633
2024-07-30,33.13999938964844,31.395000457763672
2024-07-31,33.4900016784668,34.13999938964844
2024-08-01,34.290000915527344,31.68000030517578
2024-08-02,29.825000762939453,29.3700008392334
2024-08-05,24.665000915527344,26.809999465942383
2024-08-06,27.065000534057617,27.479999542236328
2024-08-07,28.78499984741211,26.594999313354492
2024-08-08,27.725000381469727,29.030000686645508
2024-08-09,28.719999313354492,29.424999237060547
2024-08-12,29.614999771118164,29.625
2024-08-13,30.479999542236328,31.780000686645508
2024-08-14,31.9950008392334,31.834999084472656
2024-08-15,33.064998626708984,34.22999954223633
2024-08-16,33.810001373291016,34.31999969482422
2024-08-19,34.34000015258789,35.650001525878906
2024-08-20,35.45000076293945,35.43000030517578
2024-08-21,35.59000015258789,35.915000915527344
2024-08-22,36.43000030517578,34.189998626708984
2024-08-23,35.099998474121094,35.26499938964844
2024-08-26,35.1349983215332,34.22999954223633
2024-08-27,33.8650016784668,34.52000045776367
2024-08-28,34.400001525878906,33.349998474121094
2024-08-29,33.724998474121094,33.17499923706055
2024-08-30,34.060001373291016,34.30500030517578
2024-09-03,33.630001068115234,31.174999237060547
2024-09-04,30.520000457763672,30.90999984741211
2024-09-05,30.56999969482422,31.010000228881836
2024-09-06,30.80500030517578,28.4950008392334
2024-09-09,29.28499984741211,29.55500030517578
2024-09-10,29.889999389648438,30.350000381469727
2024-09-11,30.59000015258789,32.28499984741211
2024-09-12,32.314998626708984,33.2400016784668
2024-09-13,33.07500076293945,33.67499923706055
2024-09-16,33.209999084472656,33.224998474121094
2024-09-17,33.849998474121094,33.244998931884766
2024-09-18,33.5099983215332,32.810001373291016
2024-09-19,35.150001525878906,35.290000915527344
2024-09-20,35.07500076293945,35.064998626708984
2024-09-23,35.310001373291016,35.32500076293945
2024-09-24,35.63999938964844,35.82500076293945
2024-09-25,35.56999969482422,35.834999084472656
2024-09-26,37.459999084472656,36.595001220703125
2024-09-27,36.810001373291016,35.96500015258789
2024-09-30,35.72999954223633,36.244998931884766
2024-10-01,36.13999938964844,34.709999084472656
2024-10-02,34.505001068115234,34.84000015258789
2024-10-03,34.3650016784668,34.7599983215332
2024-10-04,36.0,35.98500061035156
2024-10-07,35.525001525878906,34.79999923706055
2024-10-08,35.33000183105469,36.310001373291016
2024-10-09,36.2599983215332,37.185001373291016
2024-10-10,36.65999984741211,37.05500030517578
2024-10-11,36.584999084472656,37.150001525878906
2024-10-14,37.720001220703125,38.099998474121094
2024-10-15,38.17499923706055,36.58000183105469
2024-10-16,36.619998931884766,36.560001373291016
2024-10-17,37.790000915527344,36.66999816894531
2024-10-18,37.22999954223633,37.31999969482422
2024-10-21,37.029998779296875,37.525001525878906
2024-10-22,36.904998779296875,37.6349983215332
2024-10-23,37.084999084472656,35.89500045776367
2024-10-24,36.709999084472656,36.75
2024-10-25,37.349998474121094,37.369998931884766
2024-10-28,38.095001220703125,37.404998779296875
2024-10-29,37.46500015258789,38.439998626708984
2024-10-30,38.275001525878906,37.584999084472656
2024-10-31,36.654998779296875,34.724998474121094
2024-11-01,35.040000915527344,35.46500015258789
2024-11-04,35.31999969482422,35.1349983215332
2024-11-05,35.474998474121094,36.470001220703125
2024-11-06,38.33000183105469,39.43000030517578
2024-11-07,40.08000183105469,41.275001525878906
2024-11-08,41.11000061035156,41.375
2024-11-11,41.665000915527344,41.29999923706055
2024-11-12,41.27000045776367,41.07500076293945
2024-11-13,40.93000030517578,40.89500045776367
2024-11-14,40.79499816894531,40.029998779296875
2024-11-15,38.6349983215332,37.1349983215332
2024-11-18,37.46500015258789,37.8849983215332
2024-11-19,37.275001525878906,38.64500045776367
2024-11-20,38.57500076293945,38.599998474121094
2024-11-21,39.275001525878906,38.97999954223633
2024-11-22,38.81999969482422,39.125
2024-11-25,40.08000183105469,39.30500030517578
2024-11-26,39.64500045776367,39.915000915527344
2024-11-27,39.64500045776367,38.95000076293945
2024-11-29,39.064998626708984,39.94499969482422
2024-12-02,40.2400016784668,41.2400016784668
2024-12-03,40.900001525878906,41.60499954223633
2024-12-04,42.435001373291016,43.125
2024-12-05,43.125,42.77000045776367
2024-12-06,42.88999938964844,43.869998931884766
2024-12-09,43.625,42.845001220703125
2024-12-10,43.125,42.380001068115234
2024-12-11,43.439998626708984,44.64500045776367
2024-12-12,44.064998626708984,43.7599983215332
2024-12-13,44.709999084472656,44.70000076293945
2024-12-16,45.36000061035156,46.64500045776367
2024-12-17,46.165000915527344,46.02000045776367
2024-12-18,45.82500076293945,41.04499816894531
2024-12-19,42.1349983215332,40.46500015258789
2024-12-20,39.529998779296875,41.51499938964844
2024-12-23,41.724998474121094,42.529998779296875
2024-12-24,42.974998474121094,44.220001220703125
2024-12-26,43.810001373291016,44.125
2024-12-27,43.185001373291016,42.33000183105469
2024-12-30,40.599998474121094,40.630001068115234
2024-12-31,40.900001525878906,39.564998626708984
2025-01-02,40.27000045776367,39.314998626708984
2025-01-03,39.994998931884766,41.20000076293945
2025-01-06,42.48500061035156,42.60499954223633
2025-01-07,42.86000061035156,40.310001373291016
2025-01-08,40.279998779296875,40.34000015258789
2025-01-10,39.400001525878906,38.415000915527344
2025-01-13,37.025001525878906,38.01499938964844
2025-01-14,38.7400016784668,37.880001068115234
2025-01-15,39.654998779296875,40.439998626708984
2025-01-16,41.005001068115234,39.6150016784668
2025-01-17,41.845001220703125,41.56999969482422
2025-01-21,42.224998474121094,42.2599983215332
2025-01-22,43.41999816894531,43.900001525878906
2025-01-23,43.27000045776367,44.16999816894531
2025-01-24,44.21500015258789,43.375
2025-01-27,38.790000915527344,39.56999969482422
2025-01-28,39.790000915527344,41.32500076293945
2025-01-29,41.45500183105469,41.06999969482422
2025-01-30,41.73500061035156,41.584999084472656
2025-01-31,42.459999084472656,41.36000061035156
2025-02-03,39.26499938964844,40.36000061035156
2025-02-04,40.45500183105469,41.82500076293945
2025-02-05,41.17499923706055,42.369998931884766
2025-02-06,42.47999954223633,43.005001068115234
2025-02-07,43.130001068115234,41.3650016784668
2025-02-10,42.3650016784668,42.81999969482422
2025-02-11,42.03499984741211,42.51499938964844
2025-02-12,41.13999938964844,42.599998474121094
2025-02-13,42.9900016784668,44.39500045776367
2025-02-14,44.404998779296875,44.915000915527344
2025-02-18,45.314998626708984,45.19499969482422
2025-02-19,45.0,45.20000076293945
2025-02-20,45.025001525878906,44.650001525878906
2025-02-21,44.8849983215332,41.85499954223633
2025-02-24,42.25,40.349998474121094
2025-02-25,40.165000915527344,38.810001373291016
2025-02-26,39.290000915527344,39.060001373291016
2025-02-27,39.86000061035156,35.81999969482422
2025-02-28,35.72999954223633,37.459999084472656
2025-03-03,38.185001373291016,35.040000915527344
2025-03-04,34.380001068115234,34.654998779296875
2025-03-05,34.775001525878906,36.005001068115234
2025-03-06,34.19499969482422,33.02000045776367
2025-03-07,32.779998779296875,33.70500183105469
2025-03-10,32.0,29.905000686645508
2025-03-11,29.700000762939453,29.55500030517578
2025-03-12,30.969999313354492,30.565000534057617
2025-03-13,30.399999618530273,28.895000457763672
2025-03-14,29.854999542236328,30.94499969482422
2025-03-17,30.940000534057617,31.545000076293945
2025-03-18,30.885000228881836,29.954999923706055
2025-03-19,30.34000015258789,31.1200008392334
2025-03-20,30.329999923706055,30.799999237060547
2025-03-21,29.764999389648438,31.09000015258789
2025-03-24,32.529998779296875,33.064998626708984
2025-03-25,33.2400016784668,33.654998779296875
2025-03-26,33.31999969482422,31.690000534057617
2025-03-27,31.299999237060547,31.149999618530273
2025-03-28,30.770000457763672,28.670000076293945
2025-03-31,27.360000610351562,28.649999618530273
2025-04-01,28.34000015258789,29.309999465942383
2025-04-02,28.094999313354492,29.96500015258789
2025-04-03,26.21500015258789,25.149999618530273
2025-04-04,22.9950008392334,20.545000076293945
2025-04-07,18.375,20.625
2025-04-08,22.69499969482422,19.450000762939453
2025-04-09,19.3799991607666,26.30500030517578
2025-04-10,24.34000015258789,23.06999969482422
2025-04-11,22.834999084472656,24.290000915527344
2025-04-14,25.950000762939453,24.799999237060547
2025-04-15,24.979999542236328,24.895000457763672
2025-04-16,23.415000915527344,22.645000457763672
2025-04-17,23.045000076293945,22.579999923706055
2025-04-21,21.684999465942383,20.93000030517578
2025-04-22,21.729999542236328,22.530000686645508
2025-04-23,24.6200008392334,24.024999618530273
2025-04-24,24.3700008392334,26.06999969482422
2025-04-25,26.020000457763672,26.93000030517578
2025-04-28,27.010000228881836,26.90999984741211
2025-04-29,26.520000457763672,27.434999465942383
2025-04-30,25.979999542236328,27.440000534057617
2025-05-01,28.780000686645508,28.385000228881836
2025-05-02,29.31999969482422,29.71500015258789
2025-05-05,28.950000762939453,29.200000762939453
2025-05-06,28.030000686645508,28.3700008392334
2025-05-07,28.479999542236328,28.700000762939453
2025-05-08,29.600000381469727,29.55500030517578
2025-05-09,29.899999618530273,29.485000610351562
2025-05-12,32.92499923706055,33.05500030517578
2025-05-13,33.334999084472656,34.56999969482422
2025-05-14,34.80500030517578,35.18000030517578
2025-05-15,34.7400016784668,35.290000915527344
2025-05-16,35.55500030517578,35.724998474121094
2025-05-19,34.23500061035156,35.81999969482422
2025-05-20,35.290000915527344,35.44499969482422
2025-05-21,34.619998931884766,33.970001220703125
2025-05-22,34.08000183105469,34.14500045776367
2025-05-23,32.54499816894531,33.15999984741211
2025-05-27,34.494998931884766,35.470001220703125
2025-05-28,35.66999816894531,35.01499938964844
2025-05-29,36.5,35.185001373291016
2025-05-30,35.064998626708984,35.0
2025-06-02,34.599998474121094,35.80500030517578
2025-06-03,35.880001068115234,36.63999938964844
2025-06-04,36.790000915527344,36.935001373291016
2025-06-05,37.224998474121094,36.07500076293945
2025-06-06,37.1349983215332,37.10499954223633
2025-06-09,37.154998779296875,37.27000045776367
2025-06-10,37.35499954223633,37.9900016784668
2025-06-11,38.29499816894531,37.599998474121094
2025-06-12,37.29999923706055,37.845001220703125
2025-06-13,36.54999923706055,36.415000915527344
2025-06-16,37.11000061035156,37.900001525878906
2025-06-17,37.34000015258789,36.779998779296875
2025-06-18,36.959999084472656,36.72999954223633
2025-06-20,37.380001068115234,36.224998474121094
2025-06-23,36.3650016784668,37.349998474121094
2025-06-24,38.45500183105469,39.04999923706055
2025-06-25,39.439998626708984,39.2400016784668
2025-06-26,39.709999084472656,40.314998626708984
2025-06-27,40.51499938964844,40.709999084472656
2025-06-30,41.400001525878906,41.5
2025-07-01,41.060001373291016,40.44499969482422
2025-07-02,40.22999954223633,41.25
2025-07-03,41.744998931884766,42.404998779296875
2025-07-07,41.79999923706055,41.459999084472656
2025-07-08,41.7400016784668,41.51499938964844
2025-07-09,41.98500061035156,42.375
2025-07-10,42.51499938964844,42.18000030517578
2025-07-11,41.65999984741211,41.86000061035156
2025-07-14,41.814998626708984,42.30500030517578
2025-07-15,43.21500015258789,42.415000915527344
2025-07-16,42.529998779296875,42.53499984741211
2025-07-17,42.685001373291016,43.525001525878906
2025-07-18,43.81999969482422,43.375
2025-07-21,43.57500076293945,44.03499984741211
2025-07-22,44.064998626708984,43.349998474121094
2025-07-23,43.59000015258789,43.91999816894531
2025-07-24,44.224998474121094,44.209999084472656
2025-07-25,44.154998779296875,44.459999084472656
2025-07-28,44.79499816894531,44.89500045776367
2025-07-29,45.494998931884766,44.689998626708984
2025-07-30,44.869998931884766,44.845001220703125
2025-07-31,46.35499954223633,44.10499954223633
2025-08-01,42.625,41.459999084472656
2025-08-04,42.61000061035156,43.72999954223633
2025-08-05,44.025001525878906,42.81999969482422
2025-08-06,43.01499938964844,44.41999816894531
2025-08-07,45.44499969482422,44.869998931884766
2025-08-08,45.119998931884766,46.08000183105469
2025-08-11,46.1150016784668,45.67499923706055
2025-08-12,46.209999084472656,47.36000061035156
2025-08-13,48.025001525878906,47.43000030517578
2025-08-14,46.91999816894531,47.29999923706055
2025-08-15,47.23500061035156,46.630001068115234
2025-08-18,46.400001525878906,46.56999969482422
2025-08-19,46.3849983215332,44.66999816894531
2025-08-20,44.415000915527344,43.85499954223633
2025-08-21,43.474998474121094,43.244998931884766
2025-08-22,43.5099983215332,45.189998626708984
2025-08-25,44.810001373291016,44.79499816894531
2025-08-26,44.654998779296875,45.314998626708984
2025-08-27,45.06999969482422,45.52000045776367
2025-08-28,45.63999938964844,46.349998474121094
2025-08-29,45.709999084472656,44.68000030517578
2025-09-02,42.55500030517578,43.540000915527344
2025-09-03,44.3650016784668,44.55500030517578
2025-09-04,44.70000076293945,45.7599983215332
2025-09-05,46.970001220703125,45.90999984741211
2025-09-08,46.45500183105469,46.564998626708984
2025-09-09,46.75,46.94499969482422
2025-09-10,47.724998474121094,46.994998931884766
2025-09-11,47.595001220703125,47.78499984741211
2025-09-12,47.97999954223633,48.380001068115234
2025-09-15,48.81999969482422,49.6150016784668
2025-09-16,49.834999084472656,49.47999954223633
2025-09-17,49.44499969482422,49.165000915527344
2025-09-18,50.380001068115234,50.4900016784668
2025-09-19,50.939998626708984,51.4900016784668
2025-09-22,51.209999084472656,52.36000061035156
2025-09-23,52.39500045776367,51.30500030517578
2025-09-24,51.60499954223633,50.70500183105469
2025-09-25,49.70000076293945,50.025001525878906
2025-09-26,50.20000076293945,50.625
2025-09-29,51.39500045776367,51.29999923706055
2025-09-30,51.20500183105469,51.70000076293945
2025-10-01,50.8650016784668,52.43000030517578
2025-10-02,53.404998779296875,53.06999969482422
2025-10-03,53.220001220703125,52.349998474121094
2025-10-06,53.70000076293945,53.52000045776367
2025-10-07,53.849998474121094,52.654998779296875
2025-10-08,52.86000061035156,54.439998626708984
2025-10-09,54.439998626708984,54.224998474121094
2025-10-10,54.3650016784668,48.53499984741211
2025-10-13,51.029998779296875,51.6150016784668
2025-10-14,49.8650016784668,50.564998626708984
2025-10-15,52.06999969482422,51.599998474121094
2025-10-16,52.34000015258789,51.025001525878906
2025-10-17,50.459999084472656,51.994998931884766
2025-10-20,52.80500030517578,53.94499969482422
2025-10-21,53.95000076293945,53.8849983215332
2025-10-22,53.724998474121094,52.29999923706055
2025-10-23,52.1349983215332,53.61000061035156
2025-10-24,54.994998931884766,55.279998779296875
2025-10-27,57.2599983215332,58.21500015258789
2025-10-28,58.82500076293945,59.54499816894531
2025-10-29,60.28499984741211,60.30500030517578
2025-10-30,59.29499816894531,57.54499816894531
2025-10-31,59.744998931884766,58.36000061035156
2025-11-03,60.0,59.15999984741211
2025-11-04,56.68000030517578,55.540000915527344
2025-11-05,55.34000015258789,56.619998931884766
2025-11-06,56.185001373291016,53.44499969482422
2025-11-07,52.5099983215332,52.88999938964844
2025-11-10,55.21500015258789,56.35499954223633
2025-11-11,55.6349983215332,55.88999938964844
2025-11-12,56.76499938964844,55.775001525878906
2025-11-13,54.78499984741211,52.33000183105469
2025-11-14,49.9900016784668,52.369998931884766
2025-11-17,51.70500183105469,51.025001525878906
2025-11-18,49.98500061035156,49.18000030517578
2025-11-19,49.32500076293945,50.025001525878906
2025-11-20,52.95000076293945,46.45000076293945
2025-11-21,46.849998474121094,47.47999954223633
2025-11-24,48.70000076293945,51.08000183105469
2025-11-25,50.63999938964844,52.0099983215332
2025-11-26,52.90999984741211,53.369998931884766
2025-11-28,53.81999969482422,54.540000915527344
2025-12-01,53.11000061035156,54.04999923706055
2025-12-02,54.630001068115234,55.29999923706055
2025-12-03,54.65999984741211,55.689998626708984
2025-12-04,56.040000915527344,55.5099983215332
2025-12-05,55.86000061035156,56.150001525878906
2025-12-08,56.56999969482422,55.79999923706055
2025-12-09,55.45000076293945,56.0099983215332
2025-12-10,55.650001525878906,56.650001525878906
2025-12-11,55.630001068115234,56.11000061035156
2025-12-12,55.11000061035156,52.81999969482422
2025-12-15,54.060001373291016,52.02000045776367
2025-12-16,51.43000030517578,52.33000183105469
2025-12-17,52.650001525878906,49.400001525878906
2025-12-18,51.66999816894531,51.5099983215332
2025-12-19,52.20000076293945,53.52000045776367
2025-12-22,54.810001373291016,54.25
2025-12-23,53.970001220703125,55.0099983215332
2025-12-24,54.869998931884766,55.36000061035156
2025-12-26,55.52000045776367,55.310001373291016
2025-12-29,54.290000915527344,54.4900016784668
2025-12-30,54.20000076293945,54.099998474121094
2025-12-31,54.130001068115234,52.720001220703125
