date,Adj Close,Close,High,Low,Open,Volume,price
1999-03-10,43.0743293762207,51.0625,51.15625,50.28125,51.125,5232000,51.0625
1999-03-11,43.28522872924805,51.3125,51.734375,50.3125,51.4375,9688600,51.3125
1999-03-12,42.23078918457031,50.0625,51.15625,49.65625,51.125,8743600,50.0625
1999-03-15,43.443389892578125,51.5,51.5625,49.90625,50.4375,6369000,51.5
1999-03-16,43.812469482421875,51.9375,52.15625,51.15625,51.71875,4905800,51.9375
1999-03-17,43.496131896972656,51.5625,52.0,51.40625,51.9375,3965000,51.5625
1999-03-18,44.33967971801758,52.5625,52.59375,51.484375,51.5,4848400,52.5625
1999-03-19,43.20616149902344,51.21875,53.25,51.1875,53.25,7160400,51.21875
1999-03-22,42.67891311645508,50.59375,51.5625,50.5,51.4375,5024800,50.59375
1999-03-23,41.17633056640625,48.8125,50.5,48.71875,50.3125,10962400,48.8125
1999-03-24,42.573482513427734,50.46875,50.5,48.5,49.25,8447000,50.46875
1999-03-25,44.12879180908203,52.3125,52.3125,50.9140625,51.25,8133800,52.3125
1999-03-26,43.65428161621094,51.75,52.46875,51.53125,51.875,8256200,51.75
1999-03-29,45.2359619140625,53.625,53.65625,52.0625,52.375,5113800,53.625
1999-03-30,44.919647216796875,53.25,54.0,53.03125,53.5625,4940600,53.25
1999-03-31,44.26061248779297,52.46875,54.1875,52.3125,54.125,8256600,52.46875
1999-04-01,45.1832389831543,53.5625,54.0625,52.6875,54.0,8715800,53.5625
1999-04-05,46.81763458251953,55.5,55.578125,54.09375,54.4296875,5697200,55.5
1999-04-06,46.90989303588867,55.609375,56.21875,54.96875,55.4375,7522400,55.609375
1999-04-07,46.4222297668457,55.03125,56.25,53.84375,56.125,11923600,55.03125
1999-04-08,46.791259765625,55.46875,55.734375,53.8125,54.9375,7952400,55.46875
1999-04-09,47.08125686645508,55.8125,55.9375,55.21875,55.375,4946800,55.8125
1999-04-12,46.764930725097656,55.4375,55.8125,54.4375,54.5,10934000,55.4375
1999-04-13,46.132240295410156,54.6875,55.90625,54.25,55.78125,9962200,54.6875
1999-04-14,44.550575256347656,52.8125,55.4375,52.5078125,55.375,21253800,52.8125
1999-04-15,45.15687561035156,53.53125,53.6171875,51.125,53.0,17650600,53.53125
1999-04-16,43.83881759643555,51.96875,53.40625,51.6875,53.40625,17274000,51.96875
1999-04-19,41.78262710571289,49.53125,52.75,49.0078125,52.3125,19460600,49.53125
1999-04-20,42.73163986206055,50.65625,51.0625,48.84375,49.3125,17413600,50.65625
1999-04-21,44.840553283691406,53.15625,53.1875,50.4375,51.125,10940400,53.15625
1999-04-22,46.05316162109375,54.59375,54.75,53.3046875,53.65625,13630600,54.59375
1999-04-23,46.65949249267578,55.3125,55.71875,53.75,54.3125,7064400,55.3125
1999-04-26,47.73369598388672,56.5859375,57.0,55.5078125,55.6875,5421000,56.5859375
1999-04-27,47.00218200683594,55.71875,57.28125,55.0078125,57.0,16482800,55.71875
1999-04-28,45.39413833618164,53.8125,55.4375,53.5703125,55.25,7676800,53.8125
1999-04-29,45.025081634521484,53.375,53.875,52.25,53.5625,19148200,53.375
1999-04-30,45.315032958984375,53.71875,54.40625,51.8125,54.125,15295200,53.71875
1999-05-03,45.07780075073242,53.4375,53.78125,52.5390625,53.5625,11109800,53.4375
1999-05-04,44.36606216430664,52.59375,54.375,52.28125,53.53125,15428400,52.59375
1999-05-05,45.71046447753906,54.1875,54.1875,51.03125,52.625,12642600,54.1875
1999-05-06,44.04970932006836,52.21875,54.15625,51.71875,53.6875,15173400,52.21875
1999-05-07,44.682373046875,52.96875,53.125,51.5625,52.6875,16430400,52.96875
1999-05-10,45.130523681640625,53.5,53.859375,52.6875,53.3125,10604200,53.5
1999-05-11,45.84228515625,54.34375,54.625,53.625,53.9375,8800800,54.34375
1999-05-12,46.791259765625,55.46875,55.65625,53.0,54.59375,12507400,55.46875
1999-05-13,45.92133712768555,54.4375,56.0,54.1875,55.90625,9864000,54.4375
1999-05-14,45.051448822021484,53.40625,54.0,53.0,53.375,12205400,53.40625
1999-05-17,45.86205291748047,54.3671875,54.53125,52.4140625,52.9375,9906800,54.3671875
1999-05-18,45.65773391723633,54.125,54.625,53.5,54.3125,9267800,54.125
1999-05-19,46.29042053222656,54.875,54.90625,53.5,54.34375,7985600,54.875
1999-05-20,45.01848220825195,53.3671875,54.9921875,53.28125,54.9921875,5997200,53.3671875
1999-05-21,44.60329055786133,52.875,53.6875,52.59375,53.53125,10958600,52.875
1999-05-24,43.46975326538086,51.53125,53.0625,51.1875,52.96875,9569800,51.53125
1999-05-25,42.04622268676758,49.84375,52.21875,49.625,51.46875,17771200,49.84375
1999-05-26,43.21932601928711,51.234375,51.4375,48.9375,50.5,26772000,51.234375
1999-05-27,43.17979431152344,51.1875,51.9296875,50.375,51.03125,23334800,51.1875
1999-05-28,43.891536712646484,52.03125,52.3125,50.84375,51.5,12969800,52.03125
1999-06-01,42.916175842285156,50.875,52.1875,50.59375,51.9375,6960200,50.875
1999-06-02,43.64111328125,51.734375,52.0,49.5703125,50.84375,11996600,51.734375
1999-06-03,43.02161407470703,51.0,52.125,50.6875,52.125,11147800,51.0
1999-06-04,44.33967971801758,52.5625,52.7421875,51.375,51.375,12987200,52.5625
1999-06-07,45.26232147216797,53.65625,53.9921875,52.8125,52.9296875,11491800,53.65625
1999-06-08,44.12879180908203,52.3125,54.03125,52.0390625,53.78125,8134800,52.3125
1999-06-09,44.86690139770508,53.1875,53.3359375,52.46875,52.5,8384400,53.1875
1999-06-10,44.35285568237305,52.578125,52.9375,51.9453125,52.625,9392400,52.578125
1999-06-11,43.68064498901367,51.78125,52.9921875,51.3125,52.9375,16567600,51.78125
1999-06-14,42.856876373291016,50.8046875,51.96875,50.6875,51.96875,14136800,50.8046875
1999-06-15,43.496131896972656,51.5625,51.8671875,50.78125,50.9296875,9147800,51.5625
1999-06-16,45.73024368286133,54.2109375,54.2109375,52.78125,52.84375,15060200,54.2109375
1999-06-17,46.23767852783203,54.8125,55.0625,53.5,53.5,16278200,54.8125
1999-06-18,46.448577880859375,55.0625,55.21875,54.21875,54.3125,5392800,55.0625
1999-06-21,47.83913040161133,56.7109375,56.7421875,55.34375,55.4375,10565200,56.7109375
1999-06-22,46.39586639404297,55.0,57.09375,55.0,56.375,10862800,55.0
1999-06-23,47.12737274169922,55.8671875,56.0,54.65625,55.0078125,9607000,55.8671875
1999-06-24,46.19155502319336,54.7578125,55.875,54.5,55.84375,14988800,54.7578125
1999-06-25,46.132240295410156,54.6875,55.5625,54.1875,55.125,8635600,54.6875
1999-06-28,47.226234436035156,55.984375,56.0625,54.703125,55.15625,7666200,55.984375
1999-06-29,47.872093200683594,56.75,56.96875,55.65625,55.9375,9000400,56.75
1999-06-30,48.61020278930664,57.625,59.9375,56.1328125,56.8046875,19467600,57.625
1999-07-01,48.939720153808594,58.015625,58.34375,56.8125,57.8125,6822600,58.015625
1999-07-02,49.55923080444336,58.75,58.8125,58.0,58.0,3302000,58.75
1999-07-06,49.24287414550781,58.375,59.65625,58.0625,59.0625,8794800,58.375
1999-07-07,49.321956634521484,58.46875,58.71875,57.9375,58.34375,10520000,58.46875
1999-07-08,49.98099136352539,59.25,59.4921875,58.1875,58.46875,11225000,59.25
1999-07-09,50.48185348510742,59.84375,59.90625,59.03125,59.46875,4206800,59.84375
1999-07-12,50.218265533447266,59.53125,60.375,59.1875,60.0625,7816200,59.53125
1999-07-13,49.98099136352539,59.25,59.46875,58.78125,59.25,6230000,59.25
1999-07-14,50.831146240234375,60.2578125,60.375,59.0,59.84375,6909400,60.2578125
1999-07-15,51.299049377441406,60.8125,60.8125,60.1328125,60.46875,6539800,60.8125
1999-07-16,51.773563385009766,61.375,61.71875,60.8203125,60.84375,4913800,61.375
1999-07-19,51.246337890625,60.75,61.625,60.5078125,61.625,6833000,60.75
1999-07-20,49.269229888916016,58.40625,60.09375,58.25,60.0078125,14837400,58.40625
1999-07-21,49.50648880004883,58.6875,59.1953125,58.0625,58.53125,10980400,58.6875
1999-07-22,48.24773406982422,57.1953125,58.6875,57.03125,58.6875,15148400,57.1953125
1999-07-23,48.32022476196289,57.28125,57.8671875,56.6875,57.625,12115000,57.28125
1999-07-26,47.133968353271484,55.875,57.125,55.78125,56.5,10720000,55.875
1999-07-27,48.08298873901367,57.0,57.875,56.515625,57.0,13732800,57.0
1999-07-28,49.02539825439453,58.1171875,58.4375,56.9453125,57.6875,10161800,58.1171875
1999-07-29,47.9775505065918,56.875,57.5,56.3125,57.03125,13033800,56.875
1999-07-30,47.74028396606445,56.59375,57.75,56.5078125,57.125,10947400,56.59375
1999-08-02,47.60850524902344,56.4375,57.8125,56.21875,56.6875,9642400,56.4375
1999-08-03,47.298709869384766,56.0703125,57.21875,55.25,57.2109375,13005000,56.0703125
1999-08-04,46.441986083984375,55.0546875,56.4921875,55.0078125,56.0703125,13227600,55.0546875
1999-08-05,47.180110931396484,55.9296875,55.9296875,53.75,55.0625,18695200,55.9296875
1999-08-06,46.67264938354492,55.328125,56.5625,54.9375,55.53125,12392200,55.328125
1999-08-09,46.07295227050781,54.6171875,55.6875,54.5078125,55.53125,7983400,54.6171875
1999-08-10,45.65773391723633,54.125,54.8671875,52.9375,54.46875,16767200,54.125
1999-08-11,47.16033935546875,55.90625,56.0,54.265625,55.09375,13101400,55.90625
1999-08-12,46.60675811767578,55.25,56.5,55.125,56.125,12715000,55.25
1999-08-13,48.63658142089844,57.65625,57.71875,56.3125,56.40625,14342600,57.65625
1999-08-16,49.02539825439453,58.1171875,58.3125,57.25,57.625,11470600,58.1171875
1999-08-17,49.269229888916016,58.40625,58.6875,57.34375,58.625,11408400,58.40625
1999-08-18,48.71566390991211,57.75,58.84375,57.53125,58.125,7035200,57.75
1999-08-19,48.13569641113281,57.0625,57.625,56.6953125,57.21875,10157800,57.0625
1999-08-20,48.900184631347656,57.96875,57.96875,56.8125,57.125,6920800,57.96875
1999-08-23,50.455501556396484,59.8125,59.8125,58.3671875,58.5,9652000,59.8125
1999-08-24,50.7982063293457,60.21875,60.875,59.2578125,59.375,13891400,60.21875
1999-08-25,51.879005432128906,61.5,61.75,59.9375,60.59375,11352000,61.5
1999-08-26,51.015682220458984,60.4765625,61.71875,60.3828125,61.5,9753000,60.4765625
1999-08-27,50.50822448730469,59.875,60.9375,59.71875,60.9296875,9635400,59.875
1999-08-30,49.79647445678711,59.03125,60.3125,58.875,60.125,10141600,59.03125
1999-08-31,50.35005187988281,59.6875,60.0625,58.125,59.4375,14590400,59.6875
1999-09-01,50.7125129699707,60.1171875,60.625,59.6875,60.0625,10752000,60.1171875
1999-09-02,50.53458786010742,59.90625,60.21875,58.875,59.0,14583200,59.90625
1999-09-03,52.854373931884766,62.65625,62.6796875,61.40625,61.625,14195400,62.65625
1999-09-07,52.61712646484375,62.375,63.15625,62.28125,62.53125,9009000,62.375
1999-09-08,51.90537643432617,61.53125,62.625,61.03125,62.0,14303400,61.53125
1999-09-09,52.64348602294922,62.40625,62.5625,61.25,61.5625,12677600,62.40625
1999-09-10,53.24977493286133,63.125,63.7421875,62.53125,63.25,10251000,63.125
1999-09-13,52.61053466796875,62.3671875,63.1875,62.03125,63.0625,7240800,62.3671875
1999-09-14,52.900508880615234,62.7109375,63.1484375,62.0,62.125,10022600,62.7109375
1999-09-15,51.879005432128906,61.5,63.4921875,61.4375,63.4921875,16096000,61.5
1999-09-16,51.852630615234375,61.46875,62.03125,60.1953125,61.46875,15371000,61.46875
1999-09-17,53.4079475402832,63.3125,63.4375,61.9375,62.03125,14506400,63.3125
1999-09-20,53.53318786621094,63.4609375,63.75,63.03125,63.5,6187200,63.4609375
1999-09-21,52.24805450439453,61.9375,63.03125,61.7578125,62.90625,12265800,61.9375
1999-09-22,52.80165481567383,62.59375,62.921875,61.28125,62.03125,12441800,62.59375
1999-09-23,50.613677978515625,60.0,63.375,59.6328125,63.25,19766000,60.0
1999-09-24,50.679569244384766,60.078125,60.3125,58.625,59.625,23570800,60.078125
1999-09-27,51.03546142578125,60.5,61.375,60.3125,60.9375,12608800,60.5
1999-09-28,51.2726936340332,60.78125,61.0,58.90625,60.1953125,20622000,60.78125
1999-09-29,50.24461364746094,59.5625,61.21875,59.5625,60.78125,15557000,59.5625
1999-09-30,50.7718391418457,60.1875,60.8125,59.375,60.125,17604200,60.1875
1999-10-01,50.79161834716797,60.2109375,60.2109375,58.75,59.375,19607400,60.2109375
1999-10-04,51.931739807128906,61.5625,61.78125,60.1875,60.53125,12434200,61.5625
1999-10-05,52.30078125,62.0,62.75,60.6875,61.78125,19526400,62.0
1999-10-06,53.3486442565918,63.2421875,63.3359375,61.4296875,62.375,19098200,63.2421875
1999-10-07,53.223426818847656,63.09375,63.8984375,62.625,63.59375,22013600,63.09375
1999-10-08,53.78361892700195,63.7578125,63.9375,62.0,62.84375,22523200,63.7578125
1999-10-11,54.541481018066406,64.65625,64.6875,63.78125,63.9375,13016000,64.65625
1999-10-12,53.30252456665039,63.1875,64.953125,63.0,64.4375,20182800,63.1875
1999-10-13,51.72085952758789,61.3125,63.21875,61.0625,62.46875,22570600,61.3125
1999-10-14,52.04376983642578,61.6953125,62.125,60.53125,61.53125,22130400,61.6953125
1999-10-15,50.50822448730469,59.875,61.0,59.5078125,60.125,33703000,59.875
1999-10-18,49.868961334228516,59.1171875,60.15625,57.4140625,59.9375,24714800,59.1171875
1999-10-19,50.13917541503906,59.4375,60.0625,58.4375,59.7578125,26657200,59.4375
1999-10-20,51.66811752319336,61.25,61.7421875,59.75,60.34375,22486400,61.25
1999-10-21,52.511680603027344,62.25,62.25,59.8125,60.25,22454800,62.25
1999-10-22,52.274444580078125,61.96875,63.25,61.75,62.6171875,16589400,61.96875
1999-10-25,52.30078125,62.0,62.6796875,61.4375,61.6875,13855400,62.0
1999-10-26,51.879005432128906,61.5,63.09375,61.375,62.75,13542400,61.5
1999-10-27,51.799922943115234,61.40625,61.625,60.4453125,61.34375,15225200,61.40625
1999-10-28,53.59247589111328,63.53125,63.75,61.8125,62.375,14103800,63.53125
1999-10-29,55.46413803100586,65.75,66.25,64.78125,65.0,19000000,65.75
1999-11-01,55.174190521240234,65.40625,66.53125,65.3203125,65.75,9681800,65.40625
1999-11-02,55.20711898803711,65.4453125,66.5625,65.1953125,65.75,12834800,65.4453125
1999-11-03,56.30772399902344,66.75,67.125,66.1875,66.375,18752600,66.75
1999-11-04,56.94038391113281,67.5,67.8125,66.78125,67.6796875,20048600,67.5
1999-11-05,57.52033233642578,68.1875,69.21875,68.1875,68.875,15134600,68.1875
1999-11-08,58.680233001708984,69.5625,69.8046875,68.21875,68.4375,10890800,69.5625
1999-11-09,58.284820556640625,69.09375,70.25,68.5,70.125,14629800,69.09375
1999-11-10,59.04927062988281,70.0,70.59375,68.8125,69.125,16561000,70.0
1999-11-11,60.10371398925781,71.25,71.34375,70.125,70.75,18501400,71.25
1999-11-12,60.894554138183594,72.1875,72.25,69.375,71.625,28646600,72.1875
1999-11-15,60.77596664428711,72.046875,72.5,71.6875,72.25,10909400,72.046875
1999-11-16,62.31809997558594,73.875,74.21875,72.0,72.3125,19126400,73.875
1999-11-17,61.474525451660156,72.875,74.1953125,72.5,73.875,21683600,72.875
1999-11-18,63.359352111816406,75.109375,75.109375,72.9375,73.375,17738400,75.109375
1999-11-19,63.92609786987305,75.78125,75.90625,74.5,74.78125,17939400,75.78125
1999-11-22,62.950775146484375,74.625,77.5,74.625,75.9375,18841800,74.625
1999-11-23,63.2407341003418,74.96875,76.5,74.25,76.4375,24047600,74.96875
1999-11-24,65.32328033447266,77.4375,77.7421875,74.40625,75.1875,18617800,77.4375
1999-11-26,65.53414916992188,77.6875,78.78125,77.375,78.40625,8045200,77.6875
1999-11-29,64.45333862304688,76.40625,78.1875,76.3125,77.53125,20485200,76.40625
1999-11-30,62.001739501953125,73.5,76.6875,73.5,76.5625,23702400,73.5
1999-12-01,63.346153259277344,75.09375,75.46875,73.75,74.3125,23205800,75.09375
1999-12-02,65.35621643066406,77.4765625,77.625,75.328125,75.375,17229200,77.4765625
1999-12-03,66.74678039550781,79.125,80.1875,78.90625,79.3125,21444600,79.125
1999-12-06,67.35307312011719,79.84375,80.5,78.6875,79.4296875,16018400,79.84375
1999-12-07,67.35307312011719,79.84375,80.40625,78.8359375,80.09375,23397000,79.84375
1999-12-08,66.53589630126953,78.875,80.4921875,78.6875,79.8671875,19563000,78.875
1999-12-09,66.85221099853516,79.25,80.4375,77.25,80.0,28445400,79.25
1999-12-10,67.40580749511719,79.90625,80.1875,78.125,79.90625,20428400,79.90625
1999-12-13,68.32186889648438,80.9921875,81.3359375,79.28125,79.6328125,16209200,80.9921875
1999-12-14,67.08943939208984,79.53125,81.21875,79.0,80.75,27760200,79.53125
1999-12-15,68.38118743896484,81.0625,81.0625,77.9375,78.625,31797200,81.0625
1999-12-16,70.0682601928711,83.0625,83.25,81.75,82.125,27219600,83.0625
1999-12-17,70.67459869384766,83.78125,84.875,83.4296875,84.5,23892400,83.78125
1999-12-20,71.59725952148438,84.875,85.25,83.6875,84.40625,15392000,84.875
1999-12-21,75.44598388671875,89.4375,89.4375,84.640625,85.125,26003800,89.4375
1999-12-22,75.20874786376953,89.15625,89.3125,87.4375,89.1875,22313600,89.15625
1999-12-23,76.10501098632812,90.21875,90.75,89.0,89.8671875,17543600,90.21875
1999-12-27,75.65690612792969,89.6875,90.34375,87.90625,90.3125,19281800,89.6875
1999-12-28,75.18238067626953,89.125,90.5,88.5625,89.75,15346400,89.125
1999-12-29,78.02941131591797,92.5,92.5,89.875,90.0,16512600,92.5
1999-12-30,77.18585968017578,91.5,93.75,91.5,93.625,21887000,91.5
1999-12-31,77.08039093017578,91.375,93.1875,91.375,92.625,14464400,91.375
2000-01-03,79.9273910522461,94.75,96.1875,90.75,96.1875,36345200,94.75
2000-01-04,74.44429779052734,88.25,93.5,87.9375,92.0,33786600,88.25
2000-01-05,72.5462417602539,86.0,89.625,84.25,87.5,42496600,86.0
2000-01-06,67.56398010253906,80.09375,88.0,79.75,86.875,37134800,80.09375
2000-01-07,75.92051696777344,90.0,90.0,82.5,82.9375,28138200,90.0
2000-01-10,78.02941131591797,92.5,93.9375,89.9375,91.0,29675600,92.5
2000-01-11,74.2333984375,88.0,92.875,87.0,91.75,32546600,88.0
2000-01-12,72.59898376464844,86.0625,89.2421875,86.0,89.0,29050000,86.0625
2000-01-13,76.97493743896484,91.25,91.5,87.078125,88.5,25165200,91.25
2000-01-14,78.76752471923828,93.375,93.625,92.0,93.0,21898600,93.375
2000-01-18,79.18929290771484,93.875,94.4375,91.4375,92.0625,16752400,93.875
2000-01-19,80.98185729980469,96.0,96.0,92.4296875,93.4921875,19006000,96.0
2000-01-20,80.19105529785156,95.0625,96.875,94.0078125,95.5,25958000,95.0625
2000-01-21,81.19281005859375,96.25,96.5625,95.0625,96.5,18698200,96.25
2000-01-24,77.29126739501953,91.625,97.625,90.96875,97.4375,28340400,91.625
2000-01-25,78.451171875,93.0,94.1171875,89.40625,91.875,33276200,93.0
2000-01-26,75.2878646850586,89.25,93.3125,89.0,93.25,23095600,89.25
2000-01-27,76.39500427246094,90.5625,92.5,87.625,91.75,30739200,90.5625
2000-01-28,72.5462417602539,86.0,90.46875,84.75,90.0,35313800,86.0
2000-01-31,75.65690612792969,89.6875,90.0,83.5,85.875,36014600,89.6875
2000-02-01,77.68670654296875,92.09375,92.5,88.4375,89.53125,26417600,92.09375
2000-02-02,78.3457260131836,92.875,94.71875,92.09375,92.25,26169200,92.875
2000-02-03,81.40364074707031,96.5,96.625,92.28125,94.3125,30579800,96.5
2000-02-04,81.95723724365234,97.15625,98.2421875,96.21875,97.0,26640000,97.15625
2000-02-07,83.09075927734375,98.5,98.625,96.25,97.25,17761000,98.5
2000-02-08,86.5704574584961,102.625,102.875,99.375,99.375,21999400,102.625
2000-02-09,83.5125503540039,99.0,102.1953125,98.75,102.0625,27258200,99.0
2000-02-10,86.2541275024414,102.25,102.25,98.5546875,99.8125,26341600,102.25
2000-02-11,84.25070190429688,99.875,102.0625,98.0,102.0625,24876000,99.875
2000-02-14,84.14517211914062,99.75,100.0,97.75,99.9921875,22814600,99.75
2000-02-15,84.75154113769531,100.46875,100.625,95.875,98.9375,30572800,100.46875
2000-02-16,84.35610961914062,100.0,101.6875,99.3125,99.90625,25310600,100.0
2000-02-17,86.1486587524414,102.125,103.25,99.625,101.1875,30080200,102.125
2000-02-18,83.03805541992188,98.4375,103.0,98.4375,102.625,25271200,98.4375
2000-02-22,83.3016586303711,98.75,99.9375,96.25,99.0,37226200,98.75
2000-02-23,87.94124603271484,104.25,105.0,99.15625,99.6796875,32170800,104.25
2000-02-24,89.83929443359375,106.5,106.8046875,102.0,104.875,48868200,106.5
2000-02-25,87.78307342529297,104.0625,107.5,103.875,106.1875,32617600,104.0625
2000-02-28,87.73036193847656,104.0,105.6875,100.5,103.25,38216200,104.0
2000-02-29,90.05016326904297,106.75,107.09375,104.9375,105.75,23978600,106.75
2000-03-01,90.78827667236328,107.625,108.5625,106.5,107.25,24468400,107.625
2000-03-02,88.68597412109375,105.1328125,108.1875,104.75,108.0625,32739200,105.1328125
2000-03-03,93.68804168701172,111.0625,111.125,107.0,108.0,32017200,111.0625
2000-03-06,94.42611694335938,111.9375,113.21875,110.25,111.75,23268400,111.9375
2000-03-07,93.00261688232422,110.25,113.875,108.75,113.8125,39471000,110.25
2000-03-08,93.84617614746094,111.25,112.0,106.28125,111.0,43512600,111.25
2000-03-09,97.009521484375,115.0,115.5,109.09375,111.21875,30101400,115.0
2000-03-10,96.58776092529297,114.5,116.4375,113.5078125,114.875,29750600,114.5
2000-03-13,94.05708312988281,111.5,114.125,109.53125,110.0,37544200,111.5
2000-03-14,90.5773696899414,107.375,113.375,105.0,112.75,39106800,107.375
2000-03-15,86.78133392333984,102.875,107.0,101.875,106.5,51202600,102.875
2000-03-16,91.7372817993164,108.75,109.25,101.0,105.375,55282200,108.75
2000-03-17,93.47710418701172,110.8125,111.0625,107.9375,108.0,31422400,110.8125
2000-03-20,90.84098815917969,107.6875,111.5,106.25,111.0,21167200,107.6875
2000-03-21,94.26793670654297,111.75,111.9375,103.5625,106.125,33435100,111.75
2000-03-22,96.16597747802734,114.0,115.96875,111.125,113.5,24370200,114.0
2000-03-23,97.85309600830078,116.0,117.75,113.5625,114.484375,19227400,116.0
2000-03-24,99.17113494873047,117.5625,120.5,115.015625,117.484375,22063000,117.5625
2000-03-27,99.329345703125,117.75,119.5,117.125,118.0,11752600,117.75
2000-03-28,96.79866027832031,114.75,117.8125,113.125,116.984375,18336300,114.75
2000-03-29,92.79173278808594,110.0,115.4375,110.0,115.375,27189500,110.0
2000-03-30,90.471923828125,107.25,112.75,103.5,107.25,42328700,107.25
2000-03-31,92.36992645263672,109.5,110.625,104.0,108.140625,31349900,109.5
2000-04-03,86.83406829833984,102.9375,109.125,100.75,107.765625,31551300,102.9375
2000-04-04,85.99048614501953,101.9375,103.9375,88.3125,103.625,66213000,101.9375
2000-04-05,84.46157836914062,100.125,103.9375,96.25,97.5,37631500,100.125
2000-04-06,86.46499633789062,102.5,103.875,99.75,102.375,30499900,102.5
2000-04-07,89.9446792602539,106.625,107.375,102.625,104.125,20645500,106.625
2000-04-10,84.46157836914062,100.125,107.6875,99.25,107.625,26988200,100.125
2000-04-11,82.45809936523438,97.75,101.5,95.0625,97.125,34497100,97.75
2000-04-12,77.60762786865234,92.0,98.75,90.25,97.625,34824400,92.0
2000-04-13,74.2333984375,88.0,96.0,88.0,92.8125,46330500,88.0
2000-04-14,67.80120849609375,80.375,88.5,78.0,86.0625,60851300,80.375
2000-04-17,75.60417175292969,89.625,90.0,78.0,78.015625,55398500,89.625
2000-04-18,77.60762786865234,92.0,93.0,87.375,89.484375,36260900,92.0
2000-04-19,75.23509979248047,89.1875,93.625,89.0625,92.5,28082500,89.1875
2000-04-20,73.60073852539062,87.25,90.96875,86.0625,90.375,21255600,87.25
2000-04-24,71.49177551269531,84.75,85.25,79.875,83.4375,31190900,84.75
2000-04-25,76.31587219238281,90.46875,90.5,86.0,86.5,28663200,90.46875
2000-04-26,73.7061538696289,87.375,92.421875,87.125,90.625,25688300,87.375
2000-04-27,76.97493743896484,91.25,92.484375,82.25,84.0,37010400,91.25
2000-04-28,79.9273910522461,94.75,94.75,92.125,93.5625,24828400,94.75
2000-05-01,80.66554260253906,95.625,96.875,94.25,95.75,23205700,95.625
2000-05-02,76.02593994140625,90.125,95.625,89.75,94.875,20307900,90.125
2000-05-03,75.18238067626953,89.125,90.25,85.515625,89.5,26589700,89.125
2000-05-04,75.340576171875,89.3125,90.75,87.625,89.0,17750700,89.3125
2000-05-05,77.13314819335938,91.4375,92.3125,88.03125,88.125,20571200,91.4375
2000-05-08,74.12791442871094,87.875,90.75,87.75,90.5,13903000,87.875
2000-05-09,72.5462417602539,86.0,89.125,84.3125,88.5,19825800,86.0
2000-05-10,67.27398681640625,79.75,84.984375,79.5,84.375,34847500,79.75
2000-05-11,71.38638305664062,84.625,85.25,80.875,82.75,24709700,84.625
2000-05-12,71.38638305664062,84.625,87.5625,84.0,85.375,17832000,84.625
2000-05-15,74.49699401855469,88.3125,88.625,82.625,84.8125,17950800,88.3125
2000-05-16,76.60590362548828,90.8125,91.5,88.0625,90.0,23758800,90.8125
2000-05-17,75.02420043945312,88.9375,90.5,87.75,89.25,20339400,88.9375
2000-05-18,72.33538818359375,85.75,89.359375,85.375,89.0,19063000,85.75
2000-05-19,68.90841674804688,81.6875,85.0,81.3125,83.75,28178100,81.6875
2000-05-22,68.85566711425781,81.625,82.25,75.578125,81.625,43879800,81.625
2000-05-23,63.10892105102539,74.8125,82.625,74.25,81.375,31898500,74.8125
2000-05-24,67.0631103515625,79.5,79.875,72.25,75.0,49476000,79.5
2000-05-25,65.58686065673828,77.75,82.25,76.5,80.25,29632700,77.75
2000-05-26,65.58686065673828,77.75,79.25,75.75,77.75,18203200,77.75
2000-05-30,72.17717742919922,85.5625,85.9375,80.0,80.0,31590400,85.5625
2000-05-31,70.12100219726562,83.125,86.671875,82.75,84.46875,29675400,83.125
2000-06-01,73.7061538696289,87.375,88.375,84.0,85.1875,28993500,87.375
2000-06-02,78.97843170166016,93.625,93.9375,82.5,92.625,31677200,93.625
2000-06-05,79.1761245727539,93.859375,95.3125,91.875,92.25,23784300,93.859375
2000-06-06,76.97493743896484,91.25,95.0,90.875,93.1875,23200500,91.25
2000-06-07,79.03108978271484,93.6875,94.0,89.5625,91.5625,22524400,93.6875
2000-06-08,78.66205596923828,93.25,94.875,91.625,94.625,19313800,93.25
2000-06-09,79.08385467529297,93.75,94.75,93.0,94.75,17014600,93.75
2000-06-12,76.5531997680664,90.75,94.3125,90.0,94.3125,16484700,90.75
2000-06-13,79.5056381225586,94.25,94.625,89.359375,90.5,25187900,94.25
2000-06-14,77.71306610107422,92.125,94.875,91.5,94.875,20274500,92.125
2000-06-15,79.08385467529297,93.75,93.875,90.875,91.875,18807800,93.75
2000-06-16,79.5056381225586,94.25,95.3125,93.0625,94.75,21203400,94.25
2000-06-19,82.66899871826172,98.0,98.25,92.6875,94.015625,20042500,98.0
2000-06-20,82.3526611328125,97.625,99.6875,97.1875,98.25,20988300,97.625
2000-06-21,83.40707397460938,98.875,99.71875,96.6875,96.8125,20880600,98.875
2000-06-22,80.34921264648438,95.25,99.0,94.5,98.625,21526700,95.25
2000-06-23,77.18585968017578,91.5,95.5,91.375,95.0,24888100,91.5
2000-06-26,79.29476165771484,94.0,94.421875,92.0,93.0625,22169200,94.0
2000-06-27,78.3457260131836,92.875,95.0625,92.375,93.765625,14786000,92.875
2000-06-28,79.29476165771484,94.0,95.5,92.5,92.984375,19259800,94.0
2000-06-29,77.304443359375,91.640625,93.375,90.625,92.9375,21355800,91.640625
2000-06-30,78.82025146484375,93.4375,93.953125,91.3125,91.8125,15153100,93.4375
2000-07-03,80.34921264648438,95.25,95.25,93.25,93.5,5212000,95.25
2000-07-05,77.23856353759766,91.5625,93.96875,90.875,93.625,16489000,91.5625
2000-07-06,79.29476165771484,94.0,94.75,90.0625,91.5625,23594700,94.0
2000-07-07,80.92913055419922,95.9375,97.0,94.4375,95.0,16603200,95.9375
2000-07-10,79.70335388183594,94.484375,95.875,94.0,94.6875,12659400,94.484375
2000-07-11,80.13831329345703,95.0,95.75,92.8125,94.0625,14374600,95.0
2000-07-12,82.03631591796875,97.25,97.75,94.625,95.4375,18252600,97.25
2000-07-13,83.09075927734375,98.5,99.75,97.125,97.9375,19566700,98.5
2000-07-14,84.88334655761719,100.625,101.125,98.8125,100.25,17219400,100.625
2000-07-17,85.83235168457031,101.75,102.0625,99.875,100.9375,13140500,101.75
2000-07-18,83.93433380126953,99.5,100.78125,98.359375,100.375,20684000,99.5
2000-07-19,82.03631591796875,97.25,98.9375,95.65625,98.3125,21828500,97.25
2000-07-20,84.67247772216797,100.375,100.5,97.265625,97.875,19521200,100.375
2000-07-21,81.82543182373047,97.0,99.515625,97.0,98.4375,14411400,97.0
2000-07-24,80.13831329345703,95.0,99.0,94.25,97.9375,18579200,95.0
2000-07-25,80.77095031738281,95.75,97.0,93.8125,95.625,19065700,95.75
2000-07-26,80.66554260253906,95.625,96.125,93.25,95.5,20318700,95.625
2000-07-27,77.50215911865234,91.875,95.0625,91.5625,93.9375,26141800,91.875
2000-07-28,73.28439331054688,86.875,92.875,86.0,92.1875,36485600,86.875
2000-07-31,75.44598388671875,89.4375,90.125,85.71875,87.625,27609900,89.4375
2000-08-01,74.44429779052734,88.25,89.984375,87.6875,89.8125,15751800,88.25
2000-08-02,73.12615966796875,86.6875,90.390625,86.5,87.875,23578200,86.6875
2000-08-03,76.28956604003906,90.4375,91.25,83.3125,84.25,35874700,90.4375
2000-08-04,76.02593994140625,90.125,92.765625,89.125,92.0,22283400,90.125
2000-08-07,77.81851196289062,92.25,93.03125,90.25,90.875,15103300,92.25
2000-08-08,79.40018463134766,94.125,94.25,91.5,92.0625,14832300,94.125
2000-08-09,77.29126739501953,91.625,94.4375,91.375,93.6875,18649800,91.625
2000-08-10,75.7623291015625,89.8125,92.234375,89.5,91.8125,15336200,89.8125
2000-08-11,76.81678771972656,91.0625,91.109375,87.875,89.25,21050600,91.0625
2000-08-14,78.451171875,93.0,93.0,90.203125,91.375,12539300,93.0
2000-08-15,78.451171875,93.0,93.984375,92.0,92.75,14090300,93.0
2000-08-16,79.24205017089844,93.9375,94.6875,92.0,93.4375,15245300,93.9375
2000-08-17,80.77095031738281,95.75,95.875,92.875,92.9375,14492400,95.75
2000-08-18,80.34921264648438,95.25,96.625,94.6875,95.9375,14706700,95.25
2000-08-21,80.56008911132812,95.5,96.859375,94.375,96.0,13560100,95.5
2000-08-22,80.56008911132812,95.5,97.359375,95.265625,96.0,14878200,95.5
2000-08-23,81.878173828125,97.0625,97.4375,93.828125,94.6875,21396400,97.0625
2000-08-24,83.14346313476562,98.5625,98.6875,96.0625,97.4375,13567700,98.5625
2000-08-25,82.69535064697266,98.03125,99.953125,97.0,98.484375,11764700,98.03125
2000-08-28,83.09075927734375,98.5,99.84375,97.9375,98.25,12314200,98.5
2000-08-29,83.5125503540039,99.0,99.171875,97.859375,98.625,11162800,99.0
2000-08-30,83.40707397460938,98.875,99.5,97.765625,98.3125,10545300,98.875
2000-08-31,85.72689819335938,101.625,102.0,98.875,99.625,15588700,101.625
2000-09-01,86.5704574584961,102.625,103.515625,101.1875,103.0,14071900,102.625
2000-09-05,83.93433380126953,99.5,101.75,99.421875,101.625,16348300,99.5
2000-09-06,80.98185729980469,96.0,99.484375,95.5,99.25,20964900,96.0
2000-09-07,82.77442169189453,98.125,99.421875,96.5625,96.8125,16669700,98.125
2000-09-08,80.2437744140625,95.125,98.0,94.765625,97.765625,23475200,95.125
2000-09-11,78.29302215576172,92.8125,96.125,92.0,94.5,27262100,92.8125
2000-09-12,77.08039093017578,91.375,94.6875,90.84375,93.5,24256000,91.375
2000-09-13,78.8729248046875,93.5,93.875,90.0,90.25,34093100,93.5
2000-09-14,78.451171875,93.0,95.9375,92.640625,95.25,28615300,93.0
2000-09-15,77.02766418457031,91.3125,93.625,90.6875,93.125,24994600,91.3125
2000-09-18,75.81503295898438,89.875,93.0,88.0,91.8125,29218500,89.875
2000-09-19,78.60935974121094,93.1875,93.78125,89.875,90.75,27568700,93.1875
2000-09-20,79.82197570800781,94.625,95.234375,91.3125,93.375,33123200,94.625
2000-09-21,74.02246856689453,87.75,94.484375,87.0,93.75,25031400,87.75
2000-09-22,78.39844512939453,92.9375,93.25,87.5,87.625,33710100,92.9375
2000-09-25,76.31587219238281,90.46875,94.25,90.0,93.625,20560800,90.46875
2000-09-26,75.44598388671875,89.4375,92.5,88.921875,90.765625,26011200,89.4375
2000-09-27,75.55144500732422,89.5625,91.1875,88.0,90.625,28482900,89.5625
2000-09-28,77.23856353759766,91.5625,93.0,88.71875,88.71875,29050000,91.5625
2000-09-29,74.86605834960938,88.75,92.453125,88.6875,92.0,27198800,88.75
2000-10-02,73.178955078125,86.75,90.25,86.0,90.25,24968200,86.75
2000-10-03,70.85914611816406,84.0,88.8125,83.265625,88.0625,35731200,84.0
2000-10-04,72.22991180419922,85.625,86.859375,82.125,83.5,37672100,85.625
2000-10-05,72.44080352783203,85.875,87.1875,84.5625,85.25,23443100,85.875
2000-10-06,70.01557159423828,83.0,86.5625,81.25,85.5625,36335800,83.0
2000-10-09,69.6992416381836,82.625,83.8125,79.375,82.5625,28834600,82.625
2000-10-10,66.06143951416016,78.3125,83.3125,77.875,81.8125,35283200,78.3125
2000-10-11,65.0069351196289,77.0625,80.453125,76.0625,76.875,48462600,77.0625
2000-10-12,63.372528076171875,75.125,79.5625,74.40625,79.25,53223600,75.125
2000-10-13,68.53933715820312,81.25,81.625,74.625,74.6875,42410200,81.25
2000-10-16,69.17200469970703,82.0,82.3125,79.75,81.125,27644900,82.0
2000-10-17,66.00861358642578,78.25,83.171875,78.0,83.125,52101400,78.25
2000-10-18,65.7977523803711,78.0,81.1875,74.5625,76.75,64354400,78.0
2000-10-19,71.75541687011719,85.0625,85.109375,81.4375,82.390625,44278900,85.0625
2000-10-20,72.80987548828125,86.3125,87.875,84.390625,84.5,40692200,86.3125
2000-10-23,72.70441436767578,86.1875,87.5,84.125,86.1875,28989200,86.1875
2000-10-24,69.59379577636719,82.5,87.0,82.375,86.4375,31466200,82.5
2000-10-25,65.69232177734375,77.875,82.0,76.890625,81.25,48635400,77.875
2000-10-26,67.37945556640625,79.875,80.0,73.625,78.1875,69991300,79.875
2000-10-27,67.24763488769531,79.71875,81.859375,77.484375,80.859375,51046400,79.71875
2000-10-30,64.7564468383789,76.765625,79.875,75.703125,78.1875,35496700,76.765625
2000-10-31,68.92155456542969,81.703125,82.5625,77.875,78.0,43863800,81.703125
2000-11-01,68.32843780517578,81.0,82.8125,79.1875,80.3125,45186400,81.0
2000-11-02,69.17200469970703,82.0,83.25,81.0625,82.1875,26594300,82.0
2000-11-03,70.0682601928711,83.0625,83.9375,81.640625,82.875,29837100,83.0625
2000-11-06,69.54106903076172,82.4375,84.125,82.0,83.625,23485800,82.4375
2000-11-07,69.27745819091797,82.125,82.46875,80.25,81.4375,24334400,82.125
2000-11-08,63.860198974609375,75.703125,82.25,75.625,82.125,40338200,75.703125
2000-11-09,63.8470344543457,75.6875,76.9375,73.0,74.75,64955900,75.6875
2000-11-10,60.52549362182617,71.75,75.6875,71.75,74.25,49235500,71.75
2000-11-13,60.61779022216797,71.859375,74.1875,68.265625,70.953125,75023400,71.859375
2000-11-14,63.97882080078125,75.84375,76.0,72.75,73.0,44829500,75.84375
2000-11-15,65.27053833007812,77.375,78.0625,74.796875,75.5625,37760900,77.375
2000-11-16,61.474525451660156,72.875,77.0,72.875,75.375,33898700,72.875
2000-11-17,61.43498611450195,72.828125,75.1875,71.0,73.1875,49913800,72.828125
2000-11-20,58.93064498901367,69.859375,72.0625,69.25,70.9375,46862300,69.859375
2000-11-21,58.8383903503418,69.75,71.125,68.4375,70.1875,42128600,69.75
2000-11-22,56.202266693115234,66.625,70.125,66.5,68.4375,56623700,66.625
2000-11-24,59.41832733154297,70.4375,70.625,68.171875,68.375,19987900,70.4375
2000-11-27,58.680233001708984,69.5625,72.9375,68.75,72.5625,35416600,69.5625
2000-11-28,55.21370315551758,65.453125,69.9375,65.3125,68.9375,48812700,65.453125
2000-11-29,53.09162139892578,62.9375,66.75,62.5,65.8125,66189300,62.9375
2000-11-30,53.131168365478516,62.984375,64.25,60.5,61.75,74792600,62.984375
2000-12-01,53.9879035949707,64.0,66.765625,62.125,64.0625,57112500,64.0
2000-12-04,54.83146286010742,65.0,65.359375,61.75,64.125,49106300,65.0
2000-12-05,59.62921142578125,70.6875,71.0,65.5,66.0625,76531800,70.6875
2000-12-06,57.36213684082031,68.0,72.296875,67.75,70.59375,63352100,68.0
2000-12-07,56.09682083129883,66.5,68.984375,65.5,67.0,41481100,66.5
2000-12-08,57.36213684082031,68.0,73.5,67.625,71.09375,65856900,68.0
2000-12-11,62.73988342285156,74.375,74.78125,70.953125,72.0625,51829800,74.375
2000-12-12,60.446414947509766,71.65625,73.875,71.3125,73.5,31054500,71.65625
2000-12-13,57.98163986206055,68.734375,73.5,68.3125,73.4375,51661600,68.734375
2000-12-14,55.14780044555664,65.375,69.6875,65.25,68.515625,41562700,65.375
2000-12-15,53.88246536254883,63.875,65.625,62.5625,64.25,59026100,63.875
2000-12-18,53.9879035949707,64.0,65.96875,62.5625,65.15625,42950000,64.0
2000-12-19,49.87554931640625,59.125,65.859375,58.75,63.453125,80489200,59.125
2000-12-20,47.01534652709961,55.734375,58.375,54.75,57.3125,81432100,55.734375
2000-12-21,47.292152404785156,56.0625,58.75,54.25,55.015625,85875600,56.0625
2000-12-22,51.03546142578125,60.5,60.75,57.5,57.625,57240000,60.5
2000-12-26,51.35179138183594,60.875,61.921875,58.0,60.59375,37082800,60.875
2000-12-27,51.931739807128906,61.5625,62.1875,58.9375,59.6875,33955500,61.5625
2000-12-28,51.826271057128906,61.4375,62.484375,60.25,60.78125,30996900,61.4375
2000-12-29,49.24287414550781,58.375,62.234375,58.0,61.5625,49191000,58.375
2001-01-02,45.07780075073242,53.4375,58.6875,52.4375,58.5625,62514100,53.4375
2001-01-03,52.669857025146484,62.4375,65.25,52.15625,52.1875,118175700,62.4375
2001-01-04,51.72085952758789,61.3125,63.625,60.234375,61.625,58465400,61.3125
2001-01-05,47.766624450683594,56.625,61.3125,56.0,61.3125,68782000,56.625
2001-01-08,48.293880462646484,57.25,57.5,53.515625,56.3125,55576500,57.25
2001-01-09,48.293880462646484,57.25,59.125,56.625,57.75,53318900,57.25
2001-01-10,50.7718391418457,60.1875,60.375,55.75,56.125,74258300,60.1875
2001-01-11,52.24805450439453,61.9375,63.6875,59.1875,59.265625,65451700,61.9375
2001-01-12,52.9202766418457,62.734375,64.625,61.5,62.75,60793900,62.734375
2001-01-16,52.287593841552734,61.984375,62.921875,60.5625,62.5625,32203300,61.984375
2001-01-17,53.88246536254883,63.875,65.609375,63.140625,64.5,61388800,63.875
2001-01-18,56.1495361328125,66.5625,66.75,62.6875,64.125,54934700,66.5625
2001-01-19,55.93862533569336,66.3125,68.3125,65.5625,68.140625,56292500,66.3125
2001-01-22,55.99137496948242,66.375,67.0,64.75,65.875,35777100,66.375
2001-01-23,57.16444396972656,67.765625,68.40625,65.3125,65.90625,49859500,67.765625
2001-01-24,56.6240348815918,67.125,69.125,66.75,68.0625,53905400,67.125
2001-01-25,54.40969467163086,64.5,67.671875,64.390625,66.875,57151900,64.5
2001-01-26,55.292789459228516,65.546875,65.9375,63.0,63.5625,45681400,65.546875
2001-01-29,56.51860427856445,67.0,67.25,64.25,64.75,31514100,67.0
2001-01-30,56.30772399902344,66.75,67.73999786376953,66.0,67.1500015258789,42439300,66.75
2001-01-31,54.2409782409668,64.30000305175781,67.98999786376953,64.30000305175781,67.25,59322200,64.30000305175781
2001-02-01,54.95799255371094,65.1500015258789,65.61000061035156,63.599998474121094,64.55000305175781,45142600,65.1500015258789
2001-02-02,51.921180725097656,61.54999923706055,65.30000305175781,60.0,64.94000244140625,47471000,61.54999923706055
2001-02-05,51.879005432128906,61.5,61.900001525878906,60.119998931884766,61.189998626708984,36016300,61.5
2001-02-06,51.963382720947266,61.599998474121094,63.119998931884766,61.15999984741211,61.4900016784668,42417700,61.599998474121094
2001-02-07,51.11979675292969,60.599998474121094,61.20000076293945,58.58000183105469,60.5099983215332,61972200,60.599998474121094
2001-02-08,49.592952728271484,58.790000915527344,61.5,58.58000183105469,60.900001525878906,48269500,58.790000915527344
2001-02-09,47.57686233520508,56.400001525878906,58.599998474121094,56.0,58.25,55385200,56.400001525878906
2001-02-12,48.15047073364258,57.08000183105469,57.939998626708984,55.619998931884766,56.25,50540400,57.08000183105469
2001-02-13,46.60675811767578,55.25,59.18000030517578,54.97999954223633,57.650001525878906,58914000,55.25
2001-02-14,48.46258544921875,57.45000076293945,57.75,54.119998931884766,55.400001525878906,63048200,57.45000076293945
2001-02-15,49.26395034790039,58.400001525878906,60.4900016784668,58.29999923706055,58.79999923706055,67801300,58.400001525878906
2001-02-16,46.505523681640625,55.130001068115234,56.869998931884766,54.529998779296875,55.959999084472656,66779700,55.130001068115234
2001-02-20,44.700294494628906,52.9900016784668,55.84000015258789,52.29999923706055,55.7400016784668,55298400,52.9900016784668
2001-02-21,43.443389892578125,51.5,54.06999969482422,50.91999816894531,51.54999923706055,72349000,51.5
2001-02-22,43.02161407470703,51.0,52.15999984741211,48.88999938964844,51.45000076293945,103855500,51.0
2001-02-23,43.17344665527344,51.18000030517578,51.599998474121094,48.22999954223633,50.09000015258789,93337900,51.18000030517578
2001-02-26,43.9917106628418,52.150001525878906,52.599998474121094,50.25,52.08000183105469,78342700,52.150001525878906
2001-02-27,41.33449935913086,49.0,52.08000183105469,48.900001525878906,51.540000915527344,66741700,49.0
2001-02-28,40.0269660949707,47.45000076293945,50.209999084472656,46.86000061035156,49.45000076293945,102187900,47.45000076293945
2001-03-01,41.16579055786133,48.79999923706055,49.20000076293945,45.75,46.970001220703125,101773000,48.79999923706055
2001-03-02,39.39430236816406,46.70000076293945,49.630001068115234,45.650001525878906,47.20000076293945,95927100,46.70000076293945
2001-03-05,40.111331939697266,47.54999923706055,48.36000061035156,47.09000015258789,47.5,43888400,47.54999923706055
2001-03-06,41.67190170288086,49.400001525878906,50.65999984741211,49.099998474121094,49.29999923706055,60828600,49.400001525878906
2001-03-07,41.688804626464844,49.41999816894531,50.43000030517578,48.970001220703125,50.400001525878906,55215500,49.41999816894531
2001-03-08,40.912715911865234,48.5,49.810001373291016,48.099998474121094,49.349998474121094,48965200,48.5
2001-03-09,38.04460144042969,45.099998474121094,47.369998931884766,44.95000076293945,47.25,79990900,45.099998474121094
2001-03-12,35.68263244628906,42.29999923706055,44.95000076293945,41.79999923706055,44.0,80674000,42.29999923706055
2001-03-13,37.496299743652344,44.45000076293945,44.7400016784668,42.130001068115234,42.779998779296875,80024400,44.45000076293945
2001-03-14,36.905799865722656,43.75,45.189998626708984,42.310001373291016,42.70000076293945,97190000,43.75
2001-03-15,35.55609130859375,42.150001525878906,45.310001373291016,42.04999923706055,45.20000076293945,74135500,42.150001525878906
2001-03-16,34.75472640991211,41.20000076293945,42.79999923706055,40.560001373291016,41.880001068115234,77784500,41.20000076293945
2001-03-19,36.49245834350586,43.2599983215332,43.2599983215332,40.75,41.439998626708984,53248200,43.2599983215332
2001-03-20,34.03769302368164,40.349998474121094,43.810001373291016,40.20000076293945,43.439998626708984,104796200,40.349998474121094
2001-03-21,34.03769302368164,40.349998474121094,41.79999923706055,39.709999084472656,40.52000045776367,96200700,40.349998474121094
2001-03-22,36.10442352294922,42.79999923706055,42.79999923706055,39.4900016784668,40.599998474121094,130208100,42.79999923706055
2001-03-23,36.10442352294922,42.79999923706055,43.83000183105469,41.5,43.54999923706055,95277500,42.79999923706055
2001-03-26,35.2692985534668,41.810001373291016,43.5,41.54999923706055,43.470001220703125,57666200,41.810001373291016
2001-03-27,36.484004974365234,43.25,43.720001220703125,41.41999816894531,41.79999923706055,69945300,43.25
2001-03-28,33.48937225341797,39.70000076293945,42.20000076293945,39.68000030517578,41.900001525878906,77863500,39.70000076293945
2001-03-29,32.85669708251953,38.95000076293945,40.61000061035156,38.400001525878906,39.380001068115234,79654700,38.95000076293945
2001-03-30,33.02542495727539,39.150001525878906,39.97999954223633,38.0,39.29999923706055,63661300,39.150001525878906
2001-04-02,31.549175262451172,37.400001525878906,39.849998474121094,37.29999923706055,39.16999816894531,69713600,37.400001525878906
2001-04-03,29.237825393676758,34.65999984741211,37.75,34.619998931884766,37.20000076293945,89015700,34.65999984741211
2001-04-04,28.723247528076172,34.04999923706055,35.810001373291016,33.599998474121094,34.709999084472656,76473900,34.04999923706055
2001-04-05,31.473270416259766,37.310001373291016,37.959999084472656,35.709999084472656,36.0,87035800,37.310001373291016
2001-04-06,30.326019287109375,35.95000076293945,37.099998474121094,35.5,36.900001525878906,86123600,35.95000076293945
2001-04-09,31.253934860229492,37.04999923706055,37.38999938964844,35.849998474121094,36.790000915527344,51638700,37.04999923706055
2001-04-10,33.57373046875,39.79999923706055,40.459999084472656,37.779998779296875,37.900001525878906,94265100,39.79999923706055
2001-04-11,34.586002349853516,41.0,42.5,40.45000076293945,42.15999984741211,92829500,41.0
2001-04-12,36.10442352294922,42.79999923706055,42.79999923706055,40.0,40.29999923706055,79531500,42.79999923706055
2001-04-16,33.95334243774414,40.25,42.43000030517578,40.060001373291016,41.939998626708984,65229800,40.25
2001-04-17,34.796897888183594,41.25,42.70000076293945,39.900001525878906,39.95000076293945,94694300,41.25
2001-04-18,38.42420196533203,45.54999923706055,48.0,43.20000076293945,43.720001220703125,128891400,45.54999923706055
2001-04-19,40.74400329589844,48.29999923706055,48.75,45.58000183105469,46.099998474121094,110467600,48.29999923706055
2001-04-20,40.828346252441406,48.400001525878906,49.439998626708984,43.04999923706055,48.18000030517578,80598100,48.400001525878906
2001-04-23,38.0867919921875,45.150001525878906,47.720001220703125,44.88999938964844,46.9900016784668,79317600,45.150001525878906
2001-04-24,37.36975860595703,44.29999923706055,46.41999816894531,43.75,45.099998474121094,88888300,44.29999923706055
2001-04-25,38.04460144042969,45.099998474121094,45.58000183105469,43.099998474121094,43.900001525878906,68418400,45.099998474121094
2001-04-26,37.07451248168945,43.95000076293945,46.25,43.869998931884766,45.900001525878906,71110200,43.95000076293945
2001-04-27,38.0867919921875,45.150001525878906,45.470001220703125,44.2400016784668,45.150001525878906,55580000,45.150001525878906
2001-04-30,38.93033981323242,46.150001525878906,47.56999969482422,45.29999923706055,46.25,73859100,46.150001525878906
2001-05-01,40.53312301635742,48.04999923706055,48.08000183105469,45.400001525878906,46.20000076293945,54498300,48.04999923706055
2001-05-02,41.317623138427734,48.97999954223633,49.400001525878906,47.5,48.79999923706055,77566500,48.97999954223633
2001-05-03,39.478641510009766,46.79999923706055,47.900001525878906,46.20000076293945,47.900001525878906,67124900,46.79999923706055
2001-05-04,40.65963363647461,48.20000076293945,48.20000076293945,45.11000061035156,45.29999923706055,72673400,48.20000076293945
2001-05-07,39.81610107421875,47.20000076293945,48.599998474121094,47.099998474121094,48.0,45561600,47.20000076293945
2001-05-08,40.65963363647461,48.20000076293945,48.349998474121094,46.9900016784668,48.29999923706055,56970700,48.20000076293945
2001-05-09,39.267765045166016,46.54999923706055,47.95000076293945,46.439998626708984,47.04999923706055,60984600,46.54999923706055
2001-05-10,38.60979080200195,45.77000045776367,48.04999923706055,45.720001220703125,47.91999816894531,61130300,45.77000045776367
2001-05-11,38.42420196533203,45.54999923706055,46.41999816894531,45.09000015258789,45.84000015258789,48760400,45.54999923706055
2001-05-14,37.80839538574219,44.81999969482422,45.36000061035156,43.349998474121094,45.29999923706055,43108000,44.81999969482422
2001-05-15,38.0867919921875,45.150001525878906,46.29999923706055,44.58000183105469,44.900001525878906,69007600,45.150001525878906
2001-05-16,39.7739143371582,47.150001525878906,47.52000045776367,44.060001373291016,44.310001373291016,80110500,47.150001525878906
2001-05-17,40.40657424926758,47.900001525878906,48.790000915527344,47.2599983215332,47.45000076293945,73810700,47.900001525878906
2001-05-18,40.524681091308594,48.040000915527344,48.380001068115234,47.09000015258789,47.63999938964844,41095100,48.040000915527344
2001-05-21,43.063812255859375,51.04999923706055,51.150001525878906,47.650001525878906,48.16999816894531,85426900,51.04999923706055
2001-05-22,42.93727111816406,50.900001525878906,51.95000076293945,50.18000030517578,51.310001373291016,77233900,50.900001525878906
2001-05-23,41.03925704956055,48.650001525878906,50.45000076293945,48.63999938964844,50.439998626708984,65618000,48.650001525878906
2001-05-24,42.09370422363281,49.900001525878906,49.9900016784668,48.27000045776367,48.970001220703125,61792500,49.900001525878906
2001-05-25,41.32604217529297,48.9900016784668,50.02000045776367,48.02000045776367,49.959999084472656,36191100,48.9900016784668
2001-05-29,38.90505599975586,46.119998931884766,48.5,46.099998474121094,48.5,66609600,46.119998931884766
2001-05-30,37.479427337646484,44.43000030517578,45.849998474121094,44.08000183105469,45.43000030517578,81397400,44.43000030517578
2001-05-31,37.73250198364258,44.72999954223633,45.849998474121094,44.29999923706055,44.540000915527344,68018300,44.72999954223633
2001-06-01,38.845985412597656,46.04999923706055,46.22999954223633,44.33000183105469,45.540000915527344,61874300,46.04999923706055
2001-06-04,38.6604118347168,45.83000183105469,46.65999984741211,45.290000915527344,46.33000183105469,41696000,45.83000183105469
2001-06-05,40.36439514160156,47.849998474121094,48.36000061035156,46.20000076293945,46.29999923706055,68146400,47.849998474121094
2001-06-06,40.05228805541992,47.47999954223633,48.88999938964844,47.06999969482422,48.08000183105469,61169500,47.47999954223633
2001-06-07,41.0814208984375,48.70000076293945,49.4900016784668,47.06999969482422,47.130001068115234,65400200,48.70000076293945
2001-06-08,39.9426155090332,47.349998474121094,48.77000045776367,46.95000076293945,48.720001220703125,56391400,47.349998474121094
2001-06-11,38.845985412597656,46.04999923706055,47.0,45.4900016784668,46.900001525878906,48809400,46.04999923706055
2001-06-12,38.63510513305664,45.79999923706055,46.79999923706055,44.22999954223633,44.869998931884766,78450500,45.79999923706055
2001-06-13,37.58064651489258,44.54999923706055,46.75,44.52000045776367,46.27000045776367,68535400,44.54999923706055
2001-06-14,35.64044189453125,42.25,44.400001525878906,42.0,44.02000045776367,91050300,42.25
2001-06-15,35.935699462890625,42.599998474121094,43.06999969482422,41.279998779296875,41.79999923706055,84589400,42.599998474121094
2001-06-18,35.45487594604492,42.029998779296875,43.16999816894531,41.400001525878906,42.63999938964844,63539100,42.029998779296875
2001-06-19,35.2777214050293,41.81999969482422,43.560001373291016,41.2599983215332,43.31999969482422,73386900,41.81999969482422
2001-06-20,36.0791130065918,42.77000045776367,42.970001220703125,41.279998779296875,41.29999923706055,83588600,42.77000045776367
2001-06-21,36.56836700439453,43.349998474121094,44.22999954223633,42.29999923706055,42.66999816894531,67212600,43.349998474121094
2001-06-22,36.484004974365234,43.25,44.20000076293945,42.59000015258789,43.619998931884766,51870400,43.25
2001-06-25,36.576812744140625,43.36000061035156,43.79999923706055,42.650001525878906,43.61000061035156,39212100,43.36000061035156
2001-06-26,36.70335006713867,43.5099983215332,43.88999938964844,42.47999954223633,42.540000915527344,55155100,43.5099983215332
2001-06-27,36.939552307128906,43.790000915527344,44.150001525878906,43.0,43.68000030517578,53289400,43.790000915527344
2001-06-28,37.41194534301758,44.349998474121094,46.36000061035156,44.349998474121094,44.400001525878906,89963700,44.349998474121094
2001-06-29,38.55072784423828,45.70000076293945,46.52000045776367,44.70000076293945,45.09000015258789,59719600,45.70000076293945
2001-07-02,38.33985137939453,45.45000076293945,46.47999954223633,45.189998626708984,45.650001525878906,50884300,45.45000076293945
2001-07-03,38.5001106262207,45.63999938964844,45.689998626708984,44.79999923706055,45.25,24758400,45.63999938964844
2001-07-05,36.65272521972656,43.45000076293945,45.18000030517578,43.45000076293945,44.869998931884766,44409800,43.45000076293945
2001-07-06,35.13431930541992,41.650001525878906,43.11000061035156,41.4900016784668,43.0099983215332,53434800,41.650001525878906
2001-07-09,35.43799591064453,42.0099983215332,42.689998626708984,41.5,41.88999938964844,45547500,42.0099983215332
2001-07-10,34.16421890258789,40.5,42.880001068115234,40.400001525878906,42.7599983215332,58620000,40.5
2001-07-11,34.586002349853516,41.0,41.099998474121094,39.869998931884766,40.41999816894531,77840200,41.0
2001-07-12,36.77923583984375,43.599998474121094,43.83000183105469,42.29999923706055,42.630001068115234,70363300,43.599998474121094
2001-07-13,36.3996696472168,43.150001525878906,44.43000030517578,42.900001525878906,43.380001068115234,62474200,43.150001525878906
2001-07-16,35.724815368652344,42.349998474121094,43.86000061035156,41.900001525878906,43.369998931884766,53390800,42.349998474121094
2001-07-17,36.52618408203125,43.29999923706055,43.400001525878906,41.540000915527344,41.81999969482422,59813000,43.29999923706055
2001-07-18,35.13431930541992,41.650001525878906,42.849998474121094,41.13999938964844,42.27000045776367,64797200,41.650001525878906
2001-07-19,35.96943283081055,42.63999938964844,43.349998474121094,41.75,42.459999084472656,76590200,42.63999938964844
2001-07-20,35.13431930541992,41.650001525878906,42.13999938964844,41.36000061035156,41.4900016784668,49012800,41.650001525878906
2001-07-23,34.25701141357422,40.61000061035156,42.400001525878906,40.54999923706055,42.2400016784668,55329400,40.61000061035156
2001-07-24,33.86897659301758,40.150001525878906,40.900001525878906,39.310001373291016,40.380001068115234,70422900,40.150001525878906
2001-07-25,34.16421890258789,40.5,40.720001220703125,39.400001525878906,40.13999938964844,68859600,40.5
2001-07-26,34.67034912109375,41.099998474121094,41.88999938964844,39.97999954223633,40.45000076293945,69199300,41.099998474121094
2001-07-27,35.38737487792969,41.95000076293945,42.2599983215332,41.29999923706055,41.63999938964844,47452900,41.95000076293945
2001-07-30,35.17648696899414,41.70000076293945,42.29999923706055,41.400001525878906,42.130001068115234,39459400,41.70000076293945
2001-07-31,35.22713088989258,41.7599983215332,42.779998779296875,41.5,41.84000015258789,55732500,41.7599983215332
2001-08-01,36.35747528076172,43.099998474121094,43.5,42.40999984741211,42.630001068115234,53864800,43.099998474121094
2001-08-02,37.04078674316406,43.90999984741211,44.0,42.81999969482422,43.790000915527344,53187300,43.90999984741211
2001-08-03,36.424964904785156,43.18000030517578,43.529998779296875,42.560001373291016,43.529998779296875,51513700,43.18000030517578
2001-08-06,35.851348876953125,42.5,42.849998474121094,42.349998474121094,42.529998779296875,31105700,42.5
2001-08-07,35.665767669677734,42.279998779296875,42.81999969482422,41.939998626708984,42.099998474121094,38407500,42.279998779296875
2001-08-08,34.16421890258789,40.5,42.650001525878906,40.29999923706055,41.849998474121094,76045200,40.5
2001-08-09,34.30763244628906,40.66999816894531,40.880001068115234,39.97999954223633,40.40999984741211,66861400,40.66999816894531
2001-08-10,33.97864532470703,40.279998779296875,40.75,39.22999954223633,40.41999816894531,68491900,40.279998779296875
2001-08-13,34.67034912109375,41.099998474121094,41.34000015258789,40.20000076293945,40.59000015258789,48425700,41.099998474121094
2001-08-14,34.24858093261719,40.599998474121094,41.70000076293945,40.540000915527344,41.4900016784668,51267600,40.599998474121094
2001-08-15,32.98323059082031,39.099998474121094,40.93000030517578,39.06999969482422,40.619998931884766,58935300,39.099998474121094
2001-08-16,33.37126922607422,39.560001373291016,39.59000015258789,38.040000915527344,38.63999938964844,68227300,39.560001373291016
2001-08-17,31.852869033813477,37.7599983215332,38.79999923706055,37.709999084472656,38.439998626708984,56649300,37.7599983215332
2001-08-20,32.29151916503906,38.279998779296875,38.650001525878906,37.52000045776367,37.849998474121094,49921300,38.279998779296875
2001-08-21,30.95024871826172,36.689998626708984,38.650001525878906,36.650001525878906,38.290000915527344,56445600,36.689998626708984
2001-08-22,31.7938289642334,37.689998626708984,37.84000015258789,36.540000915527344,37.45000076293945,65221400,37.689998626708984
2001-08-23,31.481693267822266,37.31999969482422,38.459999084472656,37.29999923706055,37.66999816894531,54711800,37.31999969482422
2001-08-24,33.1519660949707,39.29999923706055,39.38999938964844,37.75,37.86000061035156,58450600,39.29999923706055
2001-08-27,33.19413375854492,39.349998474121094,39.900001525878906,38.83000183105469,39.279998779296875,50927500,39.349998474121094
2001-08-28,32.15656661987305,38.119998931884766,39.439998626708984,38.0099983215332,39.31999969482422,65275500,38.119998931884766
2001-08-29,31.684158325195312,37.560001373291016,38.45000076293945,37.130001068115234,38.369998931884766,59060500,37.560001373291016
2001-08-30,30.511608123779297,36.16999816894531,37.310001373291016,35.75,36.79999923706055,76105800,36.16999816894531
2001-08-31,30.899654388427734,36.630001068115234,37.029998779296875,35.939998626708984,36.029998779296875,54309000,36.630001068115234
2001-09-04,29.921112060546875,35.470001220703125,37.5,35.349998474121094,36.5099983215332,74073600,35.470001220703125
2001-09-05,29.803016662597656,35.33000183105469,35.90999984741211,34.150001525878906,35.4900016784668,95461200,35.33000183105469
2001-09-06,28.596725463867188,33.900001525878906,35.52000045776367,33.779998779296875,34.7400016784668,88701800,33.900001525878906
2001-09-07,28.42800521850586,33.70000076293945,35.099998474121094,33.349998474121094,33.619998931884766,95528800,33.70000076293945
2001-09-10,28.76542854309082,34.099998474121094,34.31999969482422,33.34000015258789,33.4900016784668,80371300,34.099998474121094
2001-09-17,26.319110870361328,31.200000762939453,32.79999923706055,31.09000015258789,31.25,97700900,31.200000762939453
2001-09-18,25.728612899780273,30.5,32.5,30.3700008392334,31.530000686645508,66285300,30.5
2001-09-19,25.281530380249023,29.969999313354492,31.0,28.260000228881836,30.639999389648438,116632800,29.969999313354492
2001-09-20,24.43796157836914,28.969999313354492,30.09000015258789,28.799999237060547,29.299999237060547,90840200,28.969999313354492
2001-09-21,23.779979705810547,28.190000534057617,28.969999313354492,27.200000762939453,27.40999984741211,112341900,28.190000534057617
2001-09-24,24.977853775024414,29.610000610351562,30.0,28.59000015258789,29.079999923706055,85696500,29.610000610351562
2001-09-25,25.05377197265625,29.700000762939453,30.43000030517578,28.950000762939453,29.709999084472656,83860600,29.700000762939453
2001-09-26,24.18489646911621,28.670000076293945,30.0,28.40999984741211,29.950000762939453,59759800,28.670000076293945
2001-09-27,24.024620056152344,28.479999542236328,28.790000915527344,27.420000076293945,28.399999618530273,70050700,28.479999542236328
2001-09-28,24.4464054107666,28.979999542236328,29.920000076293945,28.309999465942383,28.84000015258789,84810800,28.979999542236328
2001-10-01,24.235509872436523,28.729999542236328,28.979999542236328,27.850000381469727,28.850000381469727,53460800,28.729999542236328
2001-10-02,24.31142807006836,28.81999969482422,29.40999984741211,28.399999618530273,28.649999618530273,74133400,28.81999969482422
2001-10-03,26.150390625,31.0,31.610000610351562,28.329999923706055,28.420000076293945,136198600,31.0
2001-10-04,26.403459548950195,31.299999237060547,33.20000076293945,30.940000534057617,31.649999618530273,127371500,31.299999237060547
2001-10-05,26.791505813598633,31.760000228881836,31.899999618530273,30.260000228881836,31.0,96443400,31.760000228881836
2001-10-08,26.875850677490234,31.860000610351562,32.349998474121094,30.959999084472656,31.1299991607666,67789600,31.860000610351562
2001-10-09,26.226314544677734,31.09000015258789,32.02000045776367,30.8700008392334,31.860000610351562,57564800,31.09000015258789
2001-10-10,27.41573143005371,32.5,32.540000915527344,30.75,30.8700008392334,73840600,32.5
2001-10-11,29.27156639099121,34.70000076293945,35.25,33.13999938964844,33.189998626708984,117232200,34.70000076293945
2001-10-12,29.14504051208496,34.54999923706055,34.79999923706055,33.13999938964844,34.33000183105469,111901600,34.54999923706055
2001-10-15,29.018503189086914,34.400001525878906,34.54999923706055,33.65999984741211,34.119998931884766,78322000,34.400001525878906
2001-10-16,29.49090003967285,34.959999084472656,35.099998474121094,34.06999969482422,34.65999984741211,81346800,34.959999084472656
2001-10-17,27.37356185913086,32.45000076293945,36.0,32.29999923706055,35.869998931884766,141530300,32.45000076293945
2001-10-18,28.11590003967285,33.33000183105469,33.540000915527344,32.400001525878906,32.70000076293945,94448200,33.33000183105469
2001-10-19,28.301481246948242,33.54999923706055,33.75,32.0,32.86000061035156,73434200,33.54999923706055
2001-10-22,29.060672760009766,34.45000076293945,34.5,33.220001220703125,33.439998626708984,74104900,34.45000076293945
2001-10-23,29.212528228759766,34.630001068115234,35.400001525878906,34.0,34.81999969482422,104062200,34.630001068115234
2001-10-24,29.845178604125977,35.380001068115234,35.68000030517578,34.31999969482422,34.599998474121094,90171400,35.380001068115234
2001-10-25,31.043046951293945,36.79999923706055,36.81999969482422,34.22999954223633,34.70000076293945,118551900,36.79999923706055
2001-10-26,30.37663459777832,36.0099983215332,37.060001373291016,36.0099983215332,36.5,93823900,36.0099983215332
2001-10-29,28.714824676513672,34.040000915527344,36.150001525878906,34.040000915527344,36.0,92146800,34.040000915527344
2001-10-30,28.1580753326416,33.380001068115234,34.09000015258789,32.84000015258789,33.709999084472656,96092200,33.380001068115234
2001-10-31,28.596725463867188,33.900001525878906,34.959999084472656,33.68000030517578,34.040000915527344,106175500,33.900001525878906
2001-11-01,29.81145668029785,35.34000015258789,35.560001373291016,33.779998779296875,34.439998626708984,92716000,35.34000015258789
2001-11-02,30.030780792236328,35.599998474121094,35.849998474121094,34.88999938964844,35.27000045776367,64917700,35.599998474121094
2001-11-05,31.009302139282227,36.7599983215332,37.15999984741211,36.15999984741211,36.2599983215332,64473000,36.7599983215332
2001-11-06,32.21559524536133,38.189998626708984,38.20000076293945,36.38999938964844,36.599998474121094,107214900,38.189998626708984
2001-11-07,32.17340087890625,38.13999938964844,38.84000015258789,37.5,37.61000061035156,92562100,38.13999938964844
2001-11-08,31.844419479370117,37.75,39.400001525878906,37.25,38.54999923706055,105916300,37.75
2001-11-09,31.827577590942383,37.72999954223633,38.08000183105469,37.119998931884766,37.59000015258789,74121900,37.72999954223633
2001-11-12,32.055328369140625,38.0,38.349998474121094,36.29999923706055,37.0,112994400,38.0
2001-11-13,33.20257568359375,39.36000061035156,39.5,38.630001068115234,39.029998779296875,97931800,39.36000061035156
2001-11-14,33.438777923583984,39.63999938964844,40.2400016784668,38.7400016784668,39.959999084472656,88660100,39.63999938964844
2001-11-15,33.303794860839844,39.47999954223633,40.11000061035156,38.95000076293945,39.15999984741211,86349700,39.47999954223633
2001-11-16,33.21099090576172,39.369998931884766,39.68000030517578,38.91999816894531,39.47999954223633,64035500,39.369998931884766
2001-11-19,34.1557731628418,40.4900016784668,40.4900016784668,39.4900016784668,39.790000915527344,69196300,40.4900016784668
2001-11-20,32.57832336425781,38.619998931884766,40.22999954223633,38.47999954223633,40.08000183105469,85176500,38.619998931884766
2001-11-21,32.40961837768555,38.41999816894531,38.95000076293945,37.97999954223633,38.470001220703125,60867900,38.41999816894531
2001-11-23,33.135074615478516,39.279998779296875,39.43000030517578,38.56999969482422,38.7599983215332,27046000,39.279998779296875
2001-11-26,33.95334243774414,40.25,40.36000061035156,39.0099983215332,39.58000183105469,75267500,40.25
2001-11-27,33.91117858886719,40.20000076293945,40.970001220703125,39.20000076293945,40.04999923706055,100289700,40.20000076293945
2001-11-28,32.68800735473633,38.75,40.369998931884766,38.689998626708984,39.72999954223633,101568200,38.75
2001-11-29,33.700252532958984,39.95000076293945,40.0,38.790000915527344,39.029998779296875,83774700,39.95000076293945
2001-11-30,33.44718933105469,39.650001525878906,40.040000915527344,39.36000061035156,39.72999954223633,66018200,39.650001525878906
2001-12-03,32.87358474731445,38.970001220703125,39.599998474121094,38.869998931884766,39.290000915527344,60449800,38.970001220703125
2001-12-04,34.442596435546875,40.83000183105469,40.84000015258789,38.439998626708984,39.34000015258789,79378700,40.83000183105469
2001-12-05,36.14659118652344,42.849998474121094,43.150001525878906,41.119998931884766,41.20000076293945,115773700,42.849998474121094
2001-12-06,36.19719314575195,42.90999984741211,43.2400016784668,42.36000061035156,42.70000076293945,77702100,42.90999984741211
2001-12-07,35.201812744140625,41.72999954223633,42.599998474121094,41.13999938964844,42.47999954223633,81632600,41.72999954223633
2001-12-10,34.586002349853516,41.0,42.22999954223633,40.880001068115234,41.31999969482422,69088000,41.0
2001-12-11,34.78004455566406,41.22999954223633,42.2599983215332,41.130001068115234,41.459999084472656,66056500,41.22999954223633
2001-12-12,35.05842971801758,41.560001373291016,41.939998626708984,40.599998474121094,41.5,76093400,41.560001373291016
2001-12-13,33.53999328613281,39.7599983215332,41.0,39.7599983215332,40.709999084472656,79582600,39.7599983215332
2001-12-14,33.83523178100586,40.11000061035156,40.459999084472656,39.56999969482422,39.869998931884766,70006300,40.11000061035156
2001-12-17,34.41728973388672,40.79999923706055,41.2400016784668,40.02000045776367,40.02000045776367,62295500,40.79999923706055
2001-12-18,34.80532455444336,41.2599983215332,41.5,40.15999984741211,41.15999984741211,50850400,41.2599983215332
2001-12-19,34.17266082763672,40.5099983215332,41.31999969482422,40.31999969482422,40.560001373291016,79596200,40.5099983215332
2001-12-20,32.72172927856445,38.790000915527344,40.29999923706055,38.68000030517578,40.099998474121094,83048800,38.790000915527344
2001-12-21,33.303794860839844,39.47999954223633,39.709999084472656,39.150001525878906,39.41999816894531,56205000,39.47999954223633
2001-12-24,33.168827056884766,39.31999969482422,39.630001068115234,39.150001525878906,39.540000915527344,13660400,39.31999969482422
2001-12-26,33.480934143066406,39.689998626708984,40.29999923706055,39.15999984741211,39.369998931884766,37672900,39.689998626708984
2001-12-27,33.75086975097656,40.0099983215332,40.20000076293945,39.599998474121094,39.849998474121094,34255200,40.0099983215332
2001-12-28,34.02082824707031,40.33000183105469,40.79999923706055,40.22999954223633,40.290000915527344,38240400,40.33000183105469
2001-12-31,32.8229866027832,38.90999984741211,40.45000076293945,38.90999984741211,40.310001373291016,46176900,38.90999984741211
2002-01-02,33.83523178100586,40.11000061035156,40.150001525878906,38.93000030517578,39.56999969482422,61708800,40.11000061035156
2002-01-03,35.00778579711914,41.5,41.54999923706055,40.2599983215332,40.310001373291016,85769100,41.5
2002-01-04,35.15118408203125,41.66999816894531,42.290000915527344,40.93000030517578,41.95000076293945,86876900,41.66999816894531
2002-01-07,34.76316452026367,41.209999084472656,42.220001220703125,40.11000061035156,42.11000061035156,75166200,41.209999084472656
2002-01-08,34.99935531616211,41.4900016784668,41.77000045776367,40.84000015258789,41.099998474121094,66956800,41.4900016784668
2002-01-09,34.678794860839844,41.11000061035156,42.599998474121094,40.900001525878906,42.040000915527344,85123000,41.11000061035156
2002-01-10,34.906578063964844,41.380001068115234,41.540000915527344,40.68000030517578,41.16999816894531,75548000,41.380001068115234
2002-01-11,34.459468841552734,40.849998474121094,41.599998474121094,40.470001220703125,41.349998474121094,60832900,40.849998474121094
2002-01-14,33.70868682861328,39.959999084472656,40.68000030517578,39.70000076293945,40.4900016784668,71310700,39.959999084472656
2002-01-15,34.02927017211914,40.34000015258789,40.75,39.560001373291016,40.029998779296875,66916100,40.34000015258789
2002-01-16,32.71330261230469,38.779998779296875,39.939998626708984,38.77000045776367,39.529998779296875,90942000,38.779998779296875
2002-01-17,33.44718933105469,39.650001525878906,39.970001220703125,39.0099983215332,39.47999954223633,75285900,39.650001525878906
2002-01-18,32.55302429199219,38.59000015258789,39.45000076293945,38.220001220703125,38.83000183105469,81985600,38.59000015258789
2002-01-22,31.549175262451172,37.400001525878906,39.02000045776367,37.33000183105469,39.0,81773800,37.400001525878906
2002-01-23,32.41807556152344,38.43000030517578,38.689998626708984,37.349998474121094,37.650001525878906,74968800,38.43000030517578
2002-01-24,32.848262786865234,38.939998626708984,39.5099983215332,38.77000045776367,38.939998626708984,77251200,38.939998626708984
2002-01-25,32.7554817199707,38.83000183105469,39.150001525878906,38.36000061035156,38.470001220703125,58832100,38.83000183105469
2002-01-28,32.94105529785156,39.04999923706055,39.38999938964844,38.41999816894531,39.150001525878906,47795900,39.04999923706055
2002-01-29,32.03845977783203,37.97999954223633,39.400001525878906,37.5099983215332,39.130001068115234,83339800,37.97999954223633
2002-01-30,32.28308868408203,38.27000045776367,38.849998474121094,36.849998474121094,38.0,101385500,38.27000045776367
2002-01-31,32.48553466796875,38.5099983215332,38.75,38.02000045776367,38.56999969482422,69655500,38.5099983215332
2002-02-01,32.17340087890625,38.13999938964844,38.880001068115234,37.70000076293945,38.400001525878906,61207100,38.13999938964844
2002-02-04,31.14427375793457,36.91999816894531,38.06999969482422,36.61000061035156,37.959999084472656,82763300,36.91999816894531
2002-02-05,30.629697799682617,36.310001373291016,37.33000183105469,36.189998626708984,36.59000015258789,86853800,36.310001373291016
2002-02-06,30.41879653930664,36.060001373291016,36.88999938964844,35.70000076293945,36.84000015258789,98507600,36.060001373291016
2002-02-07,29.68489646911621,35.189998626708984,36.54999923706055,35.0,35.9900016784668,97725900,35.189998626708984
2002-02-08,30.511608123779297,36.16999816894531,36.2400016784668,34.970001220703125,35.459999084472656,80483100,36.16999816894531
2002-02-11,30.899654388427734,36.630001068115234,36.79999923706055,35.97999954223633,36.13999938964844,57641200,36.630001068115234
2002-02-12,30.64657211303711,36.33000183105469,36.97999954223633,36.040000915527344,36.310001373291016,51477700,36.33000183105469
2002-02-13,31.169570922851562,36.95000076293945,37.150001525878906,36.61000061035156,36.720001220703125,60984700,36.95000076293945
2002-02-14,31.110538482666016,36.880001068115234,37.56999969482422,36.0,37.150001525878906,77482300,36.880001068115234
2002-02-15,30.1826114654541,35.779998779296875,36.90999984741211,35.63999938964844,36.83000183105469,79719900,35.779998779296875
2002-02-19,29.25470733642578,34.68000030517578,35.459999084472656,34.31999969482422,35.369998931884766,72437200,34.68000030517578
2002-02-20,29.651168823242188,35.150001525878906,35.16999816894531,33.93000030517578,34.900001525878906,106552700,35.150001525878906
2002-02-21,28.242408752441406,33.47999954223633,34.95000076293945,33.47999954223633,34.790000915527344,109307800,33.47999954223633
2002-02-22,28.385831832885742,33.650001525878906,34.20000076293945,33.09000015258789,33.61000061035156,99824200,33.650001525878906
2002-02-25,29.533069610595703,35.0099983215332,35.25,33.95000076293945,34.0,88994700,35.0099983215332
2002-02-26,29.42340087890625,34.880001068115234,35.43000030517578,34.369998931884766,35.22999954223633,94683300,34.880001068115234
2002-02-27,29.018503189086914,34.400001525878906,35.5099983215332,34.060001373291016,35.38999938964844,95159300,34.400001525878906
2002-02-28,28.495502471923828,33.779998779296875,34.970001220703125,33.75,34.5099983215332,95711200,33.779998779296875
2002-03-01,30.148883819580078,35.7400016784668,35.75,34.09000015258789,34.150001525878906,86081600,35.7400016784668
2002-03-04,31.338314056396484,37.150001525878906,37.22999954223633,35.400001525878906,35.70000076293945,105734600,37.150001525878906
2002-03-05,31.56606674194336,37.41999816894531,37.869998931884766,36.810001373291016,36.93000030517578,91452600,37.41999816894531
2002-03-06,31.717910766601562,37.599998474121094,37.95000076293945,36.599998474121094,37.08000183105469,86943400,37.599998474121094
2002-03-07,31.785377502441406,37.68000030517578,38.33000183105469,37.0099983215332,38.119998931884766,85496000,37.68000030517578
2002-03-08,32.6204833984375,38.66999816894531,39.029998779296875,38.130001068115234,38.22999954223633,84443700,38.66999816894531
2002-03-11,32.502418518066406,38.529998779296875,39.189998626708984,38.060001373291016,38.349998474121094,71035200,38.529998779296875
2002-03-12,32.055328369140625,38.0,38.0,37.31999969482422,37.56999969482422,82652100,38.0
2002-03-13,31.279264450073242,37.08000183105469,37.65999984741211,36.869998931884766,37.40999984741211,71376200,37.08000183105469
2002-03-14,31.093679428100586,36.86000061035156,37.400001525878906,36.72999954223633,37.060001373291016,70700500,36.86000061035156
2002-03-15,31.405778884887695,37.22999954223633,37.33000183105469,36.59000015258789,36.88999938964844,63966500,37.22999954223633
2002-03-18,31.58293914794922,37.439998626708984,37.939998626708984,37.04999923706055,37.630001068115234,78938300,37.439998626708984
2002-03-19,31.532316207885742,37.380001068115234,37.880001068115234,37.220001220703125,37.599998474121094,58947600,37.380001068115234
2002-03-20,30.41879653930664,36.060001373291016,37.08000183105469,36.040000915527344,36.869998931884766,61816500,36.060001373291016
2002-03-21,31.228628158569336,37.02000045776367,37.13999938964844,35.900001525878906,36.150001525878906,89198800,37.02000045776367
2002-03-22,30.94180679321289,36.68000030517578,37.13999938964844,36.470001220703125,36.939998626708984,58930100,36.68000030517578
2002-03-25,29.997041702270508,35.560001373291016,36.900001525878906,35.52000045776367,36.689998626708984,87421900,35.560001373291016
2002-03-26,30.275423049926758,35.88999938964844,36.41999816894531,35.400001525878906,35.41999816894531,92457500,35.88999938964844
2002-03-27,30.03920555114746,35.61000061035156,36.0,35.400001525878906,35.630001068115234,64531800,35.61000061035156
2002-03-28,30.41879653930664,36.060001373291016,36.369998931884766,35.900001525878906,36.02000045776367,59539400,36.060001373291016
2002-04-01,31.000869750976562,36.75,36.900001525878906,35.29999923706055,35.79999923706055,70730500,36.75
2002-04-02,29.600561141967773,35.09000015258789,36.150001525878906,35.0,35.97999954223633,77759800,35.09000015258789
2002-04-03,29.549959182739258,35.029998779296875,35.45000076293945,34.29999923706055,35.29999923706055,85766400,35.029998779296875
2002-04-04,29.322185516357422,34.7599983215332,35.15999984741211,34.279998779296875,34.5,90521500,34.7599983215332
2002-04-05,28.993202209472656,34.369998931884766,35.16999816894531,34.18000030517578,35.0099983215332,68426000,34.369998931884766
2002-04-08,29.355939865112305,34.79999923706055,34.79999923706055,33.41999816894531,33.470001220703125,74950700,34.79999923706055
2002-04-09,28.335216522216797,33.59000015258789,34.97999954223633,33.4900016784668,34.779998779296875,80910200,33.59000015258789
2002-04-10,28.546119689941406,33.84000015258789,34.25,33.130001068115234,33.7599983215332,85748700,33.84000015258789
2002-04-11,27.837509155273438,33.0,33.849998474121094,32.880001068115234,33.65999984741211,90665600,33.0
2002-04-12,28.276166915893555,33.52000045776367,33.79999923706055,32.95000076293945,33.31999969482422,78360100,33.52000045776367
2002-04-15,28.50392723083496,33.790000915527344,33.959999084472656,33.20000076293945,33.79999923706055,69306800,33.790000915527344
2002-04-16,29.693357467651367,35.20000076293945,35.220001220703125,34.40999984741211,34.43000030517578,72064700,35.20000076293945
2002-04-17,29.5415096282959,35.02000045776367,35.5,34.650001525878906,35.400001525878906,69130100,35.02000045776367
2002-04-18,28.976320266723633,34.349998474121094,35.150001525878906,34.0,34.779998779296875,91086100,34.349998474121094
2002-04-19,29.06911277770996,34.459999084472656,35.060001373291016,34.380001068115234,35.04999923706055,62286800,34.459999084472656
2002-04-22,28.335216522216797,33.59000015258789,34.0099983215332,33.25,34.0099983215332,64625600,33.59000015258789
2002-04-23,27.845949172973633,33.0099983215332,33.939998626708984,32.70000076293945,33.59000015258789,73070300,33.0099983215332
2002-04-24,27.41573143005371,32.5,33.310001373291016,32.20000076293945,33.209999084472656,68953900,32.5
2002-04-25,27.34825325012207,32.41999816894531,32.72999954223633,32.0,32.29999923706055,103073700,32.41999816894531
2002-04-26,26.184133529663086,31.040000915527344,32.779998779296875,31.010000228881836,32.65999984741211,100193400,31.040000915527344
2002-04-29,26.251625061035156,31.1200008392334,31.549999237060547,30.559999465942383,31.239999771118164,85326800,31.1200008392334
2002-04-30,26.766191482543945,31.729999542236328,32.189998626708984,30.940000534057617,31.030000686645508,95357900,31.729999542236328
2002-05-01,26.62278175354004,31.559999465942383,31.84000015258789,30.579999923706055,31.670000076293945,109975700,31.559999465942383
2002-05-02,25.7370548248291,30.510000228881836,31.989999771118164,30.459999084472656,31.389999389648438,85852200,30.510000228881836
2002-05-03,25.087509155273438,29.739999771118164,30.510000228881836,29.479999542236328,30.469999313354492,92103200,29.739999771118164
2002-05-06,24.43796157836914,28.969999313354492,29.979999542236328,28.850000381469727,29.6299991607666,96491200,28.969999313354492
2002-05-07,24.210203170776367,28.700000762939453,29.350000381469727,28.420000076293945,29.270000457763672,101954400,28.700000762939453
2002-05-08,26.799936294555664,31.770000457763672,31.8799991607666,30.0,30.1299991607666,129741500,31.770000457763672
2002-05-09,26.10821533203125,30.950000762939453,31.889999389648438,30.799999237060547,31.56999969482422,106477200,30.950000762939453
2002-05-10,24.93566131591797,29.559999465942383,31.09000015258789,29.5,31.010000228881836,112282800,29.559999465942383
2002-05-13,25.947940826416016,30.760000228881836,30.979999542236328,29.670000076293945,29.8700008392334,93971200,30.760000228881836
2002-05-14,27.47478485107422,32.56999969482422,32.650001525878906,31.8700008392334,32.04999923706055,107284700,32.56999969482422
2002-05-15,27.677242279052734,32.810001373291016,33.630001068115234,31.850000381469727,32.08000183105469,150522100,32.810001373291016
2002-05-16,27.71941375732422,32.86000061035156,33.04999923706055,32.220001220703125,32.540000915527344,89916300,32.86000061035156
2002-05-17,27.778472900390625,32.93000030517578,33.40999984741211,32.470001220703125,33.290000915527344,82695000,32.93000030517578
2002-05-20,27.171104431152344,32.209999084472656,32.70000076293945,31.940000534057617,32.599998474121094,78144200,32.209999084472656
2002-05-21,26.42877197265625,31.329999923706055,32.59000015258789,31.0,32.36000061035156,104180000,31.329999923706055
2002-05-22,26.48781967163086,31.399999618530273,31.59000015258789,30.40999984741211,30.969999313354492,89543100,31.399999618530273
2002-05-23,27.01926612854004,32.029998779296875,32.099998474121094,30.799999237060547,31.6299991607666,94445800,32.029998779296875
2002-05-24,26.35284996032715,31.239999771118164,31.690000534057617,31.010000228881836,31.59000015258789,55874600,31.239999771118164
2002-05-28,26.234745025634766,31.100000381469727,31.520000457763672,30.489999771118164,31.469999313354492,68829400,31.100000381469727
2002-05-29,25.543027877807617,30.280000686645508,30.899999618530273,30.239999771118164,30.65999984741211,73470200,30.280000686645508
2002-05-30,25.76236343383789,30.540000915527344,30.719999313354492,29.899999618530273,30.010000228881836,92080500,30.540000915527344
2002-05-31,25.340572357177734,30.040000915527344,31.040000915527344,30.0,30.760000228881836,79907400,30.040000915527344
2002-06-03,24.4464054107666,28.979999542236328,30.25,28.790000915527344,30.0,77043700,28.979999542236328
2002-06-04,24.766942977905273,29.360000610351562,29.68000030517578,28.610000610351562,28.75,98366200,29.360000610351562
2002-06-05,25.020017623901367,29.65999984741211,29.799999237060547,28.969999313354492,29.420000076293945,95347100,29.65999984741211
2002-06-06,24.362035751342773,28.8799991607666,29.510000228881836,27.899999618530273,29.510000228881836,91129700,28.8799991607666
2002-06-07,23.87277603149414,28.299999237060547,28.790000915527344,27.520000457763672,27.6299991607666,106049200,28.299999237060547
2002-06-10,23.830608367919922,28.25,28.75,28.139999389648438,28.360000610351562,73142900,28.25
2002-06-11,23.164188385009766,27.459999084472656,28.690000534057617,27.360000610351562,28.600000381469727,84609500,27.459999084472656
2002-06-12,23.501615524291992,27.860000610351562,27.959999084472656,26.829999923706055,27.239999771118164,152974400,27.860000610351562
2002-06-13,23.34978485107422,27.68000030517578,28.209999084472656,27.350000381469727,27.760000228881836,97556300,27.68000030517578
2002-06-14,23.299156188964844,27.6200008392334,27.719999313354492,26.200000762939453,26.860000610351562,122106800,27.6200008392334
2002-06-17,24.09210205078125,28.559999465942383,28.75,27.90999984741211,28.0,87618100,28.559999465942383
2002-06-18,24.480146408081055,29.020000457763672,29.149999618530273,28.280000686645508,28.309999465942383,100513400,29.020000457763672
2002-06-19,23.06296157836914,27.34000015258789,28.31999969482422,27.25,28.100000381469727,93507600,27.34000015258789
2002-06-20,22.320621490478516,26.459999084472656,27.450000762939453,25.670000076293945,27.270000457763672,99913200,26.459999084472656
2002-06-21,21.780738830566406,25.81999969482422,26.780000686645508,25.649999618530273,26.360000610351562,168755100,25.81999969482422
2002-06-24,22.210960388183594,26.329999923706055,26.799999237060547,25.209999084472656,25.450000762939453,219672100,26.329999923706055
2002-06-25,21.4770565032959,25.459999084472656,26.719999313354492,25.299999237060547,26.579999923706055,136336400,25.459999084472656
2002-06-26,21.637338638305664,25.649999618530273,25.780000686645508,24.389999389648438,24.43000030517578,149080300,25.649999618530273
2002-06-27,22.109737396240234,26.209999084472656,26.25,25.020000457763672,26.0,121371100,26.209999084472656
2002-06-28,22.016944885253906,26.100000381469727,26.75,25.850000381469727,26.049999237060547,87842000,26.100000381469727
2002-07-01,20.962488174438477,24.850000381469727,26.139999389648438,24.780000686645508,25.969999313354492,64753900,24.850000381469727
2002-07-02,20.20328712463379,23.950000762939453,24.75,23.09000015258789,24.600000381469727,111629600,23.950000762939453
2002-07-03,20.878137588500977,24.75,24.75,23.6200008392334,23.850000381469727,101067000,24.75
2002-07-05,22.21940040588379,26.34000015258789,26.389999389648438,25.049999237060547,25.260000228881836,56768300,26.34000015258789
2002-07-08,21.40958023071289,25.3799991607666,26.549999237060547,25.079999923706055,26.200000762939453,97288500,25.3799991607666
2002-07-09,20.802215576171875,24.65999984741211,25.479999542236328,24.59000015258789,25.25,91039600,24.65999984741211
2002-07-10,20.161115646362305,23.899999618530273,25.030000686645508,23.829999923706055,24.989999771118164,115365200,23.899999618530273
2002-07-11,20.920318603515625,24.799999237060547,24.889999389648438,23.530000686645508,23.760000228881836,170271200,24.799999237060547
2002-07-12,20.920318603515625,24.799999237060547,25.520000457763672,24.549999237060547,25.25,130027800,24.799999237060547
2002-07-15,21.569854736328125,25.56999969482422,25.639999389648438,23.75,24.68000030517578,140207200,25.56999969482422
2002-07-16,21.249292373657227,25.190000534057617,26.020000457763672,24.899999618530273,25.25,148281700,25.190000534057617
2002-07-17,21.637338638305664,25.649999618530273,26.440000534057617,24.889999389648438,26.06999969482422,157954700,25.649999618530273
2002-07-18,20.86125946044922,24.729999542236328,25.56999969482422,24.520000457763672,25.3799991607666,114052300,24.729999542236328
2002-07-19,20.23702621459961,23.989999771118164,24.709999084472656,23.799999237060547,24.329999923706055,124116400,23.989999771118164
2002-07-22,19.739320755004883,23.399999618530273,24.5,23.09000015258789,23.850000381469727,150034800,23.399999618530273
2002-07-23,18.895771026611328,22.399999618530273,23.75,22.280000686645508,23.450000762939453,150786800,22.399999618530273
2002-07-24,19.92490577697754,23.6200008392334,23.65999984741211,21.639999389648438,21.809999465942383,186493600,23.6200008392334
2002-07-25,18.76923179626465,22.25,23.399999618530273,21.799999237060547,23.25,153915500,22.25
2002-07-26,19.123531341552734,22.670000076293945,22.84000015258789,22.010000228881836,22.559999465942383,96034200,22.670000076293945
2002-07-29,20.1020565032959,23.829999923706055,24.1200008392334,23.079999923706055,23.270000457763672,96735200,23.829999923706055
2002-07-30,20.506973266601562,24.309999465942383,24.690000534057617,23.59000015258789,23.729999542236328,117394300,24.309999465942383
2002-07-31,20.11893653869629,23.850000381469727,24.190000534057617,23.360000610351562,24.0,93831300,23.850000381469727
2002-08-01,19.17413902282715,22.729999542236328,23.899999618530273,22.65999984741211,23.739999771118164,85149700,22.729999542236328
2002-08-02,18.76923179626465,22.25,22.84000015258789,21.81999969482422,22.780000686645508,86706000,22.25
2002-08-05,18.08595848083496,21.440000534057617,22.31999969482422,21.299999237060547,22.110000610351562,84897800,21.440000534057617
2002-08-06,18.98012924194336,22.5,23.010000228881836,21.790000915527344,21.799999237060547,115364600,22.5
2002-08-07,19.233192443847656,22.799999237060547,23.3700008392334,21.959999084472656,23.200000762939453,125677100,22.799999237060547
2002-08-08,19.88274383544922,23.56999969482422,23.600000381469727,22.299999237060547,22.75,111697900,23.56999969482422
2002-08-09,19.680288314819336,23.329999923706055,23.709999084472656,22.8799991607666,23.200000762939453,93576900,23.329999923706055
2002-08-12,19.739320755004883,23.399999618530273,23.479999542236328,22.899999618530273,23.049999237060547,62870900,23.399999618530273
2002-08-13,19.06448745727539,22.600000381469727,23.8700008392334,22.549999237060547,23.229999542236328,88434400,22.600000381469727
2002-08-14,20.27920913696289,24.040000915527344,24.200000762939453,22.469999313354492,22.670000076293945,102613500,24.040000915527344
2002-08-15,20.692554473876953,24.530000686645508,24.549999237060547,23.719999313354492,24.239999771118164,120307800,24.530000686645508
2002-08-16,20.83595085144043,24.700000762939453,25.0,23.729999542236328,24.1299991607666,95853000,24.700000762939453
2002-08-19,21.34208869934082,25.299999237060547,25.59000015258789,24.68000030517578,24.770000457763672,76015900,25.299999237060547
2002-08-20,21.249292373657227,25.190000534057617,25.43000030517578,24.850000381469727,25.18000030517578,89981300,25.190000534057617
2002-08-21,21.721694946289062,25.75,25.850000381469727,25.0,25.389999389648438,101365500,25.75
2002-08-22,22.067567825317383,26.15999984741211,26.209999084472656,25.420000076293945,25.739999771118164,80345500,26.15999984741211
2002-08-23,21.21556282043457,25.149999618530273,25.809999465942383,24.950000762939453,25.799999237060547,75211200,25.149999618530273
2002-08-26,21.29991340637207,25.25,25.389999389648438,24.610000610351562,25.299999237060547,83335400,25.25
2002-08-27,20.557588577270508,24.3700008392334,25.510000228881836,24.149999618530273,25.43000030517578,92340400,24.3700008392334
2002-08-28,19.80681037902832,23.479999542236328,24.09000015258789,23.389999389648438,24.020000457763672,115562300,23.479999542236328
2002-08-29,20.068321228027344,23.790000915527344,24.219999313354492,23.020000457763672,23.200000762939453,97028200,23.790000915527344
2002-08-30,19.815242767333984,23.489999771118164,24.0,23.3799991607666,23.6200008392334,59474900,23.489999771118164
2002-09-03,19.098220825195312,22.639999389648438,23.43000030517578,22.34000015258789,23.059999465942383,81828100,22.639999389648438
2002-09-04,19.17413902282715,22.729999542236328,23.020000457763672,22.239999771118164,22.5,82717600,22.729999542236328
2002-09-05,18.70174789428711,22.170000076293945,22.5,21.93000030517578,22.399999618530273,91576600,22.170000076293945
2002-09-06,19.27536392211914,22.850000381469727,23.219999313354492,22.600000381469727,22.65999984741211,86008800,22.850000381469727
2002-09-09,19.469379425048828,23.079999923706055,23.3700008392334,22.389999389648438,22.670000076293945,72679500,23.079999923706055
2002-09-10,19.950227737426758,23.649999618530273,23.670000076293945,23.030000686645508,23.229999542236328,74615800,23.649999618530273
2002-09-11,19.781505584716797,23.450000762939453,24.350000381469727,23.420000076293945,24.1200008392334,73902800,23.450000762939453
2002-09-12,19.241619110107422,22.809999465942383,23.260000228881836,22.709999084472656,23.229999542236328,70763500,22.809999465942383
2002-09-13,19.393463134765625,22.989999771118164,23.079999923706055,22.520000457763672,22.600000381469727,79716100,22.989999771118164
2002-09-16,19.11509132385254,22.65999984741211,23.0,22.3700008392334,22.860000610351562,58853600,22.65999984741211
2002-09-17,18.710186004638672,22.18000030517578,23.209999084472656,22.18000030517578,23.049999237060547,89139700,22.18000030517578
2002-09-18,18.49929428100586,21.93000030517578,22.549999237060547,21.780000686645508,22.010000228881836,92358300,21.93000030517578
2002-09-19,18.20404624938965,21.579999923706055,22.1299991607666,21.549999237060547,21.700000762939453,86247700,21.579999923706055
2002-09-20,18.27996826171875,21.670000076293945,21.899999618530273,21.479999542236328,21.829999923706055,78116900,21.670000076293945
2002-09-23,17.73165512084961,21.020000457763672,21.520000457763672,20.809999465942383,21.450000762939453,72757500,21.020000457763672
2002-09-24,17.74009895324707,21.030000686645508,21.450000762939453,20.649999618530273,20.68000030517578,91507300,21.030000686645508
2002-09-25,18.448678970336914,21.8700008392334,22.040000915527344,21.100000381469727,21.350000381469727,98051900,21.8700008392334
2002-09-26,18.220924377441406,21.600000381469727,22.329999923706055,21.3700008392334,22.15999984741211,104453500,21.600000381469727
2002-09-27,17.976285934448242,21.309999465942383,22.209999084472656,21.309999465942383,21.549999237060547,92249700,21.309999465942383
2002-09-30,17.478588104248047,20.719999313354492,21.239999771118164,20.489999771118164,21.06999969482422,91502500,20.719999313354492
2002-10-01,18.541473388671875,21.979999542236328,21.989999771118164,20.469999313354492,20.90999984741211,102096000,21.979999542236328
2002-10-02,17.925674438476562,21.25,21.969999313354492,20.969999313354492,21.510000228881836,94829700,21.25
2002-10-03,17.495454788208008,20.739999771118164,21.399999618530273,20.68000030517578,21.059999465942383,74354800,20.739999771118164
2002-10-04,17.166467666625977,20.350000381469727,21.020000457763672,20.110000610351562,20.940000534057617,81837100,20.350000381469727
2002-10-07,17.006195068359375,20.15999984741211,20.59000015258789,19.850000381469727,20.260000228881836,79861800,20.15999984741211
2002-10-08,17.039939880371094,20.200000762939453,20.610000610351562,19.760000228881836,20.280000686645508,94103100,20.200000762939453
2002-10-09,16.921831130981445,20.059999465942383,20.530000686645508,19.84000015258789,19.940000534057617,103301000,20.059999465942383
2002-10-10,17.782270431518555,21.079999923706055,21.209999084472656,19.90999984741211,20.100000381469727,109610500,21.079999923706055
2002-10-11,18.743921279907227,22.219999313354492,22.3799991607666,21.420000076293945,21.549999237060547,124777400,22.219999313354492
2002-10-14,18.9632568359375,22.479999542236328,22.5,21.780000686645508,21.8700008392334,78890300,22.479999542236328
2002-10-15,19.874298095703125,23.559999465942383,23.6299991607666,23.18000030517578,23.440000534057617,118176000,23.559999465942383
2002-10-16,19.216318130493164,22.780000686645508,23.15999984741211,22.06999969482422,22.709999084472656,97441900,22.780000686645508
2002-10-17,19.865863800048828,23.549999237060547,23.809999465942383,22.579999923706055,23.600000381469727,95754500,23.549999237060547
2002-10-18,20.08519172668457,23.809999465942383,23.850000381469727,22.93000030517578,23.280000686645508,84941900,23.809999465942383
2002-10-21,20.490100860595703,24.290000915527344,24.450000762939453,23.299999237060547,23.520000457763672,85311500,24.290000915527344
2002-10-22,20.363569259643555,24.139999389648438,24.34000015258789,23.649999618530273,23.729999542236328,89947000,24.139999389648438
2002-10-23,20.75160026550293,24.600000381469727,24.6299991607666,23.670000076293945,23.850000381469727,88093500,24.600000381469727
2002-10-24,20.228588104248047,23.979999542236328,24.860000610351562,23.920000076293945,24.68000030517578,88674800,23.979999542236328
2002-10-25,20.83595085144043,24.700000762939453,24.75,23.989999771118164,23.989999771118164,71557300,24.700000762939453
2002-10-28,20.658811569213867,24.489999771118164,25.040000915527344,24.170000076293945,25.0,90272000,24.489999771118164
2002-10-29,20.177988052368164,23.920000076293945,24.469999313354492,23.3700008392334,24.309999465942383,90293800,23.920000076293945
2002-10-30,20.71786117553711,24.559999465942383,24.790000915527344,23.850000381469727,24.059999465942383,103531100,24.559999465942383
2002-10-31,20.709423065185547,24.549999237060547,25.040000915527344,24.360000610351562,24.65999984741211,81493100,24.549999237060547
2002-11-01,21.29991340637207,25.25,25.399999618530273,24.139999389648438,24.3700008392334,86658400,25.25
2002-11-04,21.848228454589844,25.899999618530273,26.81999969482422,25.799999237060547,26.049999237060547,110562400,25.899999618530273
2002-11-05,22.016944885253906,26.100000381469727,26.170000076293945,25.559999465942383,25.709999084472656,79603300,26.100000381469727
2002-11-06,22.329059600830078,26.469999313354492,26.610000610351562,25.639999389648438,26.290000915527344,116251700,26.469999313354492
2002-11-07,21.544551849365234,25.540000915527344,26.100000381469727,25.309999465942383,25.989999771118164,82711600,25.540000915527344
2002-11-08,21.148086547851562,25.06999969482422,25.8700008392334,24.959999084472656,25.489999771118164,76937600,25.06999969482422
2002-11-11,20.506973266601562,24.309999465942383,25.020000457763672,24.149999618530273,24.950000762939453,74384300,24.309999465942383
2002-11-12,21.029983520507812,24.93000030517578,25.399999618530273,24.399999618530273,24.399999618530273,88748800,24.93000030517578
2002-11-13,21.283058166503906,25.229999542236328,25.700000762939453,24.489999771118164,24.700000762939453,119341800,25.229999542236328
2002-11-14,22.016944885253906,26.100000381469727,26.420000076293945,25.520000457763672,25.579999923706055,85720100,26.100000381469727
2002-11-15,22.303754806518555,26.440000534057617,26.450000762939453,25.75,25.899999618530273,69291300,26.440000534057617
2002-11-18,21.97476577758789,26.049999237060547,26.770000457763672,25.989999771118164,26.709999084472656,76238000,26.049999237060547
2002-11-19,21.637338638305664,25.649999618530273,26.049999237060547,25.299999237060547,25.799999237060547,88139200,25.649999618530273
2002-11-20,22.556827545166016,26.739999771118164,26.75,25.540000915527344,25.559999465942383,75104700,26.739999771118164
2002-11-21,23.391942977905273,27.729999542236328,27.84000015258789,26.75,26.93000030517578,105472900,27.729999542236328
2002-11-22,23.383508682250977,27.719999313354492,27.940000534057617,27.31999969482422,27.3700008392334,73808600,27.719999313354492
2002-11-25,23.611270904541016,27.989999771118164,28.200000762939453,27.540000915527344,27.760000228881836,72666100,27.989999771118164
2002-11-26,22.818321228027344,27.049999237060547,27.8700008392334,26.899999618530273,27.780000686645508,80017900,27.049999237060547
2002-11-27,23.54378890991211,27.90999984741211,28.200000762939453,27.479999542236328,27.530000686645508,73643900,27.90999984741211
2002-11-29,23.383508682250977,27.719999313354492,28.290000915527344,27.219999313354492,28.209999084472656,34652100,27.719999313354492
2002-12-02,23.619709014892578,28.0,28.790000915527344,27.56999969482422,28.420000076293945,85136000,28.0
2002-12-03,22.9195613861084,27.170000076293945,27.579999923706055,26.93000030517578,27.549999237060547,76595500,27.170000076293945
2002-12-04,22.413419723510742,26.56999969482422,26.950000762939453,26.209999084472656,26.559999465942383,130115900,26.56999969482422
2002-12-05,22.10129165649414,26.200000762939453,27.0,26.1299991607666,26.950000762939453,84933200,26.200000762939453
2002-12-06,22.329059600830078,26.469999313354492,26.719999313354492,25.739999771118164,25.809999465942383,81727900,26.469999313354492
2002-12-09,21.27461051940918,25.219999313354492,26.549999237060547,25.200000762939453,26.219999313354492,75855200,25.219999313354492
2002-12-10,21.595172882080078,25.600000381469727,25.950000762939453,25.350000381469727,25.420000076293945,69578300,25.600000381469727
2002-12-11,21.69639778137207,25.719999313354492,26.06999969482422,25.31999969482422,25.440000534057617,64237600,25.719999313354492
2002-12-12,21.814491271972656,25.860000610351562,26.690000534057617,25.559999465942383,26.0,62296400,25.860000610351562
2002-12-13,21.122779846191406,25.040000915527344,25.56999969482422,25.010000228881836,25.520000457763672,72647800,25.040000915527344
2002-12-16,21.806049346923828,25.850000381469727,25.959999084472656,25.06999969482422,25.219999313354492,60278500,25.850000381469727
2002-12-17,21.8735294342041,25.93000030517578,26.200000762939453,25.65999984741211,25.809999465942383,62562700,25.93000030517578
2002-12-18,21.40958023071289,25.3799991607666,25.600000381469727,25.049999237060547,25.549999237060547,67130700,25.3799991607666
2002-12-19,21.139644622802734,25.059999465942383,25.780000686645508,24.809999465942383,25.170000076293945,95969700,25.059999465942383
2002-12-20,21.358959197998047,25.31999969482422,25.450000762939453,25.06999969482422,25.329999923706055,65578600,25.31999969482422
2002-12-23,21.654218673706055,25.670000076293945,25.760000228881836,25.1299991607666,25.18000030517578,45941700,25.670000076293945
2002-12-24,21.38427734375,25.350000381469727,25.729999542236328,25.31999969482422,25.5,16772700,25.350000381469727
2002-12-26,21.32522964477539,25.280000686645508,25.90999984741211,25.170000076293945,25.530000686645508,33795400,25.280000686645508
2002-12-27,20.937192916870117,24.81999969482422,25.850000381469727,24.75,25.18000030517578,42490200,24.81999969482422
2002-12-30,20.77691078186035,24.6299991607666,24.969999313354492,24.360000610351562,24.84000015258789,57396400,24.6299991607666
2002-12-31,20.557588577270508,24.3700008392334,24.709999084472656,24.280000686645508,24.540000915527344,46015400,24.3700008392334
2003-01-02,21.426454544067383,25.399999618530273,25.549999237060547,24.450000762939453,24.719999313354492,65903200,25.399999618530273
2003-01-03,21.66265296936035,25.68000030517578,25.709999084472656,25.280000686645508,25.459999084472656,39059500,25.68000030517578
2003-01-06,22.202529907226562,26.31999969482422,26.59000015258789,25.200000762939453,25.709999084472656,67223400,26.31999969482422
2003-01-07,22.480905532836914,26.649999618530273,26.93000030517578,26.25,26.40999984741211,88726100,26.649999618530273
2003-01-08,21.848228454589844,25.899999618530273,26.969999313354492,25.84000015258789,26.389999389648438,74989900,25.899999618530273
2003-01-09,22.523086547851562,26.700000762939453,26.979999542236328,26.219999313354492,26.239999771118164,75391100,26.700000762939453
2003-01-10,22.860502243041992,27.100000381469727,27.260000228881836,26.219999313354492,26.350000381469727,82594300,27.100000381469727
2003-01-13,22.725543975830078,26.940000534057617,27.469999313354492,26.729999542236328,27.329999923706055,72870300,26.940000534057617
2003-01-14,22.843624114990234,27.079999923706055,27.31999969482422,26.850000381469727,26.90999984741211,46993800,27.079999923706055
2003-01-15,22.556827545166016,26.739999771118164,27.350000381469727,26.579999923706055,27.239999771118164,55131000,26.739999771118164
2003-01-16,22.303754806518555,26.440000534057617,26.979999542236328,26.25,26.790000915527344,68740300,26.440000534057617
2003-01-17,21.350536346435547,25.309999465942383,25.940000534057617,25.270000457763672,25.899999618530273,77289400,25.309999465942383
2003-01-21,21.114337921142578,25.030000686645508,25.549999237060547,25.020000457763672,25.40999984741211,67729600,25.030000686645508
2003-01-22,21.029983520507812,24.93000030517578,25.530000686645508,24.8700008392334,24.959999084472656,80020200,24.93000030517578
2003-01-23,21.519243240356445,25.510000228881836,25.84000015258789,25.110000610351562,25.399999618530273,78471100,25.510000228881836
2003-01-24,20.937192916870117,24.81999969482422,25.530000686645508,24.639999389648438,25.530000686645508,74519700,24.81999969482422
2003-01-27,20.692554473876953,24.530000686645508,25.030000686645508,24.3700008392334,24.450000762939453,76561000,24.530000686645508
2003-01-28,20.903440475463867,24.780000686645508,25.049999237060547,24.420000076293945,24.770000457763672,65217200,24.780000686645508
2003-01-29,21.21556282043457,25.149999618530273,25.450000762939453,24.34000015258789,24.760000228881836,95717500,25.149999618530273
2003-01-30,20.66724967956543,24.5,25.420000076293945,24.489999771118164,25.31999969482422,70333800,24.5
2003-01-31,20.61662483215332,24.440000534057617,24.760000228881836,24.010000228881836,24.059999465942383,90505600,24.440000534057617
2003-02-03,20.658811569213867,24.489999771118164,24.790000915527344,24.3799991607666,24.520000457763672,53158800,24.489999771118164
2003-02-04,20.405742645263672,24.190000534057617,24.299999237060547,23.81999969482422,24.18000030517578,68235700,24.190000534057617
2003-02-05,20.31296157836914,24.079999923706055,24.860000610351562,24.010000228881836,24.329999923706055,80107700,24.079999923706055
2003-02-06,20.422618865966797,24.209999084472656,24.350000381469727,23.860000610351562,24.040000915527344,103552000,24.209999084472656
2003-02-07,20.08519172668457,23.809999465942383,24.450000762939453,23.649999618530273,24.360000610351562,72312400,23.809999465942383
2003-02-10,20.262340545654297,24.020000457763672,24.25,23.6200008392334,23.889999389648438,67572600,24.020000457763672
2003-02-11,20.37200164794922,24.149999618530273,24.610000610351562,23.920000076293945,24.25,77823300,24.149999618530273
2003-02-12,20.09362030029297,23.81999969482422,24.329999923706055,23.780000686645508,24.06999969482422,51753000,23.81999969482422
2003-02-13,20.194852828979492,23.940000534057617,23.979999542236328,23.31999969482422,23.850000381469727,77387400,23.940000534057617
2003-02-14,20.658811569213867,24.489999771118164,24.5,23.6200008392334,23.829999923706055,67510400,24.489999771118164
2003-02-18,21.29991340637207,25.25,25.34000015258789,24.68000030517578,24.700000762939453,73976800,25.25
2003-02-19,21.156513214111328,25.079999923706055,25.239999771118164,24.709999084472656,25.200000762939453,45541400,25.079999923706055
2003-02-20,21.072158813476562,24.979999542236328,25.270000457763672,24.84000015258789,25.149999618530273,59759800,24.979999542236328
2003-02-21,21.23242950439453,25.170000076293945,25.3700008392334,24.510000228881836,24.93000030517578,70228500,25.170000076293945
2003-02-24,20.869707107543945,24.739999771118164,25.209999084472656,24.709999084472656,25.1299991607666,56646600,24.739999771118164
2003-02-25,20.895008087158203,24.770000457763672,24.950000762939453,24.079999923706055,24.450000762939453,74440700,24.770000457763672
2003-02-26,20.43104362487793,24.219999313354492,24.940000534057617,24.200000762939453,24.68000030517578,60005600,24.219999313354492
2003-02-27,20.895008087158203,24.770000457763672,24.920000076293945,24.270000457763672,24.420000076293945,66424000,24.770000457763672
2003-02-28,21.2239990234375,25.15999984741211,25.219999313354492,24.719999313354492,24.809999465942383,50185800,25.15999984741211
2003-03-03,20.793792724609375,24.649999618530273,25.479999542236328,24.559999465942383,25.270000457763672,60414400,24.649999618530273
2003-03-04,20.66724967956543,24.5,24.770000457763672,24.420000076293945,24.65999984741211,56043500,24.5
2003-03-05,20.709423065185547,24.549999237060547,24.780000686645508,24.31999969482422,24.399999618530273,69096500,24.549999237060547
2003-03-06,20.658811569213867,24.489999771118164,24.68000030517578,24.229999542236328,24.43000030517578,59108600,24.489999771118164
2003-03-07,20.701005935668945,24.540000915527344,24.690000534057617,23.959999084472656,24.079999923706055,73291000,24.540000915527344
2003-03-10,20.253904342651367,24.010000228881836,24.450000762939453,23.90999984741211,24.329999923706055,55948000,24.010000228881836
2003-03-11,20.076757431030273,23.799999237060547,24.239999771118164,23.780000686645508,24.059999465942383,54934200,23.799999237060547
2003-03-12,20.43948745727539,24.229999542236328,24.239999771118164,23.540000915527344,23.760000228881836,77859800,24.229999542236328
2003-03-13,21.612035751342773,25.6200008392334,25.649999618530273,24.399999618530273,24.639999389648438,128537600,25.6200008392334
2003-03-14,21.69639778137207,25.719999313354492,25.979999542236328,25.360000610351562,25.729999542236328,89794400,25.719999313354492
2003-03-17,22.4387264251709,26.600000381469727,26.799999237060547,25.350000381469727,25.43000030517578,141040800,26.600000381469727
2003-03-18,22.717100143432617,26.93000030517578,26.969999313354492,26.420000076293945,26.799999237060547,96548700,26.93000030517578
2003-03-19,22.523086547851562,26.700000762939453,26.950000762939453,26.329999923706055,26.850000381469727,91315100,26.700000762939453
2003-03-20,22.607437133789062,26.799999237060547,27.139999389648438,26.170000076293945,26.540000915527344,92789700,26.799999237060547
2003-03-21,22.9195613861084,27.170000076293945,27.3799991607666,26.200000762939453,27.209999084472656,93304600,27.170000076293945
2003-03-24,21.966331481933594,26.040000915527344,26.600000381469727,25.969999313354492,26.469999313354492,85244500,26.040000915527344
2003-03-25,22.27845573425293,26.40999984741211,26.760000228881836,26.010000228881836,26.149999618530273,78731500,26.40999984741211
2003-03-26,22.404985427856445,26.559999465942383,26.770000457763672,26.360000610351562,26.5,67880200,26.559999465942383
2003-03-27,22.244705200195312,26.3700008392334,26.649999618530273,26.100000381469727,26.270000457763672,64113100,26.3700008392334
2003-03-28,22.000078201293945,26.079999923706055,26.43000030517578,25.950000762939453,26.139999389648438,45374700,26.079999923706055
2003-03-31,21.29991340637207,25.25,25.729999542236328,25.209999084472656,25.600000381469727,89345300,25.25
2003-04-01,21.46863555908203,25.450000762939453,25.670000076293945,25.25,25.440000534057617,73159500,25.450000762939453
2003-04-02,22.05912208557129,26.149999618530273,26.559999465942383,26.030000686645508,26.059999465942383,75843800,26.149999618530273
2003-04-03,22.337493896484375,26.479999542236328,26.850000381469727,26.309999465942383,26.639999389648438,70138200,26.479999542236328
2003-04-04,21.97476577758789,26.049999237060547,26.600000381469727,25.969999313354492,26.56999969482422,65665700,26.049999237060547
2003-04-07,22.008506774902344,26.09000015258789,27.200000762939453,26.06999969482422,27.110000610351562,83842700,26.09000015258789
2003-04-08,21.983198165893555,26.059999465942383,26.290000915527344,25.8799991607666,26.149999618530273,54250600,26.059999465942383
2003-04-09,21.4770565032959,25.459999084472656,26.280000686645508,25.40999984741211,26.100000381469727,76457100,25.459999084472656
2003-04-10,21.738563537597656,25.770000457763672,25.770000457763672,25.299999237060547,25.459999084472656,57017500,25.770000457763672
2003-04-11,21.519243240356445,25.510000228881836,26.15999984741211,25.360000610351562,26.020000457763672,67974500,25.510000228881836
2003-04-14,21.957908630371094,26.030000686645508,26.139999389648438,25.489999771118164,25.600000381469727,52476200,26.030000686645508
2003-04-15,22.168777465820312,26.280000686645508,26.459999084472656,25.850000381469727,25.969999313354492,64655700,26.280000686645508
2003-04-16,22.11817169189453,26.219999313354492,26.829999923706055,26.1200008392334,26.649999618530273,70711600,26.219999313354492
2003-04-17,22.62430763244629,26.81999969482422,26.979999542236328,26.149999618530273,26.15999984741211,70179900,26.81999969482422
2003-04-21,22.708663940429688,26.920000076293945,27.100000381469727,26.6200008392334,26.940000534057617,52729600,26.920000076293945
2003-04-22,23.13888168334961,27.43000030517578,27.459999084472656,26.649999618530273,26.729999542236328,70757200,27.43000030517578
2003-04-23,23.30759620666504,27.6299991607666,27.75,27.260000228881836,27.5,70327100,27.6299991607666
2003-04-24,23.181058883666992,27.479999542236328,27.75,27.270000457763672,27.360000610351562,72383900,27.479999542236328
2003-04-25,22.733976364135742,26.950000762939453,27.420000076293945,26.860000610351562,27.31999969482422,63277900,26.950000762939453
2003-04-28,23.181058883666992,27.479999542236328,27.6299991607666,26.950000762939453,27.049999237060547,59666200,27.479999542236328
2003-04-29,23.391942977905273,27.729999542236328,28.059999465942383,27.40999984741211,27.639999389648438,79903800,27.729999542236328
2003-04-30,23.1557559967041,27.450000762939453,27.790000915527344,27.43000030517578,27.649999618530273,60202100,27.450000762939453
2003-05-01,23.35820770263672,27.690000534057617,27.8700008392334,27.190000534057617,27.440000534057617,66022600,27.690000534057617
2003-05-02,23.855911254882812,28.280000686645508,28.290000915527344,27.56999969482422,27.610000610351562,85004100,28.280000686645508
2003-05-05,23.830608367919922,28.25,28.709999084472656,28.170000076293945,28.329999923706055,80520300,28.25
2003-05-06,24.134275436401367,28.610000610351562,28.899999618530273,28.209999084472656,28.219999313354492,77338300,28.610000610351562
2003-05-07,23.86433982849121,28.290000915527344,28.690000534057617,28.1200008392334,28.40999984741211,70353200,28.290000915527344
2003-05-08,23.425697326660156,27.770000457763672,28.190000534057617,27.760000228881836,27.850000381469727,80249100,27.770000457763672
2003-05-09,23.965576171875,28.40999984741211,28.479999542236328,28.0,28.040000915527344,58528200,28.40999984741211
2003-05-12,24.32830238342285,28.84000015258789,28.959999084472656,28.170000076293945,28.360000610351562,67487300,28.84000015258789
2003-05-13,24.17646598815918,28.65999984741211,28.989999771118164,28.540000915527344,28.6299991607666,64934300,28.65999984741211
2003-05-14,24.1258544921875,28.600000381469727,28.969999313354492,28.360000610351562,28.8700008392334,62181200,28.600000381469727
2003-05-15,24.395784378051758,28.920000076293945,28.979999542236328,28.559999465942383,28.75,62232100,28.920000076293945
2003-05-16,24.210203170776367,28.700000762939453,28.940000534057617,28.479999542236328,28.729999542236328,70590400,28.700000762939453
2003-05-19,23.35820770263672,27.690000534057617,28.68000030517578,27.610000610351562,28.520000457763672,91334800,27.690000534057617
2003-05-20,23.425697326660156,27.770000457763672,27.959999084472656,27.40999984741211,27.760000228881836,71817800,27.770000457763672
2003-05-21,23.35820770263672,27.690000534057617,27.75,27.440000534057617,27.649999618530273,63648500,27.690000534057617
2003-05-22,23.69563102722168,28.09000015258789,28.31999969482422,27.6200008392334,27.760000228881836,62401400,28.09000015258789
2003-05-23,23.70406723022461,28.100000381469727,28.25,27.950000762939453,28.040000915527344,37922500,28.100000381469727
2003-05-27,24.54762840270996,29.100000381469727,29.219999313354492,27.899999618530273,27.93000030517578,101422100,29.100000381469727
2003-05-28,24.6235408782959,29.190000534057617,29.399999618530273,28.959999084472656,29.15999984741211,76290400,29.190000534057617
2003-05-29,24.72478675842285,29.309999465942383,29.799999237060547,29.15999984741211,29.229999542236328,97336000,29.309999465942383
2003-05-30,25.129690170288086,29.790000915527344,29.8700008392334,29.450000762939453,29.530000686645508,78093700,29.790000915527344
2003-06-02,24.95253562927246,29.579999923706055,30.200000762939453,29.309999465942383,30.079999923706055,102937000,29.579999923706055
2003-06-03,25.188732147216797,29.860000610351562,29.8799991607666,29.329999923706055,29.440000534057617,81672600,29.860000610351562
2003-06-04,25.6611270904541,30.420000076293945,30.579999923706055,29.719999313354492,29.809999465942383,87046100,30.420000076293945
2003-06-05,25.84671401977539,30.639999389648438,30.68000030517578,29.969999313354492,30.1299991607666,88747900,30.639999389648438
2003-06-06,25.41649627685547,30.1299991607666,31.469999313354492,30.040000915527344,31.209999084472656,157178100,30.1299991607666
2003-06-09,25.079072952270508,29.729999542236328,30.219999313354492,29.530000686645508,30.0,94941800,29.729999542236328
2003-06-10,25.45867156982422,30.18000030517578,30.200000762939453,29.68000030517578,29.860000610351562,69660100,30.18000030517578
2003-06-11,25.745481491088867,30.520000457763672,30.639999389648438,29.799999237060547,30.06999969482422,87338200,30.520000457763672
2003-06-12,25.85514259338379,30.649999618530273,30.75,30.260000228881836,30.639999389648438,79450500,30.649999618530273
2003-06-13,25.273094177246094,29.959999084472656,30.729999542236328,29.860000610351562,30.65999984741211,83353600,29.959999084472656
2003-06-16,26.049171447753906,30.8799991607666,30.899999618530273,30.0,30.170000076293945,71211800,30.8799991607666
2003-06-17,25.947940826416016,30.760000228881836,31.110000610351562,30.559999465942383,31.020000457763672,67571200,30.760000228881836
2003-06-18,26.082908630371094,30.920000076293945,31.229999542236328,30.450000762939453,30.65999984741211,80215700,30.920000076293945
2003-06-19,25.6611270904541,30.420000076293945,31.239999771118164,30.3799991607666,30.979999542236328,79467200,30.420000076293945
2003-06-20,25.627391815185547,30.3799991607666,30.780000686645508,30.25,30.690000534057617,71512400,30.3799991607666
2003-06-23,25.230911254882812,29.90999984741211,30.3700008392334,29.559999465942383,30.329999923706055,86509400,29.90999984741211
2003-06-24,25.03689193725586,29.68000030517578,30.1299991607666,29.530000686645508,29.729999542236328,83004400,29.68000030517578
2003-06-25,24.901920318603516,29.520000457763672,30.18000030517578,29.469999313354492,29.670000076293945,94255300,29.520000457763672
2003-06-26,25.492422103881836,30.219999313354492,30.280000686645508,29.610000610351562,29.709999084472656,79187500,30.219999313354492
2003-06-27,25.16342544555664,29.829999923706055,30.56999969482422,29.770000457763672,30.25,82451900,29.829999923706055
2003-06-30,25.264665603637695,29.950000762939453,30.34000015258789,29.799999237060547,30.15999984741211,72043000,29.950000762939453
2003-07-01,25.602073669433594,30.350000381469727,30.3799991607666,29.260000228881836,29.700000762939453,105852500,30.350000381469727
2003-07-02,26.125089645385742,30.969999313354492,30.989999771118164,30.3799991607666,30.40999984741211,81972500,30.969999313354492
2003-07-03,25.796104431152344,30.579999923706055,31.100000381469727,30.469999313354492,30.700000762939453,50050400,30.579999923706055
2003-07-07,26.90117073059082,31.889999389648438,31.899999618530273,30.959999084472656,30.969999313354492,88554600,31.889999389648438
2003-07-08,27.23015022277832,32.279998779296875,32.310001373291016,31.6200008392334,31.780000686645508,81874500,32.279998779296875
2003-07-09,27.16266441345215,32.20000076293945,32.4900016784668,31.93000030517578,32.18000030517578,89588400,32.20000076293945
2003-07-10,26.656532287597656,31.600000381469727,31.989999771118164,31.329999923706055,31.850000381469727,102928700,31.600000381469727
2003-07-11,26.858978271484375,31.84000015258789,31.989999771118164,31.610000610351562,31.649999618530273,67728100,31.84000015258789
2003-07-14,27.17953872680664,32.220001220703125,32.75,32.06999969482422,32.34000015258789,84524600,32.220001220703125
2003-07-15,27.21327781677246,32.2599983215332,32.650001525878906,31.940000534057617,32.529998779296875,75059000,32.2599983215332
2003-07-16,27.128923416137695,32.15999984741211,32.5,31.729999542236328,32.459999084472656,80138700,32.15999984741211
2003-07-17,26.30223846435547,31.18000030517578,31.84000015258789,31.040000915527344,31.68000030517578,116260400,31.18000030517578
2003-07-18,26.386598587036133,31.280000686645508,31.549999237060547,30.920000076293945,31.399999618530273,80519000,31.280000686645508
2003-07-21,26.049171447753906,30.8799991607666,31.299999237060547,30.610000610351562,31.239999771118164,111325300,30.8799991607666
2003-07-22,26.43720245361328,31.34000015258789,31.5,30.860000610351562,31.110000610351562,91471500,31.34000015258789
2003-07-23,26.656532287597656,31.600000381469727,31.639999389648438,30.989999771118164,31.389999389648438,69050400,31.600000381469727
2003-07-24,26.30223846435547,31.18000030517578,32.02000045776367,31.079999923706055,31.850000381469727,82999700,31.18000030517578
2003-07-25,26.82524871826172,31.799999237060547,31.84000015258789,30.770000457763672,31.1299991607666,82709600,31.799999237060547
2003-07-28,26.90117073059082,31.889999389648438,31.989999771118164,31.600000381469727,31.860000610351562,56180800,31.889999389648438
2003-07-29,26.698715209960938,31.649999618530273,32.02000045776367,31.239999771118164,31.93000030517578,80560100,31.649999618530273
2003-07-30,26.50469207763672,31.420000076293945,31.739999771118164,31.329999923706055,31.709999084472656,56617300,31.420000076293945
2003-07-31,26.82524871826172,31.799999237060547,32.33000183105469,31.520000457763672,31.790000915527344,85544100,31.799999237060547
2003-08-01,26.538433074951172,31.459999084472656,31.790000915527344,31.299999237060547,31.690000534057617,73545400,31.459999084472656
2003-08-04,26.53000831604004,31.450000762939453,31.799999237060547,30.84000015258789,31.420000076293945,96344600,31.450000762939453
2003-08-05,25.483972549438477,30.209999084472656,31.479999542236328,30.100000381469727,31.40999984741211,111041800,30.209999084472656
2003-08-06,25.467103958129883,30.190000534057617,30.770000457763672,30.100000381469727,30.360000610351562,96816000,30.190000534057617
2003-08-07,25.568342208862305,30.309999465942383,30.510000228881836,30.020000457763672,30.219999313354492,67326600,30.309999465942383
2003-08-08,25.365894317626953,30.06999969482422,30.549999237060547,29.93000030517578,30.43000030517578,66677100,30.06999969482422
2003-08-11,25.644250869750977,30.399999618530273,30.600000381469727,30.030000686645508,30.079999923706055,63712200,30.399999618530273
2003-08-12,26.032291412353516,30.860000610351562,30.899999618530273,30.329999923706055,30.510000228881836,59676100,30.860000610351562
2003-08-13,26.040733337402344,30.8700008392334,31.06999969482422,30.649999618530273,30.979999542236328,57969700,30.8700008392334
2003-08-14,26.066041946411133,30.899999618530273,31.190000534057617,30.670000076293945,30.8799991607666,50271500,30.899999618530273
2003-08-15,26.29379653930664,31.170000076293945,31.290000915527344,30.93000030517578,31.0,28116300,31.170000076293945
2003-08-18,26.968643188476562,31.969999313354492,32.0099983215332,31.229999542236328,31.309999465942383,67224100,31.969999313354492
2003-08-19,27.306079864501953,32.369998931884766,32.380001068115234,31.850000381469727,32.11000061035156,68205000,32.369998931884766
2003-08-20,27.238597869873047,32.290000915527344,32.52000045776367,32.02000045776367,32.099998474121094,58233500,32.290000915527344
2003-08-21,27.53383445739746,32.63999938964844,32.81999969482422,32.27000045776367,32.59000015258789,77161400,32.63999938964844
2003-08-22,27.365116119384766,32.439998626708984,33.369998931884766,32.380001068115234,33.2599983215332,92989800,32.439998626708984
2003-08-25,27.42417335510254,32.5099983215332,32.540000915527344,32.209999084472656,32.36000061035156,43044700,32.5099983215332
2003-08-26,27.449472427368164,32.540000915527344,32.59000015258789,31.809999465942383,32.279998779296875,79838500,32.540000915527344
2003-08-27,27.668813705444336,32.79999923706055,32.83000183105469,32.369998931884766,32.4900016784668,47532100,32.79999923706055
2003-08-28,27.91344451904297,33.09000015258789,33.119998931884766,32.52000045776367,32.939998626708984,55311000,33.09000015258789
2003-08-29,28.166507720947266,33.38999938964844,33.459999084472656,32.97999954223633,33.040000915527344,53148800,33.38999938964844
2003-09-02,28.5714111328125,33.869998931884766,33.88999938964844,33.130001068115234,33.4900016784668,80303100,33.869998931884766
2003-09-03,28.554546356201172,33.849998474121094,34.20000076293945,33.650001525878906,34.099998474121094,85234800,33.849998474121094
2003-09-04,28.816049575805664,34.15999984741211,34.220001220703125,33.70000076293945,33.83000183105469,63736100,34.15999984741211
2003-09-05,28.63046646118164,33.939998626708984,34.34000015258789,33.66999816894531,33.970001220703125,91024100,33.939998626708984
2003-09-08,29.10286521911621,34.5,34.529998779296875,33.95000076293945,34.0,69296000,34.5
2003-09-09,28.756988525390625,34.09000015258789,34.38999938964844,33.91999816894531,34.31999969482422,87817500,34.09000015258789
2003-09-10,28.06527328491211,33.27000045776367,33.88999938964844,33.11000061035156,33.75,111624500,33.27000045776367
2003-09-11,28.377395629882812,33.63999938964844,33.779998779296875,33.0099983215332,33.279998779296875,96914900,33.63999938964844
2003-09-12,28.52923011779785,33.81999969482422,33.84000015258789,33.04999923706055,33.34000015258789,104963000,33.81999969482422
2003-09-15,28.25086212158203,33.4900016784668,33.90999984741211,33.439998626708984,33.84000015258789,54594200,33.4900016784668
2003-09-16,29.018503189086914,34.400001525878906,34.43000030517578,33.52000045776367,33.52000045776367,87463800,34.400001525878906
2003-09-17,28.900400161743164,34.2599983215332,34.5,34.029998779296875,34.33000183105469,79794700,34.2599983215332
2003-09-18,29.339046478271484,34.779998779296875,34.86000061035156,34.0,34.16999816894531,91469900,34.779998779296875
2003-09-19,29.170351028442383,34.58000183105469,34.86000061035156,34.36000061035156,34.790000915527344,69796000,34.58000183105469
2003-09-22,28.613590240478516,33.91999816894531,34.20000076293945,33.77000045776367,34.130001068115234,97477500,33.91999816894531
2003-09-23,29.119731903076172,34.52000045776367,34.560001373291016,33.90999984741211,33.970001220703125,77826500,34.52000045776367
2003-09-24,28.023099899291992,33.220001220703125,34.52000045776367,33.16999816894531,34.5099983215332,115057400,33.220001220703125
2003-09-25,27.660375595092773,32.790000915527344,33.7400016784668,32.7599983215332,33.380001068115234,117604800,32.790000915527344
2003-09-26,27.483224868774414,32.58000183105469,33.16999816894531,32.52000045776367,32.88999938964844,106581000,32.58000183105469
2003-09-29,27.955612182617188,33.13999938964844,33.16999816894531,32.45000076293945,32.7599983215332,96862800,33.13999938964844
2003-09-30,27.34825325012207,32.41999816894531,32.959999084472656,32.36000061035156,32.91999816894531,119122500,32.41999816894531
2003-10-01,27.964046478271484,33.150001525878906,33.22999954223633,32.41999816894531,32.61000061035156,106653600,33.150001525878906
2003-10-02,28.056854248046875,33.2599983215332,33.43000030517578,32.93000030517578,33.099998474121094,83911100,33.2599983215332
2003-10-03,28.84134864807129,34.189998626708984,34.470001220703125,33.81999969482422,33.849998474121094,112862800,34.189998626708984
2003-10-06,29.052244186401367,34.439998626708984,34.45000076293945,34.060001373291016,34.279998779296875,49162900,34.439998626708984
2003-10-07,29.229389190673828,34.650001525878906,34.650001525878906,34.0099983215332,34.15999984741211,80104600,34.650001525878906
2003-10-08,29.04380989074707,34.43000030517578,34.84000015258789,34.220001220703125,34.810001373291016,71387400,34.43000030517578
2003-10-09,29.263137817382812,34.689998626708984,35.27000045776367,34.43000030517578,34.90999984741211,118216100,34.689998626708984
2003-10-10,29.533069610595703,35.0099983215332,35.029998779296875,34.63999938964844,34.77000045776367,68356200,35.0099983215332
2003-10-13,29.72710418701172,35.2400016784668,35.369998931884766,34.91999816894531,35.13999938964844,60919800,35.2400016784668
2003-10-14,29.803016662597656,35.33000183105469,35.43000030517578,34.959999084472656,35.099998474121094,62274900,35.33000183105469
2003-10-15,29.676471710205078,35.18000030517578,35.849998474121094,35.029998779296875,35.79999923706055,97045200,35.18000030517578
2003-10-16,29.912694931030273,35.459999084472656,35.529998779296875,35.060001373291016,35.099998474121094,73955000,35.459999084472656
2003-10-17,29.195640563964844,34.61000061035156,35.4900016784668,34.599998474121094,35.40999984741211,97794400,34.61000061035156
2003-10-20,29.558374404907227,35.040000915527344,35.08000183105469,34.5,34.650001525878906,75544300,35.040000915527344
2003-10-21,29.735536575317383,35.25,35.45000076293945,34.939998626708984,35.13999938964844,73455600,35.25
2003-10-22,29.161907196044922,34.56999969482422,34.93000030517578,34.439998626708984,34.88999938964844,88141400,34.56999969482422
2003-10-23,28.824478149414062,34.16999816894531,34.5099983215332,34.04999923706055,34.150001525878906,95409600,34.16999816894531
2003-10-24,28.84980010986328,34.20000076293945,34.22999954223633,33.4900016784668,33.790000915527344,101778600,34.20000076293945
2003-10-27,28.858219146728516,34.209999084472656,34.45000076293945,34.040000915527344,34.279998779296875,63604500,34.209999084472656
2003-10-28,29.828325271606445,35.36000061035156,35.40999984741211,34.369998931884766,34.43000030517578,107375700,35.36000061035156
2003-10-29,29.79458236694336,35.31999969482422,35.40999984741211,35.06999969482422,35.20000076293945,74075200,35.31999969482422
2003-10-30,29.853626251220703,35.38999938964844,36.0,35.13999938964844,35.810001373291016,95062600,35.38999938964844
2003-10-31,29.676471710205078,35.18000030517578,35.4900016784668,35.060001373291016,35.439998626708984,55473200,35.18000030517578
2003-11-03,30.16573715209961,35.7599983215332,35.97999954223633,35.36000061035156,35.43000030517578,71141200,35.7599983215332
2003-11-04,29.963294982910156,35.52000045776367,35.869998931884766,35.45000076293945,35.689998626708984,60033900,35.52000045776367
2003-11-05,30.23322868347168,35.84000015258789,35.88999938964844,35.150001525878906,35.52000045776367,67412700,35.84000015258789
2003-11-06,30.31758689880371,35.939998626708984,35.970001220703125,35.34000015258789,35.790000915527344,90567400,35.939998626708984
2003-11-07,30.05607795715332,35.630001068115234,36.18000030517578,35.599998474121094,36.08000183105469,63505200,35.630001068115234
2003-11-10,29.68489646911621,35.189998626708984,35.7400016784668,35.09000015258789,35.70000076293945,68896400,35.189998626708984
2003-11-11,29.575260162353516,35.060001373291016,35.29999923706055,34.849998474121094,35.150001525878906,75607100,35.060001373291016
2003-11-12,30.20792007446289,35.810001373291016,35.959999084472656,35.13999938964844,35.16999816894531,80364600,35.810001373291016
2003-11-13,30.174184799194336,35.77000045776367,35.900001525878906,35.54999923706055,35.709999084472656,64243000,35.77000045776367
2003-11-14,29.558374404907227,35.040000915527344,36.02000045776367,34.95000076293945,35.810001373291016,90932200,35.040000915527344
2003-11-17,29.25470733642578,34.68000030517578,34.90999984741211,34.2599983215332,34.84000015258789,108063100,34.68000030517578
2003-11-18,28.579858779907227,33.880001068115234,34.970001220703125,33.81999969482422,34.869998931884766,108588500,33.880001068115234
2003-11-19,28.858219146728516,34.209999084472656,34.400001525878906,33.880001068115234,34.0099983215332,86320300,34.209999084472656
2003-11-20,28.579858779907227,33.880001068115234,34.68000030517578,33.810001373291016,33.91999816894531,117324500,33.880001068115234
2003-11-21,28.87510108947754,34.22999954223633,34.2599983215332,33.72999954223633,34.08000183105469,81787500,34.22999954223633
2003-11-24,29.676471710205078,35.18000030517578,35.25,34.470001220703125,34.52000045776367,92057500,35.18000030517578
2003-11-25,29.676471710205078,35.18000030517578,35.45000076293945,35.09000015258789,35.290000915527344,72519800,35.18000030517578
2003-11-26,29.81145668029785,35.34000015258789,35.52000045776367,34.810001373291016,35.400001525878906,72842900,35.34000015258789
2003-11-28,29.845178604125977,35.380001068115234,35.5,35.209999084472656,35.2599983215332,24802600,35.380001068115234
2003-12-01,30.283824920654297,35.900001525878906,36.0099983215332,35.470001220703125,35.709999084472656,82767300,35.900001525878906
2003-12-02,30.115140914916992,35.70000076293945,36.04999923706055,35.58000183105469,35.81999969482422,62504500,35.70000076293945
2003-12-03,29.735536575317383,35.25,36.119998931884766,35.25,35.84000015258789,107568500,35.25
2003-12-04,30.05607795715332,35.630001068115234,35.709999084472656,35.08000183105469,35.380001068115234,102334800,35.630001068115234
2003-12-05,29.558374404907227,35.040000915527344,35.5,34.959999084472656,35.27000045776367,87490200,35.040000915527344
2003-12-08,29.72710418701172,35.2400016784668,35.33000183105469,34.779998779296875,35.02000045776367,86961200,35.2400016784668
2003-12-09,29.04380989074707,34.43000030517578,35.459999084472656,34.349998474121094,35.439998626708984,109949500,34.43000030517578
2003-12-10,29.153488159179688,34.560001373291016,34.70000076293945,34.130001068115234,34.5,103504200,34.560001373291016
2003-12-11,29.777719497680664,35.29999923706055,35.38999938964844,34.4900016784668,34.5,108374700,35.29999923706055
2003-12-12,29.72710418701172,35.2400016784668,35.34000015258789,34.900001525878906,35.310001373291016,72189400,35.2400016784668
2003-12-15,29.339046478271484,34.779998779296875,35.9900016784668,34.650001525878906,35.93000030517578,106091400,34.779998779296875
2003-12-16,29.398103713989258,34.849998474121094,35.02000045776367,34.41999816894531,34.790000915527344,89854700,34.849998474121094
2003-12-17,29.448720932006836,34.90999984741211,35.0,34.56999969482422,34.810001373291016,68539900,34.90999984741211
2003-12-18,29.997041702270508,35.560001373291016,35.63999938964844,34.95000076293945,34.95000076293945,89978100,35.560001373291016
2003-12-19,29.912694931030273,35.459999084472656,35.650001525878906,35.20000076293945,35.61000061035156,89762300,35.459999084472656
2003-12-22,30.00547981262207,35.56999969482422,35.68000030517578,35.290000915527344,35.349998474121094,63580000,35.56999969482422
2003-12-23,30.23322868347168,35.84000015258789,36.02000045776367,35.529998779296875,35.599998474121094,66999800,35.84000015258789
2003-12-24,30.295656204223633,35.900001525878906,36.02000045776367,35.79999923706055,35.84000015258789,44840300,35.900001525878906
2003-12-26,30.253469467163086,35.849998474121094,36.09000015258789,35.81999969482422,35.959999084472656,25497600,35.849998474121094
2003-12-29,30.751371383666992,36.439998626708984,36.529998779296875,36.02000045776367,36.029998779296875,63296200,36.439998626708984
2003-12-30,30.8526554107666,36.560001373291016,36.58000183105469,36.29999923706055,36.529998779296875,48249400,36.560001373291016
2003-12-31,30.76826286315918,36.459999084472656,36.63999938964844,36.25,36.619998931884766,60494600,36.459999084472656
2004-01-02,30.683860778808594,36.36000061035156,36.790000915527344,36.220001220703125,36.65999984741211,55234100,36.36000061035156
2004-01-05,31.299917221069336,37.09000015258789,37.15999984741211,36.560001373291016,36.58000183105469,69717900,37.09000015258789
2004-01-06,31.51088523864746,37.34000015258789,37.41999816894531,36.95000076293945,37.08000183105469,60033000,37.34000015258789
2004-01-07,31.79779624938965,37.68000030517578,37.68000030517578,37.06999969482422,37.279998779296875,71830000,37.68000030517578
2004-01-08,32.05097198486328,37.97999954223633,38.0,37.599998474121094,37.849998474121094,76800900,37.97999954223633
2004-01-09,31.840002059936523,37.72999954223633,38.349998474121094,37.59000015258789,37.709999084472656,94296500,37.72999954223633
2004-01-12,32.34634780883789,38.33000183105469,38.349998474121094,37.68000030517578,37.849998474121094,77668400,38.33000183105469
2004-01-13,32.0256462097168,37.95000076293945,38.36000061035156,37.599998474121094,38.27000045776367,92973900,37.95000076293945
2004-01-14,32.13535690307617,38.08000183105469,38.25,37.75,38.08000183105469,68122400,38.08000183105469
2004-01-15,32.21977233886719,38.18000030517578,38.459999084472656,37.630001068115234,37.93000030517578,104427700,38.18000030517578
2004-01-16,32.54887390136719,38.56999969482422,38.630001068115234,38.16999816894531,38.380001068115234,77324100,38.56999969482422
2004-01-20,32.52354431152344,38.540000915527344,39.0,38.310001373291016,38.72999954223633,81998100,38.540000915527344
2004-01-21,32.388526916503906,38.380001068115234,38.65999984741211,38.0,38.38999938964844,112180300,38.380001068115234
2004-01-22,32.194435119628906,38.150001525878906,38.689998626708984,38.060001373291016,38.54999923706055,90061900,38.150001525878906
2004-01-23,32.07628631591797,38.0099983215332,38.459999084472656,37.779998779296875,38.209999084472656,88751300,38.0099983215332
2004-01-26,32.56575012207031,38.59000015258789,38.650001525878906,37.84000015258789,37.97999954223633,84538000,38.59000015258789
2004-01-27,31.848453521728516,37.7400016784668,38.630001068115234,37.689998626708984,38.5099983215332,97191600,37.7400016784668
2004-01-28,31.308334350585938,37.099998474121094,38.060001373291016,37.0,37.939998626708984,127959700,37.099998474121094
2004-01-29,31.426498413085938,37.2400016784668,37.310001373291016,36.65999984741211,37.2400016784668,143925900,37.2400016784668
2004-01-30,31.28304100036621,37.06999969482422,37.439998626708984,36.970001220703125,37.20000076293945,84264700,37.06999969482422
2004-02-02,31.198654174804688,36.970001220703125,37.47999954223633,36.81999969482422,37.20000076293945,94507900,36.970001220703125
2004-02-03,31.164878845214844,36.93000030517578,37.2400016784668,36.84000015258789,36.90999984741211,73488700,36.93000030517578
2004-02-04,30.658554077148438,36.33000183105469,36.86000061035156,36.33000183105469,36.619998931884766,109933000,36.33000183105469
2004-02-05,30.776687622070312,36.470001220703125,36.709999084472656,36.33000183105469,36.5099983215332,96784500,36.470001220703125
2004-02-06,31.333662033081055,37.130001068115234,37.279998779296875,36.529998779296875,36.599998474121094,107174100,37.130001068115234
2004-02-09,31.32521629333496,37.119998931884766,37.380001068115234,37.04999923706055,37.34000015258789,58817700,37.119998931884766
2004-02-10,31.37586784362793,37.18000030517578,37.40999984741211,37.029998779296875,37.060001373291016,65042700,37.18000030517578
2004-02-11,31.713407516479492,37.58000183105469,37.66999816894531,37.06999969482422,37.2400016784668,92503000,37.58000183105469
2004-02-12,31.4349365234375,37.25,37.70000076293945,37.2400016784668,37.52000045776367,70556400,37.25
2004-02-13,31.173337936401367,36.939998626708984,37.970001220703125,36.7599983215332,37.38999938964844,90570400,36.939998626708984
2004-02-17,31.59528160095215,37.439998626708984,37.619998931884766,37.220001220703125,37.279998779296875,69678600,37.439998626708984
2004-02-18,31.688087463378906,37.54999923706055,37.66999816894531,37.31999969482422,37.5099983215332,70972100,37.54999923706055
2004-02-19,31.20707130432129,36.97999954223633,37.900001525878906,36.81999969482422,37.869998931884766,100843800,36.97999954223633
2004-02-20,31.10582160949707,36.86000061035156,37.13999938964844,36.54999923706055,37.0,132347600,36.86000061035156
2004-02-23,30.759830474853516,36.45000076293945,37.029998779296875,36.11000061035156,37.0,125199800,36.45000076293945
2004-02-24,30.683860778808594,36.36000061035156,36.650001525878906,36.099998474121094,36.29999923706055,124521900,36.36000061035156
2004-02-25,30.86952781677246,36.58000183105469,36.66999816894531,36.33000183105469,36.43000030517578,74457100,36.58000183105469
2004-02-26,30.945484161376953,36.66999816894531,36.84000015258789,36.310001373291016,36.470001220703125,71327600,36.66999816894531
2004-02-27,30.861101150512695,36.56999969482422,36.939998626708984,36.27000045776367,36.7599983215332,99383900,36.56999969482422
2004-03-01,31.266149520874023,37.04999923706055,37.06999969482422,36.470001220703125,36.68000030517578,79700700,37.04999923706055
2004-03-02,30.903268814086914,36.619998931884766,37.18000030517578,36.61000061035156,36.97999954223633,91536000,36.619998931884766
2004-03-03,30.734495162963867,36.41999816894531,36.630001068115234,36.209999084472656,36.5099983215332,83938300,36.41999816894531
2004-03-04,31.021413803100586,36.7599983215332,36.83000183105469,36.38999938964844,36.439998626708984,65905600,36.7599983215332
2004-03-05,30.91172981262207,36.630001068115234,37.150001525878906,36.36000061035156,36.41999816894531,118107100,36.630001068115234
2004-03-08,30.185976028442383,35.77000045776367,36.81999969482422,35.72999954223633,36.689998626708984,112599500,35.77000045776367
2004-03-09,30.0931453704834,35.65999984741211,35.97999954223633,35.52000045776367,35.810001373291016,126140400,35.65999984741211
2004-03-10,29.696510314941406,35.189998626708984,36.0,35.130001068115234,35.75,134226100,35.189998626708984
2004-03-11,29.42646026611328,34.869998931884766,35.529998779296875,34.79999923706055,35.06999969482422,152132000,34.869998931884766
2004-03-12,29.966556549072266,35.5099983215332,35.59000015258789,35.150001525878906,35.18000030517578,118369600,35.5099983215332
2004-03-15,29.443349838256836,34.88999938964844,35.400001525878906,34.810001373291016,35.36000061035156,115813600,34.88999938964844
2004-03-16,29.493989944458008,34.95000076293945,35.25,34.630001068115234,35.11000061035156,123265100,34.95000076293945
2004-03-17,29.958127975463867,35.5,35.619998931884766,35.18000030517578,35.209999084472656,91684700,35.5
2004-03-18,29.823108673095703,35.34000015258789,35.459999084472656,34.970001220703125,35.369998931884766,111249700,35.34000015258789
2004-03-19,29.325206756591797,34.75,35.459999084472656,34.720001220703125,35.279998779296875,99976700,34.75
2004-03-22,28.953899383544922,34.310001373291016,34.54999923706055,34.029998779296875,34.529998779296875,133870400,34.310001373291016
2004-03-23,28.717601776123047,34.029998779296875,34.650001525878906,34.0099983215332,34.59000015258789,125945800,34.029998779296875
2004-03-24,29.046710968017578,34.41999816894531,34.630001068115234,34.0099983215332,34.150001525878906,118876800,34.41999816894531
2004-03-25,29.823108673095703,35.34000015258789,35.459999084472656,34.619998931884766,34.650001525878906,142122000,35.34000015258789
2004-03-26,29.721824645996094,35.220001220703125,35.58000183105469,35.20000076293945,35.29999923706055,78430800,35.220001220703125
2004-03-29,30.202850341796875,35.790000915527344,35.959999084472656,35.4900016784668,35.5099983215332,103864000,35.790000915527344
2004-03-30,30.304128646850586,35.90999984741211,35.939998626708984,35.52000045776367,35.66999816894531,95716500,35.90999984741211
2004-03-31,30.24504852294922,35.84000015258789,36.0,35.61000061035156,35.91999816894531,85993900,35.84000015258789
2004-04-01,30.515094757080078,36.15999984741211,36.25,35.779998779296875,35.810001373291016,93048600,36.15999984741211
2004-04-02,31.308334350585938,37.099998474121094,37.15999984741211,36.52000045776367,36.88999938964844,145964000,37.099998474121094
2004-04-05,31.60369110107422,37.45000076293945,37.5,36.970001220703125,37.0099983215332,67351600,37.45000076293945
2004-04-06,31.20707130432129,36.97999954223633,37.25,36.91999816894531,37.15999984741211,98611400,36.97999954223633
2004-04-07,31.173337936401367,36.939998626708984,37.11000061035156,36.65999984741211,36.9900016784668,91004900,36.939998626708984
2004-04-08,31.173337936401367,36.939998626708984,37.38999938964844,36.7400016784668,37.349998474121094,77176300,36.939998626708984
2004-04-12,31.36741828918457,37.16999816894531,37.2400016784668,36.97999954223633,37.02000045776367,55285700,37.16999816894531
2004-04-13,30.91172981262207,36.630001068115234,37.36000061035156,36.459999084472656,37.34000015258789,100624400,36.630001068115234
2004-04-14,31.06360626220703,36.810001373291016,36.95000076293945,36.36000061035156,36.40999984741211,113663200,36.810001373291016
2004-04-15,30.50665283203125,36.150001525878906,36.86000061035156,36.02000045776367,36.75,123565500,36.150001525878906
2004-04-16,30.45602798461914,36.09000015258789,36.31999969482422,35.790000915527344,36.20000076293945,110736600,36.09000015258789
2004-04-19,30.827342987060547,36.529998779296875,36.59000015258789,35.97999954223633,36.0099983215332,85838700,36.529998779296875
2004-04-20,30.110017776489258,35.68000030517578,36.790000915527344,35.63999938964844,36.61000061035156,119545100,35.68000030517578
2004-04-21,30.37164306640625,35.9900016784668,36.11000061035156,35.650001525878906,35.900001525878906,117850500,35.9900016784668
2004-04-22,31.156448364257812,36.91999816894531,37.0099983215332,35.97999954223633,36.0,137623300,36.91999816894531
2004-04-23,31.40118980407715,37.209999084472656,37.2599983215332,36.900001525878906,37.08000183105469,91855600,37.209999084472656
2004-04-26,31.173337936401367,36.939998626708984,37.290000915527344,36.650001525878906,37.18000030517578,74392200,36.939998626708984
2004-04-27,31.114248275756836,36.869998931884766,37.189998626708984,36.689998626708984,36.95000076293945,87548500,36.869998931884766
2004-04-28,30.548843383789062,36.20000076293945,36.720001220703125,36.02000045776367,36.709999084472656,111740700,36.20000076293945
2004-04-29,30.07628631591797,35.63999938964844,36.34000015258789,35.29999923706055,36.09000015258789,156917100,35.63999938964844
2004-04-30,29.342084884643555,34.77000045776367,35.79999923706055,34.720001220703125,35.65999984741211,150829200,34.77000045776367
2004-05-03,29.620553970336914,35.099998474121094,35.52000045776367,34.88999938964844,35.0,117007200,35.099998474121094
2004-05-04,29.74715232849121,35.25,35.75,35.029998779296875,35.209999084472656,126176000,35.25
2004-05-05,29.983440399169922,35.529998779296875,35.70000076293945,35.20000076293945,35.41999816894531,97528500,35.529998779296875
2004-05-06,29.755596160888672,35.2599983215332,35.439998626708984,34.849998474121094,35.22999954223633,102733300,35.2599983215332
2004-05-07,29.510868072509766,34.970001220703125,35.63999938964844,34.90999984741211,35.09000015258789,137686000,34.970001220703125
2004-05-10,29.257694244384766,34.66999816894531,34.900001525878906,34.41999816894531,34.66999816894531,156951400,34.66999816894531
2004-05-11,29.696510314941406,35.189998626708984,35.380001068115234,34.91999816894531,34.970001220703125,120493600,35.189998626708984
2004-05-12,29.755596160888672,35.2599983215332,35.290000915527344,34.27000045776367,35.119998931884766,197765400,35.2599983215332
2004-05-13,29.54461669921875,35.0099983215332,35.45000076293945,34.91999816894531,35.060001373291016,137841700,35.0099983215332
2004-05-14,29.325206756591797,34.75,35.310001373291016,34.63999938964844,35.20000076293945,133689900,34.75
2004-05-17,29.046710968017578,34.41999816894531,34.65999984741211,34.11000061035156,34.380001068115234,150652400,34.41999816894531
2004-05-18,29.30832862854004,34.72999954223633,34.900001525878906,34.599998474121094,34.65999984741211,96686400,34.72999954223633
2004-05-19,29.274578094482422,34.689998626708984,35.5099983215332,34.630001068115234,35.15999984741211,141646900,34.689998626708984
2004-05-20,29.409597396850586,34.849998474121094,35.02000045776367,34.560001373291016,34.779998779296875,94938500,34.849998474121094
2004-05-21,29.553056716918945,35.02000045776367,35.16999816894531,34.7400016784668,35.0099983215332,111329200,35.02000045776367
2004-05-24,29.755596160888672,35.2599983215332,35.459999084472656,35.0,35.29999923706055,99861800,35.2599983215332
2004-05-25,30.346315383911133,35.959999084472656,36.08000183105469,34.95000076293945,35.150001525878906,146321400,35.959999084472656
2004-05-26,30.540422439575195,36.189998626708984,36.189998626708984,35.810001373291016,35.86000061035156,93789700,36.189998626708984
2004-05-27,30.734495162963867,36.41999816894531,36.5,36.060001373291016,36.290000915527344,110183400,36.41999816894531
2004-05-28,30.844219207763672,36.54999923706055,36.54999923706055,36.209999084472656,36.380001068115234,56379500,36.54999923706055
2004-06-01,30.802021026611328,36.5,36.54999923706055,36.11000061035156,36.27000045776367,90592700,36.5
2004-06-02,30.734495162963867,36.41999816894531,36.65999984741211,36.16999816894531,36.560001373291016,103519800,36.41999816894531
2004-06-03,30.363203048706055,35.97999954223633,36.36000061035156,35.81999969482422,36.29999923706055,97301400,35.97999954223633
2004-06-04,30.540422439575195,36.189998626708984,36.619998931884766,36.16999816894531,36.34000015258789,91233200,36.189998626708984
2004-06-07,31.266149520874023,37.04999923706055,37.099998474121094,36.34000015258789,36.439998626708984,107532600,37.04999923706055
2004-06-08,31.308334350585938,37.099998474121094,37.189998626708984,36.849998474121094,36.900001525878906,72530900,37.099998474121094
2004-06-09,30.86952781677246,36.58000183105469,37.04999923706055,36.5,36.97999954223633,98215200,36.58000183105469
2004-06-10,31.08891487121582,36.84000015258789,36.84000015258789,36.54999923706055,36.689998626708984,57101300,36.84000015258789
2004-06-14,30.650108337402344,36.31999969482422,36.61000061035156,36.099998474121094,36.61000061035156,85129900,36.31999969482422
2004-06-15,31.046730041503906,36.790000915527344,36.9900016784668,36.560001373291016,36.560001373291016,91937700,36.790000915527344
2004-06-16,30.99612045288086,36.72999954223633,36.900001525878906,36.650001525878906,36.77000045776367,64743300,36.72999954223633
2004-06-17,30.709171295166016,36.38999938964844,36.65999984741211,36.25,36.650001525878906,77844200,36.38999938964844
2004-06-18,30.751371383666992,36.439998626708984,36.84000015258789,36.2599983215332,36.29999923706055,78641500,36.439998626708984
2004-06-21,30.50665283203125,36.150001525878906,36.630001068115234,36.060001373291016,36.52000045776367,65373100,36.150001525878906
2004-06-22,30.953908920288086,36.68000030517578,36.70000076293945,36.02000045776367,36.15999984741211,101524300,36.68000030517578
2004-06-23,31.32521629333496,37.119998931884766,37.189998626708984,36.5099983215332,36.56999969482422,94393900,37.119998931884766
2004-06-24,31.266149520874023,37.04999923706055,37.349998474121094,36.91999816894531,37.02000045776367,92343200,37.04999923706055
2004-06-25,31.502429962158203,37.33000183105469,37.38999938964844,36.97999954223633,37.0,81005400,37.33000183105469
2004-06-28,31.24083137512207,37.02000045776367,37.52000045776367,36.900001525878906,37.4900016784668,94033200,37.02000045776367
2004-06-29,31.536209106445312,37.369998931884766,37.59000015258789,37.08000183105469,37.099998474121094,68265900,37.369998931884766
2004-06-30,31.848453521728516,37.7400016784668,37.900001525878906,37.349998474121094,37.45000076293945,97809500,37.7400016784668
2004-07-01,31.25771141052246,37.040000915527344,37.65999984741211,36.77000045776367,37.65999984741211,122141800,37.040000915527344
2004-07-02,31.072065353393555,36.81999969482422,37.04999923706055,36.630001068115234,37.040000915527344,74056400,36.81999969482422
2004-07-06,30.405380249023438,36.029998779296875,36.599998474121094,35.83000183105469,36.599998474121094,130232600,36.029998779296875
2004-07-07,30.464452743530273,36.099998474121094,36.290000915527344,35.91999816894531,35.959999084472656,95623100,36.099998474121094
2004-07-08,30.126907348632812,35.70000076293945,36.130001068115234,35.54999923706055,35.810001373291016,108755400,35.70000076293945
2004-07-09,30.169103622436523,35.75,36.040000915527344,35.630001068115234,35.84000015258789,86014700,35.75
2004-07-12,30.042512893676758,35.599998474121094,35.689998626708984,35.2400016784668,35.56999969482422,81844500,35.599998474121094
2004-07-13,30.00031280517578,35.54999923706055,35.810001373291016,35.40999984741211,35.68000030517578,81222000,35.54999923706055
2004-07-14,29.696510314941406,35.189998626708984,35.650001525878906,35.04999923706055,35.20000076293945,119489200,35.189998626708984
2004-07-15,29.595260620117188,35.06999969482422,35.4900016784668,35.060001373291016,35.31999969482422,90405700,35.06999969482422
2004-07-16,29.257694244384766,34.66999816894531,35.45000076293945,34.619998931884766,35.43000030517578,120387100,34.66999816894531
2004-07-19,29.198619842529297,34.599998474121094,34.970001220703125,34.470001220703125,34.779998779296875,106387900,34.599998474121094
2004-07-20,29.899032592773438,35.43000030517578,35.59000015258789,34.709999084472656,34.7400016784668,117453700,35.43000030517578
2004-07-21,29.029848098754883,34.400001525878906,35.650001525878906,34.34000015258789,35.56999969482422,136086800,34.400001525878906
2004-07-22,29.42646026611328,34.869998931884766,35.11000061035156,34.25,34.47999954223633,132135800,34.869998931884766
2004-07-23,28.8695011138916,34.209999084472656,34.65999984741211,34.029998779296875,34.619998931884766,107107100,34.209999084472656
2004-07-26,28.742919921875,34.060001373291016,34.40999984741211,33.70000076293945,34.2400016784668,112962200,34.060001373291016
2004-07-27,29.13955307006836,34.529998779296875,34.709999084472656,34.040000915527344,34.189998626708984,103474700,34.529998779296875
2004-07-28,29.012971878051758,34.380001068115234,34.630001068115234,33.810001373291016,34.40999984741211,154299800,34.380001068115234
2004-07-29,29.35051155090332,34.779998779296875,34.91999816894531,34.5,34.709999084472656,98959800,34.779998779296875
2004-07-30,29.443349838256836,34.88999938964844,35.099998474121094,34.650001525878906,34.7599983215332,83007800,34.88999938964844
2004-08-02,29.502426147460938,34.959999084472656,35.02000045776367,34.459999084472656,34.61000061035156,81249000,34.959999084472656
2004-08-03,28.886383056640625,34.22999954223633,34.93000030517578,34.189998626708984,34.84000015258789,85746500,34.22999954223633
2004-08-04,28.894817352294922,34.2400016784668,34.459999084472656,34.0099983215332,34.150001525878906,86721000,34.2400016784668
2004-08-05,28.354738235473633,33.599998474121094,34.400001525878906,33.599998474121094,34.349998474121094,109722900,33.599998474121094
2004-08-06,27.612110137939453,32.720001220703125,33.40999984741211,32.65999984741211,33.400001525878906,148808600,32.720001220703125
2004-08-09,27.679624557495117,32.79999923706055,32.959999084472656,32.650001525878906,32.810001373291016,79281900,32.79999923706055
2004-08-10,28.025611877441406,33.209999084472656,33.47999954223633,32.91999816894531,32.959999084472656,105819800,33.209999084472656
2004-08-11,27.780879974365234,32.91999816894531,33.040000915527344,32.54999923706055,32.849998474121094,121217700,32.91999816894531
2004-08-12,27.401138305664062,32.470001220703125,32.86000061035156,32.369998931884766,32.689998626708984,113691800,32.470001220703125
2004-08-13,27.44333267211914,32.52000045776367,32.7400016784668,32.349998474121094,32.650001525878906,91416100,32.52000045776367
2004-08-16,27.755569458007812,32.88999938964844,33.189998626708984,32.59000015258789,32.61000061035156,77851300,32.88999938964844
2004-08-17,28.06781578063965,33.2599983215332,33.439998626708984,32.9900016784668,33.119998931884766,89573100,33.2599983215332
2004-08-18,28.56570816040039,33.849998474121094,33.90999984741211,33.0099983215332,33.060001373291016,106608500,33.849998474121094
2004-08-19,28.413801193237305,33.66999816894531,33.849998474121094,33.40999984741211,33.72999954223633,104690200,33.66999816894531
2004-08-20,28.700733184814453,34.0099983215332,34.13999938964844,33.5099983215332,33.56999969482422,91962400,34.0099983215332
2004-08-23,28.76822853088379,34.09000015258789,34.27000045776367,33.90999984741211,34.04999923706055,83390800,34.09000015258789
2004-08-24,28.759794235229492,34.08000183105469,34.310001373291016,33.810001373291016,34.25,86610500,34.08000183105469
2004-08-25,29.156429290771484,34.54999923706055,34.599998474121094,33.900001525878906,34.06999969482422,88394600,34.54999923706055
2004-08-26,29.029848098754883,34.400001525878906,34.54999923706055,34.310001373291016,34.459999084472656,57663400,34.400001525878906
2004-08-27,29.164873123168945,34.560001373291016,34.68000030517578,34.439998626708984,34.470001220703125,58597200,34.560001373291016
2004-08-30,28.675403594970703,33.97999954223633,34.43000030517578,33.939998626708984,34.40999984741211,62355700,33.97999954223633
2004-08-31,28.709177017211914,34.02000045776367,34.119998931884766,33.650001525878906,34.02000045776367,81262000,34.02000045776367
2004-09-01,28.920135498046875,34.27000045776367,34.470001220703125,33.79999923706055,33.93000030517578,96630600,34.27000045776367
2004-09-02,29.35051155090332,34.779998779296875,34.880001068115234,34.15999984741211,34.18000030517578,83054000,34.779998779296875
2004-09-03,28.81043243408203,34.13999938964844,34.66999816894531,34.04999923706055,34.439998626708984,90213700,34.13999938964844
2004-09-07,29.055164337158203,34.43000030517578,34.61000061035156,34.119998931884766,34.400001525878906,95556500,34.43000030517578
2004-09-08,28.945453643798828,34.29999923706055,34.68000030517578,34.18000030517578,34.310001373291016,101466100,34.29999923706055
2004-09-09,29.19017791748047,34.59000015258789,34.75,34.13999938964844,34.45000076293945,104397500,34.59000015258789
2004-09-10,29.637454986572266,35.119998931884766,35.189998626708984,34.470001220703125,34.61000061035156,108591600,35.119998931884766
2004-09-13,30.025638580322266,35.58000183105469,35.720001220703125,35.13999938964844,35.25,109350500,35.58000183105469
2004-09-14,30.067827224731445,35.630001068115234,35.720001220703125,35.36000061035156,35.45000076293945,76466300,35.630001068115234
2004-09-15,29.74715232849121,35.25,35.45000076293945,35.119998931884766,35.41999816894531,90128700,35.25
2004-09-16,29.80622673034668,35.31999969482422,35.56999969482422,35.130001068115234,35.2599983215332,67121000,35.31999969482422
2004-09-17,29.899032592773438,35.43000030517578,35.52000045776367,35.15999984741211,35.22999954223633,83903400,35.43000030517578
2004-09-20,29.899032592773438,35.43000030517578,35.77000045776367,35.18000030517578,35.290000915527344,110678100,35.43000030517578
2004-09-21,30.017196655273438,35.56999969482422,35.849998474121094,35.41999816894531,35.540000915527344,93688400,35.56999969482422
2004-09-22,29.493989944458008,34.95000076293945,35.459999084472656,34.869998931884766,35.439998626708984,101393400,34.95000076293945
2004-09-23,29.46866226196289,34.91999816894531,35.150001525878906,34.880001068115234,34.97999954223633,92503200,34.91999816894531
2004-09-24,29.36741065979004,34.79999923706055,35.189998626708984,34.75,34.9900016784668,103247400,34.79999923706055
2004-09-27,29.114240646362305,34.5,34.7400016784668,34.380001068115234,34.619998931884766,86017600,34.5
2004-09-28,29.173303604125977,34.56999969482422,34.689998626708984,34.22999954223633,34.54999923706055,87070300,34.56999969482422
2004-09-29,29.603696823120117,35.08000183105469,35.119998931884766,34.529998779296875,34.540000915527344,95096200,35.08000183105469
2004-09-30,29.654315948486328,35.13999938964844,35.27000045776367,34.88999938964844,35.02000045776367,74514600,35.13999938964844
2004-10-01,30.464452743530273,36.099998474121094,36.150001525878906,35.36000061035156,35.45000076293945,118252700,36.099998474121094
2004-10-04,30.64166831970215,36.310001373291016,36.619998931884766,36.25,36.36000061035156,108032600,36.310001373291016
2004-10-05,30.683860778808594,36.36000061035156,36.4900016784668,36.15999984741211,36.22999954223633,89754400,36.36000061035156
2004-10-06,30.928598403930664,36.650001525878906,36.689998626708984,36.11000061035156,36.310001373291016,87815500,36.650001525878906
2004-10-07,30.582595825195312,36.2400016784668,36.66999816894531,36.16999816894531,36.540000915527344,82374300,36.2400016784668
2004-10-08,30.025638580322266,35.58000183105469,36.2400016784668,35.5,36.08000183105469,115073000,35.58000183105469
2004-10-11,30.169103622436523,35.75,35.86000061035156,35.599998474121094,35.720001220703125,51181600,35.75
2004-10-12,30.11846351623535,35.689998626708984,35.84000015258789,35.20000076293945,35.43000030517578,97884100,35.689998626708984
2004-10-13,30.050947189331055,35.61000061035156,36.13999938964844,35.43000030517578,36.04999923706055,132442500,35.61000061035156
2004-10-14,29.915931701660156,35.45000076293945,35.779998779296875,35.33000183105469,35.689998626708984,99383700,35.45000076293945
2004-10-15,30.067827224731445,35.630001068115234,35.86000061035156,35.279998779296875,35.4900016784668,129183400,35.630001068115234
2004-10-18,30.498212814331055,36.13999938964844,36.25,35.400001525878906,35.5099983215332,108933400,36.13999938964844
2004-10-19,30.278785705566406,35.880001068115234,36.56999969482422,35.790000915527344,36.380001068115234,129973500,35.880001068115234
2004-10-20,30.422269821166992,36.04999923706055,36.22999954223633,35.650001525878906,35.83000183105469,106524200,36.04999923706055
2004-10-21,30.886409759521484,36.599998474121094,36.790000915527344,36.099998474121094,36.2400016784668,122627600,36.599998474121094
2004-10-22,30.21128273010254,35.79999923706055,36.68000030517578,35.7400016784668,36.61000061035156,114321100,35.79999923706055
2004-10-25,30.067827224731445,35.630001068115234,35.810001373291016,35.4900016784668,35.72999954223633,102863000,35.630001068115234
2004-10-26,30.228168487548828,35.81999969482422,35.84000015258789,35.40999984741211,35.650001525878906,98164500,35.81999969482422
2004-10-27,30.99612045288086,36.72999954223633,36.88999938964844,35.709999084472656,35.84000015258789,152423400,36.72999954223633
2004-10-28,31.190196990966797,36.959999084472656,37.119998931884766,36.56999969482422,36.68000030517578,111113900,36.959999084472656
2004-10-29,31.139568328857422,36.900001525878906,37.2400016784668,36.66999816894531,36.90999984741211,100779200,36.900001525878906
2004-11-01,31.25771141052246,37.040000915527344,37.18000030517578,36.79999923706055,36.97999954223633,72356000,37.040000915527344
2004-11-02,31.358991622924805,37.15999984741211,37.54999923706055,37.02000045776367,37.09000015258789,108930700,37.15999984741211
2004-11-03,31.569942474365234,37.40999984741211,37.900001525878906,37.150001525878906,37.7599983215332,140980100,37.40999984741211
2004-11-04,31.747159957885742,37.619998931884766,37.779998779296875,37.11000061035156,37.2599983215332,112513700,37.619998931884766
2004-11-05,32.03409957885742,37.959999084472656,38.15999984741211,37.61000061035156,38.02000045776367,117017900,37.959999084472656
2004-11-08,32.067848205566406,38.0,38.099998474121094,37.849998474121094,37.95000076293945,66486000,38.0
2004-11-09,32.000335693359375,37.91999816894531,38.150001525878906,37.810001373291016,37.93000030517578,85038700,37.91999816894531
2004-11-10,31.890634536743164,37.790000915527344,38.060001373291016,37.650001525878906,37.93000030517578,95122300,37.790000915527344
2004-11-11,32.31257629394531,38.290000915527344,38.380001068115234,37.86000061035156,37.90999984741211,99338800,38.290000915527344
2004-11-12,32.62481689453125,38.65999984741211,38.7599983215332,38.16999816894531,38.34000015258789,102418100,38.65999984741211
2004-11-15,32.768287658691406,38.83000183105469,38.86000061035156,38.5,38.63999938964844,82696000,38.83000183105469
2004-11-16,32.56575012207031,38.59000015258789,38.68000030517578,38.31999969482422,38.65999984741211,97197500,38.59000015258789
2004-11-17,33.00456237792969,39.11000061035156,39.31999969482422,38.83000183105469,38.83000183105469,125242500,39.11000061035156
2004-11-18,33.15646743774414,39.290000915527344,39.36000061035156,38.88999938964844,38.97999954223633,94901100,39.290000915527344
2004-11-19,32.641693115234375,38.68000030517578,39.290000915527344,38.59000015258789,39.2400016784668,118448900,38.68000030517578
2004-11-22,32.95393753051758,39.04999923706055,39.06999969482422,38.47999954223633,38.61000061035156,79882600,39.04999923706055
2004-11-23,32.90330123901367,38.9900016784668,39.150001525878906,38.61000061035156,39.0099983215332,91925300,38.9900016784668
2004-11-24,33.19022750854492,39.33000183105469,39.38999938964844,39.06999969482422,39.09000015258789,74051700,39.33000183105469
2004-11-26,33.088958740234375,39.209999084472656,39.47999954223633,39.16999816894531,39.369998931884766,31248900,39.209999084472656
2004-11-29,33.080509185791016,39.20000076293945,39.63999938964844,38.970001220703125,39.459999084472656,94765400,39.20000076293945
2004-11-30,33.013031005859375,39.119998931884766,39.38999938964844,39.060001373291016,39.29999923706055,87663100,39.119998931884766
2004-12-01,33.6881217956543,39.91999816894531,39.959999084472656,39.27000045776367,39.27000045776367,102375000,39.91999816894531
2004-12-02,33.814693450927734,40.06999969482422,40.38999938964844,39.7599983215332,39.81999969482422,122005600,40.06999969482422
2004-12-03,33.865325927734375,40.130001068115234,40.59000015258789,40.08000183105469,40.349998474121094,114227700,40.130001068115234
2004-12-06,33.983489990234375,40.27000045776367,40.43000030517578,39.90999984741211,40.119998931884766,70415100,40.27000045776367
2004-12-07,33.40120315551758,39.58000183105469,40.5,39.529998779296875,40.349998474121094,121439800,39.58000183105469
2004-12-08,33.59528350830078,39.810001373291016,39.97999954223633,39.5,39.599998474121094,10121300,39.810001373291016
2004-12-09,33.79782485961914,40.04999923706055,40.189998626708984,39.2400016784668,39.4900016784668,134346000,40.04999923706055
2004-12-10,33.696563720703125,39.93000030517578,40.06999969482422,39.7400016784668,39.84000015258789,86177300,39.93000030517578
2004-12-13,33.991905212402344,40.279998779296875,40.34000015258789,39.97999954223633,40.22999954223633,74296400,40.279998779296875
2004-12-14,34.16071701049805,40.47999954223633,40.59000015258789,40.25,40.279998779296875,91985000,40.47999954223633
2004-12-15,34.03411102294922,40.33000183105469,40.68000030517578,40.150001525878906,40.4900016784668,95179300,40.33000183105469
2004-12-16,33.71342849731445,39.95000076293945,40.45000076293945,39.81999969482422,40.34000015258789,86101300,39.95000076293945
2004-12-17,33.62736511230469,39.470001220703125,39.810001373291016,39.43000030517578,39.63999938964844,97947000,39.470001220703125
2004-12-20,33.39735412597656,39.20000076293945,39.77000045776367,39.09000015258789,39.56999969482422,106397600,39.20000076293945
2004-12-21,33.80632400512695,39.68000030517578,39.709999084472656,39.279998779296875,39.38999938964844,83184700,39.68000030517578
2004-12-22,33.848907470703125,39.72999954223633,39.93000030517578,39.4900016784668,39.540000915527344,75298000,39.72999954223633
2004-12-23,33.874454498291016,39.7599983215332,39.90999984741211,39.540000915527344,39.61000061035156,45782000,39.7599983215332
2004-12-27,33.72963333129883,39.59000015258789,40.02000045776367,39.400001525878906,39.97999954223633,67157700,39.59000015258789
2004-12-28,34.053382873535156,39.970001220703125,40.0,39.61000061035156,39.66999816894531,62563100,39.970001220703125
2004-12-29,34.09598159790039,40.02000045776367,40.15999984741211,39.900001525878906,39.91999816894531,46594800,40.02000045776367
2004-12-30,34.07041931152344,39.9900016784668,40.119998931884766,39.93000030517578,40.06999969482422,41717600,39.9900016784668
2004-12-31,34.010780334472656,39.91999816894531,40.119998931884766,39.779998779296875,40.029998779296875,44112300,39.91999816894531
2005-01-03,33.652957916259766,39.5,40.290000915527344,39.369998931884766,40.09000015258789,100970900,39.5
2005-01-04,33.03952407836914,38.779998779296875,39.7400016784668,38.54999923706055,39.66999816894531,136623200,38.779998779296875
2005-01-05,32.83504867553711,38.540000915527344,38.959999084472656,38.470001220703125,38.68000030517578,127925500,38.540000915527344
2005-01-06,32.67317199707031,38.349998474121094,38.709999084472656,38.34000015258789,38.630001068115234,102934600,38.349998474121094
2005-01-07,32.84357833862305,38.54999923706055,38.869998931884766,38.209999084472656,38.560001373291016,123104000,38.54999923706055
2005-01-10,32.8265495300293,38.529998779296875,38.869998931884766,38.38999938964844,38.439998626708984,88764200,38.529998779296875
2005-01-11,32.59648895263672,38.2599983215332,38.5,38.06999969482422,38.369998931884766,106398800,38.2599983215332
2005-01-12,32.86912536621094,38.58000183105469,38.599998474121094,38.0099983215332,38.43000030517578,127754900,38.58000183105469
2005-01-13,32.43461608886719,38.06999969482422,38.849998474121094,38.0099983215332,38.58000183105469,101982400,38.06999969482422
2005-01-14,32.741336822509766,38.43000030517578,38.52000045776367,38.189998626708984,38.20000076293945,93460900,38.43000030517578
2005-01-18,32.9883918762207,38.720001220703125,38.790000915527344,38.220001220703125,38.279998779296875,91760400,38.720001220703125
2005-01-19,32.443145751953125,38.08000183105469,38.75,38.060001373291016,38.72999954223633,104981000,38.08000183105469
2005-01-20,31.82118034362793,37.349998474121094,37.810001373291016,37.31999969482422,37.650001525878906,120963900,37.349998474121094
2005-01-21,31.56560516357422,37.04999923706055,37.54999923706055,36.9900016784668,37.47999954223633,138569200,37.04999923706055
2005-01-24,31.12259292602539,36.529998779296875,37.20000076293945,36.459999084472656,37.119998931884766,137499000,36.529998779296875
2005-01-25,31.275951385498047,36.709999084472656,37.09000015258789,36.65999984741211,36.77000045776367,119171300,36.709999084472656
2005-01-26,31.650815963745117,37.150001525878906,37.290000915527344,36.81999969482422,36.959999084472656,107465800,37.150001525878906
2005-01-27,31.608196258544922,37.099998474121094,37.27000045776367,36.869998931884766,37.09000015258789,103654700,37.099998474121094
2005-01-28,31.454858779907227,36.91999816894531,37.27000045776367,36.619998931884766,37.220001220703125,111648600,36.91999816894531
2005-01-31,31.863792419433594,37.400001525878906,37.529998779296875,37.2599983215332,37.36000061035156,89139900,37.400001525878906
2005-02-01,31.966049194335938,37.52000045776367,37.650001525878906,37.369998931884766,37.4900016784668,76610300,37.52000045776367
2005-02-02,32.01715087890625,37.58000183105469,37.72999954223633,37.310001373291016,37.63999938964844,100160500,37.58000183105469
2005-02-03,31.650815963745117,37.150001525878906,37.40999984741211,37.0,37.380001068115234,90157900,37.150001525878906
2005-02-04,32.161991119384766,37.75,37.81999969482422,37.150001525878906,37.150001525878906,99302000,37.75
2005-02-07,32.09383010864258,37.66999816894531,37.90999984741211,37.52000045776367,37.79999923706055,71551400,37.66999816894531
2005-02-08,32.15349578857422,37.7400016784668,38.0099983215332,37.619998931884766,37.65999984741211,72821700,37.7400016784668
2005-02-09,31.61671257019043,37.11000061035156,37.79999923706055,37.060001373291016,37.77000045776367,93276600,37.11000061035156
2005-02-10,31.650815963745117,37.150001525878906,37.31999969482422,36.880001068115234,37.2599983215332,110373000,37.150001525878906
2005-02-11,32.1193962097168,37.70000076293945,37.849998474121094,36.93000030517578,37.029998779296875,108684100,37.70000076293945
2005-02-14,32.264225006103516,37.869998931884766,37.939998626708984,37.689998626708984,37.70000076293945,54908900,37.869998931884766
2005-02-15,32.47723388671875,38.119998931884766,38.47999954223633,37.81999969482422,37.900001525878906,131406500,38.119998931884766
2005-02-16,32.357948303222656,37.97999954223633,38.15999984741211,37.83000183105469,38.029998779296875,80273900,37.97999954223633
2005-02-17,31.923433303833008,37.470001220703125,38.13999938964844,37.43000030517578,38.04999923706055,115628300,37.470001220703125
2005-02-18,31.82118034362793,37.349998474121094,37.56999969482422,37.2599983215332,37.47999954223633,69158800,37.349998474121094
2005-02-22,31.429296493530273,36.88999938964844,37.54999923706055,36.790000915527344,37.029998779296875,121232000,36.88999938964844
2005-02-23,31.471900939941406,36.939998626708984,37.06999969482422,36.70000076293945,37.040000915527344,95010100,36.939998626708984
2005-02-24,31.872325897216797,37.40999984741211,37.439998626708984,36.7599983215332,36.849998474121094,99334600,37.40999984741211
2005-02-25,32.051231384277344,37.619998931884766,37.70000076293945,37.290000915527344,37.380001068115234,79988700,37.619998931884766
2005-02-28,31.710453033447266,37.220001220703125,37.599998474121094,36.91999816894531,37.459999084472656,95731300,37.220001220703125
2005-03-01,32.05975341796875,37.630001068115234,37.70000076293945,37.33000183105469,37.369998931884766,78460600,37.630001068115234
2005-03-02,32.04271697998047,37.61000061035156,38.02000045776367,37.36000061035156,37.40999984741211,107270600,37.61000061035156
2005-03-03,31.77859115600586,37.29999923706055,37.72999954223633,37.02000045776367,37.709999084472656,89793800,37.29999923706055
2005-03-04,31.966049194335938,37.52000045776367,37.75,37.400001525878906,37.599998474121094,86622300,37.52000045776367
2005-03-07,32.42610168457031,38.060001373291016,38.290000915527344,37.560001373291016,37.599998474121094,93563900,38.060001373291016
2005-03-08,32.10236740112305,37.68000030517578,38.209999084472656,37.650001525878906,38.0099983215332,89595200,37.68000030517578
2005-03-09,32.008628845214844,37.56999969482422,37.93000030517578,37.470001220703125,37.66999816894531,98063000,37.56999969482422
2005-03-10,31.966049194335938,37.52000045776367,37.66999816894531,37.08000183105469,37.61000061035156,97043600,37.52000045776367
2005-03-11,31.6678466796875,37.16999816894531,37.81999969482422,37.02000045776367,37.689998626708984,102857500,37.16999816894531
2005-03-14,31.81269073486328,37.34000015258789,37.36000061035156,37.029998779296875,37.2400016784668,65576200,37.34000015258789
2005-03-15,31.557085037231445,37.040000915527344,37.47999954223633,36.9900016784668,37.41999816894531,93856300,37.040000915527344
2005-03-16,31.19925308227539,36.619998931884766,37.18000030517578,36.529998779296875,36.90999984741211,159578000,36.619998931884766
2005-03-17,31.275951385498047,36.709999084472656,36.88999938964844,36.540000915527344,36.61000061035156,100429600,36.709999084472656
2005-03-18,31.105533599853516,36.5099983215332,36.790000915527344,36.349998474121094,36.75,108899400,36.5099983215332
2005-03-21,31.165180206298828,36.58000183105469,36.75,36.25,36.599998474121094,92752500,36.58000183105469
2005-03-22,30.781818389892578,36.130001068115234,36.75,36.11000061035156,36.61000061035156,114016300,36.130001068115234
2005-03-23,30.89254379272461,36.2599983215332,36.4900016784668,36.06999969482422,36.09000015258789,97444900,36.2599983215332
2005-03-24,30.901071548461914,36.27000045776367,36.650001525878906,36.27000045776367,36.38999938964844,77566800,36.27000045776367
2005-03-28,30.960708618164062,36.34000015258789,36.61000061035156,36.310001373291016,36.40999984741211,59739000,36.34000015258789
2005-03-29,30.713647842407227,36.04999923706055,36.58000183105469,35.939998626708984,36.27000045776367,119554300,36.04999923706055
2005-03-30,31.292987823486328,36.72999954223633,36.779998779296875,36.220001220703125,36.22999954223633,114711000,36.72999954223633
2005-03-31,31.156688690185547,36.56999969482422,36.75,36.439998626708984,36.72999954223633,86578900,36.56999969482422
2005-04-01,30.841428756713867,36.20000076293945,36.880001068115234,36.130001068115234,36.81999969482422,143814300,36.20000076293945
2005-04-04,31.062952041625977,36.459999084472656,36.599998474121094,36.029998779296875,36.25,100090300,36.459999084472656
2005-04-05,31.148149490356445,36.560001373291016,36.66999816894531,36.41999816894531,36.4900016784668,66266600,36.560001373291016
2005-04-06,31.09703826904297,36.5,36.90999984741211,36.41999816894531,36.65999984741211,82168900,36.5
2005-04-07,31.471900939941406,36.939998626708984,36.95000076293945,36.5099983215332,36.529998779296875,88618000,36.939998626708984
2005-04-08,31.216299057006836,36.63999938964844,37.06999969482422,36.599998474121094,37.0,92332900,36.63999938964844
2005-04-11,31.079988479614258,36.47999954223633,36.779998779296875,36.400001525878906,36.75,70976000,36.47999954223633
2005-04-12,31.23334312438965,36.65999984741211,36.7400016784668,35.90999984741211,36.439998626708984,144848500,36.65999984741211
2005-04-13,30.722143173217773,36.060001373291016,36.599998474121094,35.97999954223633,36.560001373291016,108995500,36.060001373291016
2005-04-14,30.287649154663086,35.54999923706055,36.099998474121094,35.5,36.060001373291016,158057900,35.54999923706055
2005-04-15,29.597553253173828,34.7400016784668,35.369998931884766,34.68000030517578,35.2400016784668,170013300,34.7400016784668
2005-04-18,29.6060733795166,34.75,35.0,34.63999938964844,34.709999084472656,110084000,34.75
2005-04-19,29.810550689697266,34.9900016784668,35.099998474121094,34.75,35.02000045776367,96922100,34.9900016784668
2005-04-20,29.5634708404541,34.70000076293945,35.290000915527344,34.59000015258789,35.209999084472656,140457400,34.70000076293945
2005-04-21,30.34729766845703,35.619998931884766,35.709999084472656,34.959999084472656,35.119998931884766,124505100,35.619998931884766
2005-04-22,29.8957462310791,35.09000015258789,35.470001220703125,34.81999969482422,35.459999084472656,114996800,35.09000015258789
2005-04-25,30.142807006835938,35.380001068115234,35.459999084472656,35.150001525878906,35.29999923706055,72170100,35.380001068115234
2005-04-26,29.861650466918945,35.04999923706055,35.70000076293945,35.040000915527344,35.290000915527344,104958800,35.04999923706055
2005-04-27,29.904251098632812,35.099998474121094,35.25,34.72999954223633,34.869998931884766,112539300,35.099998474121094
2005-04-28,29.6060733795166,34.75,35.150001525878906,34.720001220703125,34.91999816894531,98181900,34.75
2005-04-29,29.802043914794922,34.97999954223633,35.060001373291016,34.349998474121094,35.0,144435900,34.97999954223633
2005-05-02,29.921306610107422,35.119998931884766,35.2599983215332,34.88999938964844,35.099998474121094,67648800,35.119998931884766
2005-05-03,30.07466697692871,35.29999923706055,35.43000030517578,35.029998779296875,35.04999923706055,103428700,35.29999923706055
2005-05-04,30.44099998474121,35.72999954223633,35.83000183105469,35.2400016784668,35.290000915527344,90480600,35.72999954223633
2005-05-05,30.46656608581543,35.7599983215332,35.91999816894531,35.529998779296875,35.75,79341700,35.7599983215332
2005-05-06,30.551761627197266,35.86000061035156,36.02000045776367,35.720001220703125,35.970001220703125,77310200,35.86000061035156
2005-05-09,30.696592330932617,36.029998779296875,36.060001373291016,35.65999984741211,35.869998931884766,66298400,36.029998779296875
2005-05-10,30.475086212158203,35.77000045776367,35.959999084472656,35.619998931884766,35.86000061035156,77194700,35.77000045776367
2005-05-11,30.628437042236328,35.95000076293945,36.029998779296875,35.29999923706055,35.81999969482422,131952400,35.95000076293945
2005-05-12,30.543235778808594,35.849998474121094,36.20000076293945,35.65999984741211,36.029998779296875,116602200,35.849998474121094
2005-05-13,30.875513076782227,36.2400016784668,36.470001220703125,35.88999938964844,35.9900016784668,133273500,36.2400016784668
2005-05-16,31.079988479614258,36.47999954223633,36.540000915527344,36.130001068115234,36.2400016784668,79093200,36.47999954223633
2005-05-17,31.267417907714844,36.70000076293945,36.7400016784668,36.209999084472656,36.349998474121094,91665900,36.70000076293945
2005-05-18,31.693403244018555,37.20000076293945,37.36000061035156,36.709999084472656,36.79999923706055,128105900,37.20000076293945
2005-05-19,31.95752716064453,37.5099983215332,37.52000045776367,37.20000076293945,37.290000915527344,92619700,37.5099983215332
2005-05-20,32.0853157043457,37.65999984741211,37.689998626708984,37.349998474121094,37.45000076293945,66530100,37.65999984741211
2005-05-23,32.247196197509766,37.849998474121094,37.9900016784668,37.599998474121094,37.65999984741211,93068200,37.849998474121094
2005-05-24,32.34943771362305,37.970001220703125,38.0,37.70000076293945,37.7599983215332,100830000,37.970001220703125
2005-05-25,32.213111877441406,37.810001373291016,37.880001068115234,37.59000015258789,37.84000015258789,76470600,37.810001373291016
2005-05-26,32.536861419677734,38.189998626708984,38.27000045776367,37.97999954223633,37.97999954223633,84066800,38.189998626708984
2005-05-27,32.55390167236328,38.209999084472656,38.25,38.02000045776367,38.13999938964844,50076900,38.209999084472656
2005-05-31,32.443145751953125,38.08000183105469,38.2400016784668,37.91999816894531,38.189998626708984,75281500,38.08000183105469
2005-06-01,32.707271575927734,38.38999938964844,38.68000030517578,38.02000045776367,38.029998779296875,110875700,38.38999938964844
2005-06-02,32.937286376953125,38.65999984741211,38.65999984741211,38.29999923706055,38.33000183105469,75926500,38.65999984741211
2005-06-03,32.4601936340332,38.099998474121094,38.63999938964844,38.02000045776367,38.630001068115234,96998400,38.099998474121094
2005-06-06,32.468719482421875,38.11000061035156,38.189998626708984,37.959999084472656,38.119998931884766,52681400,38.11000061035156
2005-06-07,32.19606399536133,37.790000915527344,38.470001220703125,37.7400016784668,38.150001525878906,108953400,37.790000915527344
2005-06-08,32.12788391113281,37.709999084472656,37.95000076293945,37.560001373291016,37.880001068115234,79211900,37.709999084472656
2005-06-09,32.33238220214844,37.95000076293945,38.060001373291016,37.5,37.65999984741211,99383300,37.95000076293945
2005-06-10,31.99159049987793,37.54999923706055,37.900001525878906,37.380001068115234,37.900001525878906,85971700,37.54999923706055
2005-06-13,32.14495086669922,37.72999954223633,37.95000076293945,37.459999084472656,37.47999954223633,82331300,37.72999954223633
2005-06-14,32.01715087890625,37.58000183105469,37.84000015258789,37.5,37.689998626708984,62593600,37.58000183105469
2005-06-15,32.1193962097168,37.70000076293945,37.869998931884766,37.25,37.83000183105469,103952000,37.70000076293945
2005-06-16,32.28980255126953,37.900001525878906,38.0,37.65999984741211,37.7400016784668,90450100,37.900001525878906
2005-06-17,32.294044494628906,37.869998931884766,38.209999084472656,37.75,38.11000061035156,83915700,37.869998931884766
2005-06-20,32.294044494628906,37.869998931884766,38.08000183105469,37.58000183105469,37.720001220703125,67580000,37.869998931884766
2005-06-21,32.277000427246094,37.849998474121094,38.0099983215332,37.70000076293945,37.84000015258789,97845600,37.849998474121094
2005-06-22,32.24288558959961,37.810001373291016,38.099998474121094,37.630001068115234,38.0,75221100,37.810001373291016
2005-06-23,31.884723663330078,37.38999938964844,38.18000030517578,37.33000183105469,37.869998931884766,122163300,37.38999938964844
2005-06-24,31.526578903198242,36.970001220703125,37.40999984741211,36.959999084472656,37.380001068115234,142144100,36.970001220703125
2005-06-27,31.38159942626953,36.79999923706055,37.060001373291016,36.70000076293945,36.95000076293945,72780800,36.79999923706055
2005-06-28,31.68006706237793,37.150001525878906,37.2599983215332,36.900001525878906,36.95000076293945,73330300,37.150001525878906
2005-06-29,31.61184310913086,37.06999969482422,37.2599983215332,36.970001220703125,37.25,71513600,37.06999969482422
2005-06-30,31.364545822143555,36.779998779296875,37.209999084472656,36.75,37.13999938964844,87803700,36.779998779296875
2005-07-01,31.32192039489746,36.72999954223633,37.0,36.68000030517578,36.86000061035156,55254800,36.72999954223633
2005-07-05,31.64594078063965,37.11000061035156,37.189998626708984,36.599998474121094,36.599998474121094,79288700,37.11000061035156
2005-07-06,31.49247169494629,36.93000030517578,37.279998779296875,36.86000061035156,37.029998779296875,79101000,36.93000030517578
2005-07-07,31.603317260742188,37.060001373291016,37.09000015258789,36.54999923706055,36.58000183105469,119466300,37.060001373291016
2005-07-08,32.20877456665039,37.77000045776367,37.810001373291016,36.9900016784668,37.08000183105469,101320700,37.77000045776367
2005-07-11,32.507259368896484,38.119998931884766,38.15999984741211,37.79999923706055,37.869998931884766,96283700,38.119998931884766
2005-07-12,32.660728454589844,38.29999923706055,38.459999084472656,38.0099983215332,38.119998931884766,86059300,38.29999923706055
2005-07-13,32.737491607666016,38.38999938964844,38.43000030517578,38.16999816894531,38.31999969482422,72135400,38.38999938964844
2005-07-14,33.0615234375,38.77000045776367,38.880001068115234,38.52000045776367,38.66999816894531,99135200,38.77000045776367
2005-07-15,33.16386032104492,38.88999938964844,39.0,38.650001525878906,38.83000183105469,67239200,38.88999938964844
2005-07-18,33.027427673339844,38.72999954223633,38.88999938964844,38.689998626708984,38.790000915527344,58644000,38.72999954223633
2005-07-19,33.411163330078125,39.18000030517578,39.20000076293945,38.84000015258789,38.90999984741211,77860900,39.18000030517578
2005-07-20,33.64993667602539,39.459999084472656,39.56999969482422,38.900001525878906,38.939998626708984,91433100,39.459999084472656
2005-07-21,33.65845489501953,39.470001220703125,39.689998626708984,39.209999084472656,39.560001373291016,127286000,39.470001220703125
2005-07-22,33.6158447265625,39.41999816894531,39.59000015258789,39.220001220703125,39.47999954223633,71666600,39.41999816894531
2005-07-25,33.48792266845703,39.27000045776367,39.630001068115234,39.20000076293945,39.459999084472656,51872700,39.27000045776367
2005-07-26,33.6158447265625,39.41999816894531,39.529998779296875,39.189998626708984,39.38999938964844,67324900,39.41999816894531
2005-07-27,33.871673583984375,39.720001220703125,39.7599983215332,39.22999954223633,39.45000076293945,78351100,39.720001220703125
2005-07-28,34.0336799621582,39.90999984741211,39.91999816894531,39.63999938964844,39.75,66163700,39.90999984741211
2005-07-29,33.752262115478516,39.58000183105469,39.91999816894531,39.52000045776367,39.869998931884766,74725700,39.58000183105469
2005-08-01,33.81195068359375,39.650001525878906,39.83000183105469,39.52000045776367,39.63999938964844,59748300,39.650001525878906
2005-08-02,34.178646087646484,40.08000183105469,40.13999938964844,39.650001525878906,39.70000076293945,79284100,40.08000183105469
2005-08-03,34.16159439086914,40.060001373291016,40.130001068115234,39.880001068115234,39.90999984741211,61916400,40.060001373291016
2005-08-04,33.829017639160156,39.66999816894531,39.939998626708984,39.56999969482422,39.880001068115234,72035500,39.66999816894531
2005-08-05,33.66699981689453,39.47999954223633,39.790000915527344,39.43000030517578,39.61000061035156,66029500,39.47999954223633
2005-08-08,33.41969299316406,39.189998626708984,39.61000061035156,39.13999938964844,39.52000045776367,63415400,39.189998626708984
2005-08-09,33.64140701293945,39.45000076293945,39.59000015258789,39.310001373291016,39.369998931884766,62143600,39.45000076293945
2005-08-10,33.35149383544922,39.11000061035156,39.689998626708984,38.970001220703125,39.54999923706055,102317500,39.11000061035156
2005-08-11,33.62434768676758,39.43000030517578,39.540000915527344,39.099998474121094,39.130001068115234,92446700,39.43000030517578
2005-08-12,33.436744689941406,39.209999084472656,39.31999969482422,38.970001220703125,39.119998931884766,86367300,39.209999084472656
2005-08-15,33.64140701293945,39.45000076293945,39.630001068115234,39.08000183105469,39.13999938964844,63061100,39.45000076293945
2005-08-16,33.09564971923828,38.810001373291016,39.33000183105469,38.7400016784668,39.29999923706055,94596000,38.810001373291016
2005-08-17,33.29177474975586,39.040000915527344,39.16999816894531,38.790000915527344,38.91999816894531,74470500,39.040000915527344
2005-08-18,33.121219635009766,38.84000015258789,39.099998474121094,38.77000045776367,38.869998931884766,72559400,38.84000015258789
2005-08-19,33.104183197021484,38.81999969482422,39.0,38.790000915527344,38.88999938964844,52024300,38.81999969482422
2005-08-22,33.121219635009766,38.84000015258789,39.18000030517578,38.599998474121094,38.880001068115234,88056300,38.84000015258789
2005-08-23,33.027427673339844,38.72999954223633,38.91999816894531,38.61000061035156,38.84000015258789,57482900,38.72999954223633
2005-08-24,32.8312873840332,38.5,39.18000030517578,38.459999084472656,38.650001525878906,95025700,38.5
2005-08-25,32.90803909301758,38.59000015258789,38.689998626708984,38.4900016784668,38.56999969482422,52328800,38.59000015258789
2005-08-26,32.79719924926758,38.459999084472656,38.599998474121094,38.27000045776367,38.529998779296875,63840700,38.459999084472656
2005-08-29,33.053009033203125,38.7599983215332,38.849998474121094,38.2599983215332,38.2599983215332,74940400,38.7599983215332
2005-08-30,32.933616638183594,38.619998931884766,38.65999984741211,38.31999969482422,38.560001373291016,87373600,38.619998931884766
2005-08-31,33.24063491821289,38.97999954223633,39.0099983215332,38.47999954223633,38.63999938964844,93426300,38.97999954223633
2005-09-01,33.189430236816406,38.91999816894531,39.150001525878906,38.779998779296875,39.0,74884400,38.91999816894531
2005-09-02,33.0615234375,38.77000045776367,39.029998779296875,38.7400016784668,39.0,53244900,38.77000045776367
2005-09-06,33.5476188659668,39.34000015258789,39.40999984741211,38.900001525878906,38.95000076293945,78106600,39.34000015258789
2005-09-07,33.607303619384766,39.40999984741211,39.47999954223633,39.209999084472656,39.29999923706055,57440100,39.40999984741211
2005-09-08,33.59877395629883,39.400001525878906,39.56999969482422,39.27000045776367,39.290000915527344,73529700,39.400001525878906
2005-09-09,33.78638458251953,39.619998931884766,39.689998626708984,39.310001373291016,39.40999984741211,75342100,39.619998931884766
2005-09-12,33.880184173583984,39.72999954223633,39.86000061035156,39.58000183105469,39.630001068115234,51689900,39.72999954223633
2005-09-13,33.794918060302734,39.630001068115234,39.90999984741211,39.540000915527344,39.68000030517578,66145800,39.630001068115234
2005-09-14,33.411163330078125,39.18000030517578,39.68000030517578,39.150001525878906,39.650001525878906,98644000,39.18000030517578
2005-09-15,33.39410400390625,39.15999984741211,39.34000015258789,39.04999923706055,39.2599983215332,80421500,39.15999984741211
2005-09-16,33.59877395629883,39.400001525878906,39.459999084472656,39.11000061035156,39.25,71034100,39.400001525878906
2005-09-19,33.33442687988281,39.09000015258789,39.380001068115234,38.90999984741211,39.31999969482422,73387500,39.09000015258789
2005-09-20,33.19797897338867,38.93000030517578,39.540000915527344,38.810001373291016,39.15999984741211,115202800,38.93000030517578
2005-09-21,32.8312873840332,38.5,38.869998931884766,38.470001220703125,38.81999969482422,116404300,38.5
2005-09-22,32.9506721496582,38.63999938964844,38.72999954223633,38.2400016784668,38.439998626708984,118686100,38.63999938964844
2005-09-23,33.044498443603516,38.75,38.880001068115234,38.40999984741211,38.5,70154000,38.75
2005-09-26,33.053009033203125,38.7599983215332,39.029998779296875,38.54999923706055,38.970001220703125,69327600,38.7599983215332
2005-09-27,32.97625732421875,38.66999816894531,38.900001525878906,38.5099983215332,38.790000915527344,64089500,38.66999816894531
2005-09-28,32.98478317260742,38.68000030517578,38.95000076293945,38.560001373291016,38.7599983215332,72044500,38.68000030517578
2005-09-29,33.428218841552734,39.20000076293945,39.209999084472656,38.45000076293945,38.630001068115234,117634600,39.20000076293945
2005-09-30,33.64993667602539,39.459999084472656,39.47999954223633,39.130001068115234,39.16999816894531,79248500,39.459999084472656
2005-10-03,33.73520278930664,39.560001373291016,39.75,39.5099983215332,39.540000915527344,81685600,39.560001373291016
2005-10-04,33.51350784301758,39.29999923706055,39.880001068115234,39.290000915527344,39.619998931884766,85348600,39.29999923706055
2005-10-05,33.053009033203125,38.7599983215332,39.34000015258789,38.72999954223633,39.310001373291016,106152200,38.7599983215332
2005-10-06,32.61809158325195,38.25,38.86000061035156,37.91999816894531,38.72999954223633,162213700,38.25
2005-10-07,32.69485855102539,38.34000015258789,38.56999969482422,38.18000030517578,38.400001525878906,91119900,38.34000015258789
2005-10-10,32.51575469970703,38.130001068115234,38.459999084472656,38.060001373291016,38.27000045776367,64012000,38.130001068115234
2005-10-11,32.35376739501953,37.939998626708984,38.2400016784668,37.79999923706055,38.2400016784668,114736900,37.939998626708984
2005-10-12,31.970001220703125,37.4900016784668,38.060001373291016,37.43000030517578,37.720001220703125,146109500,37.4900016784668
2005-10-13,32.21730041503906,37.779998779296875,37.90999984741211,37.33000183105469,37.470001220703125,138569600,37.779998779296875
2005-10-14,32.456085205078125,38.060001373291016,38.06999969482422,37.63999938964844,37.880001068115234,131463200,38.060001373291016
2005-10-17,32.55841064453125,38.18000030517578,38.189998626708984,37.81999969482422,38.06999969482422,64080400,38.18000030517578
2005-10-18,32.328155517578125,37.90999984741211,38.18000030517578,37.90999984741211,38.13999938964844,88070400,37.90999984741211
2005-10-19,32.97625732421875,38.66999816894531,38.66999816894531,37.61000061035156,37.720001220703125,132879900,38.66999816894531
2005-10-20,32.66926574707031,38.310001373291016,38.849998474121094,38.099998474121094,38.709999084472656,132576900,38.310001373291016
2005-10-21,32.873939514160156,38.54999923706055,38.75,38.33000183105469,38.66999816894531,110032000,38.54999923706055
2005-10-24,33.39410400390625,39.15999984741211,39.18000030517578,38.470001220703125,38.72999954223633,110820900,39.15999984741211
2005-10-25,33.266197204589844,39.0099983215332,39.189998626708984,38.77000045776367,39.09000015258789,86665800,39.0099983215332
2005-10-26,33.09564971923828,38.810001373291016,39.27000045776367,38.7599983215332,38.97999954223633,89878100,38.810001373291016
2005-10-27,32.43049621582031,38.029998779296875,38.79999923706055,38.029998779296875,38.779998779296875,132231100,38.029998779296875
2005-10-28,32.67776870727539,38.31999969482422,38.38999938964844,37.91999816894531,38.15999984741211,95243900,38.31999969482422
2005-10-31,33.146827697753906,38.869998931884766,39.04999923706055,38.41999816894531,38.45000076293945,115279100,38.869998931884766
2005-11-01,33.121219635009766,38.84000015258789,39.0099983215332,38.709999084472656,38.779998779296875,73502300,38.84000015258789
2005-11-02,33.55614471435547,39.349998474121094,39.459999084472656,38.709999084472656,38.72999954223633,101409900,39.349998474121094
2005-11-03,34.05927276611328,39.939998626708984,40.09000015258789,39.68000030517578,39.7400016784668,137054000,39.939998626708984
2005-11-04,34.178646087646484,40.08000183105469,40.22999954223633,39.84000015258789,40.0,100944500,40.08000183105469
2005-11-07,34.22129821777344,40.130001068115234,40.290000915527344,39.95000076293945,40.209999084472656,65324500,40.130001068115234
2005-11-08,34.22982406616211,40.13999938964844,40.349998474121094,39.9900016784668,40.08000183105469,78859700,40.13999938964844
2005-11-09,34.24689483642578,40.15999984741211,40.33000183105469,40.029998779296875,40.119998931884766,72458800,40.15999984741211
2005-11-10,34.622093200683594,40.599998474121094,40.689998626708984,39.91999816894531,40.18000030517578,120763100,40.599998474121094
2005-11-11,34.71588134765625,40.709999084472656,40.91999816894531,40.68000030517578,40.77000045776367,80057200,40.709999084472656
2005-11-14,34.71588134765625,40.709999084472656,40.86000061035156,40.599998474121094,40.77000045776367,53652400,40.709999084472656
2005-11-15,34.553871154785156,40.52000045776367,40.900001525878906,40.380001068115234,40.72999954223633,79543500,40.52000045776367
2005-11-16,34.767059326171875,40.77000045776367,40.779998779296875,40.459999084472656,40.630001068115234,65895700,40.77000045776367
2005-11-17,35.227561950683594,41.310001373291016,41.31999969482422,40.849998474121094,40.90999984741211,94425500,41.310001373291016
2005-11-18,35.346920013427734,41.45000076293945,41.650001525878906,41.27000045776367,41.52000045776367,108820200,41.45000076293945
2005-11-21,35.43220520019531,41.54999923706055,41.58000183105469,41.2400016784668,41.400001525878906,69731400,41.54999923706055
2005-11-22,35.560115814208984,41.70000076293945,41.869998931884766,41.36000061035156,41.470001220703125,88814000,41.70000076293945
2005-11-23,35.64540100097656,41.79999923706055,42.02000045776367,41.709999084472656,41.72999954223633,64101200,41.79999923706055
2005-11-25,35.72215270996094,41.88999938964844,41.939998626708984,41.72999954223633,41.84000015258789,22930200,41.88999938964844
2005-11-28,35.42369842529297,41.540000915527344,42.0,41.5,42.0,74716200,41.540000915527344
2005-11-29,35.25313186645508,41.34000015258789,41.849998474121094,41.34000015258789,41.77000045776367,77443000,41.34000015258789
2005-11-30,35.16785430908203,41.2400016784668,41.4900016784668,41.189998626708984,41.279998779296875,88044400,41.2400016784668
2005-12-01,35.82447814941406,42.0099983215332,42.04999923706055,41.5,41.5099983215332,91914100,42.0099983215332
2005-12-02,35.90976333618164,42.11000061035156,42.130001068115234,41.869998931884766,41.939998626708984,72929200,42.11000061035156
2005-12-05,35.64540100097656,41.79999923706055,42.060001373291016,41.630001068115234,42.060001373291016,61519900,41.79999923706055
2005-12-06,35.76479721069336,41.939998626708984,42.310001373291016,41.900001525878906,42.029998779296875,81509400,41.939998626708984
2005-12-07,35.69654846191406,41.86000061035156,42.029998779296875,41.630001068115234,42.0,83885500,41.86000061035156
2005-12-08,35.44074630737305,41.560001373291016,42.0,41.27000045776367,41.959999084472656,112043200,41.560001373291016
2005-12-09,35.57719802856445,41.720001220703125,41.77000045776367,41.380001068115234,41.560001373291016,56526900,41.720001220703125
2005-12-12,35.70510482788086,41.869998931884766,41.939998626708984,41.68000030517578,41.869998931884766,44863600,41.869998931884766
2005-12-13,35.850074768066406,42.040000915527344,42.209999084472656,41.7599983215332,41.81999969482422,76611600,42.040000915527344
2005-12-14,35.730690002441406,41.900001525878906,42.099998474121094,41.709999084472656,41.95000076293945,73581600,41.900001525878906
2005-12-15,35.79035568237305,41.970001220703125,42.06999969482422,41.61000061035156,42.0,72607200,41.970001220703125
2005-12-16,35.54332733154297,41.58000183105469,41.939998626708984,41.54999923706055,41.86000061035156,63743000,41.58000183105469
2005-12-19,34.979129791259766,40.91999816894531,41.709999084472656,40.900001525878906,41.66999816894531,75341700,40.91999816894531
2005-12-20,35.00479507446289,40.95000076293945,41.150001525878906,40.75,40.95000076293945,70257700,40.95000076293945
2005-12-21,35.15867233276367,41.130001068115234,41.40999984741211,40.95000076293945,41.02000045776367,68935000,41.130001068115234
2005-12-22,35.38945388793945,41.400001525878906,41.459999084472656,41.099998474121094,41.11000061035156,59149500,41.400001525878906
2005-12-23,35.38945388793945,41.400001525878906,41.59000015258789,41.29999923706055,41.5099983215332,38000400,41.400001525878906
2005-12-27,35.08172607421875,41.040000915527344,41.68000030517578,40.970001220703125,41.52000045776367,55656300,41.040000915527344
2005-12-28,35.03898620605469,40.9900016784668,41.22999954223633,40.869998931884766,41.060001373291016,50302400,40.9900016784668
2005-12-29,34.80819320678711,40.720001220703125,41.119998931884766,40.650001525878906,41.029998779296875,47301700,40.720001220703125
2005-12-30,34.543190002441406,40.40999984741211,40.58000183105469,40.36000061035156,40.540000915527344,60026500,40.40999984741211
2006-01-03,35.31254959106445,41.310001373291016,41.4900016784668,40.15999984741211,40.650001525878906,109350400,41.310001373291016
2006-01-04,35.68009948730469,41.7400016784668,41.7400016784668,41.31999969482422,41.40999984741211,92769400,41.7400016784668
2006-01-05,35.83396530151367,41.91999816894531,42.0,41.709999084472656,41.75,77656900,41.91999816894531
2006-01-06,36.483642578125,42.68000030517578,42.70000076293945,42.060001373291016,42.2599983215332,110053900,42.68000030517578
2006-01-09,36.628944396972656,42.849998474121094,42.91999816894531,42.52000045776367,42.68000030517578,80768800,42.849998474121094
2006-01-10,36.654598236083984,42.880001068115234,42.91999816894531,42.54999923706055,42.65999984741211,84369400,42.880001068115234
2006-01-11,36.93669128417969,43.209999084472656,43.310001373291016,42.869998931884766,43.0,100761400,43.209999084472656
2006-01-12,36.75716018676758,43.0,43.290000915527344,42.849998474121094,43.15999984741211,82429200,43.0
2006-01-13,36.74006271362305,42.97999954223633,43.04999923706055,42.72999954223633,42.939998626708984,64572100,42.97999954223633
2006-01-17,36.5007209777832,42.70000076293945,42.790000915527344,42.5,42.650001525878906,77962100,42.70000076293945
2006-01-18,36.08186340332031,42.209999084472656,42.459999084472656,42.02000045776367,42.029998779296875,121021900,42.209999084472656
2006-01-19,36.34684753417969,42.52000045776367,42.81999969482422,42.290000915527344,42.41999816894531,111094000,42.52000045776367
2006-01-20,35.26123046875,41.25,42.4900016784668,41.150001525878906,42.459999084472656,188569400,41.25
2006-01-23,35.269771575927734,41.2599983215332,41.45000076293945,41.08000183105469,41.36000061035156,111381900,41.2599983215332
2006-01-24,35.42365646362305,41.439998626708984,41.70000076293945,41.310001373291016,41.36000061035156,77956900,41.439998626708984
2006-01-25,35.269771575927734,41.2599983215332,41.66999816894531,41.08000183105469,41.63999938964844,99826400,41.2599983215332
2006-01-26,35.51768112182617,41.54999923706055,41.689998626708984,41.22999954223633,41.5,112600600,41.54999923706055
2006-01-27,35.99638748168945,42.11000061035156,42.38999938964844,41.7400016784668,41.79999923706055,110830400,42.11000061035156
2006-01-30,36.064762115478516,42.189998626708984,42.31999969482422,42.06999969482422,42.18000030517578,53942600,42.189998626708984
2006-01-31,35.90235900878906,42.0,42.27000045776367,41.810001373291016,42.16999816894531,100988100,42.0
2006-02-01,36.03056716918945,42.150001525878906,42.16999816894531,41.70000076293945,41.7400016784668,89168700,42.150001525878906
2006-02-02,35.41510772705078,41.43000030517578,42.08000183105469,41.40999984741211,42.0099983215332,94047400,41.43000030517578
2006-02-03,34.979129791259766,40.91999816894531,41.22999954223633,40.779998779296875,41.119998931884766,121094200,40.91999816894531
2006-02-06,34.885135650634766,40.810001373291016,41.0099983215332,40.59000015258789,40.720001220703125,58162800,40.810001373291016
2006-02-07,34.73126983642578,40.630001068115234,40.93000030517578,40.439998626708984,40.7400016784668,87327000,40.630001068115234
2006-02-08,35.13301086425781,41.099998474121094,41.150001525878906,40.689998626708984,40.91999816894531,89907800,41.099998474121094
2006-02-09,34.79963302612305,40.709999084472656,41.369998931884766,40.630001068115234,41.209999084472656,78213400,40.709999084472656
2006-02-10,35.01333236694336,40.959999084472656,41.060001373291016,40.2599983215332,40.68000030517578,102575900,40.959999084472656
2006-02-13,34.61156463623047,40.4900016784668,40.7400016784668,40.29999923706055,40.70000076293945,70643100,40.4900016784668
2006-02-14,34.96205520629883,40.900001525878906,41.02000045776367,40.40999984741211,40.56999969482422,94340300,40.900001525878906
2006-02-15,35.18429946899414,41.15999984741211,41.2599983215332,40.72999954223633,40.790000915527344,92254300,41.15999984741211
2006-02-16,35.50914764404297,41.540000915527344,41.54999923706055,41.150001525878906,41.310001373291016,103859600,41.540000915527344
2006-02-17,35.22705841064453,41.209999084472656,41.459999084472656,41.20000076293945,41.459999084472656,81770200,41.209999084472656
2006-02-21,34.833839416503906,40.75,41.27000045776367,40.61000061035156,41.209999084472656,85101400,40.75
2006-02-22,35.269771575927734,41.2599983215332,41.540000915527344,40.68000030517578,40.779998779296875,91983900,41.2599983215332
2006-02-23,35.175750732421875,41.150001525878906,41.540000915527344,41.08000183105469,41.189998626708984,66517100,41.150001525878906
2006-02-24,35.269771575927734,41.2599983215332,41.290000915527344,41.0099983215332,41.189998626708984,57085400,41.2599983215332
2006-02-27,35.66301727294922,41.720001220703125,41.869998931884766,41.33000183105469,41.36000061035156,64945000,41.720001220703125
2006-02-28,35.13301086425781,41.099998474121094,41.720001220703125,40.970001220703125,41.61000061035156,117564600,41.099998474121094
2006-03-01,35.61172103881836,41.65999984741211,41.77000045776367,41.150001525878906,41.22999954223633,80962300,41.65999984741211
2006-03-02,35.637359619140625,41.689998626708984,41.84000015258789,41.40999984741211,41.54999923706055,69856500,41.689998626708984
2006-03-03,35.432193756103516,41.45000076293945,42.0099983215332,41.38999938964844,41.45000076293945,112066100,41.45000076293945
2006-03-06,35.12446212768555,41.09000015258789,41.630001068115234,40.959999084472656,41.540000915527344,99581000,41.09000015258789
2006-03-07,34.919315338134766,40.849998474121094,41.06999969482422,40.650001525878906,41.02000045776367,96441100,40.849998474121094
2006-03-08,34.936405181884766,40.869998931884766,41.09000015258789,40.5,40.7599983215332,103961900,40.869998931884766
2006-03-09,34.63722610473633,40.52000045776367,41.150001525878906,40.470001220703125,41.0,108556700,40.52000045776367
2006-03-10,34.67140579223633,40.560001373291016,40.790000915527344,40.189998626708984,40.47999954223633,124474900,40.560001373291016
2006-03-13,34.77400588989258,40.68000030517578,40.939998626708984,40.619998931884766,40.7400016784668,69169100,40.68000030517578
2006-03-14,35.363807678222656,41.369998931884766,41.41999816894531,40.63999938964844,40.63999938964844,118201000,41.369998931884766
2006-03-15,35.66301727294922,41.720001220703125,41.720001220703125,41.31999969482422,41.529998779296875,84375800,41.720001220703125
2006-03-16,35.363807678222656,41.369998931884766,41.91999816894531,41.33000183105469,41.849998474121094,101371200,41.369998931884766
2006-03-17,35.45705032348633,41.45000076293945,41.59000015258789,41.22999954223633,41.34000015258789,78219600,41.45000076293945
2006-03-20,35.5425910949707,41.54999923706055,41.68000030517578,41.400001525878906,41.56999969482422,60240100,41.54999923706055
2006-03-21,35.16621398925781,41.11000061035156,42.0099983215332,41.08000183105469,41.11000061035156,136566000,41.11000061035156
2006-03-22,35.251773834228516,41.209999084472656,41.279998779296875,40.86000061035156,40.880001068115234,112282800,41.209999084472656
2006-03-23,35.149105072021484,41.09000015258789,41.220001220703125,40.81999969482422,41.09000015258789,75158200,41.09000015258789
2006-03-24,35.328739166259766,41.29999923706055,41.5,41.02000045776367,41.22999954223633,81795500,41.29999923706055
2006-03-27,35.33731460571289,41.310001373291016,41.5099983215332,41.2400016784668,41.279998779296875,54400400,41.310001373291016
2006-03-28,35.19187545776367,41.13999938964844,41.66999816894531,40.9900016784668,41.38999938964844,100522800,41.13999938964844
2006-03-29,35.859107971191406,41.91999816894531,42.099998474121094,41.16999816894531,41.20000076293945,130669100,41.91999816894531
2006-03-30,35.97030258178711,42.04999923706055,42.29999923706055,41.790000915527344,42.0099983215332,115915600,42.04999923706055
2006-03-31,35.867652893066406,41.93000030517578,42.189998626708984,41.84000015258789,42.130001068115234,71074600,41.93000030517578
2006-04-03,35.91043472290039,41.97999954223633,42.369998931884766,41.900001525878906,42.150001525878906,80730700,41.97999954223633
2006-04-04,36.10717010498047,42.209999084472656,42.310001373291016,41.93000030517578,42.04999923706055,89952600,42.209999084472656
2006-04-05,36.44934844970703,42.61000061035156,42.66999816894531,42.209999084472656,42.29999923706055,91628200,42.61000061035156
2006-04-06,36.55198669433594,42.72999954223633,42.939998626708984,42.439998626708984,42.59000015258789,91712800,42.72999954223633
2006-04-07,36.201271057128906,42.31999969482422,43.04999923706055,42.29999923706055,42.880001068115234,116604300,42.31999969482422
2006-04-10,36.14995193481445,42.2599983215332,42.5,42.09000015258789,42.400001525878906,58981900,42.2599983215332
2006-04-11,35.859107971191406,41.91999816894531,42.43000030517578,41.709999084472656,42.38999938964844,91481900,41.91999816894531
2006-04-12,35.867652893066406,41.93000030517578,42.08000183105469,41.79999923706055,41.939998626708984,58751200,41.93000030517578
2006-04-13,36.01307678222656,42.099998474121094,42.33000183105469,41.790000915527344,41.900001525878906,63476900,42.099998474121094
2006-04-17,35.6367073059082,41.65999984741211,42.209999084472656,41.38999938964844,42.040000915527344,104072100,41.65999984741211
2006-04-18,36.32102584838867,42.459999084472656,42.560001373291016,41.77000045776367,41.77000045776367,124291700,42.459999084472656
2006-04-19,36.48356246948242,42.650001525878906,42.650001525878906,42.29999923706055,42.540000915527344,79050300,42.650001525878906
2006-04-20,36.35525894165039,42.5,42.81999969482422,42.380001068115234,42.63999938964844,81408000,42.5
2006-04-21,35.92755126953125,42.0,42.720001220703125,41.81999969482422,42.65999984741211,130181200,42.0
2006-04-24,35.893314361572266,41.959999084472656,42.06999969482422,41.720001220703125,41.95000076293945,78556400,41.959999084472656
2006-04-25,35.81634521484375,41.869998931884766,42.099998474121094,41.650001525878906,42.06999969482422,77660800,41.869998931884766
2006-04-26,35.8077507019043,41.86000061035156,42.060001373291016,41.70000076293945,41.86000061035156,82537000,41.86000061035156
2006-04-27,36.14995193481445,42.2599983215332,42.4900016784668,41.5,41.66999816894531,173950100,42.2599983215332
2006-04-28,35.79922103881836,41.849998474121094,42.220001220703125,41.779998779296875,42.0,88876600,41.849998474121094
2006-05-01,35.44850158691406,41.439998626708984,42.04999923706055,41.310001373291016,41.91999816894531,92875500,41.439998626708984
2006-05-02,35.5425910949707,41.54999923706055,41.72999954223633,41.400001525878906,41.619998931884766,85148100,41.54999923706055
2006-05-03,35.491275787353516,41.4900016784668,41.63999938964844,41.279998779296875,41.56999969482422,74971600,41.4900016784668
2006-05-04,35.782135009765625,41.83000183105469,41.9900016784668,41.529998779296875,41.529998779296875,88696800,41.83000183105469
2006-05-05,36.06439971923828,42.15999984741211,42.209999084472656,41.939998626708984,42.099998474121094,80392200,42.15999984741211
2006-05-08,36.0986213684082,42.20000076293945,42.279998779296875,42.06999969482422,42.08000183105469,45079100,42.20000076293945
2006-05-09,35.96176528930664,42.040000915527344,42.18000030517578,41.970001220703125,42.099998474121094,48528800,42.040000915527344
2006-05-10,35.64524459838867,41.66999816894531,41.97999954223633,41.54999923706055,41.93000030517578,92424200,41.66999816894531
2006-05-11,34.84969711303711,40.7400016784668,41.650001525878906,40.630001068115234,41.630001068115234,140989700,40.7400016784668
2006-05-12,34.37923812866211,40.189998626708984,40.619998931884766,40.18000030517578,40.560001373291016,153920800,40.189998626708984
2006-05-15,34.35358428955078,40.15999984741211,40.34000015258789,39.790000915527344,40.02000045776367,127896500,40.15999984741211
2006-05-16,34.09696578979492,39.86000061035156,40.2599983215332,39.77000045776367,40.16999816894531,132397500,39.86000061035156
2006-05-17,33.63501739501953,39.31999969482422,39.810001373291016,39.22999954223633,39.68000030517578,207897100,39.31999969482422
2006-05-18,33.40404510498047,39.04999923706055,39.65999984741211,39.0,39.4900016784668,139690900,39.04999923706055
2006-05-19,33.66068649291992,39.349998474121094,39.470001220703125,38.75,39.20000076293945,194306300,39.349998474121094
2006-05-22,33.33561706542969,38.970001220703125,39.2400016784668,38.619998931884766,39.0099983215332,169591800,38.970001220703125
2006-05-23,33.010555267333984,38.59000015258789,39.380001068115234,38.56999969482422,39.2599983215332,142243900,38.59000015258789
2006-05-24,33.23297882080078,38.849998474121094,39.040000915527344,38.22999954223633,38.529998779296875,234981600,38.849998474121094
2006-05-25,33.66923141479492,39.36000061035156,39.380001068115234,38.81999969482422,39.11000061035156,123510900,39.36000061035156
2006-05-26,33.78044128417969,39.4900016784668,39.58000183105469,39.22999954223633,39.45000076293945,91319600,39.4900016784668
2006-05-30,33.0533332824707,38.63999938964844,39.33000183105469,38.61000061035156,39.29999923706055,105606200,38.63999938964844
2006-05-31,33.207313537597656,38.81999969482422,39.060001373291016,38.540000915527344,38.709999084472656,137066200,38.81999969482422
2006-06-01,33.994300842285156,39.7400016784668,39.7400016784668,38.84000015258789,38.93000030517578,119357400,39.7400016784668
2006-06-02,33.90876007080078,39.63999938964844,40.0,39.310001373291016,39.959999084472656,128864100,39.63999938964844
2006-06-05,33.173091888427734,38.779998779296875,39.560001373291016,38.779998779296875,39.560001373291016,103190600,38.779998779296875
2006-06-06,33.14743423461914,38.75,38.95000076293945,38.349998474121094,38.849998474121094,127271000,38.75
2006-06-07,32.89938735961914,38.459999084472656,39.16999816894531,38.45000076293945,38.79999923706055,130754700,38.459999084472656
2006-06-08,32.8480339050293,38.400001525878906,38.560001373291016,37.4900016784668,38.27000045776367,280562200,38.400001525878906
2006-06-09,32.634178161621094,38.150001525878906,38.7400016784668,38.11000061035156,38.560001373291016,144146200,38.150001525878906
2006-06-12,31.99261474609375,37.400001525878906,38.2599983215332,37.38999938964844,38.20000076293945,145607500,37.400001525878906
2006-06-13,31.864309310913086,37.25,37.79999923706055,37.15999984741211,37.4900016784668,207099500,37.25
2006-06-14,32.18935775756836,37.630001068115234,37.709999084472656,37.20000076293945,37.36000061035156,201876800,37.630001068115234
2006-06-15,33.061893463134766,38.650001525878906,38.790000915527344,37.79999923706055,37.849998474121094,200700400,38.650001525878906
2006-06-16,32.818790435791016,38.34000015258789,38.68000030517578,38.20000076293945,38.54999923706055,120006100,38.34000015258789
2006-06-19,32.553428649902344,38.029998779296875,38.540000915527344,37.90999984741211,38.5,129450100,38.029998779296875
2006-06-20,32.596221923828125,38.08000183105469,38.47999954223633,37.939998626708984,38.09000015258789,102871700,38.08000183105469
2006-06-21,33.109825134277344,38.68000030517578,38.9900016784668,38.130001068115234,38.13999938964844,129548100,38.68000030517578
2006-06-22,32.69038391113281,38.189998626708984,38.68000030517578,37.9900016784668,38.59000015258789,143100500,38.189998626708984
2006-06-23,32.65615463256836,38.150001525878906,38.529998779296875,37.93000030517578,38.15999984741211,88050200,38.150001525878906
2006-06-26,32.74174118041992,38.25,38.38999938964844,38.06999969482422,38.16999816894531,65157700,38.25
2006-06-27,32.12543487548828,37.529998779296875,38.33000183105469,37.4900016784668,38.27000045776367,128227500,37.529998779296875
2006-06-28,32.36510467529297,37.810001373291016,37.84000015258789,37.380001068115234,37.619998931884766,91576300,37.810001373291016
2006-06-29,33.34949493408203,38.959999084472656,38.959999084472656,37.900001525878906,37.97999954223633,181997200,38.959999084472656
2006-06-30,33.18685531616211,38.77000045776367,39.13999938964844,38.68000030517578,39.119998931884766,82719200,38.77000045776367
2006-07-03,33.38373565673828,39.0,39.0,38.810001373291016,38.88999938964844,21598500,39.0
2006-07-05,32.65615463256836,38.150001525878906,38.68000030517578,38.09000015258789,38.63999938964844,93724000,38.150001525878906
2006-07-06,32.62192153930664,38.11000061035156,38.47999954223633,38.0099983215332,38.27000045776367,70615200,38.11000061035156
2006-07-07,32.26240158081055,37.689998626708984,38.16999816894531,37.56999969482422,37.900001525878906,108063300,37.689998626708984
2006-07-10,31.979904174804688,37.36000061035156,37.93000030517578,37.16999816894531,37.790000915527344,105109800,37.36000061035156
2006-07-11,32.219600677490234,37.63999938964844,37.7400016784668,37.08000183105469,37.279998779296875,136114200,37.63999938964844
2006-07-12,31.611839294433594,36.93000030517578,37.63999938964844,36.84000015258789,37.560001373291016,154458900,36.93000030517578
2006-07-13,31.081113815307617,36.310001373291016,37.040000915527344,36.310001373291016,36.63999938964844,177745500,36.310001373291016
2006-07-14,30.764404296875,35.939998626708984,36.380001068115234,35.790000915527344,36.29999923706055,172448500,35.939998626708984
2006-07-17,30.841440200805664,36.029998779296875,36.25,35.869998931884766,35.95000076293945,134311000,36.029998779296875
2006-07-18,30.94416618347168,36.150001525878906,36.33000183105469,35.540000915527344,36.220001220703125,206964900,36.150001525878906
2006-07-19,31.346464157104492,36.619998931884766,36.83000183105469,36.09000015258789,36.119998931884766,192517600,36.619998931884766
2006-07-20,30.88422966003418,36.08000183105469,36.79999923706055,36.040000915527344,36.75,152292100,36.08000183105469
2006-07-21,30.558961868286133,35.70000076293945,35.959999084472656,35.619998931884766,35.880001068115234,119343000,35.70000076293945
2006-07-24,31.166725158691406,36.40999984741211,36.43000030517578,35.79999923706055,35.84000015258789,130269300,36.40999984741211
2006-07-25,31.346464157104492,36.619998931884766,36.7400016784668,36.2400016784668,36.4900016784668,108869600,36.619998931884766
2006-07-26,31.320810317993164,36.59000015258789,36.869998931884766,36.22999954223633,36.5099983215332,107170500,36.59000015258789
2006-07-27,31.115360260009766,36.349998474121094,37.040000915527344,36.25,36.7400016784668,99698700,36.349998474121094
2006-07-28,31.765899658203125,37.11000061035156,37.13999938964844,36.5,36.529998779296875,93556100,37.11000061035156
2006-07-31,31.757352828979492,37.099998474121094,37.31999969482422,36.88999938964844,37.08000183105469,78015300,37.099998474121094
2006-08-01,31.226634979248047,36.47999954223633,36.79999923706055,36.2599983215332,36.77000045776367,98552800,36.47999954223633
2006-08-02,31.577592849731445,36.88999938964844,37.130001068115234,36.61000061035156,36.61000061035156,87370600,36.88999938964844
2006-08-03,31.774452209472656,37.119998931884766,37.34000015258789,36.47999954223633,36.52000045776367,99205600,37.119998931884766
2006-08-04,31.628952026367188,36.95000076293945,37.630001068115234,36.619998931884766,37.45000076293945,123493800,36.95000076293945
2006-08-07,31.423521041870117,36.709999084472656,36.939998626708984,36.529998779296875,36.90999984741211,69634800,36.709999084472656
2006-08-08,31.226634979248047,36.47999954223633,36.900001525878906,36.2599983215332,36.810001373291016,124139900,36.47999954223633
2006-08-09,31.26944923400879,36.529998779296875,37.310001373291016,36.43000030517578,36.9900016784668,145342200,36.529998779296875
2006-08-10,31.491975784301758,36.790000915527344,36.880001068115234,36.310001373291016,36.43000030517578,102481300,36.790000915527344
2006-08-11,31.26944923400879,36.529998779296875,36.689998626708984,36.369998931884766,36.650001525878906,86903200,36.529998779296875
2006-08-14,31.474885940551758,36.77000045776367,37.27000045776367,36.70000076293945,36.84000015258789,109281100,36.77000045776367
2006-08-15,32.27096176147461,37.70000076293945,37.75,37.09000015258789,37.20000076293945,133712100,37.70000076293945
2006-08-16,33.032779693603516,38.59000015258789,38.61000061035156,37.84000015258789,37.97999954223633,135452100,38.59000015258789
2006-08-17,33.152626037597656,38.72999954223633,38.97999954223633,38.439998626708984,38.459999084472656,129492200,38.72999954223633
2006-08-18,33.2039794921875,38.790000915527344,38.83000183105469,38.279998779296875,38.630001068115234,97754500,38.790000915527344
2006-08-21,32.88725280761719,38.41999816894531,38.560001373291016,38.2599983215332,38.5,66668400,38.41999816894531
2006-08-22,32.89582824707031,38.43000030517578,38.810001373291016,38.20000076293945,38.36000061035156,102058600,38.43000030517578
2006-08-23,32.647579193115234,38.13999938964844,38.66999816894531,37.91999816894531,38.459999084472656,96056300,38.13999938964844
2006-08-24,32.74174118041992,38.25,38.349998474121094,37.91999816894531,38.25,78985300,38.25
2006-08-25,32.80165100097656,38.31999969482422,38.63999938964844,38.060001373291016,38.16999816894531,73572900,38.31999969482422
2006-08-28,33.0499153137207,38.61000061035156,38.790000915527344,38.2400016784668,38.290000915527344,80035000,38.61000061035156
2006-08-29,33.152626037597656,38.72999954223633,38.7599983215332,38.18000030517578,38.58000183105469,104842000,38.72999954223633
2006-08-30,33.306724548339844,38.90999984741211,39.029998779296875,38.599998474121094,38.720001220703125,75687200,38.90999984741211
2006-08-31,33.27246856689453,38.869998931884766,39.029998779296875,38.7599983215332,38.959999084472656,61207200,38.869998931884766
2006-09-01,33.45222473144531,39.08000183105469,39.209999084472656,38.900001525878906,39.08000183105469,69388500,39.08000183105469
2006-09-05,33.77750015258789,39.459999084472656,39.47999954223633,38.849998474121094,39.099998474121094,85582800,39.459999084472656
2006-09-06,33.101261138916016,38.66999816894531,39.189998626708984,38.61000061035156,39.099998474121094,97888600,38.66999816894531
2006-09-07,32.947200775146484,38.4900016784668,38.900001525878906,38.36000061035156,38.54999923706055,115877400,38.4900016784668
2006-09-08,33.14405059814453,38.720001220703125,38.81999969482422,38.459999084472656,38.540000915527344,96627000,38.720001220703125
2006-09-11,33.34949493408203,38.959999084472656,39.150001525878906,38.31999969482422,38.40999984741211,142377500,38.959999084472656
2006-09-12,33.96582794189453,39.68000030517578,39.79999923706055,38.95000076293945,38.95000076293945,124102400,39.68000030517578
2006-09-13,34.19694137573242,39.95000076293945,39.97999954223633,39.630001068115234,39.709999084472656,116054300,39.95000076293945
2006-09-14,34.23118591308594,39.9900016784668,40.220001220703125,39.7599983215332,39.849998474121094,98116000,39.9900016784668
2006-09-15,34.35364532470703,40.11000061035156,40.459999084472656,40.0,40.29999923706055,137825600,40.11000061035156
2006-09-18,34.36220932006836,40.119998931884766,40.400001525878906,39.939998626708984,40.119998931884766,117806700,40.119998931884766
2006-09-19,34.13094711303711,39.849998474121094,40.25,39.52000045776367,40.220001220703125,159060800,39.849998474121094
2006-09-20,34.627716064453125,40.43000030517578,40.540000915527344,40.189998626708984,40.20000076293945,116635500,40.43000030517578
2006-09-21,34.41360092163086,40.18000030517578,40.66999816894531,40.08000183105469,40.529998779296875,121886900,40.18000030517578
2006-09-22,34.14810562133789,39.869998931884766,40.15999984741211,39.70000076293945,40.150001525878906,100996400,39.869998931884766
2006-09-25,34.74764633178711,40.56999969482422,40.65999984741211,39.68000030517578,40.040000915527344,136473400,40.56999969482422
2006-09-26,34.91893005371094,40.77000045776367,40.79999923706055,40.400001525878906,40.52000045776367,113375600,40.77000045776367
2006-09-27,34.87612533569336,40.720001220703125,40.95000076293945,40.5,40.66999816894531,113003800,40.720001220703125
2006-09-28,34.97031784057617,40.83000183105469,40.88999938964844,40.43000030517578,40.77000045776367,85943600,40.83000183105469
2006-09-29,34.816139221191406,40.650001525878906,40.93000030517578,40.619998931884766,40.900001525878906,85438200,40.650001525878906
2006-10-02,34.37934494018555,40.13999938964844,40.70000076293945,40.08000183105469,40.599998474121094,97068800,40.13999938964844
2006-10-03,34.524959564208984,40.310001373291016,40.47999954223633,39.880001068115234,40.02000045776367,116261400,40.310001373291016
2006-10-04,35.37287902832031,41.29999923706055,41.310001373291016,40.13999938964844,40.2400016784668,149209500,41.29999923706055
2006-10-05,35.544166564941406,41.5,41.560001373291016,41.18000030517578,41.29999923706055,91799900,41.5
2006-10-06,35.46708297729492,41.40999984741211,41.560001373291016,41.2400016784668,41.36000061035156,85450400,41.40999984741211
2006-10-09,35.58699417114258,41.54999923706055,41.7400016784668,41.31999969482422,41.36000061035156,62786100,41.54999923706055
2006-10-10,35.646934509277344,41.619998931884766,41.75,41.310001373291016,41.599998474121094,98181800,41.619998931884766
2006-10-11,35.57844543457031,41.540000915527344,41.83000183105469,41.16999816894531,41.43000030517578,136561300,41.540000915527344
2006-10-12,36.143714904785156,42.20000076293945,42.25,41.70000076293945,41.7599983215332,95260200,42.20000076293945
2006-10-13,36.34070587158203,42.43000030517578,42.52000045776367,42.13999938964844,42.22999954223633,80470200,42.43000030517578
2006-10-16,36.37495040893555,42.470001220703125,42.619998931884766,42.400001525878906,42.43000030517578,62017400,42.470001220703125
2006-10-17,35.972415924072266,42.0,42.20000076293945,41.7599983215332,42.16999816894531,146149100,42.0
2006-10-18,35.801109313964844,41.79999923706055,42.310001373291016,41.650001525878906,42.220001220703125,120366100,41.79999923706055
2006-10-19,35.88676452636719,41.900001525878906,42.11000061035156,41.59000015258789,41.689998626708984,108198400,41.900001525878906
2006-10-20,35.972415924072266,42.0,42.08000183105469,41.63999938964844,42.040000915527344,105454300,42.0
2006-10-23,36.34070587158203,42.43000030517578,42.58000183105469,41.81999969482422,41.91999816894531,126960500,42.43000030517578
2006-10-24,36.092323303222656,42.13999938964844,42.45000076293945,41.91999816894531,42.279998779296875,103541700,42.13999938964844
2006-10-25,36.34070587158203,42.43000030517578,42.52000045776367,42.04999923706055,42.15999984741211,125399500,42.43000030517578
2006-10-26,36.674739837646484,42.81999969482422,42.91999816894531,42.220001220703125,42.58000183105469,130260700,42.81999969482422
2006-10-27,36.15226364135742,42.209999084472656,42.81999969482422,42.08000183105469,42.720001220703125,129375000,42.209999084472656
2006-10-30,36.383522033691406,42.47999954223633,42.650001525878906,42.060001373291016,42.15999984741211,103899900,42.47999954223633
2006-10-31,36.46918487548828,42.58000183105469,42.7599983215332,42.310001373291016,42.560001373291016,135811800,42.58000183105469
2006-11-01,35.972415924072266,42.0,42.77000045776367,41.81999969482422,42.72999954223633,148960600,42.0
2006-11-02,36.00667953491211,42.040000915527344,42.13999938964844,41.7400016784668,41.810001373291016,100216400,42.040000915527344
2006-11-03,35.9124641418457,41.93000030517578,42.189998626708984,41.61000061035156,42.099998474121094,119263300,41.93000030517578
2006-11-06,36.434932708740234,42.540000915527344,42.709999084472656,42.060001373291016,42.06999969482422,101283300,42.540000915527344
2006-11-07,36.68329620361328,42.83000183105469,43.09000015258789,42.470001220703125,42.540000915527344,139706500,42.83000183105469
2006-11-08,36.85460662841797,43.029998779296875,43.20000076293945,42.470001220703125,42.59000015258789,180245700,43.029998779296875
2006-11-09,36.68329620361328,42.83000183105469,43.349998474121094,42.66999816894531,43.2599983215332,124278000,42.83000183105469
2006-11-10,36.85460662841797,43.029998779296875,43.040000915527344,42.66999816894531,42.84000015258789,82419400,43.029998779296875
2006-11-13,37.2314567565918,43.470001220703125,43.540000915527344,43.0,43.04999923706055,89146200,43.470001220703125
2006-11-14,37.62542724609375,43.93000030517578,43.970001220703125,43.2400016784668,43.5,121962800,43.93000030517578
2006-11-15,37.77958297729492,44.11000061035156,44.400001525878906,43.91999816894531,43.9900016784668,116565900,44.11000061035156
2006-11-16,37.94233322143555,44.29999923706055,44.41999816894531,44.02000045776367,44.2599983215332,113513200,44.29999923706055
2006-11-17,37.94233322143555,44.29999923706055,44.29999923706055,43.95000076293945,44.060001373291016,95162500,44.29999923706055
2006-11-20,38.019412994384766,44.38999938964844,44.47999954223633,44.0099983215332,44.15999984741211,107184100,44.38999938964844
2006-11-21,38.070804595947266,44.45000076293945,44.5099983215332,44.25,44.41999816894531,68092200,44.45000076293945
2006-11-22,38.31061553955078,44.72999954223633,44.75,44.2599983215332,44.58000183105469,69852700,44.72999954223633
2006-11-24,38.242103576660156,44.650001525878906,44.86000061035156,44.380001068115234,44.400001525878906,51762900,44.650001525878906
2006-11-27,37.37704086303711,43.63999938964844,44.61000061035156,43.63999938964844,44.5099983215332,159506300,43.63999938964844
2006-11-28,37.488380432128906,43.77000045776367,43.84000015258789,43.34000015258789,43.5099983215332,118268400,43.77000045776367
2006-11-29,37.74533462524414,44.06999969482422,44.18000030517578,43.65999984741211,44.0,139515500,44.06999969482422
2006-11-30,37.71965026855469,44.040000915527344,44.279998779296875,43.790000915527344,44.04999923706055,123457100,44.040000915527344
2006-12-01,37.39418029785156,43.65999984741211,44.349998474121094,43.2599983215332,44.0,144559600,43.65999984741211
2006-12-04,37.90807342529297,44.2599983215332,44.47999954223633,43.790000915527344,43.790000915527344,89782400,44.2599983215332
2006-12-05,38.04511642456055,44.41999816894531,44.54999923706055,44.189998626708984,44.38999938964844,84697500,44.41999816894531
2006-12-06,37.90807342529297,44.2599983215332,44.400001525878906,44.06999969482422,44.279998779296875,78207500,44.2599983215332
2006-12-07,37.42844009399414,43.70000076293945,44.47999954223633,43.70000076293945,44.34000015258789,124936100,43.70000076293945
2006-12-08,37.59973907470703,43.900001525878906,44.2599983215332,43.470001220703125,43.560001373291016,133798700,43.900001525878906
2006-12-11,37.73678207397461,44.060001373291016,44.369998931884766,43.75,43.83000183105469,72931300,44.060001373291016
2006-12-12,37.514076232910156,43.79999923706055,44.130001068115234,43.560001373291016,44.04999923706055,110985900,43.79999923706055
2006-12-13,37.582611083984375,43.880001068115234,44.11000061035156,43.619998931884766,44.099998474121094,79035500,43.880001068115234
2006-12-14,38.00229263305664,44.369998931884766,44.56999969482422,43.939998626708984,43.970001220703125,109104200,44.369998931884766
2006-12-15,38.10004806518555,44.43000030517578,44.7599983215332,44.349998474121094,44.68000030517578,99942300,44.43000030517578
2006-12-18,37.72273635864258,43.9900016784668,44.75,43.79999923706055,44.58000183105469,121588700,43.9900016784668
2006-12-19,37.60266876220703,43.849998474121094,44.060001373291016,43.380001068115234,43.650001525878906,136535200,43.849998474121094
2006-12-20,37.46548843383789,43.689998626708984,44.11000061035156,43.66999816894531,43.900001525878906,67213400,43.689998626708984
2006-12-21,37.19963455200195,43.380001068115234,43.790000915527344,43.209999084472656,43.7400016784668,102952300,43.380001068115234
2006-12-22,36.81374740600586,42.93000030517578,43.40999984741211,42.93000030517578,43.400001525878906,92858600,42.93000030517578
2006-12-26,36.96810531616211,43.11000061035156,43.119998931884766,42.880001068115234,42.93000030517578,50848600,43.11000061035156
2006-12-27,37.156776428222656,43.33000183105469,43.400001525878906,43.099998474121094,43.209999084472656,54129200,43.33000183105469
2006-12-28,36.97669219970703,43.119998931884766,43.380001068115234,43.04999923706055,43.20000076293945,69016000,43.119998931884766
2006-12-29,37.010982513427734,43.15999984741211,43.61000061035156,43.119998931884766,43.189998626708984,75152500,43.15999984741211
2007-01-03,37.0795783996582,43.2400016784668,44.060001373291016,42.52000045776367,43.459999084472656,167689500,43.2400016784668
2007-01-04,37.78276062011719,44.060001373291016,44.209999084472656,43.150001525878906,43.29999923706055,136853500,44.060001373291016
2007-01-05,37.60266876220703,43.849998474121094,43.95000076293945,43.47999954223633,43.95000076293945,138958800,43.849998474121094
2007-01-08,37.628395080566406,43.880001068115234,44.119998931884766,43.63999938964844,43.88999938964844,106401600,43.880001068115234
2007-01-09,37.817047119140625,44.099998474121094,44.290000915527344,43.630001068115234,44.0099983215332,121577500,44.099998474121094
2007-01-10,38.262977600097656,44.619998931884766,44.65999984741211,43.81999969482422,43.959999084472656,121070100,44.619998931884766
2007-01-11,38.65742874145508,45.08000183105469,45.2400016784668,44.650001525878906,44.709999084472656,174029800,45.08000183105469
2007-01-12,38.85467529296875,45.310001373291016,45.349998474121094,44.970001220703125,45.02000045776367,104217300,45.310001373291016
2007-01-16,38.828956604003906,45.279998779296875,45.400001525878906,45.130001068115234,45.349998474121094,95690500,45.279998779296875
2007-01-17,38.51165771484375,44.90999984741211,45.290000915527344,44.83000183105469,45.09000015258789,127142600,44.90999984741211
2007-01-18,37.79990005493164,44.08000183105469,44.84000015258789,43.95000076293945,44.790000915527344,189029800,44.08000183105469
2007-01-19,37.87710189819336,44.16999816894531,44.279998779296875,43.90999984741211,43.970001220703125,127544300,44.16999816894531
2007-01-22,37.46548843383789,43.689998626708984,44.22999954223633,43.5099983215332,44.209999084472656,123441700,43.689998626708984
2007-01-23,37.371131896972656,43.58000183105469,43.97999954223633,43.5,43.65999984741211,133103600,43.58000183105469
2007-01-24,37.988563537597656,44.29999923706055,44.31999969482422,43.77000045776367,43.86000061035156,117615300,44.29999923706055
2007-01-25,37.499755859375,43.72999954223633,44.470001220703125,43.58000183105469,44.36000061035156,158337600,43.72999954223633
2007-01-26,37.362571716308594,43.56999969482422,43.83000183105469,43.290000915527344,43.810001373291016,146284300,43.56999969482422
2007-01-29,37.396873474121094,43.61000061035156,43.90999984741211,43.400001525878906,43.459999084472656,104191500,43.61000061035156
2007-01-30,37.414024353027344,43.630001068115234,43.790000915527344,43.52000045776367,43.68000030517578,69605900,43.630001068115234
2007-01-31,37.79130935668945,44.06999969482422,44.189998626708984,43.33000183105469,43.58000183105469,157772500,44.06999969482422
2007-02-01,37.731319427490234,44.0,44.400001525878906,43.849998474121094,44.27000045776367,147365600,44.0
2007-02-02,37.868499755859375,44.15999984741211,44.25,43.939998626708984,44.119998931884766,98189200,44.15999984741211
2007-02-05,37.83420944213867,44.119998931884766,44.36000061035156,43.959999084472656,44.13999938964844,96347800,44.119998931884766
2007-02-06,37.78276062011719,44.060001373291016,44.22999954223633,43.63999938964844,44.20000076293945,121110200,44.060001373291016
2007-02-07,38.12575912475586,44.459999084472656,44.650001525878906,44.119998931884766,44.279998779296875,117823800,44.459999084472656
2007-02-08,38.1171875,44.45000076293945,44.599998474121094,44.22999954223633,44.400001525878906,89521900,44.45000076293945
2007-02-09,37.628395080566406,43.880001068115234,44.720001220703125,43.72999954223633,44.56999969482422,133472000,43.880001068115234
2007-02-12,37.48261642456055,43.709999084472656,43.88999938964844,43.59000015258789,43.869998931884766,126940000,43.709999084472656
2007-02-13,37.611244201660156,43.86000061035156,44.0,43.70000076293945,43.779998779296875,93648000,43.86000061035156
2007-02-14,38.24580764770508,44.599998474121094,44.709999084472656,44.040000915527344,44.040000915527344,133370000,44.599998474121094
2007-02-15,38.46878433227539,44.86000061035156,44.86000061035156,44.54999923706055,44.630001068115234,110452500,44.86000061035156
2007-02-16,38.34014892578125,44.709999084472656,44.83000183105469,44.56999969482422,44.65999984741211,72342200,44.709999084472656
2007-02-20,38.631710052490234,45.04999923706055,45.119998931884766,44.43000030517578,44.63999938964844,93629000,45.04999923706055
2007-02-21,38.75176239013672,45.189998626708984,45.209999084472656,44.83000183105469,44.91999816894531,95864000,45.189998626708984
2007-02-22,38.949005126953125,45.41999816894531,45.54999923706055,45.06999969482422,45.36000061035156,116344400,45.41999816894531
2007-02-23,38.81178283691406,45.2599983215332,45.459999084472656,45.060001373291016,45.41999816894531,113467100,45.2599983215332
2007-02-26,38.623130798339844,45.040000915527344,45.5,44.7599983215332,45.47999954223633,101623700,45.040000915527344
2007-02-27,37.03670883178711,43.189998626708984,44.47999954223633,43.060001373291016,44.369998931884766,317813200,43.189998626708984
2007-02-28,37.156776428222656,43.33000183105469,43.7599983215332,42.93000030517578,43.150001525878906,214978700,43.33000183105469
2007-03-01,36.98524856567383,43.130001068115234,43.540000915527344,42.2400016784668,42.54999923706055,231806500,43.130001068115234
2007-03-02,36.4278564453125,42.47999954223633,43.13999938964844,42.470001220703125,42.779998779296875,183359400,42.47999954223633
2007-03-05,36.144866943359375,42.150001525878906,42.79999923706055,42.060001373291016,42.150001525878906,171885400,42.150001525878906
2007-03-06,36.74514389038086,42.849998474121094,42.9900016784668,42.5,42.529998779296875,155551800,42.849998474121094
2007-03-07,36.599369049072266,42.68000030517578,42.97999954223633,42.650001525878906,42.86000061035156,119979300,42.68000030517578
2007-03-08,36.84803771972656,42.970001220703125,43.2400016784668,42.84000015258789,43.130001068115234,120900700,42.970001220703125
2007-03-09,36.81374740600586,42.93000030517578,43.34000015258789,42.650001525878906,43.33000183105469,128597600,42.93000030517578
2007-03-12,37.05385971069336,43.209999084472656,43.279998779296875,42.83000183105469,42.869998931884766,81310100,43.209999084472656
2007-03-13,36.33353042602539,42.369998931884766,43.2400016784668,42.36000061035156,43.0,171231800,42.369998931884766
2007-03-14,36.865203857421875,42.9900016784668,43.0,42.099998474121094,42.43000030517578,192586700,42.9900016784668
2007-03-15,36.77945327758789,42.88999938964844,43.060001373291016,42.720001220703125,42.900001525878906,111627400,42.88999938964844
2007-03-16,36.75114822387695,42.83000183105469,43.040000915527344,42.61000061035156,42.939998626708984,108328800,42.83000183105469
2007-03-19,37.12867736816406,43.27000045776367,43.38999938964844,42.95000076293945,43.060001373291016,95913200,43.27000045776367
2007-03-20,37.394676208496094,43.58000183105469,43.59000015258789,43.209999084472656,43.2599983215332,78755700,43.58000183105469
2007-03-21,38.115474700927734,44.41999816894531,44.439998626708984,43.349998474121094,43.63999938964844,173333500,44.41999816894531
2007-03-22,37.978172302246094,44.2599983215332,44.45000076293945,44.09000015258789,44.439998626708984,114856300,44.2599983215332
2007-03-23,37.85803985595703,44.119998931884766,44.369998931884766,44.06999969482422,44.2599983215332,68530300,44.119998931884766
2007-03-26,38.01248550415039,44.29999923706055,44.31999969482422,43.630001068115234,44.13999938964844,114237300,44.29999923706055
2007-03-27,37.74649429321289,43.9900016784668,44.2400016784668,43.95000076293945,44.22999954223633,76419200,43.9900016784668
2007-03-28,37.34320068359375,43.52000045776367,44.029998779296875,43.5099983215332,43.79999923706055,142795000,43.52000045776367
2007-03-29,37.3861083984375,43.56999969482422,43.849998474121094,43.099998474121094,43.81999969482422,124407000,43.56999969482422
2007-03-30,37.35177993774414,43.529998779296875,43.869998931884766,43.220001220703125,43.560001373291016,120418700,43.529998779296875
2007-04-02,37.403263092041016,43.59000015258789,43.7599983215332,43.29999923706055,43.66999816894531,89617700,43.59000015258789
2007-04-03,37.89235305786133,44.15999984741211,44.310001373291016,43.790000915527344,43.81999969482422,105814500,44.15999984741211
2007-04-04,38.046817779541016,44.34000015258789,44.380001068115234,44.130001068115234,44.189998626708984,85147200,44.34000015258789
2007-04-05,38.23558044433594,44.560001373291016,44.58000183105469,44.22999954223633,44.290000915527344,54220200,44.560001373291016
2007-04-09,38.14120101928711,44.45000076293945,44.75,44.380001068115234,44.709999084472656,63050200,44.45000076293945
2007-04-10,38.33855438232422,44.68000030517578,44.68000030517578,44.40999984741211,44.439998626708984,76364500,44.68000030517578
2007-04-11,37.93525695800781,44.209999084472656,44.65999984741211,44.06999969482422,44.63999938964844,114012300,44.209999084472656
2007-04-12,38.23558044433594,44.560001373291016,44.619998931884766,43.95000076293945,44.13999938964844,113801300,44.560001373291016
2007-04-13,38.31281280517578,44.650001525878906,44.720001220703125,44.290000915527344,44.56999969482422,94572000,44.650001525878906
2007-04-16,38.66462707519531,45.060001373291016,45.150001525878906,44.83000183105469,44.83000183105469,72803200,45.060001373291016
2007-04-17,38.75043869018555,45.15999984741211,45.20000076293945,44.959999084472656,45.150001525878906,81852300,45.15999984741211
2007-04-18,38.621726989746094,45.0099983215332,45.22999954223633,44.83000183105469,44.93000030517578,82002500,45.0099983215332
2007-04-19,38.74185562133789,45.150001525878906,45.25,44.720001220703125,44.810001373291016,95413000,45.150001525878906
2007-04-20,38.95637512207031,45.400001525878906,45.66999816894531,45.20000076293945,45.52000045776367,122377400,45.400001525878906
2007-04-23,39.01643753051758,45.470001220703125,45.599998474121094,45.34000015258789,45.459999084472656,85303300,45.470001220703125
2007-04-24,39.213783264160156,45.70000076293945,45.83000183105469,45.33000183105469,45.630001068115234,108143700,45.70000076293945
2007-04-25,39.737205505371094,46.310001373291016,46.31999969482422,45.70000076293945,45.849998474121094,106818100,46.310001373291016
2007-04-26,39.943145751953125,46.54999923706055,46.650001525878906,46.33000183105469,46.41999816894531,99308300,46.54999923706055
2007-04-27,39.96030807495117,46.56999969482422,46.70000076293945,46.290000915527344,46.369998931884766,96536500,46.56999969482422
2007-04-30,39.436893463134766,45.959999084472656,46.529998779296875,45.91999816894531,46.4900016784668,93290500,45.959999084472656
2007-05-01,39.40256881713867,45.91999816894531,46.13999938964844,45.65999984741211,45.970001220703125,135044400,45.91999816894531
2007-05-02,39.83160400390625,46.41999816894531,46.58000183105469,46.04999923706055,46.09000015258789,91971600,46.41999816894531
2007-05-03,39.97747802734375,46.59000015258789,46.720001220703125,46.43000030517578,46.5099983215332,98003600,46.59000015258789
2007-05-04,40.01180648803711,46.630001068115234,46.88999938964844,46.41999816894531,46.77000045776367,93591800,46.630001068115234
2007-05-07,40.01180648803711,46.630001068115234,46.779998779296875,46.56999969482422,46.65999984741211,47487900,46.630001068115234
2007-05-08,40.097599029541016,46.72999954223633,46.77000045776367,46.29999923706055,46.470001220703125,95138900,46.72999954223633
2007-05-09,40.18342208862305,46.83000183105469,46.970001220703125,46.459999084472656,46.4900016784668,116021000,46.83000183105469
2007-05-10,39.634254455566406,46.189998626708984,46.779998779296875,46.06999969482422,46.66999816894531,171196300,46.189998626708984
2007-05-11,40.14051055908203,46.779998779296875,46.779998779296875,46.18000030517578,46.2400016784668,104767900,46.779998779296875
2007-05-14,39.86592102050781,46.459999084472656,46.880001068115234,46.189998626708984,46.77000045776367,118899200,46.459999084472656
2007-05-15,39.55703353881836,46.099998474121094,46.70000076293945,45.9900016784668,46.41999816894531,179438500,46.099998474121094
2007-05-16,39.943145751953125,46.54999923706055,46.560001373291016,45.90999984741211,46.20000076293945,144420500,46.54999923706055
2007-05-17,39.75437545776367,46.33000183105469,46.56999969482422,46.290000915527344,46.4900016784668,109869100,46.33000183105469
2007-05-18,40.0804443359375,46.709999084472656,46.709999084472656,46.380001068115234,46.47999954223633,104961700,46.709999084472656
2007-05-21,40.33784484863281,47.0099983215332,47.2400016784668,46.66999816894531,46.7400016784668,112831400,47.0099983215332
2007-05-22,40.37220001220703,47.04999923706055,47.279998779296875,46.869998931884766,47.040000915527344,98029100,47.04999923706055
2007-05-23,40.18342208862305,46.83000183105469,47.369998931884766,46.79999923706055,47.189998626708984,119220600,46.83000183105469
2007-05-24,39.6085090637207,46.15999984741211,47.040000915527344,45.970001220703125,46.86000061035156,206268600,46.15999984741211
2007-05-25,39.857337951660156,46.45000076293945,46.560001373291016,46.18000030517578,46.2599983215332,87143200,46.45000076293945
2007-05-29,40.1662712097168,46.810001373291016,46.86000061035156,46.40999984741211,46.5,99702400,46.810001373291016
2007-05-30,40.4923095703125,47.189998626708984,47.20000076293945,46.349998474121094,46.47999954223633,132036500,47.189998626708984
2007-05-31,40.68108367919922,47.40999984741211,47.52000045776367,47.209999084472656,47.31999969482422,109457700,47.40999984741211
2007-06-01,40.706844329833984,47.439998626708984,47.77000045776367,47.369998931884766,47.58000183105469,125089800,47.439998626708984
2007-06-04,40.82695007324219,47.58000183105469,47.63999938964844,47.2400016784668,47.27000045776367,64782700,47.58000183105469
2007-06-05,40.82695007324219,47.58000183105469,47.58000183105469,47.0,47.45000076293945,151160400,47.58000183105469
2007-06-06,40.38934326171875,47.06999969482422,47.380001068115234,46.959999084472656,47.369998931884766,183166500,47.06999969482422
2007-06-07,39.76296615600586,46.34000015258789,47.209999084472656,46.31999969482422,46.90999984741211,221373300,46.34000015258789
2007-06-08,40.25205612182617,46.90999984741211,46.93000030517578,46.15999984741211,46.31999969482422,177587800,46.90999984741211
2007-06-11,40.17483901977539,46.81999969482422,47.189998626708984,46.7599983215332,46.880001068115234,97100400,46.81999969482422
2007-06-12,39.93456268310547,46.540000915527344,47.040000915527344,46.45000076293945,46.56999969482422,153967700,46.540000915527344
2007-06-13,40.37220001220703,47.04999923706055,47.09000015258789,46.540000915527344,46.7400016784668,147985300,47.04999923706055
2007-06-14,40.6381950378418,47.36000061035156,47.4900016784668,47.09000015258789,47.099998474121094,101531900,47.36000061035156
2007-06-15,41.01344299316406,47.7599983215332,47.869998931884766,47.650001525878906,47.7599983215332,100378400,47.7599983215332
2007-06-18,41.02204513549805,47.77000045776367,47.869998931884766,47.66999816894531,47.849998474121094,75713200,47.77000045776367
2007-06-19,41.01344299316406,47.7599983215332,47.86000061035156,47.5099983215332,47.630001068115234,109621300,47.7599983215332
2007-06-20,40.62703323364258,47.310001373291016,47.91999816894531,47.2400016784668,47.83000183105469,161889500,47.310001373291016
2007-06-21,40.99631118774414,47.7400016784668,47.790000915527344,47.08000183105469,47.290000915527344,143181300,47.7400016784668
2007-06-22,40.6098518371582,47.290000915527344,47.709999084472656,47.13999938964844,47.63999938964844,153328700,47.290000915527344
2007-06-25,40.4381103515625,47.09000015258789,47.58000183105469,46.81999969482422,47.29999923706055,136602600,47.09000015258789
2007-06-26,40.20623779296875,46.81999969482422,47.31999969482422,46.7400016784668,47.310001373291016,128211900,46.81999969482422
2007-06-27,40.824554443359375,47.540000915527344,47.560001373291016,46.70000076293945,46.77000045776367,141196200,47.540000915527344
2007-06-28,40.80736541748047,47.52000045776367,47.849998474121094,47.470001220703125,47.52000045776367,116546300,47.52000045776367
2007-06-29,40.87606430053711,47.599998474121094,47.880001068115234,47.209999084472656,47.779998779296875,124794700,47.599998474121094
2007-07-02,41.24531936645508,48.029998779296875,48.04999923706055,47.68000030517578,47.709999084472656,80863100,48.029998779296875
2007-07-03,41.48576354980469,48.310001373291016,48.31999969482422,48.040000915527344,48.09000015258789,34803300,48.310001373291016
2007-07-05,41.786312103271484,48.65999984741211,48.77000045776367,48.290000915527344,48.34000015258789,73588500,48.65999984741211
2007-07-06,41.958072662353516,48.86000061035156,48.90999984741211,48.5,48.709999084472656,65804300,48.86000061035156
2007-07-09,41.98383712768555,48.88999938964844,48.97999954223633,48.720001220703125,48.900001525878906,66768800,48.88999938964844
2007-07-10,41.63175964355469,48.47999954223633,48.900001525878906,48.43000030517578,48.619998931884766,104383100,48.47999954223633
2007-07-11,41.91512680053711,48.810001373291016,48.810001373291016,48.31999969482422,48.369998931884766,99637600,48.810001373291016
2007-07-12,42.55918884277344,49.560001373291016,49.66999816894531,48.91999816894531,48.970001220703125,107667100,49.560001373291016
2007-07-13,42.851139068603516,49.900001525878906,49.970001220703125,49.56999969482422,49.630001068115234,74232200,49.900001525878906
2007-07-16,42.80821990966797,49.849998474121094,50.08000183105469,49.7599983215332,49.88999938964844,77799500,49.849998474121094
2007-07-17,43.13454818725586,50.22999954223633,50.29999923706055,49.91999816894531,49.959999084472656,124833700,50.22999954223633
2007-07-18,43.0830192565918,50.16999816894531,50.16999816894531,49.63999938964844,49.95000076293945,144915900,50.16999816894531
2007-07-19,43.211822509765625,50.31999969482422,50.65999984741211,50.310001373291016,50.40999984741211,116563800,50.31999969482422
2007-07-20,42.97996520996094,50.04999923706055,50.36000061035156,49.7400016784668,50.290000915527344,163721300,50.04999923706055
2007-07-23,42.997135162353516,50.06999969482422,50.310001373291016,49.91999816894531,50.220001220703125,107464100,50.06999969482422
2007-07-24,42.36168670654297,49.33000183105469,50.099998474121094,49.04999923706055,49.70000076293945,175496200,49.33000183105469
2007-07-25,42.42179489135742,49.400001525878906,49.66999816894531,49.060001373291016,49.58000183105469,170258700,49.400001525878906
2007-07-26,42.06112289428711,48.97999954223633,49.470001220703125,48.04999923706055,49.060001373291016,318522000,48.97999954223633
2007-07-27,41.210968017578125,47.9900016784668,49.119998931884766,47.9900016784668,48.88999938964844,246387600,47.9900016784668
2007-07-30,41.69185256958008,48.54999923706055,48.72999954223633,47.95000076293945,48.220001220703125,166517200,48.54999923706055
2007-07-31,40.8159294128418,47.529998779296875,48.9900016784668,47.43000030517578,48.970001220703125,260224500,47.529998779296875
2007-08-01,41.13367462158203,47.900001525878906,47.93000030517578,46.97999954223633,47.38999938964844,301153900,47.900001525878906
2007-08-02,41.51151657104492,48.34000015258789,48.43000030517578,47.790000915527344,47.93000030517578,177369900,48.34000015258789
2007-08-03,40.721500396728516,47.41999816894531,48.310001373291016,47.150001525878906,48.25,166048400,47.41999816894531
2007-08-06,41.193790435791016,47.970001220703125,48.02000045776367,47.029998779296875,47.470001220703125,190869100,47.970001220703125
2007-08-07,41.48576354980469,48.310001373291016,48.619998931884766,47.47999954223633,47.880001068115234,167109700,48.310001373291016
2007-08-08,41.94089889526367,48.84000015258789,49.060001373291016,48.400001525878906,48.5099983215332,164831200,48.84000015258789
2007-08-09,40.970516204833984,47.709999084472656,48.970001220703125,47.689998626708984,48.189998626708984,242418200,47.709999084472656
2007-08-10,40.60126495361328,47.279998779296875,47.83000183105469,46.630001068115234,47.20000076293945,247006400,47.279998779296875
2007-08-13,40.87606430053711,47.599998474121094,47.880001068115234,47.47999954223633,47.68000030517578,116935100,47.599998474121094
2007-08-14,40.18046569824219,46.790000915527344,47.7400016784668,46.72999954223633,47.70000076293945,153529800,46.790000915527344
2007-08-15,39.416202545166016,45.900001525878906,47.09000015258789,45.810001373291016,46.68000030517578,214854100,45.900001525878906
2007-08-16,39.029781341552734,45.45000076293945,45.90999984741211,44.38999938964844,45.529998779296875,362468700,45.45000076293945
2007-08-17,39.76827621459961,46.310001373291016,46.59000015258789,45.59000015258789,46.310001373291016,223246600,46.310001373291016
2007-08-20,39.95719909667969,46.529998779296875,46.720001220703125,46.08000183105469,46.4900016784668,144715100,46.529998779296875
2007-08-21,40.377986907958984,47.02000045776367,47.130001068115234,46.38999938964844,46.47999954223633,115027200,47.02000045776367
2007-08-22,40.927574157714844,47.65999984741211,47.70000076293945,47.27000045776367,47.380001068115234,115814100,47.65999984741211
2007-08-23,40.8159294128418,47.529998779296875,47.849998474121094,47.22999954223633,47.790000915527344,118663400,47.529998779296875
2007-08-24,41.391300201416016,48.20000076293945,48.22999954223633,47.31999969482422,47.380001068115234,88189200,48.20000076293945
2007-08-27,41.116519927978516,47.880001068115234,48.20000076293945,47.84000015258789,48.060001373291016,72490400,47.880001068115234
2007-08-28,40.13753890991211,46.7400016784668,47.70000076293945,46.709999084472656,47.599998474121094,106024800,46.7400016784668
2007-08-29,41.28824996948242,48.08000183105469,48.119998931884766,47.04999923706055,47.04999923706055,113201000,48.08000183105469
2007-08-30,41.50294494628906,48.33000183105469,48.7400016784668,47.75,47.83000183105469,138930000,48.33000183105469
2007-08-31,41.96666717529297,48.869998931884766,49.060001373291016,48.61000061035156,48.86000061035156,94687200,48.869998931884766
2007-09-04,42.662235260009766,49.68000030517578,50.0,48.90999984741211,48.93000030517578,98480900,49.68000030517578
2007-09-05,42.232872009277344,49.18000030517578,49.650001525878906,48.869998931884766,49.560001373291016,114049300,49.18000030517578
2007-09-06,42.19850540161133,49.13999938964844,49.36000061035156,48.810001373291016,49.22999954223633,99222600,49.13999938964844
2007-09-07,41.41706466674805,48.22999954223633,48.599998474121094,47.95000076293945,48.529998779296875,152438000,48.22999954223633
2007-09-10,41.391300201416016,48.20000076293945,48.75,47.810001373291016,48.619998931884766,125199400,48.20000076293945
2007-09-11,42.018165588378906,48.93000030517578,48.9900016784668,48.43000030517578,48.5099983215332,103064500,48.93000030517578
2007-09-12,42.026763916015625,48.939998626708984,49.369998931884766,48.779998779296875,48.84000015258789,93993400,48.939998626708984
2007-09-13,42.232872009277344,49.18000030517578,49.349998474121094,48.939998626708984,49.290000915527344,80807500,49.18000030517578
2007-09-14,42.26721954345703,49.220001220703125,49.310001373291016,48.72999954223633,48.79999923706055,99801200,49.220001220703125
2007-09-17,41.91512680053711,48.810001373291016,49.099998474121094,48.59000015258789,49.0,84882300,48.810001373291016
2007-09-18,42.97138595581055,50.040000915527344,50.08000183105469,48.83000183105469,49.09000015258789,151452100,50.040000915527344
2007-09-19,43.0830192565918,50.16999816894531,50.59000015258789,49.97999954223633,50.290000915527344,127025800,50.16999816894531
2007-09-20,42.96278762817383,50.029998779296875,50.2599983215332,49.91999816894531,50.060001373291016,109970600,50.029998779296875
2007-09-21,43.26865768432617,50.36000061035156,50.52000045776367,50.0099983215332,50.279998779296875,86829500,50.36000061035156
2007-09-24,43.46628952026367,50.59000015258789,50.959999084472656,50.33000183105469,50.4900016784668,107226800,50.59000015258789
2007-09-25,43.87869644165039,51.06999969482422,51.06999969482422,50.36000061035156,50.41999816894531,101102200,51.06999969482422
2007-09-26,44.0934944152832,51.31999969482422,51.5099983215332,51.119998931884766,51.36000061035156,96124600,51.31999969482422
2007-09-27,44.31687545776367,51.58000183105469,51.650001525878906,51.36000061035156,51.619998931884766,73423200,51.58000183105469
2007-09-28,44.17081069946289,51.40999984741211,51.68000030517578,51.18000030517578,51.540000915527344,75546000,51.40999984741211
2007-10-01,44.6777229309082,52.0,52.15999984741211,51.380001068115234,51.45000076293945,100404100,52.0
2007-10-02,44.68632507324219,52.0099983215332,52.060001373291016,51.720001220703125,52.040000915527344,71046000,52.0099983215332
2007-10-03,44.37702178955078,51.650001525878906,52.06999969482422,51.5,51.84000015258789,106785000,51.650001525878906
2007-10-04,44.480140686035156,51.77000045776367,51.83000183105469,51.34000015258789,51.75,84129300,51.77000045776367
2007-10-05,45.38226318359375,52.81999969482422,52.900001525878906,52.060001373291016,52.16999816894531,115674700,52.81999969482422
2007-10-08,45.665809631347656,53.150001525878906,53.15999984741211,52.709999084472656,52.79999923706055,63022400,53.150001525878906
2007-10-09,45.86342239379883,53.380001068115234,53.45000076293945,53.029998779296875,53.27000045776367,93965600,53.380001068115234
2007-10-10,45.975101470947266,53.5099983215332,53.56999969482422,53.209999084472656,53.38999938964844,91777500,53.5099983215332
2007-10-11,45.244789123535156,52.65999984741211,53.939998626708984,52.279998779296875,53.790000915527344,239786700,52.65999984741211
2007-10-12,45.9922981262207,53.529998779296875,53.540000915527344,52.79999923706055,52.900001525878906,131676000,53.529998779296875
2007-10-15,45.6400260925293,53.119998931884766,53.709999084472656,52.70000076293945,53.61000061035156,121578700,53.119998931884766
2007-10-16,45.425228118896484,52.869998931884766,53.279998779296875,52.68000030517578,52.790000915527344,193676600,52.869998931884766
2007-10-17,46.009464263916016,53.54999923706055,53.65999984741211,52.68000030517578,53.619998931884766,183985200,53.54999923706055
2007-10-18,46.20707702636719,53.779998779296875,53.88999938964844,53.119998931884766,53.33000183105469,144491200,53.779998779296875
2007-10-19,45.055782318115234,52.439998626708984,53.77000045776367,52.38999938964844,53.77000045776367,245111500,52.439998626708984
2007-10-22,45.59707260131836,53.06999969482422,53.119998931884766,52.02000045776367,52.15999984741211,207052100,53.06999969482422
2007-10-23,46.5507698059082,54.18000030517578,54.209999084472656,53.34000015258789,53.61000061035156,162360600,54.18000030517578
2007-10-24,46.198490142822266,53.77000045776367,53.939998626708984,52.599998474121094,53.7400016784668,298293400,53.77000045776367
2007-10-25,45.57987976074219,53.04999923706055,53.97999954223633,52.75,53.88999938964844,233833100,53.04999923706055
2007-10-26,46.33597946166992,53.93000030517578,54.20000076293945,53.439998626708984,54.08000183105469,146690300,53.93000030517578
2007-10-29,46.52499008178711,54.150001525878906,54.33000183105469,53.84000015258789,54.189998626708984,101896600,54.150001525878906
2007-10-30,46.61948776245117,54.2599983215332,54.560001373291016,53.900001525878906,53.939998626708984,114616600,54.2599983215332
2007-10-31,47.28108215332031,55.029998779296875,55.06999969482422,54.040000915527344,54.470001220703125,148431900,55.029998779296875
2007-11-01,46.39609909057617,54.0,54.77000045776367,53.970001220703125,54.68000030517578,181974200,54.0
2007-11-02,46.7569580078125,54.41999816894531,54.54999923706055,53.599998474121094,54.41999816894531,217882900,54.41999816894531
2007-11-05,46.45624923706055,54.06999969482422,54.400001525878906,53.59000015258789,53.86000061035156,150588900,54.06999969482422
2007-11-06,46.9803581237793,54.68000030517578,54.689998626708984,53.779998779296875,54.33000183105469,131884700,54.68000030517578
2007-11-07,45.837650299072266,53.349998474121094,54.58000183105469,53.310001373291016,54.220001220703125,197908200,53.349998474121094
2007-11-08,44.44576644897461,51.72999954223633,53.33000183105469,50.79999923706055,53.13999938964844,380626400,51.72999954223633
2007-11-09,42.95935821533203,50.0,51.119998931884766,50.0,50.72999954223633,309414900,50.0
2007-11-12,41.868202209472656,48.72999954223633,50.2400016784668,48.650001525878906,49.91999816894531,283216000,48.72999954223633
2007-11-13,43.59516143798828,50.7400016784668,50.790000915527344,49.349998474121094,49.38999938964844,255625900,50.7400016784668
2007-11-14,43.03668212890625,50.09000015258789,51.439998626708984,49.900001525878906,51.38999938964844,263284100,50.09000015258789
2007-11-15,42.80470657348633,49.81999969482422,50.540000915527344,49.369998931884766,50.0,251548800,49.81999969482422
2007-11-16,43.1999397277832,50.279998779296875,50.4900016784668,49.34000015258789,50.15999984741211,263623700,50.279998779296875
2007-11-19,42.701602935791016,49.70000076293945,50.45000076293945,49.40999984741211,50.15999984741211,198651100,49.70000076293945
2007-11-20,42.8734245300293,49.900001525878906,50.779998779296875,48.93000030517578,49.959999084472656,300763600,49.900001525878906
2007-11-21,42.36652755737305,49.310001373291016,50.16999816894531,48.849998474121094,49.45000076293945,212225400,49.310001373291016
2007-11-23,42.821895599365234,49.84000015258789,49.970001220703125,49.369998931884766,49.630001068115234,46463300,49.84000015258789
2007-11-26,42.082984924316406,48.97999954223633,50.369998931884766,48.900001525878906,49.970001220703125,150352100,48.97999954223633
2007-11-27,42.92501449584961,49.959999084472656,50.04999923706055,49.099998474121094,49.400001525878906,211369300,49.959999084472656
2007-11-28,44.23094940185547,51.47999954223633,51.70000076293945,50.599998474121094,50.630001068115234,216868100,51.47999954223633
2007-11-29,44.419986724853516,51.70000076293945,51.88999938964844,51.20000076293945,51.279998779296875,172087300,51.70000076293945
2007-11-30,44.084896087646484,51.310001373291016,52.25,50.95000076293945,52.209999084472656,171417400,51.310001373291016
2007-12-03,43.71544647216797,50.880001068115234,51.529998779296875,50.81999969482422,51.09000015258789,108625700,50.880001068115234
2007-12-04,43.5350227355957,50.66999816894531,50.939998626708984,50.380001068115234,50.4900016784668,113374100,50.66999816894531
2007-12-05,44.31687545776367,51.58000183105469,52.0,51.15999984741211,51.20000076293945,137614200,51.58000183105469
2007-12-06,44.95269012451172,52.31999969482422,52.369998931884766,51.61000061035156,51.630001068115234,99724500,52.31999969482422
2007-12-07,44.96126174926758,52.33000183105469,52.540000915527344,52.08000183105469,52.290000915527344,88992300,52.33000183105469
2007-12-10,45.14170837402344,52.540000915527344,52.689998626708984,52.31999969482422,52.459999084472656,75657900,52.540000915527344
2007-12-11,44.0934944152832,51.31999969482422,52.84000015258789,51.209999084472656,52.619998931884766,167064300,51.31999969482422
2007-12-12,44.488712310791016,51.779998779296875,52.43000030517578,50.88999938964844,52.25,162975200,51.779998779296875
2007-12-13,44.248130798339844,51.5,51.630001068115234,50.97999954223633,51.33000183105469,153476200,51.5
2007-12-14,43.79276657104492,50.970001220703125,51.599998474121094,50.91999816894531,51.09000015258789,128396700,50.970001220703125
2007-12-17,42.727386474609375,49.72999954223633,50.9900016784668,49.709999084472656,50.779998779296875,134377000,49.72999954223633
2007-12-18,42.86485290527344,49.88999938964844,50.27000045776367,49.18000030517578,50.2400016784668,154251700,49.88999938964844
2007-12-19,42.85626983642578,49.880001068115234,50.20000076293945,49.61000061035156,49.88999938964844,137970900,49.880001068115234
2007-12-20,43.732635498046875,50.900001525878906,50.959999084472656,50.20000076293945,50.619998931884766,167341700,50.900001525878906
2007-12-21,44.59528732299805,51.849998474121094,51.900001525878906,51.47999954223633,51.68000030517578,107573500,51.849998474121094
2007-12-24,44.93072509765625,52.2400016784668,52.400001525878906,51.95000076293945,52.0099983215332,34499800,52.2400016784668
2007-12-26,45.15435791015625,52.5,52.630001068115234,52.0,52.130001068115234,58492100,52.5
2007-12-27,44.61249542236328,51.869998931884766,52.5,51.709999084472656,52.33000183105469,65778900,51.869998931884766
2007-12-28,44.56947708129883,51.81999969482422,52.15999984741211,51.43000030517578,52.040000915527344,67545400,51.81999969482422
2007-12-31,44.0534553527832,51.220001220703125,51.68000030517578,51.209999084472656,51.56999969482422,70135600,51.220001220703125
2008-01-02,43.356788635253906,50.40999984741211,51.470001220703125,50.130001068115234,51.27000045776367,152344100,50.40999984741211
2008-01-03,43.53739547729492,50.619998931884766,50.7599983215332,50.150001525878906,50.40999984741211,114103700,50.619998931884766
2008-01-04,41.62800979614258,48.400001525878906,49.83000183105469,48.209999084472656,49.810001373291016,212617600,48.400001525878906
2008-01-07,41.43020248413086,48.16999816894531,48.599998474121094,47.43000030517578,48.400001525878906,235083600,48.16999816894531
2008-01-08,40.35508346557617,46.91999816894531,48.7599983215332,46.91999816894531,48.27000045776367,261669800,46.91999816894531
2008-01-09,41.21516799926758,47.91999816894531,47.959999084472656,46.459999084472656,47.11000061035156,254011800,47.91999816894531
2008-01-10,41.2753791809082,47.9900016784668,48.40999984741211,47.290000915527344,47.43000030517578,249958500,47.9900016784668
2008-01-11,40.466896057128906,47.04999923706055,47.77000045776367,46.70000076293945,47.72999954223633,211685200,47.04999923706055
2008-01-14,41.172157287597656,47.869998931884766,48.0099983215332,47.310001373291016,47.689998626708984,168048500,47.869998931884766
2008-01-15,40.0368537902832,46.54999923706055,47.52000045776367,46.349998474121094,47.369998931884766,241094900,46.54999923706055
2008-01-16,39.60680389404297,46.04999923706055,46.90999984741211,45.459999084472656,46.189998626708984,265625900,46.04999923706055
2008-01-17,39.05635452270508,45.40999984741211,46.58000183105469,45.20000076293945,46.2400016784668,254098800,45.40999984741211
2008-01-18,39.00474548339844,45.349998474121094,46.13999938964844,44.97999954223633,45.63999938964844,273063300,45.349998474121094
2008-01-22,37.99845886230469,44.18000030517578,44.77000045776367,42.72999954223633,42.83000183105469,325732000,44.18000030517578
2008-01-23,37.85224151611328,44.0099983215332,44.150001525878906,41.61000061035156,42.540000915527344,390129000,44.0099983215332
2008-01-24,38.62633514404297,44.90999984741211,44.93000030517578,44.060001373291016,44.189998626708984,250249100,44.90999984741211
2008-01-25,37.83504867553711,43.9900016784668,45.869998931884766,43.939998626708984,45.869998931884766,199299100,43.9900016784668
2008-01-28,38.127464294433594,44.33000183105469,44.439998626708984,43.56999969482422,44.02000045776367,163711200,44.33000183105469
2008-01-29,38.196292877197266,44.40999984741211,44.68000030517578,44.040000915527344,44.560001373291016,138520000,44.40999984741211
2008-01-30,38.16188049316406,44.369998931884766,45.31999969482422,44.18000030517578,44.25,220824400,44.369998931884766
2008-01-31,38.8155403137207,45.130001068115234,45.59000015258789,43.81999969482422,43.869998931884766,246824100,45.130001068115234
2008-02-01,39.21116256713867,45.59000015258789,45.880001068115234,44.880001068115234,45.5,161920300,45.59000015258789
2008-02-04,38.66072082519531,44.95000076293945,45.61000061035156,44.939998626708984,45.58000183105469,100209900,44.95000076293945
2008-02-05,37.55980682373047,43.66999816894531,44.599998474121094,43.63999938964844,44.16999816894531,188990400,43.66999816894531
2008-02-06,36.82014083862305,42.810001373291016,44.16999816894531,42.77000045776367,43.91999816894531,178285000,42.810001373291016
2008-02-07,37.078163146972656,43.11000061035156,43.790000915527344,42.150001525878906,42.33000183105469,286254800,43.11000061035156
2008-02-08,37.499595642089844,43.599998474121094,43.77000045776367,42.939998626708984,43.20000076293945,173781300,43.599998474121094
2008-02-11,37.903839111328125,44.06999969482422,44.220001220703125,43.540000915527344,43.77000045776367,119562300,44.06999969482422
2008-02-12,37.68881607055664,43.81999969482422,44.68000030517578,43.5099983215332,44.34000015258789,145412400,43.81999969482422
2008-02-13,38.514495849609375,44.779998779296875,44.880001068115234,44.15999984741211,44.38999938964844,148685900,44.779998779296875
2008-02-14,37.817832946777344,43.970001220703125,44.849998474121094,43.88999938964844,44.849998474121094,170868900,43.970001220703125
2008-02-15,37.68881607055664,43.81999969482422,43.97999954223633,43.45000076293945,43.72999954223633,100053300,43.81999969482422
2008-02-19,37.62002182006836,43.7400016784668,44.5,43.27000045776367,44.400001525878906,110507600,43.7400016784668
2008-02-20,37.792049407958984,43.939998626708984,44.09000015258789,43.2400016784668,43.2599983215332,137338800,43.939998626708984
2008-02-21,37.43080520629883,43.52000045776367,44.470001220703125,43.34000015258789,44.36000061035156,127857000,43.52000045776367
2008-02-22,37.568416595458984,43.68000030517578,43.689998626708984,42.599998474121094,43.66999816894531,157364700,43.68000030517578
2008-02-25,37.757633209228516,43.900001525878906,44.06999969482422,43.34000015258789,43.630001068115234,121444300,43.900001525878906
2008-02-26,37.903839111328125,44.06999969482422,44.47999954223633,43.369998931884766,43.650001525878906,148375900,44.06999969482422
2008-02-27,38.09306716918945,44.290000915527344,44.459999084472656,43.66999816894531,43.77000045776367,125682600,44.290000915527344
2008-02-28,37.94685745239258,44.119998931884766,44.529998779296875,43.95000076293945,44.119998931884766,129196700,44.119998931884766
2008-02-29,36.9405517578125,42.95000076293945,43.77000045776367,42.849998474121094,43.650001525878906,188724500,42.95000076293945
2008-03-03,36.69972610473633,42.66999816894531,42.9900016784668,42.2400016784668,42.91999816894531,132963800,42.66999816894531
2008-03-04,36.906150817871094,42.90999984741211,43.040000915527344,42.02000045776367,42.400001525878906,183851000,42.90999984741211
2008-03-05,37.086769104003906,43.119998931884766,43.540000915527344,42.75,42.9900016784668,183208300,43.119998931884766
2008-03-06,36.26968002319336,42.16999816894531,43.27000045776367,42.099998474121094,43.09000015258789,152752200,42.16999816894531
2008-03-07,36.18367385864258,42.06999969482422,42.63999938964844,41.380001068115234,41.91999816894531,242552400,42.06999969482422
2008-03-10,35.48701858520508,41.2599983215332,42.13999938964844,41.16999816894531,42.0099983215332,146801900,41.2599983215332
2008-03-11,36.83735275268555,42.83000183105469,42.849998474121094,41.5099983215332,41.86000061035156,196755300,42.83000183105469
2008-03-12,36.734130859375,42.709999084472656,43.439998626708984,42.599998474121094,43.0,155566100,42.709999084472656
2008-03-13,37.017967224121094,43.040000915527344,43.33000183105469,41.810001373291016,42.22999954223633,208967900,43.040000915527344
2008-03-14,36.33849334716797,42.25,43.380001068115234,41.7400016784668,43.33000183105469,309589800,42.25
2008-03-17,35.676239013671875,41.47999954223633,42.0099983215332,41.04999923706055,41.290000915527344,193130600,41.47999954223633
2008-03-18,37.267391204833984,43.33000183105469,43.34000015258789,42.11000061035156,42.2400016784668,216300400,43.33000183105469
2008-03-19,36.34708786010742,42.2599983215332,43.599998474121094,42.22999954223633,43.5099983215332,216157200,42.2599983215332
2008-03-20,37.089927673339844,43.09000015258789,43.099998474121094,42.099998474121094,42.349998474121094,128397000,43.09000015258789
2008-03-24,38.37246322631836,44.58000183105469,44.7599983215332,43.279998779296875,43.279998779296875,125018000,44.58000183105469
2008-03-25,38.587646484375,44.83000183105469,45.06999969482422,44.279998779296875,44.70000076293945,118107500,44.83000183105469
2008-03-26,38.475746154785156,44.70000076293945,44.849998474121094,44.279998779296875,44.66999816894531,124824600,44.70000076293945
2008-03-27,37.62360382080078,43.709999084472656,44.5099983215332,43.709999084472656,44.439998626708984,143868600,43.709999084472656
2008-03-28,37.43421936035156,43.4900016784668,44.34000015258789,43.33000183105469,44.02000045776367,111822300,43.4900016784668
2008-03-31,37.63222122192383,43.720001220703125,44.02000045776367,43.45000076293945,43.650001525878906,113644800,43.720001220703125
2008-04-01,39.24181365966797,45.59000015258789,45.61000061035156,44.40999984741211,44.41999816894531,137494400,45.59000015258789
2008-04-02,39.155738830566406,45.4900016784668,46.02000045776367,45.16999816894531,45.70000076293945,132486800,45.4900016784668
2008-04-03,39.24181365966797,45.59000015258789,45.90999984741211,45.13999938964844,45.290000915527344,140033800,45.59000015258789
2008-04-04,39.47420883178711,45.86000061035156,46.349998474121094,45.400001525878906,45.77000045776367,139261000,45.86000061035156
2008-04-07,39.388145446777344,45.7599983215332,46.40999984741211,45.650001525878906,46.13999938964844,102297100,45.7599983215332
2008-04-08,39.08687973022461,45.40999984741211,45.720001220703125,45.18000030517578,45.40999984741211,97435200,45.40999984741211
2008-04-09,38.64791488647461,44.900001525878906,45.4900016784668,44.630001068115234,45.470001220703125,127182300,44.900001525878906
2008-04-10,39.19878387451172,45.540000915527344,45.84000015258789,44.93000030517578,44.93000030517578,112773800,45.540000915527344
2008-04-11,38.114227294921875,44.279998779296875,45.099998474121094,44.119998931884766,45.02000045776367,120135400,44.279998779296875
2008-04-14,37.94208526611328,44.08000183105469,44.47999954223633,43.95000076293945,44.209999084472656,89274600,44.08000183105469
2008-04-15,37.99372100830078,44.13999938964844,44.349998474121094,43.68000030517578,44.2400016784668,124232300,44.13999938964844
2008-04-16,39.05244827270508,45.369998931884766,45.47999954223633,44.650001525878906,44.689998626708984,134027900,45.369998931884766
2008-04-17,38.96638107299805,45.27000045776367,45.470001220703125,44.97999954223633,45.41999816894531,124953100,45.27000045776367
2008-04-18,40.205867767333984,46.709999084472656,46.93000030517578,46.220001220703125,46.470001220703125,133022500,46.709999084472656
2008-04-21,40.48991012573242,47.040000915527344,47.08000183105469,46.4900016784668,46.619998931884766,83303200,47.040000915527344
2008-04-22,39.88737869262695,46.34000015258789,46.77000045776367,45.93000030517578,46.75,104689600,46.34000015258789
2008-04-23,40.326377868652344,46.849998474121094,47.060001373291016,46.27000045776367,46.68000030517578,131086200,46.849998474121094
2008-04-24,40.687889099121094,47.27000045776367,47.790000915527344,46.38999938964844,46.869998931884766,166509000,47.27000045776367
2008-04-25,40.584598541259766,47.150001525878906,47.349998474121094,46.56999969482422,47.31999969482422,121945400,47.150001525878906
2008-04-28,40.662071228027344,47.2400016784668,47.619998931884766,47.130001068115234,47.2599983215332,71244000,47.2400016784668
2008-04-29,40.9719352722168,47.599998474121094,47.7599983215332,47.060001373291016,47.150001525878906,91270600,47.599998474121094
2008-04-30,40.636253356933594,47.209999084472656,48.060001373291016,47.029998779296875,47.70000076293945,132152700,47.209999084472656
2008-05-01,41.91877746582031,48.70000076293945,48.720001220703125,47.220001220703125,47.22999954223633,143596900,48.70000076293945
2008-05-02,41.97901153564453,48.77000045776367,49.189998626708984,48.34000015258789,49.15999984741211,124990000,48.77000045776367
2008-05-05,41.858516693115234,48.630001068115234,49.029998779296875,48.400001525878906,48.77000045776367,75624700,48.630001068115234
2008-05-06,42.116722106933594,48.93000030517578,49.130001068115234,48.13999938964844,48.4900016784668,139582600,48.93000030517578
2008-05-07,41.35067367553711,48.040000915527344,49.22999954223633,47.869998931884766,48.939998626708984,140008300,48.040000915527344
2008-05-08,41.66055679321289,48.400001525878906,48.70000076293945,48.060001373291016,48.2400016784668,128058700,48.400001525878906
2008-05-09,41.49700164794922,48.209999084472656,48.459999084472656,47.900001525878906,48.040000915527344,97062000,48.209999084472656
2008-05-12,42.25446701049805,49.09000015258789,49.189998626708984,48.20000076293945,48.279998779296875,89606500,49.09000015258789
2008-05-13,42.36636734008789,49.220001220703125,49.33000183105469,48.7599983215332,49.11000061035156,85448100,49.220001220703125
2008-05-14,42.27167510986328,49.11000061035156,49.93000030517578,49.040000915527344,49.40999984741211,143598200,49.11000061035156
2008-05-15,43.011924743652344,49.970001220703125,50.02000045776367,48.97999954223633,49.119998931884766,157248900,49.970001220703125
2008-05-16,43.046363830566406,50.0099983215332,50.11000061035156,49.45000076293945,50.06999969482422,146563200,50.0099983215332
2008-05-19,42.73649978637695,49.650001525878906,50.470001220703125,49.34000015258789,50.04999923706055,140048700,49.650001525878906
2008-05-20,42.409385681152344,49.27000045776367,49.470001220703125,48.88999938964844,49.470001220703125,137163700,49.27000045776367
2008-05-21,41.47117614746094,48.18000030517578,49.599998474121094,48.02000045776367,49.33000183105469,192806700,48.18000030517578
2008-05-22,41.61750411987305,48.349998474121094,48.689998626708984,48.11000061035156,48.29999923706055,153198200,48.349998474121094
2008-05-23,41.4883918762207,48.20000076293945,48.349998474121094,47.81999969482422,48.18000030517578,121698400,48.20000076293945
2008-05-27,42.22003936767578,49.04999923706055,49.11000061035156,48.290000915527344,48.29999923706055,106984300,49.04999923706055
2008-05-28,42.39217758178711,49.25,49.36000061035156,48.75,49.279998779296875,121363000,49.25
2008-05-29,42.77090835571289,49.689998626708984,49.970001220703125,49.25,49.279998779296875,143993000,49.689998626708984
2008-05-30,43.046363830566406,50.0099983215332,50.2400016784668,49.75,49.880001068115234,94153600,50.0099983215332
2008-06-02,42.52131271362305,49.400001525878906,49.91999816894531,48.959999084472656,49.91999816894531,144359900,49.400001525878906
2008-06-03,42.28890609741211,49.130001068115234,49.900001525878906,48.66999816894531,49.59000015258789,167606900,49.130001068115234
2008-06-04,42.831172943115234,49.7599983215332,50.099998474121094,48.939998626708984,48.97999954223633,174870800,49.7599983215332
2008-06-05,43.511146545410156,50.54999923706055,50.61000061035156,49.70000076293945,49.88999938964844,126653700,50.54999923706055
2008-06-06,42.202823638916016,49.029998779296875,50.209999084472656,49.02000045776367,50.11000061035156,189136000,49.029998779296875
2008-06-09,41.97901153564453,48.77000045776367,49.189998626708984,47.95000076293945,49.130001068115234,208897300,48.77000045776367
2008-06-10,41.78105545043945,48.540000915527344,48.939998626708984,48.15999984741211,48.27000045776367,162798500,48.540000915527344
2008-06-11,40.773963928222656,47.369998931884766,48.52000045776367,47.349998474121094,48.439998626708984,170366900,47.369998931884766
2008-06-12,40.81698989868164,47.41999816894531,48.11000061035156,47.0,47.709999084472656,189913200,47.41999816894531
2008-06-13,41.634700775146484,48.369998931884766,48.470001220703125,47.459999084472656,47.709999084472656,167855000,48.369998931884766
2008-06-16,42.004844665527344,48.79999923706055,49.02000045776367,48.06999969482422,48.119998931884766,136343900,48.79999923706055
2008-06-17,41.78105545043945,48.540000915527344,49.060001373291016,48.470001220703125,48.95000076293945,122932000,48.540000915527344
2008-06-18,41.333457946777344,48.02000045776367,48.45000076293945,47.83000183105469,48.2599983215332,169338100,48.02000045776367
2008-06-19,41.97901153564453,48.77000045776367,49.0099983215332,47.61000061035156,47.93000030517578,221304200,48.77000045776367
2008-06-20,40.84546661376953,47.41999816894531,48.349998474121094,47.209999084472656,48.33000183105469,197434200,47.41999816894531
2008-06-23,40.52677917480469,47.04999923706055,47.7400016784668,46.97999954223633,47.61000061035156,131488800,47.04999923706055
2008-06-24,40.32005310058594,46.810001373291016,47.369998931884766,46.40999984741211,46.83000183105469,178293800,46.810001373291016
2008-06-25,40.97468948364258,47.56999969482422,48.0,46.939998626708984,47.0099983215332,179023400,47.56999969482422
2008-06-26,39.32086944580078,45.650001525878906,46.70000076293945,45.63999938964844,46.689998626708984,190028300,45.650001525878906
2008-06-27,39.32086944580078,45.650001525878906,45.900001525878906,44.970001220703125,45.599998474121094,181351800,45.650001525878906
2008-06-30,38.90742111206055,45.16999816894531,45.83000183105469,45.150001525878906,45.5099983215332,132912400,45.16999816894531
2008-07-01,39.45868682861328,45.810001373291016,45.86000061035156,44.68000030517578,44.810001373291016,245494300,45.810001373291016
2008-07-02,38.51121139526367,44.709999084472656,46.130001068115234,44.63999938964844,45.95000076293945,199576400,44.709999084472656
2008-07-03,38.44228744506836,44.630001068115234,45.08000183105469,44.279998779296875,44.97999954223633,123118300,44.630001068115234
2008-07-07,38.67487716674805,44.900001525878906,45.459999084472656,44.2400016784668,45.040000915527344,181011300,44.900001525878906
2008-07-08,39.59651184082031,45.970001220703125,46.0099983215332,44.77000045776367,44.95000076293945,206151200,45.970001220703125
2008-07-09,38.545654296875,44.75,46.029998779296875,44.72999954223633,45.959999084472656,168500300,44.75
2008-07-10,39.00217819213867,45.279998779296875,45.41999816894531,44.380001068115234,44.81999969482422,238811500,45.279998779296875
2008-07-11,38.38199996948242,44.560001373291016,45.27000045776367,43.849998474121094,44.810001373291016,265514700,44.560001373291016
2008-07-14,38.097747802734375,44.22999954223633,45.18000030517578,44.06999969482422,45.13999938964844,177389800,44.22999954223633
2008-07-15,38.106361389160156,44.2400016784668,44.93000030517578,43.29999923706055,44.0099983215332,283891100,44.2400016784668
2008-07-16,39.05384826660156,45.34000015258789,45.380001068115234,43.91999816894531,44.36000061035156,186047800,45.34000015258789
2008-07-17,39.312259674072266,45.63999938964844,45.81999969482422,44.97999954223633,45.61000061035156,197555100,45.63999938964844
2008-07-18,38.407840728759766,44.59000015258789,45.16999816894531,44.59000015258789,45.13999938964844,160661000,44.59000015258789
2008-07-21,38.57148742675781,44.779998779296875,45.189998626708984,44.4900016784668,45.0,128107800,44.779998779296875
2008-07-22,38.57148742675781,44.779998779296875,44.810001373291016,43.86000061035156,44.029998779296875,152524500,44.779998779296875
2008-07-23,39.07969284057617,45.369998931884766,45.88999938964844,44.720001220703125,44.849998474121094,169259100,45.369998931884766
2008-07-24,38.49396896362305,44.689998626708984,45.61000061035156,44.650001525878906,45.58000183105469,145561000,44.689998626708984
2008-07-25,38.993568420410156,45.27000045776367,45.47999954223633,44.7599983215332,44.97999954223633,111616700,45.27000045776367
2008-07-28,38.26141357421875,44.41999816894531,45.52000045776367,44.209999084472656,45.2599983215332,124028500,44.41999816894531
2008-07-29,39.05384826660156,45.34000015258789,45.540000915527344,44.56999969482422,44.61000061035156,142290900,45.34000015258789
2008-07-30,39.2519645690918,45.56999969482422,45.81999969482422,44.880001068115234,45.470001220703125,165679900,45.56999969482422
2008-07-31,39.1572151184082,45.459999084472656,46.150001525878906,45.02000045776367,45.119998931884766,180473100,45.459999084472656
2008-08-01,38.65763473510742,44.880001068115234,45.54999923706055,44.400001525878906,45.5099983215332,180350400,44.880001068115234
2008-08-04,38.2700080871582,44.43000030517578,44.91999816894531,44.29999923706055,44.869998931884766,116298000,44.43000030517578
2008-08-05,39.562042236328125,45.93000030517578,45.970001220703125,44.84000015258789,44.88999938964844,151657400,45.93000030517578
2008-08-06,40.165016174316406,46.630001068115234,46.810001373291016,45.58000183105469,45.95000076293945,133463700,46.630001068115234
2008-08-07,39.85490798950195,46.27000045776367,46.849998474121094,46.08000183105469,46.349998474121094,152805800,46.27000045776367
2008-08-08,40.75935363769531,47.31999969482422,47.439998626708984,46.150001525878906,46.2400016784668,143121500,47.31999969482422
2008-08-11,41.12970733642578,47.75,48.279998779296875,47.13999938964844,47.29999923706055,157290100,47.75
2008-08-12,41.172794342041016,47.79999923706055,48.15999984741211,47.5099983215332,47.7400016784668,140549300,47.79999923706055
2008-08-13,41.0866584777832,47.70000076293945,48.119998931884766,47.25,47.720001220703125,169652100,47.70000076293945
2008-08-14,41.56037902832031,48.25,48.459999084472656,47.4900016784668,47.540000915527344,158069200,48.25
2008-08-15,41.482879638671875,48.15999984741211,48.56999969482422,47.959999084472656,48.33000183105469,123115900,48.15999984741211
2008-08-18,41.00051498413086,47.599998474121094,48.310001373291016,47.2599983215332,48.29999923706055,151399100,47.599998474121094
2008-08-19,40.4923210144043,47.0099983215332,47.59000015258789,46.75,47.36000061035156,155410600,47.0099983215332
2008-08-20,40.56123352050781,47.09000015258789,47.560001373291016,46.7400016784668,47.34000015258789,155466700,47.09000015258789
2008-08-21,40.37172317504883,46.869998931884766,47.08000183105469,46.380001068115234,46.7400016784668,118916200,46.869998931884766
2008-08-22,40.90577697753906,47.4900016784668,47.68000030517578,47.08000183105469,47.119998931884766,96515500,47.4900016784668
2008-08-25,40.044410705566406,46.4900016784668,47.209999084472656,46.369998931884766,47.15999984741211,128076500,46.4900016784668
2008-08-26,39.99274444580078,46.43000030517578,46.77000045776367,46.119998931884766,46.52000045776367,107225500,46.43000030517578
2008-08-27,40.251121520996094,46.72999954223633,47.09000015258789,46.290000915527344,46.45000076293945,108489900,46.72999954223633
2008-08-28,40.57844161987305,47.11000061035156,47.279998779296875,46.83000183105469,46.91999816894531,112808600,47.11000061035156
2008-08-29,39.7257080078125,46.119998931884766,47.119998931884766,45.91999816894531,46.61000061035156,133184300,46.119998931884766
2008-09-02,39.234745025634766,45.54999923706055,47.08000183105469,45.34000015258789,46.869998931884766,162277500,45.54999923706055
2008-09-03,38.864376068115234,45.119998931884766,45.63999938964844,44.790000915527344,45.45000076293945,161682900,45.119998931884766
2008-09-04,37.60677719116211,43.65999984741211,44.90999984741211,43.65999984741211,44.86000061035156,219004700,43.65999984741211
2008-09-05,37.42589569091797,43.45000076293945,43.779998779296875,42.810001373291016,43.279998779296875,247977500,43.45000076293945
2008-09-08,37.35698318481445,43.369998931884766,44.220001220703125,42.68000030517578,44.02000045776367,311065100,43.369998931884766
2008-09-09,36.56453323364258,42.45000076293945,43.790000915527344,42.349998474121094,43.349998474121094,214180600,42.45000076293945
2008-09-10,36.86601638793945,42.79999923706055,43.18000030517578,42.45000076293945,42.86000061035156,160658100,42.79999923706055
2008-09-11,37.555084228515625,43.599998474121094,43.689998626708984,42.16999816894531,42.20000076293945,203398200,43.599998474121094
2008-09-12,37.40865707397461,43.43000030517578,43.709999084472656,42.900001525878906,43.22999954223633,172094300,43.43000030517578
2008-09-15,36.245826721191406,42.08000183105469,43.290000915527344,42.029998779296875,42.400001525878906,616772300,42.08000183105469
2008-09-16,36.53007507324219,42.40999984741211,42.84000015258789,41.43000030517578,41.47999954223633,349506500,42.40999984741211
2008-09-17,34.63509750366211,40.209999084472656,42.41999816894531,40.189998626708984,41.869998931884766,340088000,40.209999084472656
2008-09-18,35.80653381347656,41.56999969482422,41.970001220703125,39.5,41.099998474121094,423934000,41.56999969482422
2008-09-19,36.9770622253418,42.900001525878906,43.83000183105469,42.099998474121094,43.77000045776367,263394000,42.900001525878906
2008-09-22,35.23594284057617,40.880001068115234,42.84000015258789,40.79999923706055,42.7400016784668,164698200,40.880001068115234
2008-09-23,34.968746185302734,40.56999969482422,41.75,40.439998626708984,41.20000076293945,184011200,40.56999969482422
2008-09-24,35.2100830078125,40.849998474121094,41.2599983215332,40.52000045776367,40.810001373291016,159270800,40.849998474121094
2008-09-25,35.77034378051758,41.5,42.02000045776367,41.029998779296875,41.22999954223633,148586800,41.5
2008-09-26,35.408321380615234,41.08000183105469,41.4900016784668,40.220001220703125,40.310001373291016,182678600,41.08000183105469
2008-09-29,32.59841537475586,37.81999969482422,40.380001068115234,37.18000030517578,40.2599983215332,307954400,37.81999969482422
2008-09-30,33.53794479370117,38.90999984741211,39.29999923706055,37.599998474121094,37.720001220703125,195436700,38.90999984741211
2008-10-01,33.18453598022461,38.5,38.970001220703125,38.029998779296875,38.84000015258789,174033300,38.5
2008-10-02,31.676145553588867,36.75,38.25,36.63999938964844,38.25,192124000,36.75
2008-10-03,31.184844970703125,36.18000030517578,38.18000030517578,36.099998474121094,37.2599983215332,272116100,36.18000030517578
2008-10-06,30.047090530395508,34.86000061035156,35.529998779296875,32.90999984741211,35.2599983215332,394046600,34.86000061035156
2008-10-07,28.142215728759766,32.650001525878906,35.20000076293945,32.27000045776367,35.13999938964844,329365700,32.650001525878906
2008-10-08,27.918102264404297,32.38999938964844,34.119998931884766,31.84000015258789,31.950000762939453,452066500,32.38999938964844
2008-10-09,27.168224334716797,31.520000457763672,33.68000030517578,30.969999313354492,33.150001525878906,352433900,31.520000457763672
2008-10-10,26.995832443237305,31.31999969482422,32.47999954223633,29.3799991607666,30.520000457763672,472339100,31.31999969482422
2008-10-13,30.27981948852539,35.130001068115234,35.25,32.400001525878906,32.86000061035156,276998700,35.130001068115234
2008-10-14,28.96967124938965,33.61000061035156,36.150001525878906,33.189998626708984,36.150001525878906,341595900,33.61000061035156
2008-10-15,26.375240325927734,30.600000381469727,33.349998474121094,30.540000915527344,33.22999954223633,312088500,30.600000381469727
2008-10-16,27.806049346923828,32.2599983215332,32.27000045776367,29.25,30.809999465942383,494783500,32.2599983215332
2008-10-17,27.840532302856445,32.29999923706055,33.650001525878906,31.40999984741211,31.670000076293945,326571300,32.29999923706055
2008-10-20,28.61627769470215,33.20000076293945,33.2599983215332,31.700000762939453,32.7599983215332,232783400,33.20000076293945
2008-10-21,27.13375473022461,31.479999542236328,33.2599983215332,31.479999542236328,32.65999984741211,239932400,31.479999542236328
2008-10-22,26.38385581970215,30.610000610351562,31.600000381469727,29.709999084472656,31.3700008392334,289993600,30.610000610351562
2008-10-23,26.28043556213379,30.489999771118164,31.09000015258789,28.899999618530273,30.489999771118164,377966900,30.489999771118164
2008-10-24,25.43573570251465,29.510000228881836,30.25,28.09000015258789,28.229999542236328,322129500,29.510000228881836
2008-10-27,24.72893714904785,28.690000534057617,30.200000762939453,28.65999984741211,29.170000076293945,239302300,28.690000534057617
2008-10-28,27.46127700805664,31.860000610351562,31.8799991607666,28.850000381469727,29.68000030517578,327239500,31.860000610351562
2008-10-29,27.392324447631836,31.780000686645508,33.08000183105469,31.25,31.90999984741211,341316000,31.780000686645508
2008-10-30,28.30597686767578,32.84000015258789,33.060001373291016,31.979999542236328,32.66999816894531,255292100,32.84000015258789
2008-10-31,28.34907341003418,32.88999938964844,33.43000030517578,32.09000015258789,32.369998931884766,224261000,32.88999938964844
2008-11-03,28.28874397277832,32.81999969482422,33.290000915527344,32.5099983215332,32.810001373291016,128455500,32.81999969482422
2008-11-04,29.0903377532959,33.75,34.0099983215332,32.97999954223633,33.459999084472656,182487600,33.75
2008-11-05,27.57332992553711,31.989999771118164,33.599998474121094,31.920000076293945,33.529998779296875,183893900,31.989999771118164
2008-11-06,26.340763092041016,30.559999465942383,31.8700008392334,30.399999618530273,31.489999771118164,220677200,30.559999465942383
2008-11-07,26.883779525756836,31.190000534057617,31.479999542236328,30.59000015258789,30.920000076293945,176946200,31.190000534057617
2008-11-10,26.52177619934082,30.770000457763672,31.969999313354492,30.399999618530273,31.969999313354492,142584500,30.770000457763672
2008-11-11,25.944272994995117,30.100000381469727,30.760000228881836,29.719999313354492,30.479999542236328,162869800,30.100000381469727
2008-11-12,24.746177673339844,28.709999084472656,29.799999237060547,28.649999618530273,29.649999618530273,184946400,28.709999084472656
2008-11-13,26.25457000732422,30.459999084472656,30.530000686645508,27.280000686645508,28.610000610351562,317943900,30.459999084472656
2008-11-14,24.978910446166992,28.979999542236328,30.420000076293945,28.8700008392334,29.780000686645508,259407000,28.979999542236328
2008-11-17,24.453126907348633,28.3700008392334,29.229999542236328,28.260000228881836,28.489999771118164,202835200,28.3700008392334
2008-11-18,24.427263259887695,28.34000015258789,28.75,27.389999389648438,28.559999465942383,252661800,28.34000015258789
2008-11-19,23.151601791381836,26.860000610351562,28.780000686645508,26.790000915527344,28.399999618530273,244180600,26.860000610351562
2008-11-20,22.031082153320312,25.559999465942383,27.450000762939453,25.469999313354492,26.530000686645508,342472400,25.559999465942383
2008-11-21,22.987831115722656,26.670000076293945,26.68000030517578,25.049999237060547,26.010000228881836,282746800,26.670000076293945
2008-11-24,24.392784118652344,28.299999237060547,28.639999389648438,26.979999542236328,27.219999313354492,225058200,28.299999237060547
2008-11-25,24.280742645263672,28.170000076293945,28.639999389648438,27.520000457763672,28.610000610351562,202968700,28.170000076293945
2008-11-26,25.297821044921875,29.350000381469727,29.360000610351562,27.809999465942383,27.8799991607666,164912000,29.350000381469727
2008-11-28,25.099571228027344,29.1200008392334,29.190000534057617,28.829999923706055,29.020000457763672,41238200,29.1200008392334
2008-12-01,23.211933135986328,26.93000030517578,28.510000228881836,26.889999389648438,28.5,149161500,26.93000030517578
2008-12-02,23.98767852783203,27.829999923706055,27.889999389648438,26.84000015258789,27.299999237060547,181743000,27.829999923706055
2008-12-03,24.66861343383789,28.6200008392334,28.709999084472656,27.06999969482422,27.1299991607666,230944900,28.6200008392334
2008-12-04,23.970443725585938,27.809999465942383,28.780000686645508,27.31999969482422,28.170000076293945,188868700,27.809999465942383
2008-12-05,24.94443130493164,28.940000534057617,29.06999969482422,26.950000762939453,27.5,212283700,28.940000534057617
2008-12-08,25.927040100097656,30.079999923706055,30.459999084472656,29.440000534057617,29.59000015258789,185782500,30.079999923706055
2008-12-09,25.866689682006836,30.010000228881836,30.829999923706055,29.56999969482422,29.68000030517578,178148300,30.010000228881836
2008-12-10,25.78050422668457,29.90999984741211,30.459999084472656,29.6200008392334,30.100000381469727,162335100,29.90999984741211
2008-12-11,25.073715209960938,29.09000015258789,30.270000457763672,28.940000534057617,29.809999465942383,167161400,29.09000015258789
2008-12-12,25.582258224487305,29.68000030517578,29.860000610351562,28.469999313354492,28.690000534057617,158600100,29.68000030517578
2008-12-15,25.13405418395996,29.15999984741211,29.760000228881836,28.739999771118164,29.729999542236328,107887000,29.15999984741211
2008-12-16,26.340763092041016,30.559999465942383,30.65999984741211,29.100000381469727,29.420000076293945,169300100,30.559999465942383
2008-12-17,26.021848678588867,30.190000534057617,30.600000381469727,29.81999969482422,30.25,159813500,30.190000534057617
2008-12-18,25.565021514892578,29.65999984741211,30.399999618530273,29.360000610351562,30.190000534057617,142656400,29.65999984741211
2008-12-19,25.774778366088867,29.860000610351562,30.3700008392334,29.65999984741211,29.93000030517578,118308900,29.860000610351562
2008-12-22,25.213706970214844,29.209999084472656,29.920000076293945,28.739999771118164,29.860000610351562,95379600,29.209999084472656
2008-12-23,25.084224700927734,29.059999465942383,29.6200008392334,28.889999389648438,29.329999923706055,68764800,29.059999465942383
2008-12-24,25.153278350830078,29.139999389648438,29.209999084472656,28.979999542236328,29.200000762939453,27194700,29.139999389648438
2008-12-26,25.144649505615234,29.1299991607666,29.229999542236328,28.969999313354492,29.200000762939453,20937000,29.1299991607666
2008-12-29,24.93748664855957,28.889999389648438,29.239999771118164,28.459999084472656,29.209999084472656,52688300,28.889999389648438
2008-12-30,25.455394744873047,29.489999771118164,29.59000015258789,28.940000534057617,28.969999313354492,77089500,29.489999771118164
2008-12-31,25.67119026184082,29.739999771118164,30.079999923706055,29.450000762939453,29.459999084472656,89189700,29.739999771118164
2009-01-02,26.784700393676758,31.030000686645508,31.1299991607666,29.690000534057617,29.75,107891500,31.030000686645508
2009-01-05,26.776071548461914,31.020000457763672,31.329999923706055,30.59000015258789,30.829999923706055,91751900,31.020000457763672
2009-01-06,27.04366111755371,31.329999923706055,31.6299991607666,31.110000610351562,31.25,136791700,31.329999923706055
2009-01-07,26.275419235229492,30.440000534057617,30.899999618530273,30.190000534057617,30.729999542236328,133879800,30.440000534057617
2009-01-08,26.5516414642334,30.760000228881836,30.799999237060547,30.079999923706055,30.3799991607666,131926600,30.760000228881836
2009-01-09,25.956045150756836,30.06999969482422,30.790000915527344,29.920000076293945,30.770000457763672,117137900,30.06999969482422
2009-01-12,25.481290817260742,29.520000457763672,30.149999618530273,29.200000762939453,30.110000610351562,102726200,29.520000457763672
2009-01-13,25.48992347717285,29.530000686645508,29.979999542236328,29.18000030517578,29.510000228881836,186266700,29.530000686645508
2009-01-14,24.713058471679688,28.6299991607666,29.280000686645508,28.469999313354492,29.190000534057617,136294000,28.6299991607666
2009-01-15,25.118757247924805,29.100000381469727,29.34000015258789,28.06999969482422,28.56999969482422,192567200,29.100000381469727
2009-01-16,25.394973754882812,29.420000076293945,29.600000381469727,28.700000762939453,29.5,175478100,29.420000076293945
2009-01-20,24.134719848632812,27.959999084472656,29.43000030517578,27.959999084472656,29.299999237060547,135105800,27.959999084472656
2009-01-21,25.16192054748535,29.149999618530273,29.190000534057617,28.100000381469727,28.43000030517578,149179600,29.149999618530273
2009-01-22,24.82526397705078,28.760000228881836,29.229999542236328,28.260000228881836,28.520000457763672,200602700,28.760000228881836
2009-01-23,24.94611167907715,28.899999618530273,29.350000381469727,28.139999389648438,28.290000915527344,170164100,28.899999618530273
2009-01-26,25.12739372253418,29.110000610351562,29.59000015258789,28.75,28.940000534057617,140398700,29.110000610351562
2009-01-27,25.308650970458984,29.31999969482422,29.56999969482422,29.1200008392334,29.1200008392334,110591300,29.31999969482422
2009-01-28,26.197738647460938,30.350000381469727,30.649999618530273,29.809999465942383,29.809999465942383,139722800,30.350000381469727
2009-01-29,25.5330867767334,29.579999923706055,30.399999618530273,29.479999542236328,29.979999542236328,130731800,29.579999923706055
2009-01-30,25.084224700927734,29.059999465942383,29.93000030517578,28.940000534057617,29.799999237060547,140334200,29.059999465942383
2009-02-02,25.38633918762207,29.40999984741211,29.610000610351562,28.739999771118164,28.780000686645508,126796100,29.40999984741211
2009-02-03,25.783409118652344,29.8700008392334,30.43000030517578,29.030000686645508,29.469999313354492,120541100,29.8700008392334
2009-02-04,25.817930221557617,29.90999984741211,30.8700008392334,29.790000915527344,29.940000534057617,175780900,29.90999984741211
2009-02-05,26.387651443481445,30.56999969482422,30.770000457763672,29.459999084472656,29.479999542236328,217578900,30.56999969482422
2009-02-06,27.078195571899414,31.3700008392334,31.510000228881836,30.579999923706055,30.68000030517578,164513200,31.3700008392334
2009-02-09,27.190412521362305,31.5,31.670000076293945,31.190000534057617,31.389999389648438,98856900,31.5
2009-02-10,26.189104080200195,30.34000015258789,31.68000030517578,30.100000381469727,31.299999237060547,232795200,30.34000015258789
2009-02-11,26.06826400756836,30.200000762939453,30.530000686645508,29.729999542236328,30.3799991607666,169117200,30.200000762939453
2009-02-12,26.387651443481445,30.56999969482422,30.610000610351562,29.639999389648438,29.850000381469727,201151400,30.56999969482422
2009-02-13,26.266794204711914,30.43000030517578,30.780000686645508,30.290000915527344,30.479999542236328,145066700,30.43000030517578
2009-02-17,25.222335815429688,29.219999313354492,29.670000076293945,29.059999465942383,29.489999771118164,157783300,29.219999313354492
2009-02-18,25.23959732055664,29.239999771118164,29.670000076293945,28.8700008392334,29.40999984741211,161271900,29.239999771118164
2009-02-19,24.85116958618164,28.790000915527344,29.610000610351562,28.719999313354492,29.420000076293945,155322400,28.790000915527344
2009-02-20,24.920217514038086,28.8700008392334,29.149999618530273,28.389999389648438,28.469999313354492,210752400,28.8700008392334
2009-02-23,24.04840850830078,27.860000610351562,29.049999237060547,27.729999542236328,29.030000686645508,169473500,27.860000610351562
2009-02-24,24.84253692626953,28.780000686645508,28.979999542236328,27.959999084472656,28.010000228881836,181337300,28.780000686645508
2009-02-25,24.678524017333984,28.59000015258789,29.170000076293945,28.139999389648438,28.610000610351562,220224700,28.59000015258789
2009-02-26,23.987977981567383,27.790000915527344,28.950000762939453,27.700000762939453,28.780000686645508,211218500,27.790000915527344
2009-02-27,23.76355743408203,27.530000686645508,27.979999542236328,27.389999389648438,27.5,204492600,27.530000686645508
2009-03-02,22.995304107666016,26.639999389648438,27.510000228881836,26.469999313354492,27.1200008392334,188180400,26.639999389648438
2009-03-03,22.978052139282227,26.6200008392334,27.15999984741211,26.420000076293945,26.860000610351562,158758800,26.6200008392334
2009-03-04,23.590906143188477,27.329999923706055,27.709999084472656,26.920000076293945,27.010000228881836,164911000,27.329999923706055
2009-03-05,22.88310432434082,26.510000228881836,27.239999771118164,26.420000076293945,27.030000686645508,199626900,26.510000228881836
2009-03-06,22.701831817626953,26.299999237060547,26.809999465942383,25.709999084472656,26.649999618530273,218421600,26.299999237060547
2009-03-09,22.21844482421875,25.739999771118164,26.809999465942383,25.6299991607666,26.09000015258789,181098800,25.739999771118164
2009-03-10,23.590906143188477,27.329999923706055,27.389999389648438,26.15999984741211,26.25,175068200,27.329999923706055
2009-03-11,23.953453063964844,27.75,27.989999771118164,27.260000228881836,27.610000610351562,173094900,27.75
2009-03-12,24.747591018676758,28.670000076293945,28.760000228881836,27.440000534057617,27.729999542236328,184395100,28.670000076293945
2009-03-13,24.80801010131836,28.739999771118164,28.84000015258789,28.31999969482422,28.65999984741211,156783500,28.739999771118164
2009-03-16,24.39366912841797,28.260000228881836,28.979999542236328,28.190000534057617,28.93000030517578,190269800,28.260000228881836
2009-03-17,25.317293167114258,29.329999923706055,29.329999923706055,28.299999237060547,28.399999618530273,169773800,29.329999923706055
2009-03-18,25.636667251586914,29.700000762939453,30.200000762939453,29.079999923706055,29.209999084472656,208033900,29.700000762939453
2009-03-19,25.61939811706543,29.68000030517578,30.1299991607666,29.459999084472656,30.110000610351562,146753400,29.68000030517578
2009-03-20,25.22945785522461,29.18000030517578,30.030000686645508,28.979999542236328,29.690000534057617,149410800,29.18000030517578
2009-03-23,26.716598510742188,30.899999618530273,30.940000534057617,29.200000762939453,29.899999618530273,179499000,30.899999618530273
2009-03-24,26.223772048950195,30.329999923706055,30.8799991607666,30.309999465942383,30.639999389648438,118757600,30.329999923706055
2009-03-25,26.344816207885742,30.469999313354492,31.049999237060547,29.65999984741211,30.59000015258789,190555200,30.469999313354492
2009-03-26,27.157548904418945,31.40999984741211,31.459999084472656,30.420000076293945,30.799999237060547,182459500,31.40999984741211
2009-03-27,26.647432327270508,30.81999969482422,31.18000030517578,30.709999084472656,31.0,156108100,30.81999969482422
2009-03-30,25.990320205688477,30.059999465942383,30.31999969482422,29.6200008392334,30.299999237060547,162919700,30.059999465942383
2009-03-31,26.215120315551758,30.31999969482422,30.950000762939453,30.270000457763672,30.290000915527344,150243800,30.31999969482422
2009-04-01,26.604198455810547,30.770000457763672,30.8799991607666,29.790000915527344,29.940000534057617,137950000,30.770000457763672
2009-04-02,27.46017074584961,31.760000228881836,32.27000045776367,31.229999542236328,31.31999969482422,212272400,31.760000228881836
2009-04-03,27.970293045043945,32.349998474121094,32.400001525878906,31.829999923706055,32.09000015258789,134577300,32.349998474121094
2009-04-06,27.901121139526367,32.27000045776367,32.33000183105469,31.649999618530273,31.989999771118164,160413700,32.27000045776367
2009-04-07,27.166200637817383,31.420000076293945,31.920000076293945,31.209999084472656,31.920000076293945,147531200,31.420000076293945
2009-04-08,27.62444305419922,31.950000762939453,32.150001525878906,31.489999771118164,31.729999542236328,126126000,31.950000762939453
2009-04-09,28.480403900146484,32.939998626708984,33.0099983215332,32.43000030517578,32.54999923706055,131871500,32.939998626708984
2009-04-13,28.437185287475586,32.88999938964844,33.06999969482422,32.529998779296875,32.84000015258789,119310500,32.88999938964844
2009-04-14,28.091331481933594,32.4900016784668,32.880001068115234,32.27000045776367,32.689998626708984,124069000,32.4900016784668
2009-04-15,28.013519287109375,32.400001525878906,32.43000030517578,31.850000381469727,32.2599983215332,124808200,32.400001525878906
2009-04-16,28.739791870117188,33.2400016784668,33.43000030517578,32.5099983215332,32.849998474121094,171168000,33.2400016784668
2009-04-17,28.80031394958496,33.310001373291016,33.5,32.93000030517578,33.16999816894531,129835400,33.310001373291016
2009-04-20,27.875179290771484,32.2400016784668,32.81999969482422,32.060001373291016,32.709999084472656,123080500,32.2400016784668
2009-04-21,28.26426124572754,32.689998626708984,32.7400016784668,32.08000183105469,32.119998931884766,145490200,32.689998626708984
2009-04-22,28.350725173950195,32.790000915527344,33.529998779296875,32.38999938964844,32.5,165040500,32.790000915527344
2009-04-23,28.62740135192871,33.11000061035156,33.13999938964844,32.4900016784668,33.0,181666600,33.11000061035156
2009-04-24,29.12886619567871,33.689998626708984,33.93000030517578,33.06999969482422,33.34000015258789,141170000,33.689998626708984
2009-04-27,29.163455963134766,33.72999954223633,34.060001373291016,33.349998474121094,33.41999816894531,120749100,33.72999954223633
2009-04-28,28.94731903076172,33.47999954223633,33.90999984741211,33.36000061035156,33.52000045776367,108968000,33.47999954223633
2009-04-29,29.34502601623535,33.939998626708984,34.400001525878906,33.70000076293945,33.75,141413600,33.939998626708984
2009-04-30,29.639001846313477,34.279998779296875,34.900001525878906,34.040000915527344,34.38999938964844,144120400,34.279998779296875
2009-05-01,29.716812133789062,34.369998931884766,34.540000915527344,34.0099983215332,34.27000045776367,100112000,34.369998931884766
2009-05-04,30.30475425720215,35.04999923706055,35.09000015258789,34.52000045776367,34.68000030517578,119317400,35.04999923706055
2009-05-05,30.278818130493164,35.02000045776367,35.060001373291016,34.630001068115234,34.9900016784668,113569500,35.02000045776367
2009-05-06,30.287445068359375,35.029998779296875,35.34000015258789,34.459999084472656,35.290000915527344,178840500,35.029998779296875
2009-05-07,29.5784854888916,34.209999084472656,35.27000045776367,33.880001068115234,35.27000045776367,216484700,34.209999084472656
2009-05-08,29.59576416015625,34.22999954223633,34.7400016784668,33.880001068115234,34.470001220703125,183507300,34.22999954223633
2009-05-11,29.699522018432617,34.349998474121094,34.720001220703125,33.68000030517578,33.790000915527344,142775900,34.349998474121094
2009-05-12,29.336383819580078,33.93000030517578,34.47999954223633,33.52000045776367,34.41999816894531,147842200,33.93000030517578
2009-05-13,28.54958152770996,33.02000045776367,33.650001525878906,32.959999084472656,33.630001068115234,175548300,33.02000045776367
2009-05-14,28.869491577148438,33.38999938964844,33.70000076293945,33.08000183105469,33.099998474121094,140021700,33.38999938964844
2009-05-15,28.85219955444336,33.369998931884766,33.81999969482422,33.22999954223633,33.34000015258789,121326400,33.369998931884766
2009-05-18,29.60440444946289,34.2400016784668,34.279998779296875,33.38999938964844,33.599998474121094,114333400,34.2400016784668
2009-05-19,29.74274253845215,34.400001525878906,34.7400016784668,33.95000076293945,34.15999984741211,129086400,34.400001525878906
2009-05-20,29.639001846313477,34.279998779296875,35.040000915527344,34.18000030517578,34.529998779296875,131873700,34.279998779296875
2009-05-21,29.094297409057617,33.650001525878906,34.2599983215332,33.310001373291016,34.02000045776367,139253200,33.650001525878906
2009-05-22,28.999181747436523,33.540000915527344,33.970001220703125,33.31999969482422,33.779998779296875,83510600,33.540000915527344
2009-05-26,30.079954147338867,34.790000915527344,34.83000183105469,33.18000030517578,33.25,144857200,34.790000915527344
2009-05-27,29.872455596923828,34.54999923706055,35.189998626708984,34.43000030517578,34.689998626708984,121348800,34.54999923706055
2009-05-28,30.218290328979492,34.95000076293945,35.06999969482422,34.209999084472656,34.7599983215332,118931300,34.95000076293945
2009-05-29,30.590065002441406,35.380001068115234,35.5,34.7599983215332,34.970001220703125,111535700,35.380001068115234
2009-06-01,31.46332550048828,36.38999938964844,36.5,35.61000061035156,35.7599983215332,119126200,36.38999938964844
2009-06-02,31.506540298461914,36.439998626708984,36.790000915527344,36.11000061035156,36.189998626708984,126858600,36.439998626708984
2009-06-03,31.411449432373047,36.33000183105469,36.369998931884766,35.93000030517578,36.33000183105469,93329800,36.33000183105469
2009-06-04,31.76595115661621,36.7400016784668,36.790000915527344,36.34000015258789,36.40999984741211,89280600,36.7400016784668
2009-06-05,31.800533294677734,36.779998779296875,37.08000183105469,36.41999816894531,36.959999084472656,121958800,36.779998779296875
2009-06-08,31.705442428588867,36.66999816894531,36.95000076293945,36.119998931884766,36.54999923706055,89194100,36.66999816894531
2009-06-09,31.94751739501953,36.95000076293945,37.16999816894531,36.66999816894531,36.84000015258789,109187800,36.95000076293945
2009-06-10,31.83513069152832,36.81999969482422,37.16999816894531,36.290000915527344,37.15999984741211,133404700,36.81999969482422
2009-06-11,31.83513069152832,36.81999969482422,37.22999954223633,36.75,36.77000045776367,147909800,36.81999969482422
2009-06-12,31.688146591186523,36.650001525878906,36.720001220703125,36.20000076293945,36.66999816894531,109452500,36.650001525878906
2009-06-15,31.0396728515625,35.900001525878906,36.33000183105469,35.58000183105469,36.29999923706055,112152900,35.900001525878906
2009-06-16,30.737045288085938,35.54999923706055,36.189998626708984,35.52000045776367,36.040000915527344,110550300,35.54999923706055
2009-06-17,31.03101921081543,35.88999938964844,36.209999084472656,35.45000076293945,35.70000076293945,153421800,35.88999938964844
2009-06-18,30.97049331665039,35.81999969482422,36.060001373291016,35.56999969482422,35.83000183105469,126266700,35.81999969482422
2009-06-19,31.302947998046875,36.15999984741211,36.36000061035156,35.90999984741211,36.04999923706055,122044700,36.15999984741211
2009-06-22,30.367996215820312,35.08000183105469,35.88999938964844,35.02000045776367,35.83000183105469,137714900,35.08000183105469
2009-06-23,30.298744201660156,35.0,35.2599983215332,34.77000045776367,35.18000030517578,114903100,35.0
2009-06-24,30.80948829650879,35.59000015258789,35.869998931884766,35.279998779296875,35.29999923706055,103314600,35.59000015258789
2009-06-25,31.415464401245117,36.290000915527344,36.36000061035156,35.279998779296875,35.36000061035156,112538200,36.290000915527344
2009-06-26,31.484712600708008,36.369998931884766,36.5,36.04999923706055,36.119998931884766,87677300,36.369998931884766
2009-06-29,31.553966522216797,36.45000076293945,36.75,36.119998931884766,36.470001220703125,93817600,36.45000076293945
2009-06-30,31.493364334106445,36.380001068115234,36.72999954223633,36.11000061035156,36.54999923706055,97843000,36.380001068115234
2009-07-01,31.510684967041016,36.400001525878906,36.84000015258789,36.38999938964844,36.560001373291016,85976000,36.400001525878906
2009-07-02,30.81812858581543,35.599998474121094,36.099998474121094,35.5,36.09000015258789,113309800,35.599998474121094
2009-07-06,30.653654098510742,35.40999984741211,35.540000915527344,35.040000915527344,35.380001068115234,107632500,35.40999984741211
2009-07-07,29.89187240600586,34.529998779296875,35.4900016784668,34.5099983215332,35.41999816894531,149773000,34.529998779296875
2009-07-08,30.047691345214844,34.709999084472656,34.869998931884766,34.29999923706055,34.7400016784668,152776400,34.709999084472656
2009-07-09,30.09963035583496,34.77000045776367,35.0099983215332,34.650001525878906,34.84000015258789,97851500,34.77000045776367
2009-07-10,30.2294921875,34.91999816894531,35.13999938964844,34.560001373291016,34.66999816894531,108482000,34.91999816894531
2009-07-13,30.80948829650879,35.59000015258789,35.599998474121094,34.47999954223633,34.95000076293945,127140300,35.59000015258789
2009-07-14,30.922027587890625,35.720001220703125,35.790000915527344,35.400001525878906,35.54999923706055,115631700,35.720001220703125
2009-07-15,31.960859298706055,36.91999816894531,36.93000030517578,36.13999938964844,36.31999969482422,160869700,36.91999816894531
2009-07-16,32.341739654541016,37.36000061035156,37.439998626708984,36.720001220703125,36.75,120142500,37.36000061035156
2009-07-17,32.5148811340332,37.560001373291016,37.56999969482422,37.16999816894531,37.349998474121094,104906500,37.560001373291016
2009-07-20,32.826534271240234,37.91999816894531,38.0,37.61000061035156,37.7599983215332,97168800,37.91999816894531
2009-07-21,33.05160140991211,38.18000030517578,38.18000030517578,37.63999938964844,38.06999969482422,130587600,38.18000030517578
2009-07-22,33.328609466552734,38.5,38.689998626708984,38.130001068115234,38.209999084472656,113808600,38.5
2009-07-23,34.06443405151367,39.349998474121094,39.4900016784668,38.38999938964844,38.459999084472656,160239300,39.349998474121094
2009-07-24,33.80473327636719,39.04999923706055,39.369998931884766,38.779998779296875,38.93000030517578,109312300,39.04999923706055
2009-07-27,34.06443405151367,39.349998474121094,39.40999984741211,38.869998931884766,39.33000183105469,94718600,39.349998474121094
2009-07-28,33.83071517944336,39.08000183105469,39.59000015258789,38.93000030517578,39.18000030517578,111564300,39.08000183105469
2009-07-29,34.05577087402344,39.34000015258789,39.43000030517578,39.0,39.31999969482422,126538200,39.34000015258789
2009-07-30,34.2548828125,39.56999969482422,40.18000030517578,39.5099983215332,39.75,108969900,39.56999969482422
2009-07-31,34.150997161865234,39.45000076293945,39.849998474121094,39.40999984741211,39.56999969482422,78208300,39.45000076293945
2009-08-03,34.6617546081543,40.040000915527344,40.060001373291016,39.63999938964844,39.869998931884766,111722800,40.040000915527344
2009-08-04,34.6617546081543,40.040000915527344,40.189998626708984,39.77000045776367,39.849998474121094,100690800,40.040000915527344
2009-08-05,34.39339828491211,39.72999954223633,40.13999938964844,39.459999084472656,40.130001068115234,118093000,39.72999954223633
2009-08-06,34.09041976928711,39.380001068115234,39.93000030517578,39.2400016784668,39.81999969482422,116937500,39.380001068115234
2009-08-07,34.523250579833984,39.880001068115234,40.06999969482422,39.59000015258789,39.91999816894531,107442100,39.880001068115234
2009-08-10,34.280860900878906,39.599998474121094,39.849998474121094,39.34000015258789,39.7400016784668,87163200,39.599998474121094
2009-08-11,33.98652267456055,39.2599983215332,39.5,39.04999923706055,39.470001220703125,91922700,39.2599983215332
2009-08-12,34.51459884643555,39.869998931884766,40.220001220703125,39.20000076293945,39.22999954223633,147240000,39.869998931884766
2009-08-13,34.70504379272461,40.09000015258789,40.15999984741211,39.63999938964844,40.11000061035156,110107000,40.09000015258789
2009-08-14,34.30681228637695,39.630001068115234,39.959999084472656,39.279998779296875,39.869998931884766,124480200,39.630001068115234
2009-08-17,33.31131362915039,38.47999954223633,39.0099983215332,38.459999084472656,38.959999084472656,131797200,38.47999954223633
2009-08-18,33.78740310668945,39.029998779296875,39.11000061035156,38.61000061035156,38.720001220703125,84496200,39.029998779296875
2009-08-19,34.02116012573242,39.29999923706055,39.400001525878906,38.540000915527344,38.56999969482422,88036300,39.29999923706055
2009-08-20,34.419376373291016,39.7599983215332,39.84000015258789,39.20000076293945,39.279998779296875,81473500,39.7599983215332
2009-08-21,34.878177642822266,40.290000915527344,40.36000061035156,39.7400016784668,39.9900016784668,114660200,40.290000915527344
2009-08-24,34.84355545043945,40.25,40.56999969482422,40.099998474121094,40.36000061035156,109904900,40.25
2009-08-25,34.94743728637695,40.369998931884766,40.7599983215332,40.25,40.34000015258789,92900400,40.369998931884766
2009-08-26,34.88683319091797,40.29999923706055,40.599998474121094,40.08000183105469,40.279998779296875,96407500,40.29999923706055
2009-08-27,34.9734001159668,40.400001525878906,40.470001220703125,39.66999816894531,40.290000915527344,121957800,40.400001525878906
2009-08-28,35.00802993774414,40.439998626708984,41.08000183105469,40.15999984741211,40.900001525878906,114300900,40.439998626708984
2009-08-31,34.65311050415039,40.029998779296875,40.20000076293945,39.790000915527344,40.13999938964844,96415300,40.029998779296875
2009-09-01,34.003841400146484,39.279998779296875,40.59000015258789,39.15999984741211,39.88999938964844,162958900,39.279998779296875
2009-09-02,33.9778938293457,39.25,39.470001220703125,39.040000915527344,39.06999969482422,92757200,39.25
2009-09-03,34.20295333862305,39.5099983215332,39.56999969482422,39.02000045776367,39.439998626708984,76783100,39.5099983215332
2009-09-04,34.93876647949219,40.36000061035156,40.380001068115234,39.52000045776367,39.58000183105469,74866600,40.36000061035156
2009-09-08,35.267738342285156,40.7400016784668,40.779998779296875,40.459999084472656,40.68000030517578,71024400,40.7400016784668
2009-09-09,35.57072067260742,41.09000015258789,41.290000915527344,40.59000015258789,40.77000045776367,99280800,41.09000015258789
2009-09-10,35.9083366394043,41.47999954223633,41.529998779296875,41.0,41.11000061035156,99289100,41.47999954223633
2009-09-11,35.94295883178711,41.52000045776367,41.619998931884766,41.220001220703125,41.5099983215332,93868400,41.52000045776367
2009-09-14,36.08146667480469,41.68000030517578,41.709999084472656,41.209999084472656,41.25,90435600,41.68000030517578
2009-09-15,36.19401931762695,41.810001373291016,41.95000076293945,41.56999969482422,41.650001525878906,91594600,41.810001373291016
2009-09-16,36.72208023071289,42.41999816894531,42.47999954223633,41.84000015258789,42.0,96888500,42.41999816894531
2009-09-17,36.713417053222656,42.40999984741211,42.65999984741211,42.209999084472656,42.310001373291016,102169600,42.40999984741211
2009-09-18,36.774940490722656,42.439998626708984,42.619998931884766,42.209999084472656,42.540000915527344,87444200,42.439998626708984
2009-09-21,36.887596130371094,42.56999969482422,42.70000076293945,42.15999984741211,42.20000076293945,71351400,42.56999969482422
2009-09-22,36.956912994384766,42.650001525878906,42.83000183105469,42.439998626708984,42.810001373291016,75638400,42.650001525878906
2009-09-23,36.783599853515625,42.45000076293945,43.16999816894531,42.380001068115234,42.83000183105469,143924100,42.45000076293945
2009-09-24,36.45432662963867,42.06999969482422,42.689998626708984,41.77000045776367,42.619998931884766,111016400,42.06999969482422
2009-09-25,36.13371658325195,41.70000076293945,42.09000015258789,41.58000183105469,41.7599983215332,109216000,41.70000076293945
2009-09-28,36.74894714355469,42.40999984741211,42.65999984741211,41.88999938964844,41.93000030517578,84478500,42.40999984741211
2009-09-29,36.58430862426758,42.220001220703125,42.619998931884766,42.029998779296875,42.40999984741211,106686400,42.220001220703125
2009-09-30,36.61029815673828,42.25,42.599998474121094,41.599998474121094,42.38999938964844,173102700,42.25
2009-10-01,35.52716064453125,41.0,42.130001068115234,41.0,42.099998474121094,140119100,41.0
2009-10-02,35.423160552978516,40.880001068115234,41.25,40.720001220703125,40.720001220703125,145286400,40.880001068115234
2009-10-05,35.709129333496094,41.209999084472656,41.400001525878906,40.83000183105469,41.09000015258789,97054200,41.209999084472656
2009-10-06,36.341670989990234,41.939998626708984,42.13999938964844,41.41999816894531,41.439998626708984,124628000,41.939998626708984
2009-10-07,36.44564437866211,42.060001373291016,42.08000183105469,41.77000045776367,41.88999938964844,93787600,42.060001373291016
2009-10-08,36.601646423339844,42.2400016784668,42.619998931884766,42.13999938964844,42.310001373291016,107850400,42.2400016784668
2009-10-09,36.809600830078125,42.47999954223633,42.54999923706055,42.060001373291016,42.150001525878906,62828000,42.47999954223633
2009-10-12,36.887596130371094,42.56999969482422,42.869998931884766,42.279998779296875,42.650001525878906,53221900,42.56999969482422
2009-10-13,36.896240234375,42.58000183105469,42.75,42.369998931884766,42.529998779296875,70939300,42.58000183105469
2009-10-14,37.3988151550293,43.15999984741211,43.209999084472656,42.849998474121094,43.11000061035156,91004900,43.15999984741211
2009-10-15,37.31217956542969,43.060001373291016,43.119998931884766,42.869998931884766,42.93000030517578,85772800,43.060001373291016
2009-10-16,37.06955337524414,42.779998779296875,42.9900016784668,42.47999954223633,42.900001525878906,111859300,42.779998779296875
2009-10-19,37.442134857177734,43.209999084472656,43.27000045776367,42.59000015258789,42.810001373291016,83512000,43.209999084472656
2009-10-20,37.450809478759766,43.220001220703125,43.459999084472656,42.939998626708984,43.459999084472656,89847900,43.220001220703125
2009-10-21,37.38150405883789,43.13999938964844,43.81999969482422,43.060001373291016,43.209999084472656,110397400,43.13999938964844
2009-10-22,37.528804779052734,43.310001373291016,43.4900016784668,42.790000915527344,43.060001373291016,85871800,43.310001373291016
2009-10-23,37.37282943725586,43.130001068115234,43.72999954223633,43.02000045776367,43.72999954223633,117020400,43.130001068115234
2009-10-26,37.25151062011719,42.9900016784668,43.7599983215332,42.790000915527344,43.20000076293945,107068600,42.9900016784668
2009-10-27,36.68828582763672,42.34000015258789,43.11000061035156,42.18000030517578,42.93000030517578,121438200,42.34000015258789
2009-10-28,35.865081787109375,41.38999938964844,42.31999969482422,41.29999923706055,42.189998626708984,143553600,41.38999938964844
2009-10-29,36.47165298461914,42.09000015258789,42.189998626708984,41.540000915527344,41.630001068115234,85207600,42.09000015258789
2009-10-30,35.49249267578125,40.959999084472656,42.150001525878906,40.91999816894531,42.060001373291016,162796500,40.959999084472656
2009-11-02,35.63979721069336,41.130001068115234,41.56999969482422,40.63999938964844,41.0,142456600,41.130001068115234
2009-11-03,35.75246047973633,41.2599983215332,41.31999969482422,40.84000015258789,40.90999984741211,95107000,41.2599983215332
2009-11-04,35.8130989074707,41.33000183105469,41.869998931884766,41.279998779296875,41.529998779296875,107970600,41.33000183105469
2009-11-05,36.69695281982422,42.349998474121094,42.400001525878906,41.779998779296875,41.810001373291016,135204800,42.349998474121094
2009-11-06,36.913578033447266,42.599998474121094,42.650001525878906,42.08000183105469,42.119998931884766,96312300,42.599998474121094
2009-11-09,37.70211410522461,43.5099983215332,43.52000045776367,42.880001068115234,42.93000030517578,101620800,43.5099983215332
2009-11-10,37.797401428222656,43.619998931884766,43.77000045776367,43.400001525878906,43.459999084472656,72846500,43.619998931884766
2009-11-11,38.0400390625,43.900001525878906,44.13999938964844,43.61000061035156,43.95000076293945,84676200,43.900001525878906
2009-11-12,37.82341384887695,43.650001525878906,44.15999984741211,43.54999923706055,43.93000030517578,92426100,43.650001525878906
2009-11-13,38.135372161865234,44.0099983215332,44.13999938964844,43.630001068115234,43.779998779296875,87959500,44.0099983215332
2009-11-16,38.52529525756836,44.459999084472656,44.650001525878906,44.119998931884766,44.20000076293945,87776100,44.459999084472656
2009-11-17,38.64661407470703,44.599998474121094,44.599998474121094,44.25,44.34000015258789,81884000,44.599998474121094
2009-11-18,38.429969787597656,44.349998474121094,44.4900016784668,44.04999923706055,44.459999084472656,100240800,44.349998474121094
2009-11-19,37.83208084106445,43.65999984741211,44.08000183105469,43.349998474121094,44.04999923706055,114558000,43.65999984741211
2009-11-20,37.6414680480957,43.439998626708984,43.54999923706055,43.279998779296875,43.43000030517578,70912100,43.439998626708984
2009-11-23,38.24801254272461,44.13999938964844,44.400001525878906,43.86000061035156,43.88999938964844,91621500,44.13999938964844
2009-11-24,38.1180419921875,43.9900016784668,44.150001525878906,43.72999954223633,44.119998931884766,60670000,43.9900016784668
2009-11-25,38.282676696777344,44.18000030517578,44.220001220703125,44.0099983215332,44.13999938964844,37630100,44.18000030517578
2009-11-27,37.70211410522461,43.5099983215332,43.83000183105469,42.900001525878906,42.970001220703125,61230000,43.5099983215332
2009-11-30,37.74544143676758,43.560001373291016,43.619998931884766,43.11000061035156,43.40999984741211,84819400,43.560001373291016
2009-12-01,38.135372161865234,44.0099983215332,44.29999923706055,43.880001068115234,43.88999938964844,81817800,44.0099983215332
2009-12-02,38.18735885620117,44.06999969482422,44.4900016784668,43.97999954223633,44.15999984741211,81653600,44.06999969482422
2009-12-03,38.031394958496094,43.88999938964844,44.5,43.880001068115234,44.22999954223633,72460400,43.88999938964844
2009-12-04,38.23067855834961,44.119998931884766,44.72999954223633,43.65999984741211,44.45000076293945,125062600,44.119998931884766
2009-12-07,38.04872512817383,43.90999984741211,44.290000915527344,43.81999969482422,44.09000015258789,67471900,43.90999984741211
2009-12-08,37.81475830078125,43.63999938964844,44.0,43.36000061035156,43.65999984741211,86621400,43.63999938964844
2009-12-09,38.19602966308594,44.08000183105469,44.119998931884766,43.31999969482422,43.599998474121094,78820500,44.08000183105469
2009-12-10,38.38665771484375,44.29999923706055,44.540000915527344,44.2400016784668,44.27000045776367,76722400,44.29999923706055
2009-12-11,38.23935317993164,44.130001068115234,44.59000015258789,43.95000076293945,44.540000915527344,66643700,44.130001068115234
2009-12-14,38.603271484375,44.54999923706055,44.599998474121094,44.189998626708984,44.43000030517578,47965500,44.54999923706055
2009-12-15,38.38665771484375,44.29999923706055,44.66999816894531,44.16999816894531,44.40999984741211,61171100,44.29999923706055
2009-12-16,38.438636779785156,44.36000061035156,44.70000076293945,44.290000915527344,44.470001220703125,61629700,44.36000061035156
2009-12-17,37.970726013183594,43.81999969482422,44.209999084472656,43.7599983215332,44.15999984741211,90440900,43.81999969482422
2009-12-18,38.58958053588867,44.459999084472656,44.47999954223633,44.0,44.15999984741211,96442600,44.459999084472656
2009-12-21,39.02356719970703,44.959999084472656,45.130001068115234,44.66999816894531,44.689998626708984,82357400,44.959999084472656
2009-12-22,39.25791549682617,45.22999954223633,45.290000915527344,45.029998779296875,45.11000061035156,51569100,45.22999954223633
2009-12-23,39.54436111450195,45.560001373291016,45.56999969482422,45.209999084472656,45.31999969482422,73932200,45.560001373291016
2009-12-24,39.90887451171875,45.97999954223633,45.97999954223633,45.599998474121094,45.61000061035156,31770400,45.97999954223633
2009-12-28,40.117191314697266,46.220001220703125,46.29999923706055,45.939998626708984,46.09000015258789,49381400,46.220001220703125
2009-12-29,39.952293395996094,46.029998779296875,46.25,45.9900016784668,46.22999954223633,32410200,46.029998779296875
2009-12-30,40.07380676269531,46.16999816894531,46.2599983215332,45.959999084472656,45.97999954223633,57612700,46.16999816894531
2009-12-31,39.70926284790039,45.75,46.279998779296875,45.75,46.2599983215332,50079200,45.75
2010-01-04,40.29079818725586,46.41999816894531,46.4900016784668,46.27000045776367,46.33000183105469,62822800,46.41999816894531
2010-01-05,40.29079818725586,46.41999816894531,46.5,46.15999984741211,46.38999938964844,62935600,46.41999816894531
2010-01-06,40.04775619506836,46.13999938964844,46.54999923706055,46.06999969482422,46.400001525878906,96033000,46.13999938964844
2010-01-07,40.07380676269531,46.16999816894531,46.27000045776367,45.91999816894531,46.209999084472656,77094100,46.16999816894531
2010-01-08,40.403629302978516,46.54999923706055,46.54999923706055,45.93000030517578,46.06999969482422,88886600,46.54999923706055
2010-01-11,40.23870849609375,46.36000061035156,46.63999938964844,46.119998931884766,46.61000061035156,104673400,46.36000061035156
2010-01-12,39.73529052734375,45.779998779296875,46.13999938964844,45.529998779296875,46.08000183105469,90673900,45.779998779296875
2010-01-13,40.23003387451172,46.349998474121094,46.4900016784668,45.61000061035156,45.91999816894531,100661000,46.349998474121094
2010-01-14,40.26474380493164,46.38999938964844,46.52000045776367,46.220001220703125,46.2599983215332,75209000,46.38999938964844
2010-01-15,39.796043395996094,45.849998474121094,46.54999923706055,45.650001525878906,46.470001220703125,126849300,45.849998474121094
2010-01-19,40.438350677490234,46.59000015258789,46.63999938964844,45.95000076293945,45.959999084472656,84388200,46.59000015258789
2010-01-20,39.856807708740234,45.91999816894531,46.599998474121094,45.43000030517578,46.2599983215332,145680000,45.91999816894531
2010-01-21,39.48359680175781,45.4900016784668,46.349998474121094,45.29999923706055,46.04999923706055,204939600,45.4900016784668
2010-01-22,38.32918930053711,44.15999984741211,45.47999954223633,44.040000915527344,45.34000015258789,171098700,44.15999984741211
2010-01-25,38.45938491821289,44.310001373291016,44.599998474121094,44.119998931884766,44.43000030517578,154218700,44.310001373291016
2010-01-26,38.49409484863281,44.349998474121094,44.88999938964844,44.04999923706055,44.2599983215332,140816500,44.349998474121094
2010-01-27,38.79789733886719,44.70000076293945,44.849998474121094,44.0099983215332,44.27000045776367,161632700,44.70000076293945
2010-01-28,37.79972839355469,43.54999923706055,44.43000030517578,43.31999969482422,44.400001525878906,221439800,43.54999923706055
2010-01-29,37.140106201171875,42.790000915527344,44.02000045776367,42.630001068115234,43.90999984741211,212099600,42.790000915527344
2010-02-01,37.54802703857422,43.2599983215332,43.279998779296875,42.880001068115234,42.900001525878906,136827100,43.2599983215332
2010-02-02,37.88653564453125,43.650001525878906,43.779998779296875,43.029998779296875,43.33000183105469,110727700,43.650001525878906
2010-02-03,38.0948600769043,43.88999938964844,43.970001220703125,43.41999816894531,43.439998626708984,93581600,43.88999938964844
2010-02-04,36.992530822753906,42.619998931884766,43.65999984741211,42.619998931884766,43.56999969482422,151652500,42.619998931884766
2010-02-05,37.30500030517578,42.97999954223633,43.02000045776367,42.119998931884766,42.72999954223633,213618600,42.97999954223633
2010-02-08,37.035926818847656,42.66999816894531,43.18000030517578,42.63999938964844,42.90999984741211,94354400,42.66999816894531
2010-02-09,37.41781234741211,43.11000061035156,43.5099983215332,42.7599983215332,43.18000030517578,118956000,43.11000061035156
2010-02-10,37.33972930908203,43.02000045776367,43.310001373291016,42.75,43.11000061035156,94102900,43.02000045776367
