date,Open,High,Low,Close,Adj Close
2010-02-11,0.20343799889087677,0.21744799613952637,0.20278599858283997,0.21627600491046906,0.20605529844760895
2010-02-12,0.21039099991321564,0.21903599798679352,0.2091670036315918,0.21716099977493286,0.20689846575260162
2010-02-16,0.22226600348949432,0.22609399259090424,0.21877600252628326,0.22557300329208374,0.21491295099258423
2010-02-17,0.22859400510787964,0.22945299744606018,0.2251559942960739,0.22940100729465485,0.21856006979942322
2010-02-18,0.22916699945926666,0.23512999713420868,0.22778600454330444,0.23375000059604645,0.22270351648330688
2010-02-19,0.2321610003709793,0.2367970049381256,0.2303909957408905,0.23375000059604645,0.22270351648330688
2010-02-22,0.2365099936723709,0.2365099936723709,0.22947899997234344,0.23210899531841278,0.221140056848526
2010-02-23,0.2308329939842224,0.23208299279212952,0.21997399628162384,0.22304700314998627,0.21250632405281067
2010-02-24,0.22697900235652924,0.23242199420928955,0.2257550060749054,0.22979199886322021,0.21893255412578583
2010-02-25,0.22244800627231598,0.23122400045394897,0.21799500286579132,0.2296610027551651,0.21880775690078735
2010-02-26,0.22898399829864502,0.2334900051355362,0.22671900689601898,0.2325260043144226,0.22153736650943756
2010-03-01,0.2354689985513687,0.24348999559879303,0.2354689985513687,0.24250000715255737,0.23104000091552734
2010-03-02,0.24463500082492828,0.24921900033950806,0.2433069944381714,0.2439579963684082,0.23242907226085663
2010-03-03,0.24669300019741058,0.2488279938697815,0.24294300377368927,0.24531300365924835,0.23372004926204681
2010-03-04,0.2461719959974289,0.24835899472236633,0.24234400689601898,0.24802100658416748,0.23630009591579437
2010-03-05,0.2533070147037506,0.26012998819351196,0.25195300579071045,0.2589839994907379,0.2467450052499771
2010-03-08,0.2592189908027649,0.2622399926185608,0.2592189908027649,0.26036500930786133,0.24806079268455505
2010-03-09,0.2589319944381714,0.2690359950065613,0.25872400403022766,0.2649739980697632,0.25245195627212524
2010-03-10,0.2653389871120453,0.2730729877948761,0.26515600085258484,0.2714579999446869,0.25862953066825867
2010-03-11,0.2698180079460144,0.27434900403022766,0.26802098751068115,0.2739579975605011,0.26101136207580566
2010-03-12,0.276978999376297,0.276978999376297,0.2714320123195648,0.27458301186561584,0.2616068720817566
2010-03-15,0.2727600038051605,0.2746089994907379,0.26692700386047363,0.27273398637771606,0.25984519720077515
2010-03-16,0.2754170000553131,0.2786720097064972,0.2725520133972168,0.27789101004600525,0.26475846767425537
2010-03-17,0.2786720097064972,0.2837759852409363,0.2775000035762787,0.27981799840927124,0.26659446954727173
2010-03-18,0.28078100085258484,0.2835420072078705,0.27893200516700745,0.2826560139656067,0.2692983150482178
2010-03-19,0.2776559889316559,0.2857550084590912,0.2746880054473877,0.2776559889316559,0.264534592628479
2010-03-22,0.2744010090827942,0.2884899973869324,0.2733590006828308,0.2851560115814209,0.27168020606040955
2010-03-23,0.28710898756980896,0.29174500703811646,0.2826560139656067,0.2911199927330017,0.27736231684684753
2010-03-24,0.2890630066394806,0.28968799114227295,0.2851560115814209,0.28697898983955383,0.27341702580451965
2010-03-25,0.29398399591445923,0.29705700278282166,0.2849479913711548,0.28518199920654297,0.2717049717903137
2010-03-26,0.28924500942230225,0.2921609878540039,0.28216099739074707,0.28666698932647705,0.2731197774410248
2010-03-29,0.2909899950027466,0.2935679852962494,0.2884640097618103,0.29059898853302,0.27686595916748047
2010-03-30,0.29299500584602356,0.29617199301719666,0.2876819968223572,0.2936460077762604,0.27976900339126587
2010-03-31,0.2903650104999542,0.29427099227905273,0.2876819968223572,0.28968799114227295,0.27599799633026123
2010-04-01,0.29291701316833496,0.29851600527763367,0.28262999653816223,0.2891150116920471,0.27545204758644104
2010-04-05,0.29122400283813477,0.299219012260437,0.2890630066394806,0.2974739968776703,0.2834160625934601
2010-04-06,0.29520800709724426,0.30244800448417664,0.2933329939842224,0.2997399866580963,0.2855750024318695
2010-04-07,0.2987239956855774,0.3019790053367615,0.292838990688324,0.2980470061302185,0.28396204113960266
2010-04-08,0.2950260043144226,0.3008590042591095,0.2905209958553314,0.29911500215530396,0.28497952222824097
2010-04-09,0.3001039922237396,0.30523398518562317,0.29778599739074707,0.30450499057769775,0.29011476039886475
2010-04-12,0.30554699897766113,0.3080730140209198,0.30354198813438416,0.3057290017604828,0.2912810146808624
2010-04-13,0.3047400116920471,0.31083300709724426,0.3019790053367615,0.3103390038013458,0.29567310214042664
2010-04-14,0.314765989780426,0.32153600454330444,0.3141149878501892,0.3212760090827942,0.3060932457447052
2010-04-15,0.32093799114227295,0.32677099108695984,0.32065099477767944,0.32557299733161926,0.3101871609687805
2010-04-16,0.32213500142097473,0.32528600096702576,0.3079429864883423,0.3139840066432953,0.29914572834968567
2010-04-19,0.31104201078414917,0.31635400652885437,0.30208298563957214,0.31349000334739685,0.2986751198768616
2010-04-20,0.31835898756980896,0.3203130066394806,0.31239598989486694,0.31812500953674316,0.3030911087989807
2010-04-21,0.3245829939842224,0.32648399472236633,0.31770798563957214,0.32372400164604187,0.30842551589012146
2010-04-22,0.3142710030078888,0.3296090066432953,0.3089059889316559,0.32851600646972656,0.31299102306365967
2010-04-23,0.32882800698280334,0.33390599489212036,0.3249480128288269,0.33286499977111816,0.3171345591545105
2010-04-26,0.33309900760650635,0.33559900522232056,0.3287760019302368,0.330390989780426,0.3147774636745453
2010-04-27,0.32718798518180847,0.33067700266838074,0.30729201436042786,0.3100000023841858,0.2953501343727112
2010-04-28,0.314765989780426,0.3150779902935028,0.3032029867172241,0.3107289969921112,0.2960447072982788
2010-04-29,0.31505200266838074,0.32815098762512207,0.3150259852409363,0.3265889883041382,0.31115514039993286
2010-04-30,0.32609400153160095,0.32763001322746277,0.3065359890460968,0.307343989610672,0.2928195893764496
2010-05-03,0.3109380006790161,0.3245309889316559,0.31085899472236633,0.31989601254463196,0.30477845668792725
2010-05-04,0.3077859878540039,0.30781298875808716,0.2846609950065613,0.29161500930786133,0.2778339982032776
2010-05-05,0.28247401118278503,0.2919529974460602,0.27708300948143005,0.28682300448417664,0.2732684314250946
2010-05-06,0.28091099858283997,0.2890099883079529,0.17708300054073334,0.25872400403022766,0.24649731814861298
2010-05-07,0.25187501311302185,0.2612760066986084,0.22320300340652466,0.2398959994316101,0.22855906188488007
2010-05-10,0.2701820135116577,0.27648401260375977,0.2686980068683624,0.27567699551582336,0.2626491189002991
2010-05-11,0.267890989780426,0.28645798563957214,0.26632800698280334,0.2754949927330017,0.26247575879096985
2010-05-12,0.2792710065841675,0.29093798995018005,0.2782289981842041,0.29033899307250977,0.27661824226379395
2010-05-13,0.28755199909210205,0.29359400272369385,0.27546900510787964,0.277213990688324,0.26411351561546326
2010-05-14,0.2704170048236847,0.270781010389328,0.25130200386047363,0.2601560056209564,0.24786166846752167
2010-05-17,0.2626819908618927,0.2665889859199524,0.24687500298023224,0.26367199420928955,0.2512114346027374
2010-05-18,0.27010399103164673,0.27161499857902527,0.24895800650119781,0.2535940110683441,0.24160975217819214
2010-05-19,0.24921900033950806,0.25520798563957214,0.23809899389743805,0.2469010055065155,0.23523303866386414
2010-05-20,0.2319529950618744,0.23362000286579132,0.21731799840927124,0.2219270020723343,0.21143923699855804
2010-05-21,0.20841099321842194,0.2305469959974289,0.20619800686836243,0.22364600002765656,0.21307702362537384
2010-05-24,0.2248699963092804,0.2332029938697815,0.22289100289344788,0.22549499571323395,0.2148386538028717
2010-05-25,0.20874999463558197,0.22460900247097015,0.20208300650119781,0.2239059954881668,0.21332469582557678
2010-05-26,0.2273699939250946,0.23671899735927582,0.21531300246715546,0.2169789969921112,0.20672504603862762
2010-05-27,0.2314320057630539,0.2410680055618286,0.22955699265003204,0.24046899378299713,0.22910498082637787
2010-05-28,0.24205699563026428,0.24273400008678436,0.2304690033197403,0.2371090054512024,0.22590376436710358
2010-06-01,0.234608992934227,0.24671900272369385,0.22916699945926666,0.2305469959974289,0.21965187788009644
2010-06-02,0.234375,0.24677099287509918,0.22937500476837158,0.24677099287509918,0.23510916531085968
2010-06-03,0.2485940009355545,0.2545830011367798,0.24390600621700287,0.2531769871711731,0.24121244251728058
2010-06-04,0.23729200661182404,0.2467450052499771,0.22484399378299713,0.2281769961118698,0.21739386022090912
2010-06-07,0.2303909957408905,0.23291699588298798,0.21458299458026886,0.21494799852371216,0.20479004085063934
2010-06-08,0.21648399531841278,0.21791699528694153,0.20523400604724884,0.21375000476837158,0.2036486566066742
2010-06-09,0.21807299554347992,0.2241930067539215,0.20664100348949432,0.2090359926223755,0.19915743172168732
2010-06-10,0.2163279950618744,0.22682300209999084,0.2145570069551468,0.22638000547885895,0.215681791305542
2010-06-11,0.2193489968776703,0.2332029938697815,0.2193489968776703,0.23229199647903442,0.22131438553333282
2010-06-14,0.23919300734996796,0.24377599358558655,0.23148399591445923,0.23242199420928955,0.22143827378749847
2010-06-15,0.23627600073814392,0.25210899114608765,0.23557299375534058,0.2494010031223297,0.23761487007141113
2010-06-16,0.2491929978132248,0.2578130066394806,0.24796900153160095,0.2544269859790802,0.24240341782569885
2010-06-17,0.2584109902381897,0.25880199670791626,0.2503649890422821,0.25697898864746094,0.24483470618724823
2010-06-18,0.25830700993537903,0.26286500692367554,0.2551040053367615,0.2576819956302643,0.24550454318523407
2010-06-21,0.26708298921585083,0.26822900772094727,0.24666699767112732,0.25091099739074707,0.23905350267887115
2010-06-22,0.25380200147628784,0.25932300090789795,0.24369800090789795,0.24497400224208832,0.23339709639549255
2010-06-23,0.2458849996328354,0.24841099977493286,0.23619799315929413,0.24169300496578217,0.23027116060256958
2010-06-24,0.2388020008802414,0.24088500440120697,0.22864599525928497,0.22997400164604187,0.21910595893859863
2010-06-25,0.2329690009355545,0.23557299375534058,0.22492200136184692,0.22981800138950348,0.2189573496580124
2010-06-28,0.23000000417232513,0.23343800008296967,0.22281299531459808,0.22776000201702118,0.21699661016464233
2010-06-29,0.217057004570961,0.21744799613952637,0.1963540017604828,0.20234400033950806,0.19278167188167572
2010-06-30,0.19932299852371216,0.20502600073814392,0.1907549947500229,0.19234399497509003,0.18325425684452057
2010-07-01,0.1934109926223755,0.1950259953737259,0.1793230026960373,0.19046899676322937,0.18146787583827972
2010-07-02,0.1909639984369278,0.1931769996881485,0.1835940033197403,0.18942700326442719,0.18047510087490082
2010-07-06,0.19666700065135956,0.20028600096702576,0.18562500178813934,0.19041700661182404,0.18141832947731018
2010-07-07,0.19205699861049652,0.20898400247097015,0.19158899784088135,0.20841099321842194,0.19856195151805878
2010-07-08,0.21341100335121155,0.21424500644207,0.20458300411701202,0.21192699670791626,0.2019118219614029
2010-07-09,0.2113800048828125,0.21875,0.21026000380516052,0.2178650051355362,0.2075691819190979
2010-07-12,0.217057004570961,0.2236199975013733,0.2157289981842041,0.22033900022506714,0.2099262923002243
2010-07-13,0.22549499571323395,0.23078100383281708,0.22062499821186066,0.22786499559879303,0.21709664165973663
2010-07-14,0.22981800138950348,0.23539100587368011,0.2268490046262741,0.2315099984407425,0.22056937217712402
2010-07-15,0.2305469959974289,0.23434899747371674,0.22304700314998627,0.2323179990053177,0.2213391810655594
2010-07-16,0.23028600215911865,0.23057299852371216,0.21260400116443634,0.21362000703811646,0.20352481305599213
2010-07-19,0.2148440033197403,0.21979199349880219,0.20966100692749023,0.21843799948692322,0.2081151306629181
2010-07-20,0.20760400593280792,0.22624999284744263,0.20593799650669098,0.22533899545669556,0.2146899551153183
2010-07-21,0.2338539958000183,0.2338539958000183,0.21599000692367554,0.21744799613952637,0.20717187225818634
2010-07-22,0.22593800723552704,0.2365889996290207,0.22593800723552704,0.23210899531841278,0.221140056848526
2010-07-23,0.2288540005683899,0.23843799531459808,0.22757799923419952,0.23815099895000458,0.22689656913280487
2010-07-26,0.23919300734996796,0.24406300485134125,0.2358590066432953,0.24338500201702118,0.2318831980228424
2010-07-27,0.2469789981842041,0.24807299673557281,0.2402859926223755,0.24333299696445465,0.23183362185955048
2010-07-28,0.2428389936685562,0.2458849996328354,0.23515599966049194,0.2383590042591095,0.22709468007087708
2010-07-29,0.2416670024394989,0.2432290017604828,0.2253129929304123,0.232682004570961,0.2216859757900238
2010-07-30,0.22677099704742432,0.2381249964237213,0.22268199920654297,0.23427100479602814,0.22319988906383514
2010-08-02,0.24294300377368927,0.24869799613952637,0.24026000499725342,0.24687500298023224,0.23520827293395996
2010-08-03,0.24640600383281708,0.247188001871109,0.24046899378299713,0.2443230003118515,0.23277686536312103
2010-08-04,0.24752600491046906,0.2520830035209656,0.2443230003118515,0.25137999653816223,0.23950031399726868
2010-08-05,0.24760399758815765,0.25078099966049194,0.24463500082492828,0.24989600479602814,0.2380865067243576
2010-08-06,0.24091100692749023,0.24979199469089508,0.2373179942369461,0.24872399866580963,0.23696987330913544
2010-08-09,0.2521350085735321,0.25520798563957214,0.2489060014486313,0.2530730068683624,0.2411133348941803
2010-08-10,0.24739600718021393,0.2511720061302185,0.2409379929304123,0.24770799279212952,0.2360019087791443
2010-08-11,0.23455700278282166,0.23471400141716003,0.22372399270534515,0.22731800377368927,0.216575488448143
2010-08-12,0.21369799971580505,0.22403599321842194,0.21242199838161469,0.22091099619865417,0.2104712277650833
2010-08-13,0.21908900141716003,0.22158899903297424,0.21650999784469604,0.21650999784469604,0.2062782496213913
2010-08-16,0.21328100562095642,0.22210900485515594,0.21054700016975403,0.21773399412631989,0.20744438469409943
2010-08-17,0.22260400652885437,0.23184899985790253,0.22130200266838074,0.22601599991321564,0.21533502638339996
2010-08-18,0.2248699963092804,0.23262999951839447,0.2222920060157776,0.22804699838161469,0.21727003157138824
2010-08-19,0.22481800615787506,0.22713500261306763,0.21380199491977692,0.21966099739074707,0.20928028225898743
2010-08-20,0.21744799613952637,0.22057299315929413,0.21356800198554993,0.2189060002565384,0.2085610181093216
2010-08-23,0.22380200028419495,0.22513000667095184,0.2125519961118698,0.21286499500274658,0.20280547440052032
2010-08-24,0.20591099560260773,0.20744800567626953,0.19817699491977692,0.20065100491046906,0.19116869568824768
2010-08-25,0.19674499332904816,0.20914100110530853,0.19578100740909576,0.2066670060157776,0.1969004124403
2010-08-26,0.2093230038881302,0.20966100692749023,0.19856800138950348,0.19992199540138245,0.19047415256500244
2010-08-27,0.20341099798679352,0.20742200314998627,0.19114600121974945,0.20653599500656128,0.19677554070949554
2010-08-30,0.203358992934227,0.2088019996881485,0.19979199767112732,0.19984400272369385,0.19039982557296753
2010-08-31,0.19687500596046448,0.2030470073223114,0.19403600692749023,0.198853999376297,0.18945665657520294
2010-09-01,0.2065100073814392,0.21752600371837616,0.2062239944934845,0.21552099287509918,0.20533597469329834
2010-09-02,0.21684899926185608,0.22291700541973114,0.2152079939842224,0.22291700541973114,0.2123824656009674
2010-09-03,0.22968800365924835,0.23427100479602814,0.22731800377368927,0.23427100479602814,0.22319988906383514
2010-09-07,0.2311200052499771,0.23390600085258484,0.22807300090789795,0.22856800258159637,0.2177664041519165
2010-09-08,0.2311200052499771,0.24044300615787506,0.2311200052499771,0.23664100468158722,0.22545787692070007
2010-09-09,0.24401000142097473,0.2444009929895401,0.238646000623703,0.23963500559329987,0.22831042110919952
2010-09-10,0.2413800060749054,0.2435159981250763,0.23744800686836243,0.24221399426460266,0.23076753318309784
2010-09-13,0.24854199588298798,0.2547140121459961,0.248307004570961,0.25289100408554077,0.2409399151802063
2010-09-14,0.2518230080604553,0.25999999046325684,0.2503649890422821,0.2560940086841583,0.24399152398109436
2010-09-15,0.2540630102157593,0.2617189884185791,0.252005010843277,0.2604430019855499,0.24813507497310638
2010-09-16,0.26028600335121155,0.26455700397491455,0.2575260102748871,0.26411500573158264,0.25163355469703674
2010-09-17,0.26950499415397644,0.26950499415397644,0.2628909945487976,0.26692700386047363,0.254312664270401
2010-09-20,0.2699219882488251,0.2822659909725189,0.26898398995399475,0.28083300590515137,0.2675614655017853
2010-09-21,0.28106799721717834,0.28645798563957214,0.276978999376297,0.27994799613952637,0.2667182683944702
2010-09-22,0.2768230140209198,0.28408899903297424,0.2739579975605011,0.27862000465393066,0.2654530107975006
2010-09-23,0.2729170024394989,0.2861979901790619,0.27208301424980164,0.277785986661911,0.2646584212779999
2010-09-24,0.28770801424980164,0.2953130006790161,0.286327987909317,0.29351601004600525,0.2796451151371002
2010-09-27,0.294869989156723,0.29640600085258484,0.2893489897251129,0.2901560068130493,0.2764439880847931
2010-09-28,0.2928909957408905,0.2928909957408905,0.2762500047683716,0.29088500142097473,0.27713844180107117
2010-09-29,0.28859400749206543,0.2925260066986084,0.285286009311676,0.2885420024394989,0.274906188249588
2010-09-30,0.29291701316833496,0.2980729937553406,0.278984010219574,0.2846350073814392,0.2711837589740753
2010-10-01,0.29130199551582336,0.29247400164604187,0.2795569896697998,0.2837499976158142,0.27034062147140503
2010-10-04,0.28091099858283997,0.28380200266838074,0.26947900652885437,0.27390599250793457,0.2609618008136749
2010-10-05,0.2836199998855591,0.2957029938697815,0.2831510007381439,0.2942970097064972,0.28038910031318665
2010-10-06,0.29307299852371216,0.29492199420928955,0.2810159921646118,0.2867969870567322,0.27324360609054565
2010-10-07,0.29166701436042786,0.2918750047683716,0.2826560139656067,0.28960898518562317,0.2759227156639099
2010-10-08,0.29012998938560486,0.2975519895553589,0.28421899676322937,0.29544299840927124,0.2814810574054718
2010-10-11,0.2962760031223297,0.30015599727630615,0.29335901141166687,0.29604199528694153,0.28205177187919617
2010-10-12,0.2940889894962311,0.30377599596977234,0.2871609926223755,0.3021880090236664,0.28790727257728577
2010-10-13,0.30776000022888184,0.313306987285614,0.30515599250793457,0.30953100323677063,0.2949032485485077
2010-10-14,0.30989599227905273,0.311693012714386,0.30309900641441345,0.30781298875808716,0.2932664155960083
2010-10-15,0.3188279867172241,0.3274480104446411,0.31171900033950806,0.3274480104446411,0.3119736313819885
2010-10-18,0.3279690146446228,0.33080700039863586,0.3239319920539856,0.3274480104446411,0.3119736313819885
2010-10-19,0.3144789934158325,0.32197898626327515,0.30684900283813477,0.314426988363266,0.29956790804862976
2010-10-20,0.3174999952316284,0.3280470073223114,0.3155210018157959,0.3209640085697174,0.30579590797424316
2010-10-21,0.3274480104446411,0.3309899866580963,0.3138279914855957,0.3232029974460602,0.307929128408432
2010-10-22,0.32359400391578674,0.33023399114608765,0.32190099358558655,0.32950499653816223,0.3139333724975586
2010-10-25,0.33346399664878845,0.34018200635910034,0.33346399664878845,0.33450499176979065,0.3186970353126526
2010-10-26,0.329245001077652,0.33885401487350464,0.3253909945487976,0.3365100026130676,0.3206072747707367
2010-10-27,0.33221399784088135,0.34083300828933716,0.330390989780426,0.33997398614883423,0.3239075839519501
2010-10-28,0.3446879982948303,0.344870001077652,0.33382800221443176,0.3419269919395447,0.3257683515548706
2010-10-29,0.3418489992618561,0.3458069860935211,0.3398439884185791,0.340285986661911,0.32420486211776733
2010-11-01,0.34375,0.35070300102233887,0.33619800209999084,0.34106799960136414,0.3249499201774597
2010-11-02,0.3492709994316101,0.35424500703811646,0.3476560115814209,0.3514060080051422,0.33479931950569153
2010-11-03,0.353177011013031,0.3565889894962311,0.3435159921646118,0.35648399591445923,0.3396373987197876
2010-11-04,0.3689059913158417,0.37349000573158264,0.36632800102233887,0.3691149950027466,0.3516714572906494
2010-11-05,0.3700000047683716,0.3717710077762604,0.36640599370002747,0.3695569932460785,0.3520926237106323
2010-11-08,0.36768200993537903,0.37239599227905273,0.36502599716186523,0.3704949915409088,0.3529861569404602
2010-11-09,0.3757550120353699,0.3770569860935211,0.3599739968776703,0.36450499296188354,0.34727931022644043
2010-11-10,0.3664320111274719,0.3713800013065338,0.3578389883041382,0.3700779974460602,0.3525890111923218
2010-11-11,0.3528650104999542,0.3651300072669983,0.3485940098762512,0.36385399103164673,0.3466590940952301
2010-11-12,0.3578389883041382,0.36208298802375793,0.3374220132827759,0.34533900022506714,0.32901903986930847
2010-11-15,0.3512499928474426,0.35270801186561584,0.3412240147590637,0.34164100885391235,0.32549580931663513
2010-11-16,0.334322988986969,0.34018200635910034,0.3207550048828125,0.32468798756599426,0.30934399366378784
2010-11-17,0.3252600133419037,0.3326300084590912,0.32291701436042786,0.3277600109577179,0.3122708201408386
2010-11-18,0.3383069932460785,0.3497920036315918,0.33804699778556824,0.3429949879646301,0.32678577303886414
2010-11-19,0.34187498688697815,0.34635400772094727,0.33796900510787964,0.34380200505256653,0.32755476236343384
2010-11-22,0.339713990688324,0.3528650104999542,0.3383069932460785,0.3528650104999542,0.3361894190311432
2010-11-23,0.3424220085144043,0.34341099858283997,0.3302080035209656,0.33619800209999084,0.3203100860118866
2010-11-24,0.345755010843277,0.358568012714386,0.34533900022506714,0.3558329939842224,0.3390171229839325
2010-11-26,0.3496350049972534,0.3563019931316376,0.3475779891014099,0.35359400510787964,0.3368839621543884
2010-11-29,0.3476560115814209,0.3515630066394806,0.3357290029525757,0.3486720025539398,0.33219459652900696
2010-11-30,0.33760398626327515,0.3419789969921112,0.33164098858833313,0.3354170024394989,0.31956592202186584
2010-12-01,0.3508070111274719,0.36208298802375793,0.3502599895000458,0.35674500465393066,0.3398860991001129
2010-12-02,0.3583329916000366,0.36914101243019104,0.35742199420928955,0.36757799983024597,0.3502070903778076
2010-12-03,0.36315101385116577,0.371849000453949,0.36302098631858826,0.3706510066986084,0.3531349301338196
2010-12-06,0.370728999376297,0.37216100096702576,0.36700499057769775,0.3700000047683716,0.35251468420028687
2010-12-07,0.38367199897766113,0.3836979866027832,0.3696880042552948,0.3703390061855316,0.3528376817703247
2010-12-08,0.37400999665260315,0.3764060139656067,0.3667449951171875,0.37546899914741516,0.35772520303726196
2010-12-09,0.38174501061439514,0.38182300329208374,0.37239599227905273,0.37585899233818054,0.358096718788147
2010-12-10,0.37843799591064453,0.3844529986381531,0.37533900141716003,0.38374999165534973,0.36561480164527893
2010-12-13,0.3885680139064789,0.3885680139064789,0.3789060115814209,0.37924501299858093,0.3613227605819702
2010-12-14,0.3822399973869324,0.38601601123809814,0.37804698944091797,0.3808329999446869,0.36283570528030396
2010-12-15,0.3805209994316101,0.3876039981842041,0.37369799613952637,0.37695300579071045,0.359139084815979
2010-12-16,0.377344012260437,0.38682299852371216,0.375,0.3848179876804352,0.3666323721408844
2010-12-17,0.3860419988632202,0.38932299613952637,0.3839319944381714,0.3859899938106537,0.3677489757537842
2010-12-20,0.38802099227905273,0.3911460041999817,0.37864598631858826,0.3870309889316559,0.3687407970428467
2010-12-21,0.391510009765625,0.39359399676322937,0.38851600885391235,0.3934110105037689,0.3748193383216858
2010-12-22,0.39346399903297424,0.39544299244880676,0.3918229937553406,0.39382800459861755,0.37521663308143616
2010-12-23,0.39177098870277405,0.3933590054512024,0.388280987739563,0.3908329904079437,0.3723631203174591
2010-12-27,0.3876819908618927,0.39322900772094727,0.3794269859790802,0.3909899890422821,0.3725127577781677
2010-12-28,0.39390599727630615,0.3942449986934662,0.3866409957408905,0.3892970085144043,0.37089967727661133
2010-12-29,0.39273399114608765,0.3938019871711731,0.390625,0.39161500334739685,0.3731081187725067
2010-12-30,0.39177098870277405,0.3918749988079071,0.3867189884185791,0.38867199420928955,0.3703042268753052
2010-12-31,0.387813001871109,0.387813001871109,0.37940099835395813,0.3851040005683899,0.3669048845767975
2011-01-03,0.3953390121459961,0.4104430079460144,0.3952859938144684,0.4025000035762787,0.3834787607192993
2011-01-04,0.40755200386047363,0.4076560139656067,0.39419299364089966,0.40187498927116394,0.3828832805156708
2011-01-05,0.39789101481437683,0.41203099489212036,0.39737001061439514,0.4118489921092987,0.39238590002059937
2011-01-06,0.4133070111274719,0.41653600335121155,0.4107550084590912,0.41557300090789795,0.39593395590782166
2011-01-07,0.4176819920539856,0.41838499903678894,0.4025779962539673,0.41460898518562317,0.3950154781341553
2011-01-10,0.41145798563957214,0.42138001322746277,0.40872400999069214,0.41927099227905273,0.3994571566581726
2011-01-11,0.4243749976158142,0.4252859950065613,0.41690099239349365,0.4211980104446411,0.40129321813583374
2011-01-12,0.427031010389328,0.4300000071525574,0.4221090078353882,0.4297400116920471,0.40943145751953125
2011-01-13,0.43127599358558655,0.43372398614883423,0.426952987909317,0.4310939908027649,0.41072142124176025
2011-01-14,0.43088498711586,0.4405730068683624,0.428072988986969,0.4404430091381073,0.41962873935699463
2011-01-18,0.42919299006462097,0.4453130066394806,0.42846399545669556,0.44395801424980164,0.4229775071144104
2011-01-19,0.44622400403022766,0.44622400403022766,0.42463499307632446,0.4290890097618103,0.4088112413883209
2011-01-20,0.4239580035209656,0.425025999546051,0.40989598631858826,0.4194529950618744,0.3996305763721466
2011-01-21,0.4255729913711548,0.4281249940395355,0.4095830023288727,0.4098699986934662,0.3905005156993866
2011-01-24,0.4121609926223755,0.42716100811958313,0.40997400879859924,0.4267970025539398,0.40662747621536255
2011-01-25,0.42104199528694153,0.42885398864746094,0.4179689884185791,0.4282810091972351,0.40804144740104675
2011-01-26,0.43104198575019836,0.43895798921585083,0.4270569980144501,0.4349220097064972,0.41436854004859924
2011-01-27,0.4400259852409363,0.4470050036907196,0.4376299977302551,0.4433070123195648,0.42235738039016724
2011-01-28,0.4434640109539032,0.4442969858646393,0.403984010219574,0.4098699986934662,0.3905005156993866
2011-01-31,0.4114840030670166,0.419063001871109,0.4023439884185791,0.41593798995018005,0.39628171920776367
2011-02-01,0.42552098631858826,0.4419269859790802,0.42390599846839905,0.4390360116958618,0.4182881712913513
2011-02-02,0.43671900033950806,0.4415630102157593,0.43429699540138245,0.4370569884777069,0.416402667760849
2011-02-03,0.4346350133419037,0.4411199986934662,0.424140989780426,0.4387499988079071,0.4180156886577606
2011-02-04,0.4398699998855591,0.44739601016044617,0.4358850121498108,0.44666698575019836,0.42555853724479675
2011-02-07,0.4494529962539673,0.4601300060749054,0.4472399950027466,0.45315098762512207,0.431736022233963
2011-02-08,0.45330700278282166,0.46281298995018005,0.4510419964790344,0.46281298995018005,0.4409414231777191
2011-02-09,0.45974001288414,0.4638020098209381,0.4554949998855591,0.46000000834465027,0.438261479139328
2011-02-10,0.45234400033950806,0.46317699551582336,0.4492189884185791,0.4622400104999542,0.44039562344551086
2011-02-11,0.4579690098762512,0.4720050096511841,0.45572900772094727,0.47171899676322937,0.4494265615940094
2011-02-14,0.4716149866580963,0.4768750071525574,0.4703649878501892,0.47468799352645874,0.45225536823272705
2011-02-15,0.4720570147037506,0.4745050072669983,0.46671900153160095,0.4734640121459961,0.4510892331600189
2011-02-16,0.47718799114227295,0.48601600527763367,0.4764840006828308,0.4822140038013458,0.4594256579875946
2011-02-17,0.4751040041446686,0.484375,0.4742189943790436,0.4817970097064972,0.459028422832489
2011-02-18,0.4820829927921295,0.4840100109577179,0.47335898876190186,0.4790630042552948,0.4564235210418701
2011-02-22,0.45994800329208374,0.46354201436042786,0.43489599227905273,0.43687498569488525,0.41622936725616455
2011-02-23,0.4367449879646301,0.44143199920654297,0.41630199551582336,0.4260939955711365,0.40595775842666626
2011-02-24,0.4290890097618103,0.4364579916000366,0.41666701436042786,0.43216100335121155,0.4117380678653717
2011-02-25,0.44020798802375793,0.4525519907474518,0.43895798921585083,0.4506770074367523,0.42937901616096497
2011-02-28,0.45583298802375793,0.46031299233436584,0.44578099250793457,0.45395800471305847,0.4325050115585327
2011-03-01,0.4600520133972168,0.4600520133972168,0.4283849895000458,0.4321349859237671,0.41171327233314514
2011-03-02,0.431302011013031,0.44713500142097473,0.4309380054473877,0.4382289946079254,0.417519211769104
2011-03-03,0.4509899914264679,0.4667710065841675,0.45093798637390137,0.46437498927116394,0.44242966175079346
2011-03-04,0.46458300948143005,0.46458300948143005,0.44843798875808716,0.45750001072883606,0.4358796179294586
2011-03-07,0.4632290005683899,0.46401000022888184,0.4269790053367615,0.4392710030078888,0.4185120165348053
2011-03-08,0.4367710053920746,0.45020800828933716,0.4296880066394806,0.4438540041446686,0.4228784739971161
2011-03-09,0.44020798802375793,0.44078099727630615,0.42817699909210205,0.43489599227905273,0.4143437445163727
2011-03-10,0.41947901248931885,0.42317700386047363,0.40974000096321106,0.41499999165534973,0.39538800716400146
2011-03-11,0.4080730080604553,0.4254690110683441,0.4074479937553406,0.42192700505256653,0.40198782086372375
2011-03-14,0.41505199670791626,0.42447900772094727,0.4083850085735321,0.4178130030632019,0.3980681300163269
2011-03-15,0.38062500953674316,0.40760400891304016,0.3768230080604553,0.4007290005683899,0.38179150223731995
2011-03-16,0.39072901010513306,0.396822988986969,0.3632810115814209,0.3713020086288452,0.3537551164627075
2011-03-17,0.388280987739563,0.39322900772094727,0.38062500953674316,0.38098999857902527,0.3629852533340454
2011-03-18,0.3943229913711548,0.39447900652885437,0.37812501192092896,0.3789060115814209,0.3609997630119324
2011-03-21,0.39552098512649536,0.40625,0.3938539922237396,0.400052011013031,0.38114646077156067
2011-03-22,0.40192699432373047,0.40312498807907104,0.39583298563957214,0.3989579975605011,0.3801042437553406
2011-03-23,0.39406299591064453,0.4085420072078705,0.3860419988632202,0.4050000011920929,0.3858606219291687
2011-03-24,0.41447898745536804,0.42958301305770874,0.40739598870277405,0.427031010389328,0.40685051679611206
2011-03-25,0.431302011013031,0.4385420083999634,0.4283849895000458,0.43015599250793457,0.4098278284072876
2011-03-28,0.43599000573158264,0.43604201078414917,0.42234399914741516,0.42286500334739685,0.40288132429122925
2011-03-29,0.4203130006790161,0.43510401248931885,0.41593798995018005,0.4350000023841858,0.4144429564476013
2011-03-30,0.44166699051856995,0.44307300448417664,0.4357289969921112,0.4414060115814209,0.4205460846424103
2011-03-31,0.4395830035209656,0.44437500834465027,0.4369789958000183,0.44328099489212036,0.4223325252532959
2011-04-01,0.44963499903678894,0.45395800471305847,0.44010400772094727,0.44395801424980164,0.4229775071144104
2011-04-04,0.4477599859237671,0.448853999376297,0.4338020086288452,0.4399479925632477,0.41915711760520935
2011-04-05,0.43666699528694153,0.4437499940395355,0.43333300948143005,0.43494799733161926,0.4143933951854706
2011-04-06,0.4453650116920471,0.44968798756599426,0.43135398626327515,0.4382289946079254,0.417519211769104
2011-04-07,0.4385420083999634,0.44650998711586,0.4291149973869324,0.43812501430511475,0.41742026805877686
2011-04-08,0.44416698813438416,0.44572898745536804,0.4250519871711731,0.43156298995018005,0.41116830706596375
2011-04-11,0.43656298518180847,0.43953099846839905,0.42338499426841736,0.42765599489212036,0.4074459969997406
2011-04-12,0.42161500453948975,0.42479199171066284,0.41380199790000916,0.4192189872264862,0.39940768480300903
2011-04-13,0.4282810091972351,0.43276000022888184,0.41927099227905273,0.42921900749206543,0.4089350998401642
2011-04-14,0.4202600121498108,0.42885398864746094,0.4151040017604828,0.4268749952316284,0.40670180320739746
2011-04-15,0.421875,0.4296880066394806,0.4165630042552948,0.42411500215530396,0.4040723145008087
2011-04-18,0.41182300448417664,0.41614601016044617,0.39500001072883606,0.41593798995018005,0.39628171920776367
2011-04-19,0.4185419976711273,0.42343801259994507,0.41239601373672485,0.42343801259994507,0.4034273028373718
2011-04-20,0.44578099250793457,0.4533329904079437,0.4442709982395172,0.45161500573158264,0.43027275800704956
2011-04-21,0.4657289981842041,0.4658850133419037,0.45890599489212036,0.4630729854106903,0.4411891996860504
2011-04-25,0.46474000811576843,0.4671880006790161,0.46156299114227295,0.46650999784469604,0.4444638192653656
2011-04-26,0.47031301259994507,0.47916701436042786,0.46744799613952637,0.47453099489212036,0.4521057903766632
2011-04-27,0.4765630066394806,0.4855729937553406,0.47062501311302185,0.484375,0.46148446202278137
2011-04-28,0.47963500022888184,0.4838539958000183,0.47578099370002747,0.4836460053920746,0.4607899785041809
2011-04-29,0.47989600896835327,0.48484399914741516,0.4778650104999542,0.4813019931316376,0.45855674147605896
2011-05-02,0.48338499665260315,0.4864580035209656,0.4744270145893097,0.4786979854106903,0.4560757875442505
2011-05-03,0.47718799114227295,0.4785420000553131,0.462552011013031,0.47150999307632446,0.4492274522781372
2011-05-04,0.47145798802375793,0.4754689931869507,0.45760399103164673,0.46875,0.4465979337692261
2011-05-05,0.46187499165534973,0.47807300090789795,0.45661500096321106,0.46171900629997253,0.4398992359638214
2011-05-06,0.47578099370002747,0.4832809865474701,0.4620310068130493,0.4657289981842041,0.44371968507766724
2011-05-09,0.46791699528694153,0.4765099883079529,0.46296900510787964,0.47078099846839905,0.4485330283641815
2011-05-10,0.47541698813438416,0.4848960041999817,0.4728649854660034,0.48286500573158264,0.4600459337234497
2011-05-11,0.48140600323677063,0.4859899878501892,0.4627079963684082,0.4724479913711548,0.450121134519577
2011-05-12,0.4675000011920929,0.4827600121498108,0.45994800329208374,0.4807809889316559,0.4580603837966919
2011-05-13,0.47755199670791626,0.4797399938106537,0.4632810056209564,0.4637500047683716,0.4418342113494873
2011-05-16,0.45765599608421326,0.4613020122051239,0.43656298518180847,0.4396350085735321,0.4188588261604309
2011-05-17,0.43302100896835327,0.44348999857902527,0.4303649961948395,0.44322898983955383,0.42228299379348755
2011-05-18,0.4416149854660034,0.45661500096321106,0.4397920072078705,0.454010009765625,0.43255454301834106
2011-05-19,0.45927101373672485,0.4609900116920471,0.4501039981842041,0.4579170048236847,0.43627694249153137
2011-05-20,0.4563539922237396,0.4581249952316284,0.44614601135253906,0.4478130042552948,0.42665037512779236
2011-05-23,0.42942699790000916,0.4330730140209198,0.4220309853553772,0.4283849895000458,0.40814051032066345
2011-05-24,0.4316670000553131,0.4316670000553131,0.42020800709724426,0.4203130006790161,0.4004499614238739
2011-05-25,0.4182809889316559,0.43088498711586,0.41802099347114563,0.42500001192092896,0.4049155116081238
2011-05-26,0.4208329916000366,0.43650999665260315,0.4208329916000366,0.43296900391578674,0.4125078320503235
2011-05-27,0.43510401248931885,0.4407289922237396,0.4341669976711273,0.439426988363266,0.4186607301235199
2011-05-31,0.4520829916000366,0.4605729877948761,0.4449479877948761,0.4605729877948761,0.4388073682785034
2011-06-01,0.4575519859790802,0.46046900749206543,0.4298959970474243,0.4311459958553314,0.410770982503891
2011-06-02,0.4330730140209198,0.43775999546051025,0.4265100061893463,0.43364599347114563,0.4131528437137604
2011-06-03,0.41843798756599426,0.4279690086841583,0.4124999940395355,0.41395801305770874,0.39439523220062256
2011-06-06,0.41203099489212036,0.4172919988632202,0.40349000692367554,0.4039579927921295,0.3848678171634674
2011-06-07,0.40708300471305847,0.4117709994316101,0.4008849859237671,0.4016149938106537,0.38263559341430664
2011-06-08,0.39885398745536804,0.4009380042552948,0.3895829916000366,0.392969012260437,0.37439823150634766
2011-06-09,0.3931249976158142,0.40031298995018005,0.38947901129722595,0.3946880102157593,0.3760359287261963
2011-06-10,0.38932299613952637,0.39197900891304016,0.37599000334739685,0.37656301259994507,0.3587675094604492
2011-06-13,0.3781769871711731,0.3826040029525757,0.3730210065841675,0.3768230080604553,0.35901516675949097
2011-06-14,0.3853130042552948,0.39411500096321106,0.38520801067352295,0.3908329904079437,0.3723631203174591
2011-06-15,0.38025999069213867,0.3870309889316559,0.36692699790000916,0.3694790005683899,0.352018266916275
2011-06-16,0.3696880042552948,0.3731769919395447,0.3552600145339966,0.3643229901790619,0.3471059203147888
2011-06-17,0.3746350109577179,0.3760420083999634,0.35843798518180847,0.36161500215530396,0.34452593326568604
2011-06-20,0.35807299613952637,0.37010401487350464,0.35807299613952637,0.36640599370002747,0.3490905165672302
2011-06-21,0.37114599347114563,0.3915629982948303,0.36619800329208374,0.3908329904079437,0.3723631203174591
2011-06-22,0.3856250047683716,0.3923960030078888,0.3817709982395172,0.38203099370002747,0.3639771044254303
2011-06-23,0.3694790005683899,0.3931249976158142,0.36604198813438416,0.3926039934158325,0.37405040860176086
2011-06-24,0.38677099347114563,0.3879689872264862,0.37010401487350464,0.3719269931316376,0.3543505072593689
2011-06-27,0.37369799613952637,0.39510399103164673,0.37156298756599426,0.38999998569488525,0.3715694844722748
2011-06-28,0.3928129971027374,0.40770798921585083,0.3913539946079254,0.4074999988079071,0.3882424831390381
2011-06-29,0.4110940098762512,0.4145829975605011,0.40364599227905273,0.4126040041446686,0.39310529828071594
2011-06-30,0.4169270098209381,0.4295310080051422,0.4161979854106903,0.4282810091972351,0.40804144740104675
2011-07-01,0.4296880066394806,0.4497919976711273,0.4259899854660034,0.4481250047683716,0.426947683095932
2011-07-05,0.44963499903678894,0.45604199171066284,0.4467709958553314,0.45458298921585083,0.4331004321575165
2011-07-06,0.45343801379203796,0.46135398745536804,0.44895800948143005,0.45942699909210205,0.437715619802475
2011-07-07,0.46953099966049194,0.482030987739563,0.467864990234375,0.4780209958553314,0.4554308354854584
2011-07-08,0.4658850133419037,0.4742189943790436,0.458281010389328,0.4740630090236664,0.45165982842445374
2011-07-11,0.45958301424980164,0.4663020074367523,0.44364601373672485,0.44864600896835327,0.4274439811706543
2011-07-12,0.4480209946632385,0.45093798637390137,0.43708300590515137,0.4377079904079437,0.4170228838920593
2011-07-13,0.4474479854106903,0.4568749964237213,0.4389060139656067,0.4435420036315918,0.42258119583129883
2011-07-14,0.4474479854106903,0.45317700505256653,0.42322900891304016,0.4282810091972351,0.40804144740104675
2011-07-15,0.4430209994316101,0.4453130066394806,0.43385401368141174,0.4453130066394806,0.424268513917923
2011-07-18,0.43864598870277405,0.44364601373672485,0.42552098631858826,0.43796899914741516,0.41727158427238464
2011-07-19,0.4511460065841675,0.46953099966049194,0.4510419964790344,0.46885401010513306,0.44669702649116516
2011-07-20,0.47630199790000916,0.4765630066394806,0.4604170024394989,0.46229198575019836,0.44044509530067444
2011-07-21,0.46369799971580505,0.47916701436042786,0.45625001192092896,0.47166699171066284,0.44937705993652344
2011-07-22,0.4712499976158142,0.48817700147628784,0.46989598870277405,0.486301988363266,0.46332043409347534
2011-07-25,0.4742709994316101,0.4911459982395172,0.4719269871711731,0.48343798518180847,0.46059179306030273
2011-07-26,0.48182299733161926,0.4919790029525757,0.4795309901237488,0.48609399795532227,0.4631223976612091
2011-07-27,0.4772399961948395,0.4781250059604645,0.4458329975605011,0.4492189884185791,0.4279899597167969
2011-07-28,0.4500519931316376,0.4684379994869232,0.4447399973869324,0.45161500573158264,0.43027275800704956
2011-07-29,0.4405210018157959,0.4611459970474243,0.43421900272369385,0.4472399950027466,0.42610442638397217
2011-08-01,0.4634380042552948,0.46583300828933716,0.42500001192092896,0.4411979913711548,0.42034798860549927
2011-08-02,0.4344789981842041,0.44041699171066284,0.40599000453948975,0.40770798921585083,0.3884406089782715
2011-08-03,0.4087499976158142,0.42036500573158264,0.387813001871109,0.4182809889316559,0.3985140025615692
2011-08-04,0.40104201436042786,0.4030210077762604,0.36125001311302185,0.3613539934158325,0.3442772626876831
2011-08-05,0.37333300709724426,0.37796899676322937,0.32380199432373047,0.35338500142097473,0.3366847634315491
2011-08-08,0.3222399950027466,0.33974000811576843,0.2906250059604645,0.29130199551582336,0.27753573656082153
2011-08-09,0.30281299352645874,0.3322399854660034,0.2791149914264679,0.3311980068683624,0.31554630398750305
2011-08-10,0.30900999903678894,0.32343798875808716,0.29041698575019836,0.29213500022888184,0.27832943201065063
2011-08-11,0.30349001288414,0.3396350145339966,0.29979199171066284,0.32963499426841736,0.31405720114707947
2011-08-12,0.33713498711586,0.34400999546051025,0.32536500692367554,0.33802101016044617,0.3220469057559967
2011-08-15,0.34224000573158264,0.35270801186561584,0.337552011013031,0.3526040017604828,0.33594071865081787
2011-08-16,0.3430210053920746,0.35270801186561584,0.3301039934158325,0.3435420095920563,0.32730698585510254
2011-08-17,0.34562501311302185,0.3538540005683899,0.32749998569488525,0.33796900510787964,0.32199734449386597
2011-08-18,0.3104169964790344,0.3105210065841675,0.2796350121498108,0.28895801305770874,0.2753024995326996
2011-08-19,0.2791149914264679,0.3001039922237396,0.2718749940395355,0.2727600038051605,0.2598699927330017
2011-08-22,0.2919270098209381,0.29255199432373047,0.27296900749206543,0.2752079963684082,0.26220235228538513
2011-08-23,0.2810940146446228,0.3094789981842041,0.2778649926185608,0.3092710077762604,0.29465559124946594
2011-08-24,0.3076559901237488,0.3183329999446869,0.2993749976158142,0.3165630102157593,0.3016030192375183
2011-08-25,0.3158850073814392,0.3203650116920471,0.29802098870277405,0.30135399103164673,0.28711268305778503
2011-08-26,0.2986460030078888,0.32682299613952637,0.2894270122051239,0.3231250047683716,0.3078548014163971
2011-08-29,0.33333298563957214,0.35182300209999084,0.33333298563957214,0.35062500834465027,0.33405524492263794
2011-08-30,0.34687501192092896,0.3640100061893463,0.34114599227905273,0.3577600121498108,0.3408530652523041
2011-08-31,0.3643749952316284,0.3728649914264679,0.3504689931869507,0.35984399914741516,0.3428386151790619
2011-09-01,0.3621880114078522,0.3705730140209198,0.3476560115814209,0.34968799352645874,0.3331625461578369
2011-09-02,0.33000001311302185,0.33515599370002747,0.3196350038051605,0.32520800828933716,0.3098393678665161
2011-09-06,0.3022400140762329,0.32661500573158264,0.30000001192092896,0.32515600323677063,0.30978989601135254
2011-09-07,0.33927100896835327,0.3499999940395355,0.3365100026130676,0.34973999857902527,0.33321207761764526
2011-09-08,0.34416699409484863,0.3595829904079437,0.341823011636734,0.34489598870277405,0.3285970389842987
2011-09-09,0.33854201436042786,0.34224000573158264,0.3157289922237396,0.32218798995018005,0.30696219205856323
2011-09-12,0.31156298518180847,0.33500000834465027,0.3108850121498108,0.33427101373672485,0.31847405433654785
2011-09-13,0.33812499046325684,0.3497920036315918,0.3334380090236664,0.34724000096321106,0.33083027601242065
2011-09-14,0.3532809913158417,0.3744789958000183,0.3425000011920929,0.3622399866580963,0.3451213836669922
2011-09-15,0.3747920095920563,0.3804689943790436,0.3634380102157593,0.3786979913711548,0.3608016073703766
2011-09-16,0.38166698813438416,0.39020800590515137,0.3790630102157593,0.38859400153160095,0.37022989988327026
2011-09-19,0.3748440146446228,0.3955729901790619,0.36500000953674316,0.3895829916000366,0.3711722195148468
2011-09-20,0.3952080011367798,0.4046350121498108,0.38161501288414,0.3840630054473877,0.365913063287735
2011-09-21,0.3900519907474518,0.3959380090236664,0.3642190098762512,0.364531010389328,0.34730416536331177
2011-09-22,0.3368229866027832,0.34599000215530396,0.3130210041999817,0.3290629982948303,0.3135121762752533
2011-09-23,0.3206770122051239,0.34349000453948975,0.3199999928474426,0.3393230140209198,0.32328736782073975
2011-09-26,0.34458300471305847,0.35270801186561584,0.3218750059604645,0.350832998752594,0.3342534303665161
2011-09-27,0.36927101016044617,0.37812501192092896,0.35468798875808716,0.3615629971027374,0.3444763123989105
2011-09-28,0.3666670024394989,0.3737500011920929,0.34349000453948975,0.34453099966049194,0.3282492756843567
2011-09-29,0.36192700266838074,0.36281299591064453,0.31645798683166504,0.334322988986969,0.3185236155986786
2011-09-30,0.32109400629997253,0.32843801379203796,0.30729201436042786,0.30833300948143005,0.29376187920570374
2011-10-03,0.29958298802375793,0.31416699290275574,0.2837499976158142,0.28416699171066284,0.2707379460334778
2011-10-04,0.27531298995018005,0.3032810091972351,0.26692700386047363,0.3014580011367798,0.2872118055820465
2011-10-05,0.2993749976158142,0.32734400033950806,0.2924480140209198,0.3243750035762787,0.3090457618236542
2011-10-06,0.32395800948143005,0.34104201197624207,0.3192189931869507,0.34104201197624207,0.32492515444755554
2011-10-07,0.3400520086288452,0.34505200386047363,0.3276039958000183,0.3340100049972534,0.3182254731655121
2011-10-10,0.3510420024394989,0.3682810068130493,0.3495829999446869,0.3682810068130493,0.35087692737579346
2011-10-11,0.3657290041446686,0.3787499964237213,0.3639580011367798,0.37614598870277405,0.35837024450302124
2011-10-12,0.38734400272369385,0.3945310115814209,0.38093799352645874,0.38218799233436584,0.36412668228149414
2011-10-13,0.37989598512649536,0.39390599727630615,0.3785940110683441,0.3924480080604553,0.37390175461769104
2011-10-14,0.4073440134525299,0.4140630066394806,0.40062499046325684,0.4140630066394806,0.3944953680038452
2011-10-17,0.408176988363266,0.41203099489212036,0.3883329927921295,0.394896000623703,0.3762340843677521
2011-10-18,0.3934899866580963,0.41588500142097473,0.3821350038051605,0.40921899676322937,0.3898802399635315
2011-10-19,0.4039579927921295,0.4066149890422821,0.38203099370002747,0.3856250047683716,0.36740127205848694
2011-10-20,0.3847399950027466,0.38666701316833496,0.3638019859790802,0.38072898983955383,0.3627365529537201
2011-10-21,0.3922399878501892,0.4016669988632202,0.3839060068130493,0.39427098631858826,0.3756386637687683
2011-10-24,0.39890599250793457,0.4220829904079437,0.39760398864746094,0.41890600323677063,0.39910945296287537
2011-10-25,0.4144270122051239,0.41520801186561584,0.39161500334739685,0.39515599608421326,0.376481831073761
2011-10-26,0.40104201436042786,0.403438001871109,0.37114599347114563,0.39359399676322937,0.3749936521053314
2011-10-27,0.42104199528694153,0.43229201436042786,0.4087499976158142,0.42531299591064453,0.40521368384361267
2011-10-28,0.41749998927116394,0.4283849895000458,0.41749998927116394,0.4267190098762512,0.4065532386302948
2011-10-31,0.4153130054473877,0.42041701078414917,0.40474000573158264,0.4055730104446411,0.3864065706729889
2011-11-01,0.37630200386047363,0.38489601016044617,0.3675520122051239,0.37416699528694153,0.3564847409725189
2011-11-02,0.3849479854106903,0.38807299733161926,0.3728649914264679,0.3833850026130676,0.3652670979499817
2011-11-03,0.3927600085735321,0.408594012260437,0.37916699051856995,0.40671899914741516,0.3874984085559845
2011-11-04,0.4007290005683899,0.40578100085258484,0.38859400153160095,0.4004170000553131,0.3814941942691803
2011-11-07,0.40046900510787964,0.41010400652885437,0.38802099227905273,0.4093230068683624,0.3899793326854706
2011-11-08,0.41802099347114563,0.4254170060157776,0.40421900153160095,0.4229690134525299,0.4029804766178131
2011-11-09,0.3983849883079529,0.40046900510787964,0.37614598870277405,0.3792189955711365,0.3612980246543884
2011-11-10,0.3903129994869232,0.3911460041999817,0.3671880066394806,0.3776560127735138,0.3598088324069977
2011-11-11,0.38838499784469604,0.40275999903678894,0.38661500811576843,0.39885398745536804,0.3800050616264343
2011-11-14,0.3965100049972534,0.4029169976711273,0.3875519931316376,0.39208298921585083,0.3735540509223938
2011-11-15,0.38911500573158264,0.40968799591064453,0.38749998807907104,0.4046880006790161,0.38556334376335144
2011-11-16,0.39604198932647705,0.40525999665260315,0.3828130066394806,0.3847399950027466,0.36655810475349426
2011-11-17,0.38197898864746094,0.3822920024394989,0.3510420024394989,0.3582809865474701,0.34134945273399353
2011-11-18,0.35822901129722595,0.359375,0.3478130102157593,0.34968799352645874,0.3331625461578369
2011-11-21,0.3361459970474243,0.3368229866027832,0.31911501288414,0.3293749988079071,0.31380951404571533
2011-11-22,0.3265100121498108,0.3358849883079529,0.32124999165534973,0.3322399854660034,0.31653907895088196
2011-11-23,0.32541701197624207,0.3263539969921112,0.30989599227905273,0.310155987739563,0.29549872875213623
2011-11-25,0.30677101016044617,0.3171350061893463,0.3031249940395355,0.3031249940395355,0.2888000011444092
2011-11-28,0.325313001871109,0.3359380066394806,0.3251039981842041,0.33442699909210205,0.31862276792526245
2011-11-29,0.33338499069213867,0.34171900153160095,0.3258329927921295,0.32838499546051025,0.3128662109375
2011-11-30,0.3552600145339966,0.36567699909210205,0.3522399961948395,0.36442700028419495,0.3472050428390503
2011-12-01,0.3648439943790436,0.3751559853553772,0.36390599608421326,0.37224000692367554,0.35464876890182495
2011-12-02,0.38322898745536804,0.3834899961948395,0.36833301186561584,0.36869800090789795,0.35127419233322144
2011-12-05,0.3864060044288635,0.3888539969921112,0.375,0.38078099489212036,0.3627861440181732
2011-12-06,0.3826040029525757,0.38541701436042786,0.3744789958000183,0.3778649866580963,0.3600079119205475
2011-12-07,0.375,0.3833329975605011,0.3634380102157593,0.37843799591064453,0.36055392026901245
2011-12-08,0.37083300948143005,0.37937501072883606,0.3569270074367523,0.3591670095920563,0.342193603515625
2011-12-09,0.36234399676322937,0.37953099608421326,0.36140599846839905,0.3761979937553406,0.3584197163581848
2011-12-12,0.36458298563957214,0.36494800448417664,0.35416701436042786,0.36385399103164673,0.3466590940952301
2011-12-13,0.3707810044288635,0.3751559853553772,0.34703099727630615,0.3515630066394806,0.33494898676872253
2011-12-14,0.3473440110683441,0.34843799471855164,0.32927098870277405,0.335207998752594,0.3193668723106384
2011-12-15,0.3446879982948303,0.3447920083999634,0.3309380114078522,0.33260399103164673,0.3168858587741852
2011-12-16,0.3380729854106903,0.3510420024394989,0.33583301305770874,0.33677101135253906,0.3208559453487396
2011-12-19,0.34135401248931885,0.3435420095920563,0.3248960077762604,0.3274480104446411,0.3119736313819885
2011-12-20,0.34296900033950806,0.3576039969921112,0.34296900033950806,0.3565100133419037,0.3396621644496918
2011-12-21,0.35041698813438416,0.35041698813438416,0.3291670083999634,0.3416669964790344,0.3255206048488617
2011-12-22,0.3430210053920746,0.3505209982395172,0.34208300709724426,0.3499999940395355,0.3334597945213318
2011-12-23,0.35197898745536804,0.35911500453948975,0.349947988986969,0.3590629994869232,0.34209445118904114
2011-12-27,0.35770800709724426,0.3656249940395355,0.35624998807907104,0.3618229925632477,0.34472402930259705
2011-12-28,0.36093801259994507,0.3622399866580963,0.3467710018157959,0.35020801424980164,0.3336579501628876
2011-12-29,0.3511979877948761,0.35786500573158264,0.34822899103164673,0.357030987739563,0.3401585519313812
2011-12-30,0.3549480140209198,0.3595829904079437,0.3539060056209564,0.35411500930786133,0.3373803496360779
2012-01-03,0.37406298518180847,0.37989598512649536,0.3717710077762604,0.3742710053920746,0.3565838634967804
2012-01-04,0.3725000023841858,0.38057300448417664,0.3677079975605011,0.3787499964237213,0.36085113883018494
2012-01-05,0.3768230080604553,0.38932299613952637,0.37239599227905273,0.38807299733161926,0.3697335124015808
2012-01-06,0.38911500573158264,0.39494800567626953,0.38432300090789795,0.39208298921585083,0.3735540509223938
2012-01-09,0.39531299471855164,0.3959380090236664,0.38489601016044617,0.3888019919395447,0.3704281449317932
2012-01-10,0.40135401487350464,0.4044789969921112,0.39406299591064453,0.39677101373672485,0.3780204653739929
2012-01-11,0.39677101373672485,0.40208300948143005,0.39250001311302185,0.3995310068130493,0.38065001368522644
2012-01-12,0.4027079939842224,0.4057289958000183,0.39359399676322937,0.4042710065841675,0.38516607880592346
2012-01-13,0.39802101254463196,0.4001559913158417,0.3895309865474701,0.39963498711586,0.3807491660118103
2012-01-17,0.4108330011367798,0.4157809913158417,0.40625,0.4103649854660034,0.3909720778465271
2012-01-18,0.413332998752594,0.42708298563957214,0.41098999977111816,0.4266670048236847,0.40650367736816406
2012-01-19,0.4327079951763153,0.4373440146446228,0.4307810068130493,0.4352079927921295,0.4146410822868347
2012-01-20,0.4293749928474426,0.43364599347114563,0.4285939931869507,0.4332810044288635,0.41280514001846313
2012-01-23,0.43317699432373047,0.4426040053367615,0.42604199051856995,0.433228999376297,0.4127556085586548
2012-01-24,0.4277079999446869,0.43453100323677063,0.42536500096321106,0.43083301186561584,0.4104728102684021
2012-01-25,0.4444270133972168,0.45052099227905273,0.43453100323677063,0.4472920000553131,0.4261540472507477
2012-01-26,0.45302098989486694,0.455469012260437,0.4363020062446594,0.44255200028419495,0.42163804173469543
2012-01-27,0.4399999976158142,0.448853999376297,0.4392710030078888,0.446927011013031,0.42580628395080566
2012-01-30,0.4355210065841675,0.44947901368141174,0.430417001247406,0.4476560056209564,0.4265008270740509
2012-01-31,0.4540629982948303,0.4567190110683441,0.4408850073814392,0.4492189884185791,0.4279899597167969
2012-02-01,0.45692700147628784,0.46525999903678894,0.4526039958000183,0.4602600038051605,0.4385091960430145
2012-02-02,0.46479201316833496,0.46916699409484863,0.45927101373672485,0.4650000035762787,0.4430251717567444
2012-02-03,0.4778650104999542,0.48515599966049194,0.47536501288414,0.483489990234375,0.4606413245201111
2012-02-06,0.4780209958553314,0.48307299613952637,0.47468799352645874,0.48302099108695984,0.46019455790519714
2012-02-07,0.48177099227905273,0.4884380102157593,0.47520801424980164,0.4851039946079254,0.4621790647506714
2012-02-08,0.48583298921585083,0.49317699670791626,0.48057299852371216,0.49317699670791626,0.46987053751945496
2012-02-09,0.49854201078414917,0.5057290196418762,0.49015599489212036,0.5041149854660034,0.4802916944026947
2012-02-10,0.4934380054473877,0.4975000023841858,0.48822900652885437,0.49333301186561584,0.4700191617012024
2012-02-13,0.5043749809265137,0.5089060068130493,0.49796900153160095,0.5066149830818176,0.48267340660095215
2012-02-14,0.5037500262260437,0.5110419988632202,0.49864599108695984,0.5110419988632202,0.4868912994861603
2012-02-15,0.5183849930763245,0.5267189741134644,0.49796900153160095,0.4996350109577179,0.476023405790329
2012-02-16,0.5011460185050964,0.5226039886474609,0.49703100323677063,0.5205209851264954,0.4959225356578827
2012-02-17,0.5209900140762329,0.5222399830818176,0.5093749761581421,0.5160940289497375,0.4917044937610626
2012-02-21,0.5180730223655701,0.5270829796791077,0.5106250047683716,0.5204690098762512,0.49587282538414
2012-02-22,0.5172920227050781,0.521822988986969,0.5110939741134644,0.5135939717292786,0.48932257294654846
2012-02-23,0.5153650045394897,0.524948000907898,0.5078129768371582,0.5233330130577087,0.49860143661499023
2012-02-24,0.5277079939842224,0.5315099954605103,0.5248960256576538,0.5284379720687866,0.5034651756286621
2012-02-27,0.5193750262260437,0.5360419750213623,0.513280987739563,0.5309900045394897,0.5058966279029846
2012-02-28,0.5320829749107361,0.546875,0.5304690003395081,0.546875,0.5210310220718384
2012-02-29,0.5485420227050781,0.5536460280418396,0.5346879959106445,0.539687991142273,0.5141833424568176
2012-03-01,0.545989990234375,0.5541149973869324,0.5411980152130127,0.5528129935264587,0.526688277721405
2012-03-02,0.5509380102157593,0.5566669702529907,0.5461459755897522,0.5511459708213806,0.52510005235672
2012-03-05,0.5505729913711548,0.552344024181366,0.5288540124893188,0.5339580178260803,0.5087243914604187
2012-03-06,0.5189579725265503,0.5218750238418579,0.5101040005683899,0.5186460018157959,0.4941359758377075
2012-03-07,0.525833010673523,0.5338540077209473,0.5235419869422913,0.5304170250892639,0.5053507685661316
2012-03-08,0.5394269824028015,0.5520830154418945,0.5364580154418945,0.5472400188446045,0.5213786363601685
2012-03-09,0.5504689812660217,0.5572400093078613,0.5491669774055481,0.5538539886474609,0.527679979801178
2012-03-12,0.553176999092102,0.5567190051078796,0.5467190146446228,0.5547400116920471,0.5285241603851318
2012-03-13,0.5644789934158325,0.5860940217971802,0.5607810020446777,0.5859900116920471,0.5582975149154663
2012-03-14,0.5877079963684082,0.5986980199813843,0.5814579725265503,0.5925520062446594,0.5645493268966675
2012-03-15,0.5974479913711548,0.6007810235023499,0.5886980295181274,0.5970829725265503,0.5688661932945251
2012-03-16,0.6000000238418579,0.6001039743423462,0.5918229818344116,0.5957810282707214,0.5676257014274597
2012-03-19,0.5987499952316284,0.6127600073814392,0.5945309996604919,0.6087499856948853,0.5799818634986877
2012-03-20,0.5994269847869873,0.6140099763870239,0.5944790244102478,0.6120830178260803,0.5831574201583862
2012-03-21,0.6126559972763062,0.6221879720687866,0.6096349954605103,0.6118749976158142,0.5829591751098633
2012-03-22,0.6009899973869324,0.61244797706604,0.6006249785423279,0.6081770062446594,0.5794358849525452
2012-03-23,0.6105729937553406,0.6109899878501892,0.596875011920929,0.6073439717292786,0.5786421895027161
2012-03-26,0.6186460256576538,0.6390630006790161,0.6179689764976501,0.6390630006790161,0.6088623404502869
2012-03-27,0.639739990234375,0.6495829820632935,0.6394789814949036,0.641510009765625,0.6111937761306763
2012-03-28,0.6427080035209656,0.650052011013031,0.6227080225944519,0.6340100169181824,0.6040480732917786
2012-03-29,0.6250519752502441,0.6338019967079163,0.613385021686554,0.6274999976158142,0.5978460311889648
2012-03-30,0.6354169845581055,0.6361460089683533,0.615676999092102,0.6231250166893005,0.5936774015426636
2012-04-02,0.6214060187339783,0.6449999809265137,0.6182289719581604,0.6421350240707397,0.6117891073226929
2012-04-03,0.6449480056762695,0.6508849859237671,0.631197988986969,0.6421880125999451,0.6118397116661072
2012-04-04,0.6271349787712097,0.6285420060157776,0.6049479842185974,0.6159899830818176,0.586879551410675
2012-04-05,0.612604022026062,0.6288020014762878,0.6110420227050781,0.627240002155304,0.597598135471344
2012-04-09,0.6033849716186523,0.6206250190734863,0.6005730032920837,0.6128129959106445,0.5838527679443359
2012-04-10,0.6116669774055481,0.6191669702529907,0.5776039958000183,0.5832290053367615,0.555666983127594
2012-04-11,0.5993750095367432,0.6033849716186523,0.5873439908027649,0.5916669964790344,0.56370609998703
2012-04-12,0.5951560139656067,0.6139580011367798,0.5929690003395081,0.6115099787712097,0.5826115012168884
2012-04-13,0.605364978313446,0.6058850288391113,0.5833849906921387,0.5838540196418762,0.5562623739242554
2012-04-16,0.5935940146446228,0.5939059853553772,0.559374988079071,0.5654690265655518,0.538746178150177
2012-04-17,0.5724999904632568,0.6042190194129944,0.5693749785423279,0.5988019704818726,0.5705039501190186
2012-04-18,0.5934380292892456,0.6047400236129761,0.5889580249786377,0.5944269895553589,0.5663357973098755
2012-04-19,0.5881770253181458,0.609375,0.567969024181366,0.5752080082893372,0.5480250716209412
2012-04-20,0.583541989326477,0.5913540124893188,0.5670310258865356,0.5690100193023682,0.5421198606491089
2012-04-23,0.5543749928474426,0.5565099716186523,0.5388020277023315,0.5546879768371582,0.528474748134613
2012-04-24,0.5511980056762695,0.5576559901237488,0.5380730032920837,0.5448960065841675,0.5191454887390137
2012-04-25,0.5787500143051147,0.5892710089683533,0.5761460065841675,0.5881770253181458,0.5603811144828796
2012-04-26,0.5873439908027649,0.6027600169181824,0.5859379768371582,0.5986980199813843,0.5704050660133362
2012-04-27,0.6060420274734497,0.6152600049972534,0.5967190265655518,0.6089580059051514,0.5801801085472107
2012-04-30,0.6035419702529907,0.6074479818344116,0.5950000286102295,0.5963019728660583,0.568122148513794
2012-05-01,0.5930209755897522,0.6192190051078796,0.5922399759292603,0.5996879935264587,0.571348249912262
2012-05-02,0.5899999737739563,0.6058329939842224,0.5866150259971619,0.6036459803581238,0.5751190781593323
2012-05-03,0.6057289838790894,0.6069269776344299,0.5807290077209473,0.5848960280418396,0.557255208492279
2012-05-04,0.5689060091972351,0.5716149806976318,0.5416669845581055,0.5419790148735046,0.5163663029670715
2012-05-07,0.5316669940948486,0.5506770014762878,0.5310940146446228,0.5427600145339966,0.5171103477478027
2012-05-08,0.5323439836502075,0.5422919988632202,0.5106769800186157,0.5367709994316101,0.5114044547080994
2012-05-09,0.5184900164604187,0.540573000907898,0.5115100145339966,0.5338019728660583,0.5085757374763489
2012-05-10,0.5391150116920471,0.5395830273628235,0.5224999785423279,0.5283330082893372,0.503365159034729
2012-05-11,0.5219789743423462,0.5451040267944336,0.5217710137367249,0.5278130173683167,0.5028698444366455
2012-05-14,0.5151039958000183,0.5257290005683899,0.5111460089683533,0.5132290124893188,0.48897498846054077
2012-05-15,0.5190629959106445,0.5302079916000366,0.5058330297470093,0.5087500214576721,0.48470768332481384
2012-05-16,0.5141670107841492,0.5183330178260803,0.49510401487350464,0.4977079927921295,0.4741874933242798
2012-05-17,0.49854201078414917,0.5007290244102478,0.46687498688697815,0.46708300709724426,0.4450097382068634
2012-05-18,0.47145798802375793,0.4745829999446869,0.44718798995018005,0.4483329951763153,0.4271458089351654
2012-05-21,0.45093798637390137,0.4871880114078522,0.44947901368141174,0.48604199290275574,0.4630727469921112
2012-05-22,0.4896880090236664,0.49614599347114563,0.4735420048236847,0.48427098989486694,0.4613853991031647
2012-05-23,0.4722920060157776,0.4907290041446686,0.4596880078315735,0.48697900772094727,0.4639654755592346
2012-05-24,0.48958298563957214,0.4907290041446686,0.4666669964790344,0.47822898626327515,0.45562902092933655
2012-05-25,0.4790630042552948,0.4813539981842041,0.47135400772094727,0.4755209982395172,0.4530489444732666
2012-05-29,0.48906299471855164,0.5004169940948486,0.48072901368141174,0.4932290017604828,0.46992015838623047
2012-05-30,0.48020800948143005,0.4864580035209656,0.47218799591064453,0.48124998807907104,0.458507239818573
2012-05-31,0.4795829951763153,0.4831250011920929,0.46406298875808716,0.47437500953674316,0.4519570469856262
2012-06-01,0.4497919976711273,0.4579170048236847,0.43666699528694153,0.43708300590515137,0.41642749309539795
2012-06-04,0.44093799591064453,0.44895800948143005,0.42906299233436584,0.44645801186561584,0.4253593981266022
2012-06-05,0.44239598512649536,0.45500001311302185,0.441771000623703,0.4526039958000183,0.43121492862701416
2012-06-06,0.46312499046325684,0.4845829904079437,0.4614579975605011,0.48354199528694153,0.4606908857822418
2012-06-07,0.4980210065841675,0.49854201078414917,0.47645801305770874,0.4781250059604645,0.45552992820739746
2012-06-08,0.4751040041446686,0.49354198575019836,0.47062501311302185,0.4921880066394806,0.4689283072948456
2012-06-11,0.5023959875106812,0.5037500262260437,0.465938001871109,0.46864598989486694,0.44649890065193176
2012-06-12,0.4724999964237213,0.48427098989486694,0.46406298875808716,0.48343798518180847,0.46059179306030273
2012-06-13,0.47968798875808716,0.49052101373672485,0.46864598989486694,0.47395798563957214,0.451559841632843
2012-06-14,0.47343799471855164,0.484375,0.465938001871109,0.4792709946632385,0.45662176609039307
2012-06-15,0.4826039969921112,0.49864599108695984,0.4822919964790344,0.4969789981842041,0.47349298000335693
2012-06-18,0.491457998752594,0.5142710208892822,0.4884380102157593,0.5097919702529907,0.4857003092765808
2012-06-19,0.5183330178260803,0.5329170227050781,0.5176039934158325,0.5265629887580872,0.5016788840293884
2012-06-20,0.5294790267944336,0.534479022026062,0.5157290101051331,0.5284379720687866,0.5034651756286621
2012-06-21,0.5263540148735046,0.5284379720687866,0.48677098751068115,0.48885399103164673,0.4657518267631531
2012-06-22,0.49281299114227295,0.5057290196418762,0.4894790053367615,0.5040630102157593,0.48024219274520874
2012-06-25,0.4911459982395172,0.4916670024394989,0.47031301259994507,0.47416698932647705,0.4517589807510376
2012-06-26,0.47895801067352295,0.4873960018157959,0.47270798683166504,0.4833329916000366,0.46049177646636963
2012-06-27,0.48885399103164673,0.49854201078414917,0.4873960018157959,0.4921880066394806,0.4689283072948456
2012-06-28,0.4808329939842224,0.4820829927921295,0.4604170024394989,0.47447898983955383,0.45205622911453247
2012-06-29,0.503125011920929,0.5208330154418945,0.4984380006790161,0.5208330154418945,0.496219664812088
2012-07-02,0.5223960280418396,0.5260419845581055,0.5135419964790344,0.5249999761581421,0.5001897215843201
2012-07-03,0.5259379744529724,0.538332998752594,0.5235419869422913,0.5375000238418579,0.512099027633667
2012-07-05,0.5370830297470093,0.5472919940948486,0.5283330082893372,0.5393750071525574,0.5138854384422302
2012-07-06,0.5321879982948303,0.5331249833106995,0.5080209970474243,0.5181249976158142,0.4936394989490509
2012-07-09,0.5174999833106995,0.5228130221366882,0.5088539719581604,0.5163540244102478,0.49195224046707153
2012-07-10,0.5248960256576538,0.5286459922790527,0.49531298875808716,0.5005210041999817,0.47686755657196045
2012-07-11,0.49958300590515137,0.5033329725265503,0.4806250035762787,0.4936459958553314,0.47031739354133606
2012-07-12,0.481563001871109,0.4848960041999817,0.4657289981842041,0.4793750047683716,0.45672085881233215
2012-07-13,0.48302099108695984,0.503957986831665,0.4820829927921295,0.5002080202102661,0.47656935453414917
2012-07-16,0.4975000023841858,0.503853976726532,0.4906249940395355,0.4964579939842224,0.4729965925216675
2012-07-17,0.5055209994316101,0.5091670155525208,0.48291701078414917,0.5040630102157593,0.48024219274520874
2012-07-18,0.5009379982948303,0.5291669964790344,0.5008329749107361,0.5245829820632935,0.49979233741760254
2012-07-19,0.5358330011367798,0.546875,0.5328130125999451,0.5416669845581055,0.5160689949989319
2012-07-20,0.5420830249786377,0.5420830249786377,0.5197920203208923,0.5208330154418945,0.496219664812088
2012-07-23,0.4902079999446869,0.507082998752594,0.47874999046325684,0.5015630125999451,0.47786033153533936
2012-07-24,0.5043749809265137,0.5063539743423462,0.4803130030632019,0.49010398983955383,0.46694278717041016
2012-07-25,0.4788540005683899,0.4893749952316284,0.4710420072078705,0.47916701436042786,0.4565226435661316
2012-07-26,0.5007290244102478,0.5072919726371765,0.4898959994316101,0.4979169964790344,0.474386602640152
2012-07-27,0.5095829963684082,0.5367709994316101,0.5052080154418945,0.5356249809265137,0.5103124976158142
2012-07-30,0.5384380221366882,0.5452079772949219,0.5276039838790894,0.5323960185050964,0.5072361826896667
2012-07-31,0.5356249809265137,0.5416669845581055,0.5310419797897339,0.5327079892158508,0.5075334310531616
2012-08-01,0.543749988079071,0.5440629720687866,0.5218750238418579,0.5274999737739563,0.5025715231895447
2012-08-02,0.5151039958000183,0.5378130078315735,0.5105209946632385,0.5219789743423462,0.49731147289276123
2012-08-03,0.5475000143051147,0.5629169940948486,0.5417709946632385,0.5516669750213623,0.5255964994430542
2012-08-06,0.5607290267944336,0.5715630054473877,0.557083010673523,0.5640630125999451,0.5374066829681396
2012-08-07,0.5724999904632568,0.585207998752594,0.5691670179367065,0.5780209898948669,0.5507050156593323
2012-08-08,0.5737500190734863,0.581354022026062,0.5711460113525391,0.5770829916000366,0.5498114228248596
2012-08-09,0.5772920250892639,0.5848960280418396,0.574271023273468,0.581978976726532,0.5544759035110474
2012-08-10,0.5771880149841309,0.5843750238418579,0.5721880197525024,0.5843750238418579,0.5567587018013
2012-08-13,0.5839580297470093,0.5879169702529907,0.5744789838790894,0.5879169702529907,0.5601333975791931
2012-08-14,0.5945829749107361,0.5981249809265137,0.5838540196418762,0.5887500047683716,0.5609269738197327
2012-08-15,0.5872920155525208,0.5956249833106995,0.5868750214576721,0.5929170250892639,0.5648971199989319
2012-08-16,0.6001039743423462,0.6185420155525208,0.597603976726532,0.6141669750213623,0.5851428508758545
2012-08-17,0.6182289719581604,0.6226040124893188,0.6142709851264954,0.6226040124893188,0.5931810736656189
2012-08-20,0.6214579939842224,0.6254169940948486,0.6139580011367798,0.625,0.5954641103744507
2012-08-21,0.6310420036315918,0.6378129720687866,0.6104170083999634,0.617812991142273,0.5886165499687195
2012-08-22,0.6131250262260437,0.6290630102157593,0.6085420250892639,0.6244789958000183,0.5949676036834717
2012-08-23,0.6175000071525574,0.6227080225944519,0.6052079796791077,0.6106250286102295,0.5817683339118958
2012-08-24,0.605417013168335,0.6258329749107361,0.6028130054473877,0.6214579939842224,0.5920894145965576
2012-08-27,0.6295830011367798,0.6317710280418396,0.6202080249786377,0.6244789958000183,0.5949676036834717
2012-08-28,0.6225000023841858,0.6293749809265137,0.616457998752594,0.6243749856948853,0.5948684811592102
2012-08-29,0.6251040101051331,0.6291670203208923,0.6165630221366882,0.6245830059051514,0.5950666069984436
2012-08-30,0.6162499785423279,0.6168749928474426,0.6025000214576721,0.605521023273468,0.5769055485725403
2012-08-31,0.6187499761581421,0.6252080202102661,0.5992709994316101,0.6184380054473877,0.5892120003700256
2012-09-04,0.614687979221344,0.6223959922790527,0.5973960161209106,0.6158329844474792,0.5867302417755127
2012-09-05,0.6144790053367615,0.6225000023841858,0.6086459755897522,0.6130210161209106,0.5840509533882141
2012-09-06,0.6248959898948669,0.6547920107841492,0.6245830059051514,0.6535419821739197,0.622657060623169
2012-09-07,0.6502079963684082,0.6548960208892822,0.6461459994316101,0.6507290005683899,0.6199770569801331
2012-09-10,0.6467710137367249,0.6505209803581238,0.6253129839897156,0.6267709732055664,0.5971512198448181
2012-09-11,0.6264579892158508,0.6339579820632935,0.6206250190734863,0.6240630149841309,0.5945711731910706
2012-09-12,0.6301040053367615,0.6340630054473877,0.6176040172576904,0.6294789910316467,0.5997310876846313
2012-09-13,0.6311460137367249,0.6628130078315735,0.6285420060157776,0.6545829772949219,0.6236487627029419
2012-09-14,0.6625000238418579,0.6791669726371765,0.6610419750213623,0.6713539958000183,0.6396273374557495
2012-09-17,0.6735420227050781,0.6735420227050781,0.6656249761581421,0.6726040244102478,0.6408182978630066
2012-09-18,0.6675000190734863,0.6753129959106445,0.6675000190734863,0.6738539934158325,0.6420091390609741
2012-09-19,0.6745830178260803,0.6834380030632019,0.6685420274734497,0.6783329844474792,0.646276593208313
2012-09-20,0.6684380173683167,0.6780210137367249,0.6632289886474609,0.6767709851264954,0.644788384437561
2012-09-21,0.6866670250892639,0.6880210041999817,0.675000011920929,0.6767709851264954,0.644788384437561
2012-09-24,0.6597920060157776,0.6683329939842224,0.6557289958000183,0.6642709970474243,0.6328790187835693
2012-09-25,0.6703130006790161,0.6744790077209473,0.6359379887580872,0.6376039981842041,0.6074722409248352
2012-09-26,0.6339579820632935,0.6353129744529724,0.6116669774055481,0.6208329796791077,0.5914937853813171
2012-09-27,0.6255210041999817,0.6512500047683716,0.6227080225944519,0.6471880078315735,0.6166033744812012
2012-09-28,0.6402080059051514,0.6463540196418762,0.6291670203208923,0.6316670179367065,0.6018158793449402
2012-10-01,0.640625,0.6517710089683533,0.6220830082893372,0.628957986831665,0.599234938621521
2012-10-02,0.636667013168335,0.6420829892158508,0.6189579963684082,0.6330209970474243,0.6031057834625244
2012-10-03,0.6387500166893005,0.6486459970474243,0.6310420036315918,0.6449999809265137,0.6145187020301819
2012-10-04,0.6494789719581604,0.6576039791107178,0.6426039934158325,0.6524999737739563,0.62166428565979
2012-10-05,0.6620830297470093,0.6645830273628235,0.6368749737739563,0.6412500143051147,0.6109458208084106
2012-10-08,0.6307290196418762,0.6344789862632751,0.6196879744529724,0.6242709755897522,0.5947693586349487
2012-10-09,0.6186460256576538,0.6192709803581238,0.5899999737739563,0.5921880006790161,0.564202606678009
2012-10-10,0.5941669940948486,0.5987499952316284,0.5822920203208923,0.5849999785423279,0.557354211807251
2012-10-11,0.599166989326477,0.5994790196418762,0.5787500143051147,0.5797920227050781,0.5523923635482788
2012-10-12,0.5804169774055481,0.5888540148735046,0.5758330225944519,0.5796880125999451,0.5522933006286621
2012-10-15,0.5857290029525757,0.5938540101051331,0.5752080082893372,0.5912500023841858,0.5633088946342468
2012-10-16,0.5944790244102478,0.6187499761581421,0.5938540101051331,0.6169790029525757,0.5878219604492188
2012-10-17,0.6072919964790344,0.6213539838790894,0.6047919988632202,0.6151040196418762,0.5860355496406555
2012-10-18,0.6096879839897156,0.6155210137367249,0.5874999761581421,0.5940629839897156,0.5659887194633484
2012-10-19,0.5920829772949219,0.5930209755897522,0.5494790077209473,0.5511459708213806,0.52510005235672
2012-10-22,0.550000011920929,0.5642709732055664,0.5470830202102661,0.5597919821739197,0.5333374738693237
2012-10-23,0.5466669797897339,0.5583329796791077,0.5388540029525757,0.5432289838790894,0.5175572633743286
2012-10-24,0.5532289743423462,0.5559380054473877,0.5358330011367798,0.5378130078315735,0.5123973488807678
2012-10-25,0.5495830178260803,0.5518749952316284,0.5332289934158325,0.5378130078315735,0.5123973488807678
2012-10-26,0.5385419726371765,0.5493749976158142,0.5256249904632568,0.5434380173683167,0.5177563428878784
2012-10-31,0.5411459803581238,0.5435420274734497,0.5270829796791077,0.5329170227050781,0.507732629776001
2012-11-01,0.5426040291786194,0.558646023273468,0.5384380221366882,0.5555210113525391,0.5292683839797974
2012-11-02,0.5630210041999817,0.5638539791107178,0.535207986831665,0.535207986831665,0.5099153518676758
2012-11-05,0.5382289886474609,0.5512499809265137,0.534375011920929,0.5483329892158508,0.5224199891090393
2012-11-06,0.550728976726532,0.5623959898948669,0.5450000166893005,0.5516669750213623,0.5255964994430542
2012-11-07,0.5339580178260803,0.5354170203208923,0.505312979221344,0.5120829939842224,0.4878830313682556
2012-11-08,0.515625,0.5198959708213806,0.4881249964237213,0.4881249964237213,0.4650573134422302
2012-11-09,0.48885399103164673,0.5098959803581238,0.4879170060157776,0.4934380054473877,0.4701192378997803
2012-11-12,0.5028129816055298,0.5042709708213806,0.4896880090236664,0.4941670000553131,0.4708138406276703
2012-11-13,0.4826039969921112,0.49760401248931885,0.47895801067352295,0.48343798518180847,0.46059179306030273
2012-11-14,0.49031299352645874,0.49208301305770874,0.4641669988632202,0.46614599227905273,0.4441169798374176
2012-11-15,0.4671880006790161,0.47218799591064453,0.45656299591064453,0.4619790017604828,0.44014692306518555
2012-11-16,0.4625000059604645,0.47145798802375793,0.4456250071525574,0.4671880006790161,0.44510984420776367
2012-11-19,0.4828130006790161,0.5020830035209656,0.48249998688697815,0.5008329749107361,0.47716477513313293
2012-11-20,0.5007290244102478,0.5034379959106445,0.48697900772094727,0.5009379982948303,0.4772648513317108
2012-11-21,0.5022919774055481,0.5066670179367065,0.4967710077762604,0.5044789910316467,0.4806385040283203
2012-11-23,0.5136460065841675,0.5276039838790894,0.5122920274734497,0.5276039838790894,0.5026707053184509
2012-11-26,0.5239580273628235,0.5348960161209106,0.518750011920929,0.534375011920929,0.5091215968132019
2012-11-27,0.5333330035209656,0.5395830273628235,0.5262500047683716,0.5283330082893372,0.503365159034729
2012-11-28,0.521041989326477,0.5435420274734497,0.5113540291786194,0.5425000190734863,0.516862690448761
2012-11-29,0.5510420203208923,0.5577080249786377,0.5440629720687866,0.5518749952316284,0.5257946252822876
2012-11-30,0.5520830154418945,0.5535420179367065,0.5444790124893188,0.5498960018157959,0.5239092111587524
2012-12-03,0.5623959898948669,0.5636460185050964,0.5455210208892822,0.5471879839897156,0.5213291049003601
2012-12-04,0.5473960041999817,0.5484380125999451,0.534375011920929,0.543645977973938,0.5179545283317566
2012-12-05,0.542917013168335,0.543021023273468,0.5181249976158142,0.5268750190734863,0.5019761919975281
2012-12-06,0.5220829844474792,0.5412499904632568,0.5177080035209656,0.536562979221344,0.5112062692642212
2012-12-07,0.5454170107841492,0.5467709898948669,0.5221880078315735,0.527396023273468,0.5024725198745728
2012-12-10,0.5234379768371582,0.5402079820632935,0.5231249928474426,0.5320829749107361,0.5069379210472107
2012-12-11,0.5440629720687866,0.5618749856948853,0.5418750047683716,0.5526040196418762,0.5264892578125
2012-12-12,0.5612499713897705,0.5614579916000366,0.5447919964790344,0.5488539934158325,0.5229164361953735
2012-12-13,0.5462499856948853,0.5576040148735046,0.5292710065841675,0.5364580154418945,0.5111061930656433
2012-12-14,0.5262500047683716,0.5305209755897522,0.515625,0.5212500095367432,0.4966168999671936
2012-12-17,0.5220829844474792,0.5420830249786377,0.5202080011367798,0.5415629744529724,0.51596999168396
2012-12-18,0.5498960018157959,0.5690630078315735,0.5455210208892822,0.5666670203208923,0.539887547492981
2012-12-19,0.5712500214576721,0.5718749761581421,0.5581250190734863,0.558542013168335,0.532146692276001
2012-12-20,0.5620830059051514,0.5629169940948486,0.550728976726532,0.5589579939842224,0.532542884349823
2012-12-21,0.5332289934158325,0.5434380173683167,0.5260419845581055,0.5415629744529724,0.51596999168396
2012-12-24,0.5387499928474426,0.539687991142273,0.534479022026062,0.5369790196418762,0.5116026401519775
2012-12-26,0.5386459827423096,0.5407289862632751,0.5189579725265503,0.5242710113525391,0.4994952976703644
2012-12-27,0.5251039862632751,0.527292013168335,0.5019789934158325,0.5213540196418762,0.496716171503067
2012-12-28,0.5106250047683716,0.5218750238418579,0.5062500238418579,0.5062500238418579,0.48232579231262207
2012-12-31,0.503853976726532,0.5418750047683716,0.5016670227050781,0.5392709970474243,0.5137863755226135
2013-01-02,0.578125,0.5904170274734497,0.5720829963684082,0.5895829796791077,0.5617207288742065
2013-01-03,0.5894790291786194,0.5934380292892456,0.5753129720687866,0.5810419917106628,0.5535833239555359
2013-01-04,0.5814579725265503,0.5814579725265503,0.571042001247406,0.5753129720687866,0.5481250286102295
2013-01-07,0.5703129768371582,0.578125,0.5652080178260803,0.5759379863739014,0.5487203001976013
2013-01-08,0.5752080082893372,0.5795829892158508,0.5631250143051147,0.5726040005683899,0.545543909072876
2013-01-09,0.5744789838790894,0.5830209851264954,0.5732290148735046,0.5784379839897156,0.5511021614074707
2013-01-10,0.589896023273468,0.5916669964790344,0.5729169845581055,0.5886459946632385,0.5608277916908264
2013-01-11,0.5880209803581238,0.5919790267944336,0.5846880078315735,0.5908330082893372,0.5629115700721741
2013-01-14,0.5814579725265503,0.5881249904632568,0.5758330225944519,0.5832290053367615,0.555666983127594
2013-01-15,0.5752080082893372,0.5771880149841309,0.5670830011367798,0.5745829939842224,0.5474294424057007
2013-01-16,0.5779169797897339,0.5874999761581421,0.574271023273468,0.5810419917106628,0.5535833239555359
2013-01-17,0.5888540148735046,0.5966669917106628,0.5858330130577087,0.5899999737739563,0.5621179938316345
2013-01-18,0.5842710137367249,0.5877079963684082,0.5780209898948669,0.586667001247406,0.5589424967765808
2013-01-22,0.5882290005683899,0.589792013168335,0.5771880149841309,0.5890629887580872,0.5612252354621887
2013-01-23,0.5985419750213623,0.6046879887580872,0.5960419774055481,0.5986459851264954,0.5703554153442383
2013-01-24,0.5752080082893372,0.5912500023841858,0.5721880197525024,0.5747920274734497,0.5476287007331848
2013-01-25,0.5807290077209473,0.5885419845581055,0.5770829916000366,0.5833330154418945,0.5557659268379211
2013-01-28,0.5840629935264587,0.5933330059051514,0.5816670060157776,0.5874999761581421,0.5597361922264099
2013-01-29,0.5851039886474609,0.5914580225944519,0.5735419988632202,0.5874999761581421,0.5597361922264099
2013-01-30,0.5913540124893188,0.5958330035209656,0.5798959732055664,0.5842710137367249,0.5566597580909729
2013-01-31,0.5833330154418945,0.5923960208892822,0.5784379839897156,0.5805209875106812,0.5530868768692017
2013-02-01,0.5922920107841492,0.6035419702529907,0.585207998752594,0.5995830297470093,0.571247935295105
2013-02-04,0.5894790291786194,0.5951039791107178,0.5687500238418579,0.5690630078315735,0.5421704053878784
2013-02-05,0.5761460065841675,0.5993750095367432,0.5726040005683899,0.5940629839897156,0.5659887194633484
2013-02-06,0.5880209803581238,0.5963540077209473,0.5832290053367615,0.5885419845581055,0.5607289671897888
2013-02-07,0.5903130173683167,0.5919790267944336,0.5707290172576904,0.5899999737739563,0.5621179938316345
2013-02-08,0.5994790196418762,0.6117709875106812,0.5981249809265137,0.6079170107841492,0.5791882872581482
2013-02-11,0.6092709898948669,0.6100000143051147,0.6026039719581604,0.6077079772949219,0.5789890289306641
2013-02-12,0.6066669821739197,0.6097919940948486,0.5993750095367432,0.6006249785423279,0.5722408294677734
2013-02-13,0.6060420274734497,0.6141669750213623,0.6018750071525574,0.6076040267944336,0.5788900256156921
2013-02-14,0.5992709994316101,0.6095830202102661,0.5980209708213806,0.6063539981842041,0.5776991248130798
2013-02-15,0.6071879863739014,0.6111459732055664,0.5964580178260803,0.6011459827423096,0.5727372765541077
2013-02-19,0.605417013168335,0.6148959994316101,0.6044790148735046,0.6142709851264954,0.585241973400116
2013-02-20,0.6141669750213623,0.6145830154418945,0.5862500071525574,0.5862500071525574,0.5585451722145081
2013-02-21,0.5798959732055664,0.581250011920929,0.5609380006790161,0.567188024520874,0.5403839349746704
2013-02-22,0.5769789814949036,0.5842710137367249,0.5708330273628235,0.5838540196418762,0.5562623739242554
2013-02-25,0.5957289934158325,0.6015629768371582,0.5611460208892822,0.5620830059051514,0.5355201959609985
2013-02-26,0.5655210018157959,0.5721880197525024,0.5537499785423279,0.5688539743423462,0.5419712066650391
2013-02-27,0.569582998752594,0.5967710018157959,0.5668749809265137,0.5861459970474243,0.5584460496902466
2013-02-28,0.5861459970474243,0.5992709994316101,0.583541989326477,0.5839580297470093,0.5563615560531616
2013-03-01,0.5767710208892822,0.5927079916000366,0.5681250095367432,0.5899999737739563,0.5621179938316345
2013-03-04,0.5841670036315918,0.5979170203208923,0.581978976726532,0.597603976726532,0.5693626403808594
2013-03-05,0.6091669797897339,0.6265630125999451,0.6085420250892639,0.6238539814949036,0.5943719744682312
2013-03-06,0.6302080154418945,0.6307290196418762,0.6172919869422913,0.6198959946632385,0.5906010866165161
2013-03-07,0.6216670274734497,0.6274999976158142,0.6184380054473877,0.6253129839897156,0.5957621335983276
2013-03-08,0.6310420036315918,0.633542001247406,0.6194790005683899,0.6260420083999634,0.59645676612854
2013-03-11,0.6248959898948669,0.6327080130577087,0.6187499761581421,0.6324999928474426,0.6026094555854797
2013-03-12,0.6268749833106995,0.6309379935264587,0.616457998752594,0.6247919797897339,0.5952657461166382
2013-03-13,0.6270830035209656,0.6301040053367615,0.616457998752594,0.6228129863739014,0.5933802723884583
2013-03-14,0.6294789910316467,0.6330209970474243,0.625,0.6291670203208923,0.5994340777397156
2013-03-15,0.6302080154418945,0.6316670179367065,0.6190630197525024,0.6232290267944336,0.5937767624855042
2013-03-18,0.6069790124893188,0.6269789934158325,0.6026039719581604,0.6189579963684082,0.589707612991333
2013-03-19,0.6248959898948669,0.6286460161209106,0.5994790196418762,0.616457998752594,0.5873256921768188
2013-03-20,0.6290630102157593,0.6328129768371582,0.6204169988632202,0.628229022026062,0.5985403656959534
2013-03-21,0.612500011920929,0.616457998752594,0.6033329963684082,0.6081249713897705,0.5793862342834473
2013-03-22,0.6150000095367432,0.6264579892158508,0.6131250262260437,0.6248959898948669,0.5953648090362549
2013-03-25,0.6310420036315918,0.6349999904632568,0.6094790101051331,0.6185420155525208,0.5893111824989319
2013-03-26,0.6258329749107361,0.628853976726532,0.6213539838790894,0.6280210018157959,0.5983421802520752
2013-03-27,0.6161460280418396,0.6321880221366882,0.6130210161209106,0.6313539743423462,0.6015176177024841
2013-03-28,0.6309379935264587,0.637499988079071,0.6265630125999451,0.6349999904632568,0.6049914360046387
2013-04-01,0.6369789838790894,0.6385419964790344,0.6175000071525574,0.6227080225944519,0.5932803153991699
2013-04-02,0.6309379935264587,0.6431249976158142,0.6298959851264954,0.636771023273468,0.6066787838935852
2013-04-03,0.6381250023841858,0.640625,0.6151040196418762,0.6198959946632385,0.5906010866165161
2013-04-04,0.6192709803581238,0.6246880292892456,0.6102079749107361,0.6202080249786377,0.5908983945846558
2013-04-05,0.5909379720687866,0.6073960065841675,0.586562991142273,0.6050000190734863,0.5764090418815613
2013-04-08,0.605521023273468,0.614687979221344,0.6001039743423462,0.6142709851264954,0.585241973400116
2013-04-09,0.6193749904632568,0.6339579820632935,0.6106250286102295,0.6263539791107178,0.5967538952827454
2013-04-10,0.6329169869422913,0.6658329963684082,0.6321880221366882,0.6630210280418396,0.631688117980957
2013-04-11,0.6585419774055481,0.6669790148735046,0.65625,0.6618750095367432,0.6305962204933167
2013-04-12,0.6576039791107178,0.6623960137367249,0.645937979221344,0.6611459851264954,0.6299017071723938
2013-04-15,0.6529170274734497,0.6567710041999817,0.6197919845581055,0.6209380030632019,0.5915938019752502
2013-04-16,0.6332290172576904,0.6485419869422913,0.6287500262260437,0.6468750238418579,0.6163051724433899
2013-04-17,0.6294789910316467,0.6298959851264954,0.597603976726532,0.6090630292892456,0.580280065536499
2013-04-18,0.6141669750213623,0.6141669750213623,0.5756250023841858,0.5827080011367798,0.555170476436615
2013-04-19,0.5873960256576538,0.6110420227050781,0.5840629935264587,0.6068750023841858,0.5781954526901245
2013-04-22,0.6135420203208923,0.6322919726371765,0.6069790124893188,0.6255210041999817,0.595960259437561
2013-04-23,0.6369789838790894,0.6503130197525024,0.6268749833106995,0.6439579725265503,0.613525927066803
2013-04-24,0.6389579772949219,0.6497920155525208,0.6346880197525024,0.6423959732055664,0.6120379567146301
2013-04-25,0.6486459970474243,0.6604170203208923,0.6474999785423279,0.6528130173683167,0.6219624876976013
2013-04-26,0.6487500071525574,0.6527079939842224,0.6388540267944336,0.6472920179367065,0.6167024374008179
2013-04-29,0.6528130173683167,0.6721879839897156,0.6528130173683167,0.6644790172576904,0.6330772638320923
2013-04-30,0.6675000190734863,0.6796879768371582,0.6598960161209106,0.6790630221366882,0.6469720602035522
2013-05-01,0.6790630221366882,0.6829169988632202,0.6658329963684082,0.6704170107841492,0.638734757900238
2013-05-02,0.6730210185050964,0.6993749737739563,0.6714580059051514,0.6946880221366882,0.6618585586547852
2013-05-03,0.7152079939842224,0.7259380221366882,0.7140629887580872,0.7189580202102661,0.6849817633628845
2013-05-06,0.7231249809265137,0.7313539981842041,0.7215629816055298,0.7282289862632751,0.6938145756721497
2013-05-07,0.7316669821739197,0.7332289814949036,0.7189580202102661,0.7264580130577087,0.6921272277832031
2013-05-08,0.7246879935264587,0.7389580011367798,0.7222920060157776,0.7378129959106445,0.7029455900192261
2013-05-09,0.7323960065841675,0.7489579916000366,0.7298960089683533,0.7352079749107361,0.7004637122154236
2013-05-10,0.7384380102157593,0.7484380006790161,0.7351040244102478,0.7477080225944519,0.7123731374740601
2013-05-13,0.7440630197525024,0.7556250095367432,0.7416669726371765,0.7506250143051147,0.7151521444320679
2013-05-14,0.7505210041999817,0.7686460018157959,0.7503129839897156,0.761667013168335,0.7256723642349243
2013-05-15,0.7582290172576904,0.7686460018157959,0.7519789934158325,0.7672920227050781,0.7310315370559692
2013-05-16,0.768854022026062,0.7798960208892822,0.7627080082893372,0.7644789814949036,0.728351354598999
2013-05-17,0.7754169702529907,0.7868750095367432,0.7684379816055298,0.7860419750213623,0.7488954663276672
2013-05-20,0.7798960208892822,0.7901039719581604,0.7731249928474426,0.7825000286102295,0.745520830154419
2013-05-21,0.7819790244102478,0.7935420274734497,0.7732290029525757,0.7854170203208923,0.7483000159263611
2013-05-22,0.7879170179367065,0.8064579963684082,0.7523959875106812,0.7662500143051147,0.7300387024879456
2013-05-23,0.7442709803581238,0.7662500143051147,0.7395830154418945,0.7579169869422913,0.7220997214317322
2013-05-24,0.7437499761581421,0.7580209970474243,0.737500011920929,0.7574999928474426,0.7217022776603699
2013-05-28,0.7839580178260803,0.7927079796791077,0.765625,0.7731249928474426,0.7365888953208923
2013-05-29,0.7635419964790344,0.7697920203208923,0.7484380006790161,0.7614579796791077,0.7254731059074402
2013-05-30,0.761667013168335,0.7839580178260803,0.761667013168335,0.7738540172576904,0.7372835278511047
2013-05-31,0.7642710208892822,0.7821879982948303,0.7502080202102661,0.7517709732055664,0.716244101524353
2013-06-03,0.7534379959106445,0.7565630078315735,0.7270830273628235,0.7561460137367249,0.7204123735427856
2013-06-04,0.7604169845581055,0.7697920203208923,0.7352079749107361,0.7447919845581055,0.7095949053764343
2013-06-05,0.7369790077209473,0.7454169988632202,0.7137500047683716,0.7162500023841858,0.6824016571044922
2013-06-06,0.7182289958000183,0.7256249785423279,0.6979169845581055,0.7250000238418579,0.6907381415367126
2013-06-07,0.7355210185050964,0.7576040029525757,0.7291669845581055,0.755312979221344,0.719618558883667
2013-06-10,0.7601040005683899,0.7664579749107361,0.7515630125999451,0.7556250095367432,0.7199159264564514
2013-06-11,0.7332289814949036,0.753853976726532,0.7261459827423096,0.7337499856948853,0.6990746855735779
2013-06-12,0.7471879720687866,0.7472919821739197,0.7048959732055664,0.7083330154418945,0.674858808517456
2013-06-13,0.7052080035209656,0.7392709851264954,0.6994789838790894,0.7337499856948853,0.6990746855735779
2013-06-14,0.7347919940948486,0.7372919917106628,0.7170829772949219,0.7208330035209656,0.686768114566803
2013-06-17,0.737500011920929,0.7536460161209106,0.7298960089683533,0.7408329844474792,0.7058230042457581
2013-06-18,0.7441669702529907,0.7636460065841675,0.7438539862632751,0.7583330273628235,0.7224960923194885
2013-06-19,0.7594789862632751,0.7621880173683167,0.7314580082893372,0.7344790101051331,0.6997692584991455
2013-06-20,0.7086459994316101,0.7161459922790527,0.6745830178260803,0.680312991142273,0.6481630206108093
2013-06-21,0.6808329820632935,0.6867709755897522,0.6538540124893188,0.6707289814949036,0.6390318274497986
2013-06-24,0.6544790267944336,0.6661459803581238,0.6339579820632935,0.6499999761581421,0.6192824244499207
2013-06-25,0.6691669821739197,0.6727079749107361,0.6534379720687866,0.6638540029525757,0.6324818134307861
2013-06-26,0.6816669702529907,0.6860420107841492,0.6747919917106628,0.6819790005683899,0.6497501730918884
2013-06-27,0.6926040053367615,0.7037500143051147,0.6895830035209656,0.6895830035209656,0.6569948792457581
2013-06-28,0.6841670274734497,0.7061460018157959,0.6797919869422913,0.691457986831665,0.6587812304496765
2013-07-01,0.7082290053367615,0.723438024520874,0.7044789791107178,0.706250011920929,0.672874391078949
2013-07-02,0.7058330178260803,0.7202079892158508,0.6962500214576721,0.7065629959106445,0.6731722950935364
2013-07-03,0.6997920274734497,0.7257289886474609,0.6980209946632385,0.7161459922790527,0.6823025941848755
2013-07-05,0.7279170155525208,0.7328130006790161,0.7110419869422913,0.7319790124893188,0.6973873972892761
2013-07-08,0.7435420155525208,0.7443749904632568,0.7265629768371582,0.734375,0.699670135974884
2013-07-09,0.7444790005683899,0.7524999976158142,0.7346879839897156,0.7478129863739014,0.7124730348587036
2013-07-10,0.7451040148735046,0.7639579772949219,0.7451040148735046,0.7604169845581055,0.7244814038276672
2013-07-11,0.7846879959106445,0.8078129887580872,0.7835419774055481,0.8078129887580872,0.7696375846862793
2013-07-12,0.8080210089683533,0.8180209994316101,0.8013539910316467,0.8162500262260437,0.7776759266853333
2013-07-15,0.8188539743423462,0.8235419988632202,0.8121880292892456,0.8226040005683899,0.7837294340133667
2013-07-16,0.8240630030632019,0.8260419964790344,0.8127080202102661,0.8193749785423279,0.7806531190872192
2013-07-17,0.8263540267944336,0.8305209875106812,0.8182290196418762,0.8252080082893372,0.7862105965614319
2013-07-18,0.8247920274734497,0.8308330178260803,0.8151040077209473,0.8191670179367065,0.7804550528526306
2013-07-19,0.7979170083999634,0.7982289791107178,0.7861459851264954,0.7942709922790527,0.7567355632781982
2013-07-22,0.8027080297470093,0.8057289719581604,0.793021023273468,0.800000011920929,0.7621938586235046
2013-07-23,0.8046879768371582,0.8046879768371582,0.7809380292892456,0.7821879982948303,0.7452237010002136
2013-07-24,0.805417001247406,0.8063539862632751,0.7847920060157776,0.7895830273628235,0.7522693276405334
2013-07-25,0.8012499809265137,0.8076040148735046,0.7887499928474426,0.8038539886474609,0.7658657431602478
2013-07-26,0.7952079772949219,0.817812979221344,0.7916669845581055,0.817188024520874,0.7785695791244507
2013-07-29,0.8130210041999817,0.8231250047683716,0.8064579963684082,0.8134379982948303,0.774996817111969
2013-07-30,0.8223959803581238,0.8362500071525574,0.8170830011367798,0.8255209922790527,0.7865087389945984
2013-07-31,0.8307290077209473,0.8444790244102478,0.8258330225944519,0.8307290077209473,0.7914707064628601
2013-08-01,0.847603976726532,0.859375,0.8448960185050964,0.8560420274734497,0.8155875205993652
2013-08-02,0.8566669821739197,0.8706250190734863,0.8506249785423279,0.8703129887580872,0.8291839957237244
2013-08-05,0.8672919869422913,0.8738539814949036,0.8639580011367798,0.8721879720687866,0.830970287322998
2013-08-06,0.8683329820632935,0.8708329796791077,0.8458330035209656,0.8566669821739197,0.8161829113960266
2013-08-07,0.8486459851264954,0.8560420274734497,0.8330209851264954,0.8517709970474243,0.8115183115005493
2013-08-08,0.8659380078315735,0.8698959946632385,0.8475000262260437,0.8631250262260437,0.8223357200622559
2013-08-09,0.8605210185050964,0.8688539862632751,0.8463540077209473,0.8538540005683899,0.813502848148346
2013-08-12,0.8436459898948669,0.8639580011367798,0.8435419797897339,0.8591669797897339,0.818564772605896
2013-08-13,0.8627079725265503,0.8797919750213623,0.8444790244102478,0.8734380006790161,0.8321613073348999
2013-08-14,0.8729169964790344,0.8766670227050781,0.8604170083999634,0.8637499809265137,0.8229310512542725
2013-08-15,0.8353130221366882,0.8355209827423096,0.8132290244102478,0.8204169869422913,0.7816459536552429
2013-08-16,0.8206250071525574,0.8314579725265503,0.8147919774055481,0.8174999952316284,0.7788667678833008
2013-08-19,0.8204169869422913,0.839792013168335,0.8141670227050781,0.8142709732055664,0.7757903933525085
2013-08-20,0.8198959827423096,0.836667001247406,0.8172919750213623,0.8254169821739197,0.7864096164703369
2013-08-21,0.8182290196418762,0.8386459946632385,0.8082290291786194,0.817188024520874,0.7785695791244507
2013-08-22,0.8267710208892822,0.8422920107841492,0.8260419964790344,0.840520977973938,0.8007999062538147
2013-08-23,0.8590630292892456,0.8606250286102295,0.8493750095367432,0.8582289814949036,0.8176710605621338
2013-08-26,0.859375,0.878125011920929,0.8535419702529907,0.8589580059051514,0.8183655738830566
2013-08-27,0.8286460041999817,0.8407289981842041,0.8005210161209106,0.8048959970474243,0.7668585181236267
2013-08-28,0.8043749928474426,0.8256250023841858,0.8034380078315735,0.8153129816055298,0.7767831087112427
2013-08-29,0.8149999976158142,0.8445829749107361,0.8115630149841309,0.8321880102157593,0.7928606271743774
2013-08-30,0.8345829844474792,0.8351039886474609,0.8078129887580872,0.8166670203208923,0.7780731916427612
2013-09-03,0.8364580273628235,0.847603976726532,0.8196880221366882,0.8301039934158325,0.7908750176429749
2013-09-04,0.8380209803581238,0.8605210185050964,0.8317710161209106,0.8571879863739014,0.8166792392730713
2013-09-05,0.8584380149841309,0.8682289719581604,0.8573960065841675,0.8609380125999451,0.8202521204948425
2013-09-06,0.8693749904632568,0.8774999976158142,0.8351039886474609,0.864063024520874,0.8232293128967285
2013-09-09,0.8742709755897522,0.8986459970474243,0.8742709755897522,0.894478976726532,0.8522079586982727
2013-09-10,0.910207986831665,0.9112499952316284,0.8980209827423096,0.9080209732055664,0.8651100397109985
2013-09-11,0.8901039958000183,0.9038540124893188,0.8860419988632202,0.9034379720687866,0.860743522644043
2013-09-12,0.903020977973938,0.9088540077209473,0.8951039910316467,0.8993750214576721,0.8568727374076843
2013-09-13,0.9037500023841858,0.9053130149841309,0.8878129720687866,0.902292013168335,0.8596518039703369
2013-09-16,0.9244790077209473,0.9247919917106628,0.8887500166893005,0.8946880102157593,0.8524071574211121
2013-09-17,0.8997920155525208,0.9158329963684082,0.8997920155525208,0.9126039743423462,0.8694763779640198
2013-09-18,0.916458010673523,0.9507290124893188,0.9111459851264954,0.9461460113525391,0.9014334082603455
2013-09-19,0.9536460041999817,0.9588540196418762,0.9473959803581238,0.9519789814949036,0.9069904685020447
2013-09-20,0.9592710137367249,0.961667001247406,0.9405210018157959,0.9415630102157593,0.8970670700073242
2013-09-23,0.9547920227050781,0.957082986831665,0.9229170083999634,0.9362499713897705,0.8920049071311951
2013-09-24,0.9427080154418945,0.9513540267944336,0.9270830154418945,0.9364579916000366,0.8922030925750732
2013-09-25,0.9378129839897156,0.942188024520874,0.9211459755897522,0.9276040196418762,0.8837676048278809
2013-09-26,0.9385420083999634,0.9546880125999451,0.9368749856948853,0.9488540291786194,0.9040133357048035
2013-09-27,0.9331250190734863,0.9495829939842224,0.9278129935264587,0.9443749785423279,0.8997460007667542
2013-09-30,0.9154170155525208,0.9447919726371765,0.9061459898948669,0.9384379982948303,0.8940895199775696
2013-10-01,0.9380210041999817,0.9678130149841309,0.9370830059051514,0.9665629863739014,0.920885443687439
2013-10-02,0.945937991142273,0.9691669940948486,0.9440630078315735,0.964792013168335,0.9191981554031372
2013-10-03,0.9613540172576904,0.9672920107841492,0.9159380197525024,0.9312499761581421,0.8872411251068115
2013-10-04,0.9307289719581604,0.9590629935264587,0.9291669726371765,0.9552080035209656,0.9100670218467712
2013-10-07,0.9309380054473877,0.9535419940948486,0.9292709827423096,0.9315630197525024,0.8875394463539124
2013-10-08,0.9312499761581421,0.933542013168335,0.8767709732055664,0.878853976726532,0.8373214602470398
2013-10-09,0.8836460113525391,0.8848959803581238,0.8478130102157593,0.8691669702529907,0.8280922174453735
2013-10-10,0.8969789743423462,0.9301040172576904,0.8964580297470093,0.9243749976158142,0.8806911110877991
2013-10-11,0.9173960089683533,0.9479169845581055,0.9169790148735046,0.9452080130577087,0.9005395770072937
2013-10-14,0.9284380078315735,0.965624988079071,0.9260420203208923,0.964792013168335,0.9191981554031372
2013-10-15,0.9629169702529907,0.9776039719581604,0.9510419964790344,0.9544789791107178,0.9093724489212036
2013-10-16,0.9672920107841492,0.9885420203208923,0.9657289981842041,0.9870830178260803,0.9404357075691223
2013-10-17,0.9730209708213806,1.0048960447311401,0.9713540077209473,1.003021001815796,0.9556204080581665
2013-10-18,1.0309380292892456,1.0537500381469727,1.0228129625320435,1.0526039600372314,1.0028603076934814
2013-10-21,1.0586459636688232,1.0673960447311401,1.0495829582214355,1.0586459636688232,1.0086168050765991
2013-10-22,1.0703129768371582,1.0814579725265503,1.0442709922790527,1.0622919797897339,1.0120905637741089
2013-10-23,1.0485420227050781,1.0544790029525757,1.0295829772949219,1.0452079772949219,0.9958139657974243
2013-10-24,1.0459380149841309,1.065000057220459,1.0418750047683716,1.0582289695739746,1.0082197189331055
2013-10-25,1.0885419845581055,1.0953129529953003,1.0659379959106445,1.0793750286102295,1.0283658504486084
2013-10-28,1.0809379816055298,1.0863540172576904,1.0673960447311401,1.0815629959106445,1.030450701713562
2013-10-29,1.0919790267944336,1.0952080488204956,1.0729169845581055,1.086771011352539,1.0354126691818237
2013-10-30,1.0985419750213623,1.1033329963684082,1.0688539743423462,1.0833330154418945,1.0321370363235474
2013-10-31,1.0760420560836792,1.096250057220459,1.0645829439163208,1.0763540267944336,1.0254881381988525
2013-11-01,1.0857290029525757,1.0906250476837158,1.0612499713897705,1.0758329629898071,1.0249912738800049
2013-11-04,1.087499976158142,1.087499976158142,1.070207953453064,1.0810420513153076,1.0299543142318726
2013-11-05,1.0688539743423462,1.0927079916000366,1.0598959922790527,1.0856250524520874,1.0343209505081177
2013-11-06,1.0982290506362915,1.0995830297470093,1.0739580392837524,1.0837500095367432,1.0325343608856201
2013-11-07,1.084375023841858,1.089063048362732,1.0205210447311401,1.0236459970474243,0.975270688533783
2013-11-08,1.0343749523162842,1.0651040077209473,1.0257289409637451,1.0640629529953003,1.0137776136398315
2013-11-11,1.0573960542678833,1.0681250095367432,1.0487500429153442,1.0589580535888672,1.0089141130447388
2013-11-12,1.0496879816055298,1.0688539743423462,1.0479170083999634,1.0641670227050781,1.0138769149780273
2013-11-13,1.0439579486846924,1.1026040315628052,1.0432289838790894,1.1022919416427612,1.05020010471344
2013-11-14,1.0934380292892456,1.1152080297470093,1.0873960256576538,1.1108330488204956,1.0583373308181763
2013-11-15,1.1145830154418945,1.119583010673523,1.1058330535888672,1.118541955947876,1.065682053565979
2013-11-18,1.1179169416427612,1.1253130435943604,1.0805209875106812,1.08760404586792,1.0362062454223633
2013-11-19,1.0846879482269287,1.100000023841858,1.071874976158142,1.0768749713897705,1.0259841680526733
2013-11-20,1.0862499475479126,1.0978130102157593,1.0598959922790527,1.0693750381469727,1.0188390016555786
2013-11-21,1.0819790363311768,1.1044789552688599,1.0800000429153442,1.1020829677581787,1.0500012636184692
2013-11-22,1.1079169511795044,1.1205209493637085,1.1048959493637085,1.1194789409637451,1.0665748119354248
2013-11-25,1.1306250095367432,1.135208010673523,1.1191669702529907,1.1268750429153442,1.0736215114593506
2013-11-26,1.128957986831665,1.1534379720687866,1.1208330392837524,1.1455210447311401,1.091386318206787
2013-11-27,1.1521879434585571,1.1698960065841675,1.149271011352539,1.1684379577636719,1.113219976425171
2013-11-29,1.1825000047683716,1.1945830583572388,1.179582953453064,1.1876039505004883,1.1314804553985596
2013-12-02,1.1943750381469727,1.1994789838790894,1.1745829582214355,1.1802079677581787,1.1244341135025024
2013-12-03,1.1769789457321167,1.1860419511795044,1.1631250381469727,1.1767710447311401,1.1211594343185425
2013-12-04,1.1619789600372314,1.191457986831665,1.1505210399627686,1.179792046546936,1.124037742614746
2013-12-05,1.1836459636688232,1.1865630149841309,1.1662499904632568,1.1761460304260254,1.1205641031265259
2013-12-06,1.2044789791107178,1.2082289457321167,1.183750033378601,1.2004170417785645,1.1436882019042969
2013-12-09,1.2145830392837524,1.2229169607162476,1.2090630531311035,1.214792013168335,1.1573835611343384
2013-12-10,1.2086460590362549,1.219478964805603,1.2058329582214355,1.21260404586792,1.155299186706543
2013-12-11,1.2118749618530273,1.2176040410995483,1.1610419750213623,1.1672919988632202,1.112128734588623
2013-12-12,1.1677080392837524,1.175832986831665,1.1541670560836792,1.1578129529953003,1.1030974388122559
2013-12-13,1.1731250286102295,1.174896001815796,1.1462500095367432,1.152292013168335,1.097837209701538
2013-12-16,1.1689579486846924,1.191249966621399,1.1669789552688599,1.1720830202102661,1.116693377494812
2013-12-17,1.1720830202102661,1.179582953453064,1.1578129529953003,1.164687991142273,1.109647274017334
2013-12-18,1.1677080392837524,1.207813024520874,1.1171879768371582,1.2048959732055664,1.1479551792144775
2013-12-19,1.1982289552688599,1.1990629434585571,1.1787500381469727,1.1940629482269287,1.13763427734375
2013-12-20,1.2000000476837158,1.2385419607162476,1.1989580392837524,1.2300000190734863,1.1718732118606567
2013-12-23,1.2605210542678833,1.2697919607162476,1.2502080202102661,1.2697919607162476,1.2097846269607544
2013-12-24,1.2698960304260254,1.2736459970474243,1.2637499570846558,1.2715630531311035,1.2114721536636353
2013-12-26,1.2776039838790894,1.2868750095367432,1.2709380388259888,1.2839579582214355,1.2232811450958252
2013-12-27,1.2883330583572388,1.290624976158142,1.269582986831665,1.2745829820632935,1.2143490314483643
2013-12-30,1.2679170370101929,1.2734379768371582,1.2578129768371582,1.2679170370101929,1.2079981565475464
2013-12-31,1.2753130197525024,1.2928129434585571,1.2739579677581787,1.2928129434585571,1.2317174673080444
2014-01-02,1.27510404586792,1.2760419845581055,1.2514580488204956,1.262603998184204,1.202936053276062
2014-01-03,1.262395977973938,1.2659380435943604,1.234375,1.235103964805603,1.1767358779907227
2014-01-06,1.2361459732055664,1.2400000095367432,1.2077080011367798,1.221979022026062,1.1642309427261353
2014-01-07,1.2378129959106445,1.2604169845581055,1.2315629720687866,1.2536460161209106,1.1944019794464111
2014-01-08,1.2555210590362549,1.2736459970474243,1.247499942779541,1.2630209922790527,1.2033332586288452
2014-01-09,1.2763539552688599,1.2777080535888672,1.2377079725265503,1.25,1.1909282207489014
2014-01-10,1.260208010673523,1.2667709589004517,1.2320829629898071,1.2625000476837158,1.2028371095657349
2014-01-13,1.2573959827423096,1.2704169750213623,1.192188024520874,1.206354022026062,1.1493443250656128
2014-01-14,1.2190630435943604,1.2779170274734497,1.21875,1.2754169702529907,1.2151435613632202
2014-01-15,1.2905210256576538,1.3141670227050781,1.287500023841858,1.3052079677581787,1.2435270547866821
2014-01-16,1.3034379482269287,1.3128130435943604,1.2969789505004883,1.3079169988632202,1.2461079359054565
2014-01-17,1.2955210208892822,1.306249976158142,1.2755210399627686,1.2846879959106445,1.223976731300354
2014-01-21,1.3091670274734497,1.3156249523162842,1.2814580202102661,1.313438057899475,1.2513680458068848
2014-01-22,1.3236459493637085,1.3333330154418945,1.3125,1.325624942779541,1.2629791498184204
2014-01-23,1.3118749856948853,1.3125,1.2833329439163208,1.3096879720687866,1.2477951049804688
2014-01-24,1.2902079820632935,1.2970830202102661,1.231874942779541,1.2320829629898071,1.173857569694519
2014-01-27,1.2335419654846191,1.2393749952316284,1.1708329916000366,1.1962499618530273,1.139717936515808
2014-01-28,1.1777080297470093,1.1989580392837524,1.1729170083999634,1.1958329677581787,1.139320731163025
2014-01-29,1.164167046546936,1.1902079582214355,1.1495829820632935,1.1581250429153442,1.1033949851989746
2014-01-30,1.1997920274734497,1.2327079772949219,1.1956249475479126,1.2191669940948486,1.161551833152771
2014-01-31,1.179582953453064,1.228124976158142,1.1762499809265137,1.2106250524520874,1.1534136533737183
2014-02-03,1.2039580345153809,1.221250057220459,1.1181249618530273,1.130416989326477,1.0769959688186646
2014-02-04,1.144374966621399,1.1652079820632935,1.134374976158142,1.152500033378601,1.0980355739593506
2014-02-05,1.140625,1.1552079916000366,1.1041669845581055,1.1418750286102295,1.0879124402999878
2014-02-06,1.1535420417785645,1.1906249523162842,1.1516669988632202,1.1856249570846558,1.1295950412750244
2014-02-07,1.2064579725265503,1.2522920370101929,1.1962499618530273,1.2485419511795044,1.1895387172698975
2014-02-10,1.2491669654846191,1.2731250524520874,1.2464580535888672,1.2714580297470093,1.211371660232544
2014-02-11,1.278749942779541,1.3222919702529907,1.2756249904632568,1.315000057220459,1.2528560161590576
2014-02-12,1.3229169845581055,1.3312499523162842,1.3108329772949219,1.3212499618530273,1.2588105201721191
2014-02-13,1.292917013168335,1.3552080392837524,1.2925000190734863,1.3552080392837524,1.2911640405654907
2014-02-14,1.3533329963684082,1.3691669702529907,1.3389580249786377,1.3591669797897339,1.294935941696167
2014-02-18,1.3660420179367065,1.3877079486846924,1.3566670417785645,1.380416989326477,1.3151813745498657
2014-02-19,1.3722920417785645,1.381458044052124,1.3429169654846191,1.350208044052124,1.2864001989364624
2014-02-20,1.3533329963684082,1.3779170513153076,1.3370829820632935,1.3697919845581055,1.3050588369369507
2014-02-21,1.382707953453064,1.3889579772949219,1.3600000143051147,1.3627079725265503,1.2983098030090332
2014-02-24,1.371042013168335,1.4049999713897705,1.3666670322418213,1.386667013168335,1.3211363554000854
2014-02-25,1.3922920227050781,1.4004169702529907,1.368541955947876,1.3816670179367065,1.3163728713989258
2014-02-26,1.3937499523162842,1.4052079916000366,1.3616670370101929,1.3770829439163208,1.3120050430297852
2014-02-27,1.3785419464111328,1.4085420370101929,1.3720829486846924,1.4041670560836792,1.3378093242645264
2014-02-28,1.4043749570846558,1.4287500381469727,1.363124966621399,1.397083044052124,1.3310600519180298
2014-03-03,1.3591669797897339,1.3791669607162476,1.331874966621399,1.3664580583572388,1.301882266998291
2014-03-04,1.412708044052124,1.428333044052124,1.4095829725265503,1.4214580059051514,1.354283094406128
2014-03-05,1.428125023841858,1.4397920370101929,1.4187500476837158,1.4331250190734863,1.3653987646102905
2014-03-06,1.4416669607162476,1.445417046546936,1.4131250381469727,1.4277080297470093,1.360237717628479
2014-03-07,1.4431250095367432,1.4460419416427612,1.3862500190734863,1.4072920083999634,1.3407868146896362
2014-03-10,1.4049999713897705,1.4131250381469727,1.3837499618530273,1.410207986831665,1.3435648679733276
2014-03-11,1.4214580059051514,1.4316669702529907,1.380416989326477,1.3927079439163208,1.326891541481018
2014-03-12,1.3743749856948853,1.4104169607162476,1.3583329916000366,1.4083329439163208,1.3417785167694092
2014-03-13,1.4239579439163208,1.425624966621399,1.3295830488204956,1.3485419750213623,1.2848130464553833
2014-03-14,1.3339580297470093,1.3527079820632935,1.3191670179367065,1.3208329677581787,1.258413553237915
2014-03-17,1.3454170227050781,1.3758330345153809,1.3439580202102661,1.3560420274734497,1.2919588088989258
2014-03-18,1.3602080345153809,1.4089579582214355,1.359375,1.4047919511795044,1.3384047746658325
2014-03-19,1.4060419797897339,1.409999966621399,1.3541669845581055,1.3816670179367065,1.3163728713989258
2014-03-20,1.368749976158142,1.4052079916000366,1.3600000143051147,1.3925000429153442,1.3266938924789429
2014-03-21,1.415416955947876,1.4187500476837158,1.3352080583572388,1.3414579629898071,1.2780636548995972
2014-03-24,1.3581249713897705,1.3606250286102295,1.271041989326477,1.3077080249786377,1.2459087371826172
2014-03-25,1.3287500143051147,1.3527079820632935,1.287708044052124,1.3197920322418213,1.257421612739563
2014-03-26,1.3402080535888672,1.3481249809265137,1.2685420513153076,1.269582986831665,1.2095853090286255
2014-03-27,1.2645829916000366,1.2808330059051514,1.226667046546936,1.2470829486846924,1.1881487369537354
2014-03-28,1.259374976158142,1.2958329916000366,1.2447919845581055,1.2552080154418945,1.1958897113800049
2014-03-31,1.283750057220459,1.3064579963684082,1.2795829772949219,1.2802079916000366,1.2197083234786987
2014-04-01,1.300832986831665,1.3512500524520874,1.299375057220459,1.3495830297470093,1.2858048677444458
2014-04-02,1.3668750524520874,1.3702080249786377,1.341249942779541,1.3602080345153809,1.2959277629852295
2014-04-03,1.3643749952316284,1.3700000047683716,1.3041670322418213,1.328125,1.265360951423645
2014-04-04,1.351667046546936,1.3574999570846558,1.210832953453064,1.222707986831665,1.1649255752563477
2014-04-07,1.1983330249786377,1.2310420274734497,1.1610419750213623,1.1860419511795044,1.129992127418518
2014-04-08,1.1904170513153076,1.2233330011367798,1.177291989326477,1.2191669940948486,1.161551833152771
2014-04-09,1.2320829629898071,1.2833329439163208,1.222707986831665,1.2816669940948486,1.2210984230041504
2014-04-10,1.2841670513153076,1.2843749523162842,1.152500033378601,1.1633330583572388,1.1083565950393677
2014-04-11,1.131458044052124,1.175624966621399,1.1145830154418945,1.1227079629898071,1.0696512460708618
2014-04-14,1.1504169702529907,1.165624976158142,1.1164580583572388,1.1479170322418213,1.0936691761016846
2014-04-15,1.1591670513153076,1.1785420179367065,1.0870829820632935,1.1593749523162842,1.1045855283737183
2014-04-16,1.1891670227050781,1.2050000429153442,1.1608330011367798,1.2043750286102295,1.1474591493606567
2014-04-17,1.1924999952316284,1.2235419750213623,1.1822919845581055,1.2050000429153442,1.1480543613433838
2014-04-21,1.2145830392837524,1.2324999570846558,1.1972919702529907,1.2322920560836792,1.1740566492080688
2014-04-22,1.2439579963684082,1.2708330154418945,1.2391669750213623,1.2625000476837158,1.2028371095657349
2014-04-23,1.261667013168335,1.2627079486846924,1.226457953453064,1.228124976158142,1.1700865030288696
2014-04-24,1.2897919416427612,1.2899999618530273,1.2237499952316284,1.2643749713897705,1.2046232223510742
2014-04-25,1.2410420179367065,1.2454169988632202,1.1945830583572388,1.2033330202102661,1.1464662551879883
2014-04-28,1.2193750143051147,1.2410420179367065,1.1581250429153442,1.216249942779541,1.1587724685668945
2014-04-29,1.2258330583572388,1.2502080202102661,1.2081249952316284,1.2431249618530273,1.1843775510787964
2014-04-30,1.2277079820632935,1.2570830583572388,1.2166670560836792,1.2541669607162476,1.1948981285095215
2014-05-01,1.2597919702529907,1.2858330011367798,1.25,1.2654169797897339,1.2056162357330322
2014-05-02,1.2764580249786377,1.2843749523162842,1.2489579916000366,1.259166955947876,1.1996620893478394
2014-05-05,1.2354170083999634,1.2779170274734497,1.2262500524520874,1.2770830392837524,1.216731071472168
2014-05-06,1.2714580297470093,1.273332953453064,1.226457953453064,1.2277079820632935,1.1696890592575073
2014-05-07,1.2370829582214355,1.2389580011367798,1.1737500429153442,1.2166670560836792,1.1591696739196777
2014-05-08,1.2045830488204956,1.2570830583572388,1.1958329677581787,1.212499976158142,1.1552000045776367
2014-05-09,1.2112499475479126,1.2291669845581055,1.1872919797897339,1.226667046546936,1.168697714805603
2014-05-12,1.2489579916000366,1.2881250381469727,1.2454169988632202,1.2864580154418945,1.225663185119629
2014-05-13,1.2910419702529907,1.3043750524520874,1.2820830345153809,1.289167046546936,1.2282440662384033
2014-05-14,1.2785420417785645,1.292917013168335,1.2608330249786377,1.2699999809265137,1.2099828720092773
2014-05-15,1.2685420513153076,1.2754169702529907,1.2158329486846924,1.240625023841858,1.1819958686828613
2014-05-16,1.2433329820632935,1.2662500143051147,1.2191669940948486,1.2637499570846558,1.2040280103683472
2014-05-19,1.252500057220459,1.2960419654846191,1.2464580535888672,1.2908329963684082,1.2298310995101929
2014-05-20,1.289167046546936,1.3025000095367432,1.2604169845581055,1.2766669988632202,1.216334581375122
2014-05-21,1.2825000286102295,1.3143750429153442,1.2808330059051514,1.3127080202102661,1.2506721019744873
2014-05-22,1.316249966621399,1.3408329486846924,1.3110419511795044,1.3289580345153809,1.2661545276641846
2014-05-23,1.334583044052124,1.359375,1.325624942779541,1.3587499856948853,1.2945386171340942
2014-05-27,1.3777079582214355,1.410207986831665,1.3735419511795044,1.4097919464111328,1.3431684970855713
2014-05-28,1.4085420370101929,1.4145829677581787,1.3933329582214355,1.3964580297470093,1.3304646015167236
2014-05-29,1.4120830297470093,1.4247920513153076,1.4033329486846924,1.4247920513153076,1.357459306716919
2014-05-30,1.4247920513153076,1.4308329820632935,1.4016669988632202,1.4235420227050781,1.3562688827514648
2014-06-02,1.4291670322418213,1.4299999475479126,1.3925000429153442,1.4199999570846558,1.3528940677642822
2014-06-03,1.4054169654846191,1.4245829582214355,1.4004169702529907,1.417917013168335,1.3509094715118408
2014-06-04,1.4066669940948486,1.440000057220459,1.4002079963684082,1.4329169988632202,1.3652006387710571
2014-06-05,1.4375,1.4777079820632935,1.4227080345153809,1.4702080488204956,1.4007295370101929
2014-06-06,1.4874999523162842,1.4954169988632202,1.4772919416427612,1.4939579963684082,1.4233571290969849
2014-06-09,1.4970829486846924,1.502500057220459,1.4793750047683716,1.4912500381469727,1.4207768440246582
2014-06-10,1.486875057220459,1.5010420083999634,1.4822920560836792,1.4997919797897339,1.4289151430130005
2014-06-11,1.4829169511795044,1.5043749809265137,1.4797919988632202,1.497499942779541,1.4267315864562988
2014-06-12,1.4885419607162476,1.4933329820632935,1.4416669607162476,1.4583330154418945,1.3894153833389282
2014-06-13,1.4770829677581787,1.4810420274734497,1.4514579772949219,1.4683330059051514,1.3989428281784058
2014-06-16,1.4637500047683716,1.4864579439163208,1.4529169797897339,1.4737499952316284,1.4041038751602173
2014-06-17,1.4714579582214355,1.488124966621399,1.463333010673523,1.4758330583572388,1.4060884714126587
2014-06-18,1.481874942779541,1.5070830583572388,1.4545830488204956,1.5027079582214355,1.431693196296692
2014-06-19,1.5081249475479126,1.5108330249786377,1.478124976158142,1.4968750476837158,1.4261362552642822
2014-06-20,1.5002080202102661,1.507917046546936,1.4916670322418213,1.5022920370101929,1.431296944618225
2014-06-23,1.5018750429153442,1.505416989326477,1.4912500381469727,1.503957986831665,1.4328840970993042
2014-06-24,1.503957986831665,1.541458010673523,1.486875057220459,1.4997919797897339,1.4289151430130005
2014-06-25,1.4887499809265137,1.535207986831665,1.4885419607162476,1.5270830392837524,1.455159306526184
2014-06-26,1.53125,1.53125,1.4947919845581055,1.53125,1.459129810333252
2014-06-27,1.5252079963684082,1.550832986831665,1.5243749618530273,1.5464580059051514,1.4736219644546509
2014-06-30,1.5491670370101929,1.5700000524520874,1.5454169511795044,1.5579169988632202,1.4845407009124756
2014-07-01,1.5735419988632202,1.6218750476837158,1.5724999904632568,1.6102080345153809,1.5343689918518066
2014-07-02,1.6122920513153076,1.6247919797897339,1.6079169511795044,1.6164580583572388,1.5403245687484741
2014-07-03,1.632707953453064,1.6475000381469727,1.6200000047683716,1.6475000381469727,1.5699045658111572
2014-07-07,1.6414580345153809,1.648332953453064,1.6239579916000366,1.6316670179367065,1.5548175573349
2014-07-08,1.6239579916000366,1.6268750429153442,1.5539580583572388,1.5747920274734497,1.5006211996078491
2014-07-09,1.5864579677581787,1.6135419607162476,1.5729169845581055,1.6104170083999634,1.5345683097839355
2014-07-10,1.5483330488204956,1.6129169464111328,1.541458010673523,1.5952080488204956,1.5200754404067993
2014-07-11,1.6045830249786377,1.6237499713897705,1.5910420417785645,1.6229170560836792,1.54647958278656
2014-07-14,1.6447919607162476,1.663957953453064,1.6372920274734497,1.6539579629898071,1.5760583877563477
2014-07-15,1.6608330011367798,1.667917013168335,1.6006250381469727,1.636667013168335,1.5595818758010864
2014-07-16,1.6716669797897339,1.6764580011367798,1.6502079963684082,1.6552079916000366,1.5772497653961182
2014-07-17,1.6412500143051147,1.6593749523162842,1.5735419988632202,1.5891669988632202,1.514318823814392
2014-07-18,1.6162500381469727,1.6668750047683716,1.6083329916000366,1.6643749475479126,1.5859845876693726
2014-07-21,1.6527080535888672,1.6662499904632568,1.6356250047683716,1.6583329439163208,1.580227255821228
2014-07-22,1.6825000047683716,1.6974999904632568,1.6762499809265137,1.691249966621399,1.6115938425064087
2014-07-23,1.7066669464111328,1.728124976158142,1.6987500190734863,1.7229169607162476,1.641769528388977
2014-07-24,1.7314579486846924,1.7372920513153076,1.709375023841858,1.7168749570846558,1.6360119581222534
2014-07-25,1.6920830011367798,1.7033330202102661,1.6697920560836792,1.6958329677581787,1.615960955619812
2014-07-28,1.7004170417785645,1.7104170322418213,1.658750057220459,1.6979169845581055,1.6179471015930176
2014-07-29,1.708541989326477,1.7197920083999634,1.6847920417785645,1.6893750429153442,1.6098071336746216
2014-07-30,1.7166670560836792,1.726457953453064,1.6891670227050781,1.709583044052124,1.6290638446807861
2014-07-31,1.6666669845581055,1.6745829582214355,1.597499966621399,1.605417013168335,1.5298036336898804
2014-08-01,1.5954170227050781,1.621250033378601,1.5552079677581787,1.5868749618530273,1.5121347904205322
2014-08-04,1.597499966621399,1.638124942779541,1.5795830488204956,1.6193749904632568,1.5431041717529297
2014-08-05,1.6010420322418213,1.6135419607162476,1.559999942779541,1.5814579725265503,1.5069730281829834
2014-08-06,1.5520830154418945,1.6070829629898071,1.5481250286102295,1.5787500143051147,1.5043925046920776
2014-08-07,1.599166989326477,1.6091669797897339,1.5466669797897339,1.5635420083999634,1.489900827407837
2014-08-08,1.571666955947876,1.6020829677581787,1.5504169464111328,1.5968749523162842,1.5216641426086426
2014-08-11,1.6145830154418945,1.6402080059051514,1.6122920513153076,1.6258330345153809,1.5492582321166992
2014-08-12,1.6202080249786377,1.6358330249786377,1.5983330011367798,1.6220829486846924,1.545684814453125
2014-08-13,1.6439579725265503,1.6760419607162476,1.6404169797897339,1.6747920513153076,1.595910906791687
2014-08-14,1.6804169416427612,1.7012499570846558,1.6747920513153076,1.700624942779541,1.6205275058746338
2014-08-15,1.7274999618530273,1.7370829582214355,1.6764580011367798,1.7237499952316284,1.6425632238388062
2014-08-18,1.7504169940948486,1.7697919607162476,1.7447919845581055,1.7654169797897339,1.6822677850723267
2014-08-19,1.7777080535888672,1.7975000143051147,1.7745829820632935,1.7958329916000366,1.7112514972686768
2014-08-20,1.7897919416427612,1.8052079677581787,1.7856249809265137,1.7958329916000366,1.7112514972686768
2014-08-21,1.7985420227050781,1.8072919845581055,1.788957953453064,1.806041955947876,1.7209794521331787
2014-08-22,1.8066669702529907,1.8270829916000366,1.7956249713897705,1.8131250143051147,1.727729082107544
2014-08-25,1.840000033378601,1.8481249809265137,1.8200000524520874,1.8333330154418945,1.7469850778579712
2014-08-26,1.8408329486846924,1.8443750143051147,1.8260420560836792,1.8395830392837524,1.7529406547546387
2014-08-27,1.8408329486846924,1.8456250429153442,1.8274999856948853,1.839792013168335,1.753139615058899
2014-08-28,1.8214579820632935,1.8391669988632202,1.8141670227050781,1.8322919607162476,1.7459930181503296
2014-08-29,1.8460420370101929,1.8537499904632568,1.8254170417785645,1.8537499904632568,1.766440510749817
2014-09-02,1.8679169416427612,1.8706250190734863,1.8466670513153076,1.8691669702529907,1.7811311483383179
2014-09-03,1.882707953453064,1.8839579820632935,1.8262499570846558,1.8370829820632935,1.750558614730835
2014-09-04,1.8493750095367432,1.8770829439163208,1.8172919750213623,1.8312499523162842,1.7450001239776611
2014-09-05,1.840000033378601,1.8612500429153442,1.8110419511795044,1.8595830202102661,1.771998643875122
2014-09-08,1.8591669797897339,1.882917046546936,1.8431249856948853,1.8689579963684082,1.7809324264526367
2014-09-09,1.868749976158142,1.8902080059051514,1.8118749856948853,1.8235419988632202,1.7376552820205688
2014-09-10,1.8300000429153442,1.8691669702529907,1.8141670227050781,1.865833044052124,1.7779544591903687
2014-09-11,1.8429169654846191,1.8654170036315918,1.821666955947876,1.8643749952316284,1.7765650749206543
2014-09-12,1.8583329916000366,1.859375,1.8168749809265137,1.8350000381469727,1.748573660850525
2014-09-15,1.840000033378601,1.8410420417785645,1.7643749713897705,1.7797919511795044,1.6959657669067383
2014-09-16,1.7610419988632202,1.8370829820632935,1.7552080154418945,1.8279169797897339,1.7418242692947388
2014-09-17,1.8260420560836792,1.8604170083999634,1.8037500381469727,1.8368749618530273,1.750360369682312
2014-09-18,1.8524999618530273,1.8770829439163208,1.8466670513153076,1.8764580488204956,1.7880791425704956
2014-09-19,1.9018750190734863,1.9018750190734863,1.8508330583572388,1.8722920417785645,1.784109115600586
2014-09-22,1.8595830202102661,1.8595830202102661,1.7970830202102661,1.8214579820632935,1.7356693744659424
2014-09-23,1.7987500429153442,1.8304170370101929,1.7941670417785645,1.8056249618530273,1.7205820083618164
2014-09-24,1.8097920417785645,1.865625023841858,1.793125033378601,1.8641669750213623,1.7763665914535522
2014-09-25,1.8447920083999634,1.8522919416427612,1.7441669702529907,1.7458330392837524,1.6636066436767578
2014-09-26,1.7637499570846558,1.8104170560836792,1.7547919750213623,1.8016669750213623,1.7168102264404297
2014-09-29,1.747499942779541,1.8089580535888672,1.744583010673523,1.7956249713897705,1.7110531330108643
2014-09-30,1.8104170560836792,1.8300000429153442,1.7770830392837524,1.802291989326477,1.7174063920974731
2014-10-01,1.7881250381469727,1.7916669845581055,1.699167013168335,1.7160420417785645,1.6352183818817139
2014-10-02,1.7141669988632202,1.7310420274734497,1.649999976158142,1.7152080535888672,1.6344237327575684
2014-10-03,1.7450000047683716,1.7870830297470093,1.7274999618530273,1.7668750286102295,1.683657169342041
2014-10-06,1.7804169654846191,1.7949999570846558,1.7385419607162476,1.7547919750213623,1.6721431016921997
2014-10-07,1.7293750047683716,1.7443749904632568,1.6791670322418213,1.6806249618530273,1.6014695167541504
2014-10-08,1.6839580535888672,1.793125033378601,1.652500033378601,1.7777080535888672,1.6939799785614014
2014-10-09,1.7708330154418945,1.7833329439163208,1.682083010673523,1.6891670227050781,1.6096091270446777
2014-10-10,1.6595829725265503,1.6893750429153442,1.5627080202102661,1.5627080202102661,1.4891064167022705
2014-10-13,1.556249976158142,1.591249942779541,1.4866670370101929,1.4895830154418945,1.419425368309021
2014-10-14,1.5202080011367798,1.5477080345153809,1.477916955947876,1.492292046546936,1.422006607055664
2014-10-15,1.4229170083999634,1.4802080392837524,1.359375,1.4604170322418213,1.3916332721710205
2014-10-16,1.3691669702529907,1.4714579582214355,1.3677079677581787,1.4377080202102661,1.3699936866760254
2014-10-17,1.4914580583572388,1.5318750143051147,1.4660420417785645,1.4939579963684082,1.4235942363739014
2014-10-20,1.4885419607162476,1.5610419511795044,1.4816670417785645,1.5583330392837524,1.4849371910095215
2014-10-21,1.6143749952316284,1.6802079677581787,1.6041669845581055,1.6802079677581787,1.6010721921920776
2014-10-22,1.6960419416427612,1.7022919654846191,1.650833010673523,1.6541670560836792,1.5762579441070557
2014-10-23,1.7041670083999634,1.7560420036315918,1.695207953453064,1.7297919988632202,1.6483206748962402
2014-10-24,1.7370829582214355,1.7737499475479126,1.71875,1.769582986831665,1.6862378120422363
2014-10-27,1.760208010673523,1.783750057220459,1.738332986831665,1.7762500047683716,1.6925904750823975
2014-10-28,1.7979170083999634,1.855625033378601,1.7949999570846558,1.855625033378601,1.768227458000183
2014-10-29,1.8364579677581787,1.8506250381469727,1.7947920560836792,1.8333330154418945,1.7469850778579712
2014-10-30,1.8089580535888672,1.8577079772949219,1.796875,1.8447920083999634,1.757904291152954
2014-10-31,1.9377080202102661,1.9404170513153076,1.9027080535888672,1.9208329916000366,1.8303639888763428
2014-11-03,1.9306249618530273,1.9539580345153809,1.9233330488204956,1.9406249523162842,1.8492239713668823
2014-11-04,1.9189579486846924,1.9341670274734497,1.8795830011367798,1.9199999570846558,1.829569935798645
2014-11-05,1.9554170370101929,1.9574999809265137,1.8995829820632935,1.9197920560836792,1.8293720483779907
2014-11-06,1.9168750047683716,1.9387500286102295,1.894374966621399,1.9362499713897705,1.8450549840927124
2014-11-07,1.9479169845581055,1.9500000476837158,1.902500033378601,1.9314579963684082,1.8404885530471802
2014-11-10,1.9341670274734497,1.9600000381469727,1.9191670417785645,1.9512499570846558,1.8593482971191406
2014-11-11,1.9541670083999634,1.9700000286102295,1.9379169940948486,1.9697920083999634,1.8770169019699097
2014-11-12,1.946666955947876,1.986875057220459,1.946666955947876,1.980625033378601,1.8873399496078491
2014-11-13,1.9914580583572388,2.0285420417785645,1.9787499904632568,2.006042003631592,1.9115597009658813
2014-11-14,2.005000114440918,2.024583101272583,1.9850000143051147,2.024583101272583,1.929227590560913
2014-11-17,2.0102078914642334,2.024167060852051,1.978124976158142,2.005625009536743,1.9111621379852295
2014-11-18,2.0118749141693115,2.059375047683716,2.011667013168335,2.0506250858306885,1.9540433883666992
2014-11-19,2.0447919368743896,2.0447919368743896,1.9958330392837524,2.024583101272583,1.929227590560913
2014-11-20,1.9977079629898071,2.0556249618530273,1.9927079677581787,2.0514578819274902,1.9548366069793701
2014-11-21,2.105833053588867,2.110832929611206,2.043333053588867,2.0662500858306885,1.9689323902130127
2014-11-24,2.0799999237060547,2.1137499809265137,2.074167013168335,2.112916946411133,2.013401508331299
2014-11-25,2.1204171180725098,2.1393749713897705,2.104374885559082,2.1197919845581055,2.0199520587921143
2014-11-26,2.126667022705078,2.165416955947876,2.1197919845581055,2.1631250381469727,2.061244249343872
2014-11-28,2.1806249618530273,2.206666946411133,2.17520809173584,2.1954169273376465,2.092015027999878
2014-12-01,2.17520809173584,2.185832977294922,2.0924999713897705,2.114375114440918,2.0147907733917236
2014-12-02,2.1247920989990234,2.153125047683716,2.1097919940948486,2.137083053588867,2.0364291667938232
2014-12-03,2.152292013168335,2.162292003631592,2.1139578819274902,2.1564579010009766,2.0548908710479736
2014-12-04,2.1468749046325684,2.175832986831665,2.123958110809326,2.1500000953674316,2.0487375259399414
2014-12-05,2.162708044052124,2.171041965484619,2.13729190826416,2.1514580249786377,2.050126314163208
2014-12-08,2.1337499618530273,2.162292003631592,2.0712499618530273,2.1050000190734863,2.005856990814209
2014-12-09,2.030208110809326,2.128541946411133,2.0087499618530273,2.1254169940948486,2.0253119468688965
2014-12-10,2.112916946411133,2.12833309173584,2.013124942779541,2.0225000381469727,1.9272427558898926
2014-12-11,2.0416669845581055,2.125,2.040208101272583,2.0541670322418213,1.9574185609817505
2014-12-12,1.9939579963684082,2.0637500286102295,1.9856250286102295,1.9862500429153442,1.8926998376846313
2014-12-15,2.0158329010009766,2.037916898727417,1.9068750143051147,1.9266669750213623,1.835923194885254
2014-12-16,1.8883329629898071,1.972707986831665,1.8302079439163208,1.8310420513153076,1.7448021173477173
2014-12-17,1.834583044052124,1.946666955947876,1.828125,1.9293750524520874,1.8385038375854492
2014-12-18,2.014167070388794,2.0708329677581787,1.9979170560836792,2.0708329677581787,1.973299264907837
2014-12-19,2.077083110809326,2.122499942779541,2.0625,2.0939579010009766,1.9953348636627197
2014-12-22,2.087291955947876,2.1145830154418945,2.0835421085357666,2.112916946411133,2.0137414932250977
2014-12-23,2.1362500190734863,2.136457920074463,2.0824999809265137,2.092708110809326,1.9944814443588257
2014-12-24,2.099375009536743,2.118957996368408,2.0933330059051514,2.09708309173584,1.9986509084701538
2014-12-26,2.112499952316284,2.1524999141693115,2.1122920513153076,2.139583110809326,2.039155960083008
2014-12-29,2.1337499618530273,2.1516671180725098,2.129167079925537,2.140000104904175,2.0395538806915283
2014-12-30,2.118957996368408,2.134166955947876,2.086250066757202,2.0958330631256104,1.9974591732025146
2014-12-31,2.104374885559082,2.1302080154418945,2.0210421085357666,2.030208110809326,1.934914469718933
2015-01-02,2.059375047683716,2.0860419273376465,1.9824999570846558,2.0135419368743896,1.9190309047698975
2015-01-05,1.984375,1.9916670322418213,1.90625,1.9229170083999634,1.8326594829559326
2015-01-06,1.929792046546936,1.9410419464111328,1.820207953453064,1.8466670513153076,1.7599884271621704
2015-01-07,1.8818750381469727,1.9299999475479126,1.8691669702529907,1.9177080392837524,1.8276952505111694
2015-01-08,1.9670829772949219,2.0385420322418213,1.9604170322418213,2.027082920074463,1.9319361448287964
2015-01-09,2.046041965484619,2.048332929611206,1.9522919654846191,1.9860420227050781,1.8928215503692627
2015-01-12,1.9993749856948853,2.0045828819274902,1.9091670513153076,1.9249999523162842,1.8346446752548218
2015-01-13,1.9793750047683716,2.041249990463257,1.8770829439163208,1.9233330488204956,1.833055853843689
2015-01-14,1.8622920513153076,1.919374942779541,1.8404170274734497,1.8937499523162842,1.8048619031906128
2015-01-15,1.915416955947876,1.9260419607162476,1.8106249570846558,1.8185420036315918,1.733183741569519
2015-01-16,1.8095829486846924,1.8879170417785645,1.800624966621399,1.8833329677581787,1.7949334383010864
2015-01-20,1.9149999618530273,1.9389580488204956,1.8508330583572388,1.9249999523162842,1.8346446752548218
2015-01-21,1.9075000286102295,1.9808330535888672,1.8883329629898071,1.9545830488204956,1.8628391027450562
2015-01-22,1.9791669845581055,2.0687499046325684,1.9266669750213623,2.063333034515381,1.9664852619171143
2015-01-23,2.063333034515381,2.0956249237060547,2.0445830821990967,2.077083110809326,1.9795892238616943
2015-01-26,2.0708329677581787,2.081249952316284,2.037916898727417,2.072499990463257,1.9752213954925537
2015-01-27,1.9739580154418945,1.975208044052124,1.8883329629898071,1.9120830297470093,1.8223341703414917
2015-01-28,1.9997919797897339,2.0062499046325684,1.8779170513153076,1.8791669607162476,1.7909632921218872
2015-01-29,1.8727079629898071,1.942916989326477,1.8250000476837158,1.933542013168335,1.8427860736846924
2015-01-30,1.9268749952316284,1.9718749523162842,1.880416989326477,1.8891669511795044,1.800493597984314
2015-02-02,1.8993749618530273,1.9416669607162476,1.8120830059051514,1.9387500286102295,1.8477497100830078
2015-02-03,1.9550000429153442,1.9964580535888672,1.9204169511795044,1.9916670322418213,1.89818274974823
2015-02-04,1.9666670560836792,2.0266671180725098,1.9545830488204956,1.9864579439163208,1.8932181596755981
2015-02-05,2.000624895095825,2.041874885559082,1.988332986831665,2.0391669273376465,1.9434529542922974
2015-02-06,2.047916889190674,2.061458110809326,1.9797919988632202,2.0020830631256104,1.9081099033355713
2015-02-09,1.978124976158142,2.009582996368408,1.9677079916000366,1.9800000190734863,1.8870631456375122
2015-02-10,2.016458034515381,2.082292079925537,2.0054171085357666,2.07479190826416,1.9774061441421509
2015-02-11,2.082292079925537,2.110832929611206,2.069582939147949,2.0981249809265137,1.9996432065963745
2015-02-12,2.1358330249786377,2.1722919940948486,2.128541946411133,2.1714580059051514,2.0695345401763916
2015-02-13,2.1887500286102295,2.2266669273376465,2.1770830154418945,2.226249933242798,2.1217548847198486
2015-02-17,2.225832939147949,2.236042022705078,2.209791898727417,2.2322919368743896,2.1275131702423096
2015-02-18,2.224792003631592,2.2445828914642334,2.214582920074463,2.241874933242798,2.136646270751953
2015-02-19,2.2364580631256104,2.2789580821990967,2.235416889190674,2.275624990463257,2.1688122749328613
2015-02-20,2.2702078819274902,2.323957920074463,2.2487499713897705,2.3193750381469727,2.2105090618133545
2015-02-23,2.3179171085357666,2.328749895095825,2.3014578819274902,2.3285419940948486,2.219245672225952
2015-02-24,2.3183329105377197,2.340208053588867,2.2972919940948486,2.3333330154418945,2.223811149597168
2015-02-25,2.321042060852051,2.3485419750213623,2.299375057220459,2.3145830631256104,2.2059414386749268
2015-02-26,2.3212499618530273,2.352708101272583,2.3020830154418945,2.349792003631592,2.2394981384277344
2015-02-27,2.34708309173584,2.351249933242798,2.307499885559082,2.3187499046325684,2.2099130153656006
2015-03-02,2.331249952316284,2.383125066757202,2.3302080631256104,2.3812499046325684,2.2694790363311768
2015-03-03,2.360416889190674,2.366874933242798,2.302917003631592,2.34708309173584,2.2369163036346436
2015-03-04,2.32479190826416,2.3343749046325684,2.281874895095825,2.321042060852051,2.212097406387329
2015-03-05,2.338749885559082,2.3531250953674316,2.3041670322418213,2.331249952316284,2.2218260765075684
2015-03-06,2.324583053588867,2.337291955947876,2.235208034515381,2.251041889190674,2.145382881164551
2015-03-09,2.267082929611206,2.288749933242798,2.238542079925537,2.272707939147949,2.166032075881958
2015-03-10,2.222707986831665,2.2239580154418945,2.1458330154418945,2.1468749046325684,2.04610538482666
2015-03-11,2.152708053588867,2.162708044052124,2.106250047683716,2.1091670989990234,2.0101680755615234
2015-03-12,2.1031250953674316,2.157291889190674,2.099375009536743,2.149583101272583,2.0486867427825928
2015-03-13,2.14395809173584,2.169374942779541,2.081666946411133,2.121875047683716,2.0222792625427246
2015-03-16,2.1454169750213623,2.204166889190674,2.1383330821990967,2.203125,2.099714756011963
2015-03-17,2.18416690826416,2.2239580154418945,2.1697919368743896,2.21541690826416,2.1114299297332764
2015-03-18,2.196458101272583,2.3087499141693115,2.1614580154418945,2.2791669368743896,2.1721878051757812
2015-03-19,2.2870829105377197,2.3072919845581055,2.2760419845581055,2.290208101272583,2.182711124420166
2015-03-20,2.344791889190674,2.3672919273376465,2.3327078819274902,2.337707996368408,2.2279810905456543
2015-03-23,2.3304169178009033,2.3489580154418945,2.3179171085357666,2.318125009536743,2.209317445755005
2015-03-24,2.3177080154418945,2.350832939147949,2.293333053588867,2.2945830821990967,2.186880111694336
2015-03-25,2.306457996368408,2.3102080821990967,2.1343750953674316,2.1343750953674316,2.034395456314087
2015-03-26,2.084167003631592,2.150624990463257,2.0627079010009766,2.116874933242798,2.017714738845825
2015-03-27,2.11270809173584,2.154582977294922,2.1039578914642334,2.13729190826416,2.037175416946411
2015-03-30,2.180417060852051,2.2183330059051514,2.178957939147949,2.2141671180725098,2.11044979095459
2015-03-31,2.193958044052124,2.208125114440918,2.141458034515381,2.145625114440918,2.0451183319091797
2015-04-01,2.1427080631256104,2.1427080631256104,2.0677080154418945,2.109375,2.010566234588623
2015-04-02,2.113542079925537,2.1333329677581787,2.092708110809326,2.112916946411133,2.0139427185058594
2015-04-06,2.07479190826416,2.1820828914642334,2.066041946411133,2.163749933242798,2.062394142150879
2015-04-07,2.1610419750213623,2.2083330154418945,2.1535420417785645,2.153749942779541,2.0528626441955566
2015-04-08,2.155416965484619,2.2135419845581055,2.154582977294922,2.2049999237060547,2.101712226867676
2015-04-09,2.2029170989990234,2.2477080821990967,2.178957939147949,2.246042013168335,2.140831232070923
2015-04-10,2.2456250190734863,2.273750066757202,2.2289578914642334,2.2729170322418213,2.166447162628174
2015-04-13,2.2789580821990967,2.3129169940948486,2.2481250762939453,2.256042003631592,2.1503632068634033
2015-04-14,2.251041889190674,2.2679169178009033,2.1985421180725098,2.2366669178009033,2.1318960189819336
2015-04-15,2.2558329105377197,2.2925000190734863,2.245832920074463,2.276249885559082,2.1696243286132812
2015-04-16,2.2608330249786377,2.280416965484619,2.2502079010009766,2.2683329582214355,2.162078380584717
2015-04-17,2.203749895095825,2.222291946411133,2.1337499618530273,2.162292003631592,2.061005115509033
2015-04-20,2.195625066757202,2.270625114440918,2.1920828819274902,2.258958101272583,2.1531426906585693
2015-04-21,2.2991669178009033,2.309999942779541,2.280416965484619,2.287916898727417,2.1807446479797363
2015-04-22,2.3056249618530273,2.3364579677581787,2.2618749141693115,2.325000047683716,2.2160909175872803
2015-04-23,2.302917003631592,2.3829169273376465,2.3006250858306885,2.352916955947876,2.2427003383636475
2015-04-24,2.425416946411133,2.4568750858306885,2.4149999618530273,2.444999933242798,2.330469846725464
2015-04-27,2.4749999046325684,2.4881250858306885,2.4131250381469727,2.429374933242798,2.3155770301818848
2015-04-28,2.43416690826416,2.4479169845581055,2.3531250953674316,2.4135420322418213,2.300485610961914
2015-04-29,2.3731250762939453,2.415416955947876,2.3293750286102295,2.367500066757202,2.2565999031066895
2015-04-30,2.328125,2.3572919368743896,2.2210419178009033,2.2562499046325684,2.1505610942840576
2015-05-01,2.282083034515381,2.3495829105377197,2.28125,2.3475000858306885,2.237537145614624
2015-05-04,2.366874933242798,2.400624990463257,2.3531250953674316,2.355833053588867,2.2454800605773926
2015-05-05,2.3293750286102295,2.342292070388794,2.238542079925537,2.2441670894622803,2.1390442848205566
2015-05-06,2.253541946411133,2.2729170322418213,2.150207996368408,2.1962499618530273,2.093371629714966
2015-05-07,2.193958044052124,2.252500057220459,2.188333034515381,2.2339580059051514,2.1293139457702637
2015-05-08,2.303333044052124,2.332292079925537,2.292917013168335,2.31583309173584,2.2073535919189453
2015-05-11,2.3222920894622803,2.336667060852051,2.2858328819274902,2.290416955947876,2.1831278800964355
2015-05-12,2.249375104904175,2.2939579486846924,2.198124885559082,2.2608330249786377,2.1549298763275146
2015-05-13,2.290208101272583,2.324167013168335,2.263124942779541,2.2725000381469727,2.1660501956939697
2015-05-14,2.3293750286102295,2.3779170513153076,2.303333044052124,2.3731250762939453,2.2619614601135254
2015-05-15,2.3918750286102295,2.4004170894622803,2.3550000190734863,2.3729169368743896,2.261763095855713
2015-05-18,2.3612499237060547,2.416874885559082,2.355417013168335,2.402082920074463,2.289562702178955
2015-05-19,2.4114580154418945,2.4216670989990234,2.383958101272583,2.3952078819274902,2.283010244369507
2015-05-20,2.400624990463257,2.4422919750213623,2.361875057220459,2.399167060852051,2.2867839336395264
2015-05-21,2.387500047683716,2.446042060852051,2.376667022705078,2.436875104904175,2.322725296020508
2015-05-22,2.428541898727417,2.455625057220459,2.4237499237060547,2.4302079677581787,2.3163704872131348
2015-05-26,2.412916898727417,2.422916889190674,2.3170828819274902,2.3460419178009033,2.236146926879883
2015-05-27,2.366457939147949,2.466249942779541,2.351875066757202,2.4589579105377197,2.343773365020752
2015-05-28,2.443958044052124,2.461250066757202,2.419374942779541,2.44083309173584,2.326497793197632
2015-05-29,2.436666965484619,2.4472920894622803,2.381666898727417,2.399583101272583,2.287180185317993
2015-06-01,2.4372920989990234,2.441457986831665,2.363332986831665,2.4206249713897705,2.307236671447754
2015-06-02,2.3952078819274902,2.434375047683716,2.3597919940948486,2.3985419273376465,2.2861876487731934
2015-06-03,2.4327080249786377,2.447499990463257,2.40291690826416,2.4195830821990967,2.3062431812286377
2015-06-04,2.380000114440918,2.425416946411133,2.342916965484619,2.366874933242798,2.2560040950775146
2015-06-05,2.3564579486846924,2.3731250762939453,2.3056249618530273,2.3489580154418945,2.238926649093628
2015-06-08,2.344374895095825,2.3499999046325684,2.2627079486846924,2.277082920074463,2.1704189777374268
2015-06-09,2.2604169845581055,2.2895829677581787,2.2139580249786377,2.2658329010009766,2.1596949100494385
2015-06-10,2.287916898727417,2.377500057220459,2.2808330059051514,2.3556249141693115,2.2452805042266846
2015-06-11,2.3808329105377197,2.400624990463257,2.3556249141693115,2.368541955947876,2.2575933933258057
2015-06-12,2.329792022705078,2.344791889190674,2.3006250858306885,2.308332920074463,2.200204372406006
2015-06-15,2.2579169273376465,2.2860419750213623,2.2183330059051514,2.2764580249786377,2.1698226928710938
2015-06-16,2.266249895095825,2.323124885559082,2.264583110809326,2.3112499713897705,2.2029850482940674
2015-06-17,2.323957920074463,2.3535420894622803,2.2864580154418945,2.330625057220459,2.221451997756958
2015-06-18,2.350208044052124,2.444166898727417,2.348750114440918,2.4291670322418213,2.315378189086914
2015-06-19,2.436042070388794,2.442500114440918,2.392082929611206,2.392082929611206,2.280031681060791
2015-06-22,2.44979190826416,2.4714579582214355,2.433542013168335,2.44979190826416,2.3350369930267334
2015-06-23,2.4583330154418945,2.4625000953674316,2.4247920513153076,2.4558329582214355,2.3407950401306152
2015-06-24,2.446458101272583,2.4774999618530273,2.415832996368408,2.4181249141693115,2.304853677749634
2015-06-25,2.4452080726623535,2.4527080059051514,2.3910419940948486,2.402292013168335,2.289761781692505
2015-06-26,2.400207996368408,2.417707920074463,2.3283329010009766,2.357707977294922,2.2472662925720215
2015-06-29,2.274583101272583,2.316667079925537,2.186458110809326,2.191041946411133,2.088407039642334
2015-06-30,2.2366669178009033,2.251041889190674,2.191457986831665,2.2160420417785645,2.112236976623535
2015-07-01,2.2760419845581055,2.290416955947876,2.233333110809326,2.261457920074463,2.1555256843566895
2015-07-02,2.281874895095825,2.2891669273376465,2.2452080249786377,2.2699999809265137,2.1636669635772705
2015-07-06,2.2231249809265137,2.2885420322418213,2.2083330154418945,2.250833034515381,2.145397663116455
2015-07-07,2.2572920322418213,2.2729170322418213,2.133542060852051,2.26229190826416,2.1563198566436768
2015-07-08,2.217292070388794,2.225832939147949,2.1358330249786377,2.1489579677581787,2.04829478263855
2015-07-09,2.2356250286102295,2.237916946411133,2.1427080631256104,2.1427080631256104,2.0423383712768555
2015-07-10,2.2249999046325684,2.266666889190674,2.2058329582214355,2.2422919273376465,2.1372570991516113
2015-07-13,2.2989580631256104,2.365833044052124,2.298542022705078,2.356874942779541,2.2464728355407715
2015-07-14,2.3702080249786377,2.42520809173584,2.366457939147949,2.4041669368743896,2.2915496826171875
2015-07-15,2.417917013168335,2.441667079925537,2.3933329582214355,2.4156250953674316,2.3024706840515137
2015-07-16,2.4739580154418945,2.516666889190674,2.459167003631592,2.509999990463257,2.3924248218536377
2015-07-17,2.5760419368743896,2.625,2.5643749237060547,2.6247920989990234,2.5018396377563477
2015-07-20,2.646667003631592,2.6829171180725098,2.6195828914642334,2.6541669368743896,2.5298385620117188
2015-07-21,2.6583330631256104,2.6689579486846924,2.625833034515381,2.6468749046325684,2.522887706756592
2015-07-22,2.52791690826416,2.596874952316284,2.5274999141693115,2.559999942779541,2.440082311630249
2015-07-23,2.567500114440918,2.591249942779541,2.5104169845581055,2.5293750762939453,2.4108924865722656
2015-07-24,2.568958044052124,2.57479190826416,2.4454169273376465,2.4574999809265137,2.342384099960327
2015-07-27,2.413749933242798,2.445625066757202,2.379167079925537,2.3943750858306885,2.2822165489196777
2015-07-28,2.428541898727417,2.4710419178009033,2.369374990463257,2.4574999809265137,2.342384099960327
2015-07-29,2.471874952316284,2.500624895095825,2.444166898727417,2.484999895095825,2.368596076965332
2015-07-30,2.467292070388794,2.5316669940948486,2.422916889190674,2.519582986831665,2.4015588760375977
2015-07-31,2.542707920074463,2.546875,2.4945828914642334,2.5118749141693115,2.394212245941162
2015-08-03,2.5133330821990967,2.5325000286102295,2.4375,2.4887499809265137,2.3721702098846436
2015-08-04,2.4816670417785645,2.4962499141693115,2.4412500858306885,2.472707986831665,2.356879949569702
2015-08-05,2.5137500762939453,2.578749895095825,2.505625009536743,2.530625104904175,2.4120843410491943
2015-08-06,2.5356249809265137,2.5466670989990234,2.374375104904175,2.4091670513153076,2.296315908432007
2015-08-07,2.390625,2.4160420894622803,2.3391671180725098,2.399583101272583,2.287180185317993
2015-08-10,2.4447920322418213,2.49666690826416,2.4447920322418213,2.4806249141693115,2.3644256591796875
2015-08-11,2.440624952316284,2.470207929611206,2.345417022705078,2.3860421180725098,2.274273157119751
2015-08-12,2.3379170894622803,2.424375057220459,2.2602078914642334,2.407083034515381,2.2943294048309326
2015-08-13,2.4166669845581055,2.4510419368743896,2.382499933242798,2.396250009536743,2.2840030193328857
2015-08-14,2.3802080154418945,2.418750047683716,2.3670830726623535,2.4091670513153076,2.296315908432007
2015-08-17,2.390625,2.470207929611206,2.3729169368743896,2.4683330059051514,2.3527095317840576
2015-08-18,2.4543750286102295,2.464582920074463,2.421250104904175,2.428957939147949,2.3151791095733643
2015-08-19,2.40625,2.446666955947876,2.3408329486846924,2.3833329677581787,2.27169132232666
2015-08-20,2.316667079925537,2.3389580249786377,2.183542013168335,2.1870830059051514,2.0846340656280518
2015-08-21,2.09375,2.1468749046325684,1.9149999618530273,1.9149999618530273,1.8252967596054077
2015-08-24,1.5635420083999634,1.9058330059051514,1.3604170083999634,1.6881250143051147,1.6090487241744995
2015-08-25,1.8645830154418945,1.898542046546936,1.6583329439163208,1.6658329963684082,1.5878009796142578
2015-08-26,1.8081250190734863,1.9202079772949219,1.7014579772949219,1.90625,1.8169561624526978
2015-08-27,1.9958330392837524,2.059375047683716,1.9235420227050781,2.0552079677581787,1.9589364528656006
2015-08-28,2.0225000381469727,2.075000047683716,2.009166955947876,2.053541898727417,1.9573484659194946
2015-08-31,2.019792079925537,2.0531249046325684,1.962499976158142,1.9772919416427612,1.8846704959869385
2015-09-01,1.8287500143051147,1.919374942779541,1.7672920227050781,1.7979170083999634,1.713697910308838
2015-09-02,1.8891669511795044,1.9441670179367065,1.8268749713897705,1.9441670179367065,1.8530972003936768
2015-09-03,1.9679169654846191,2.0058329105377197,1.898332953453064,1.9120830297470093,1.8225162029266357
2015-09-04,1.8354170322418213,1.884166955947876,1.8143750429153442,1.8481249809265137,1.7615540027618408
2015-09-08,1.9529169797897339,2.0093750953674316,1.929792046546936,2.005000114440918,1.9110807180404663
2015-09-09,2.0737500190734863,2.07479190826416,1.9191670417785645,1.9352079629898071,1.8445576429367065
2015-09-10,1.927291989326477,2.0360419750213623,1.9204169511795044,1.9970829486846924,1.9035342931747437
2015-09-11,1.9704170227050781,2.0293750762939453,1.953125,2.0293750762939453,1.9343138933181763
2015-09-14,2.0520830154418945,2.0527079105377197,1.9891669750213623,2.0112500190734863,1.9170376062393188
2015-09-15,2.026249885559082,2.101875066757202,2.004167079925537,2.08145809173584,1.983957052230835
2015-09-16,2.085624933242798,2.123958110809326,2.0625,2.1162500381469727,2.0171191692352295
2015-09-17,2.1139578819274902,2.215625047683716,2.09375,2.1220829486846924,2.022679328918457
2015-09-18,2.024791955947876,2.1045830249786377,2.0202078819274902,2.032291889190674,1.93709397315979
2015-09-21,2.063333034515381,2.0991671085357666,1.9947919845581055,2.0495829582214355,1.9535752534866333
2015-09-22,1.9547920227050781,1.9770829677581787,1.9016669988632202,1.9591670036315918,1.867394208908081
2015-09-23,1.9729169607162476,1.988332986831665,1.931249976158142,1.962291955947876,1.870373010635376
2015-09-24,1.9043749570846558,1.9620829820632935,1.8541669845581055,1.9395829439163208,1.848727822303772
2015-09-25,2.0054171085357666,2.008125066757202,1.8547919988632202,1.8925000429153442,1.8038501739501953
2015-09-28,1.8662500381469727,1.869583010673523,1.7127079963684082,1.7293750047683716,1.6483664512634277
2015-09-29,1.7418750524520874,1.7947920560836792,1.6649999618530273,1.7037500143051147,1.6239420175552368
2015-09-30,1.7745829820632935,1.8250000476837158,1.7541669607162476,1.816457986831665,1.7313703298568726
2015-10-01,1.8279169797897339,1.8431249856948853,1.7558330297470093,1.8418749570846558,1.7555967569351196
2015-10-02,1.7679170370101929,1.9397920370101929,1.75,1.9375,1.8467426300048828
2015-10-05,1.9827079772949219,2.038332939147949,1.9700000286102295,2.0258328914642334,1.9309377670288086
2015-10-06,2.0110421180725098,2.028749942779541,1.9464579820632935,1.9968750476837158,1.9033361673355103
2015-10-07,2.0325000286102295,2.0431249141693115,1.9533330202102661,2.0289580821990967,1.9339163303375244
2015-10-08,2.0072920322418213,2.0645830631256104,1.9481250047683716,2.0537500381469727,1.9575470685958862
2015-10-09,2.056457996368408,2.09375,2.040208101272583,2.078749895095825,1.981375813484192
2015-10-12,2.094583034515381,2.108541965484619,2.071458101272583,2.096250057220459,1.9980560541152954
2015-10-13,2.0604169368743896,2.124375104904175,2.049999952316284,2.0552079677581787,1.9589364528656006
2015-10-14,2.055833101272583,2.0868749618530273,2.0199999809265137,2.0464580059051514,1.9505963325500488
2015-10-15,2.068542003631592,2.1468749046325684,2.0606250762939453,2.1464579105377197,2.045912742614746
2015-10-16,2.1606249809265137,2.1770830154418945,2.129167079925537,2.1731250286102295,2.0713300704956055
2015-10-19,2.1631250381469727,2.215625047683716,2.1510419845581055,2.212083101272583,2.1084632873535156
2015-10-20,2.1987500190734863,2.2135419845581055,2.154582977294922,2.175416946411133,2.073514223098755
2015-10-21,2.209583044052124,2.2158329486846924,2.134166955947876,2.1404170989990234,2.040154457092285
2015-10-22,2.193958044052124,2.272707939147949,2.1756250858306885,2.267292022705078,2.161086082458496
2015-10-23,2.4502079486846924,2.4856250286102295,2.4135420322418213,2.4558329582214355,2.3407950401306152
2015-10-26,2.4527080059051514,2.4766669273376465,2.424999952316284,2.463124990463257,2.347745895385742
2015-10-27,2.443125009536743,2.487916946411133,2.441041946411133,2.4791669845581055,2.3630359172821045
2015-10-28,2.490417003631592,2.538332939147949,2.428957939147949,2.5366671085357666,2.417842388153076
2015-10-29,2.5037500858306885,2.5395829677581787,2.496458053588867,2.527292013168335,2.408907175064087
2015-10-30,2.530625104904175,2.543750047683716,2.492500066757202,2.4927079677581787,2.375943183898926
2015-11-02,2.5112500190734863,2.5860419273376465,2.4972920417785645,2.5777080059051514,2.456961154937744
2015-11-03,2.561875104904175,2.632082939147949,2.549999952316284,2.602292060852051,2.480394124984741
2015-11-04,2.628124952316284,2.6354169845581055,2.5722920894622803,2.603332996368408,2.4813854694366455
2015-11-05,2.6112499237060547,2.6304171085357666,2.542917013168335,2.5804169178009033,2.459543228149414
2015-11-06,2.569582939147949,2.597291946411133,2.5185420513153076,2.5889580249786377,2.467684507369995
2015-11-09,2.558958053588867,2.5693750381469727,2.4579169750213623,2.505625009536743,2.3882551193237305
2015-11-10,2.465625047683716,2.4931249618530273,2.4437499046325684,2.487916946411133,2.3713765144348145
2015-11-11,2.5068750381469727,2.542707920074463,2.464582920074463,2.476875066757202,2.360851526260376
2015-11-12,2.444999933242798,2.4822919368743896,2.399583101272583,2.4049999713897705,2.2923433780670166
2015-11-13,2.3747920989990234,2.3818750381469727,2.259582996368408,2.2635419368743896,2.1575117111206055
2015-11-16,2.256042003631592,2.3614580631256104,2.2402079105377197,2.357917070388794,2.2474660873413086
2015-11-17,2.3722920417785645,2.415832996368408,2.346874952316284,2.366041898727417,2.2552103996276855
2015-11-18,2.3927080631256104,2.5083329677581787,2.386457920074463,2.501667022705078,2.3844826221466064
2015-11-19,2.5058329105377197,2.540416955947876,2.492500066757202,2.5054171085357666,2.388056516647339
2015-11-20,2.540416955947876,2.5625,2.5341670513153076,2.5552079677581787,2.4355156421661377
2015-11-23,2.558332920074463,2.5875000953674316,2.5022919178009033,2.53458309173584,2.4158568382263184
2015-11-24,2.485416889190674,2.5456249713897705,2.446458101272583,2.5266671180725098,2.408311128616333
2015-11-25,2.5364580154418945,2.548332929611206,2.518749952316284,2.532291889190674,2.4136722087860107
2015-11-27,2.550416946411133,2.559999942779541,2.518749952316284,2.5414578914642334,2.4224088191986084
2015-11-30,2.5668749809265137,2.5672919750213623,2.5004169940948486,2.5254170894622803,2.4071197509765625
2015-12-01,2.5537500381469727,2.600416898727417,2.5456249713897705,2.600416898727417,2.4786064624786377
2015-12-02,2.605417013168335,2.6404170989990234,2.539792060852051,2.5531249046325684,2.433529853820801
2015-12-03,2.5733330249786377,2.584791898727417,2.37833309173584,2.422916889190674,2.309420585632324
2015-12-04,2.443542003631592,2.6041669845581055,2.4291670322418213,2.5893750190734863,2.4680819511413574
2015-12-07,2.59708309173584,2.601875066757202,2.519792079925537,2.5577080249786377,2.4378981590270996
2015-12-08,2.4766669273376465,2.58145809173584,2.4735419750213623,2.5579171180725098,2.4380972385406494
2015-12-09,2.521667003631592,2.565000057220459,2.3952078819274902,2.4387500286102295,2.3245129585266113
2015-12-10,2.45645809173584,2.521667003631592,2.434999942779541,2.4733328819274902,2.3574752807617188
2015-12-11,2.3877079486846924,2.406874895095825,2.298332929611206,2.3037500381469727,2.195836305618286
2015-12-14,2.3137500286102295,2.3575000762939453,2.2141671180725098,2.355417013168335,2.2450828552246094
2015-12-15,2.415832996368408,2.458125114440918,2.3887500762939453,2.3954169750213623,2.2832093238830566
2015-12-16,2.446042060852051,2.5160419940948486,2.3729169368743896,2.5012500286102295,2.384084463119507
2015-12-17,2.53458309173584,2.5366671085357666,2.39395809173584,2.397083044052124,2.2847976684570312
2015-12-18,2.3712499141693115,2.388124942779541,2.2604169845581055,2.2654170989990234,2.15929913520813
2015-12-21,2.321458101272583,2.3329169750213623,2.270625114440918,2.3327078819274902,2.223438262939453
2015-12-22,2.3691670894622803,2.38729190826416,2.3318750858306885,2.3768749237060547,2.265535593032837
2015-12-23,2.4141669273376465,2.434999942779541,2.4010419845581055,2.4312500953674316,2.317363977432251
2015-12-24,2.4291670322418213,2.4487500190734863,2.424999952316284,2.4262499809265137,2.3125977516174316
2015-12-28,2.4091670513153076,2.4256250858306885,2.3581249713897705,2.4256250858306885,2.312001943588257
2015-12-29,2.467708110809326,2.5545830726623535,2.462707996368408,2.536250114440918,2.417445421218872
2015-12-30,2.5316669940948486,2.534791946411133,2.469583034515381,2.4714579582214355,2.3556885719299316
2015-12-31,2.444582939147949,2.4577078819274902,2.3770830631256104,2.3797919750213623,2.2683162689208984
2016-01-04,2.221250057220459,2.234375,2.1404170989990234,2.234375,2.1297109127044678
2016-01-05,2.2604169845581055,2.2693750858306885,2.18416690826416,2.2143750190734863,2.110647439956665
2016-01-06,2.103749990463257,2.188541889190674,2.100832939147949,2.1549999713897705,2.054054021835327
2016-01-07,2.014583110809326,2.09375,1.9470829963684082,1.9500000476837158,1.8586570024490356
2016-01-08,1.992292046546936,2.0285420417785645,1.8952080011367798,1.9039579629898071,1.8147715330123901
2016-01-11,1.9435420036315918,1.9589580297470093,1.8312499523162842,1.9206249713897705,1.830657720565796
2016-01-12,1.9722919464111328,2.0152080059051514,1.9041670560836792,1.9854170083999634,1.892414927482605
2016-01-13,2.0093750953674316,2.0233330726623535,1.7708330154418945,1.7777080535888672,1.6944353580474854
2016-01-14,1.8002079725265503,1.9406249523162842,1.7145830392837524,1.8927079439163208,1.8040486574172974
2016-01-15,1.7037500143051147,1.7770830392837524,1.644374966621399,1.71875,1.6382392644882202
2016-01-19,1.7860419750213623,1.7941670417785645,1.6668750047683716,1.7260420322418213,1.645189881324768
2016-01-20,1.6449999809265137,1.7662500143051147,1.5320830345153809,1.7104170322418213,1.6302964687347412
2016-01-21,1.731874942779541,1.7918750047683716,1.6637500524520874,1.7166670560836792,1.636253833770752
2016-01-22,1.8177080154418945,1.8674999475479126,1.802291989326477,1.8645830154418945,1.7772411108016968
2016-01-25,1.8479169607162476,1.8768750429153442,1.7770830392837524,1.7806249856948853,1.6972157955169678
2016-01-26,1.8041670322418213,1.853124976158142,1.757917046546936,1.8314579725265503,1.7456676959991455
2016-01-27,1.7981250286102295,1.8210419416427612,1.6708329916000366,1.695207953453064,1.615800380706787
2016-01-28,1.774791955947876,1.7791670560836792,1.677291989326477,1.7620830535888672,1.6795423030853271
2016-01-29,1.7660419940948486,1.8768750429153442,1.7614580392837524,1.8768750429153442,1.7889572381973267
2016-02-01,1.846250057220459,1.9112499952316284,1.8260420560836792,1.8875000476837158,1.7990846633911133
2016-02-02,1.8652080297470093,1.8652080297470093,1.7504169940948486,1.7677079439163208,1.684903860092163
2016-02-03,1.8010419607162476,1.8014580011367798,1.6487499475479126,1.7427079677581787,1.6610748767852783
2016-02-04,1.7254170179367065,1.7822920083999634,1.6802079677581787,1.7395830154418945,1.6580963134765625
2016-02-05,1.7229169607162476,1.7245830297470093,1.5412499904632568,1.5606249570846558,1.4875209331512451
2016-02-08,1.4735419750213623,1.507917046546936,1.4029170274734497,1.4893749952316284,1.4196089506149292
2016-02-09,1.4279170036315918,1.541458010673523,1.4212499856948853,1.4720829725265503,1.4031267166137695
2016-02-10,1.5260419845581055,1.5816669464111328,1.4872920513153076,1.4895830154418945,1.4198070764541626
2016-02-11,1.4333330392837524,1.5189579725265503,1.4204169511795044,1.4860420227050781,1.4164319038391113
2016-02-12,1.5325000286102295,1.5558329820632935,1.492082953453064,1.549375057220459,1.4767982959747314
2016-02-16,1.621250033378601,1.652500033378601,1.5910420417785645,1.652500033378601,1.5750924348831177
2016-02-17,1.6943750381469727,1.7756249904632568,1.6791670322418213,1.7666670083999634,1.6839114427566528
2016-02-18,1.7854169607162476,1.7860419750213623,1.7010420560836792,1.7066669464111328,1.6267222166061401
2016-02-19,1.6872919797897339,1.7387499809265137,1.6712499856948853,1.7243750095367432,1.6436008214950562
2016-02-22,1.7712500095367432,1.8118749856948853,1.7662500143051147,1.8058329820632935,1.7212430238723755
2016-02-23,1.7739579677581787,1.7893749475479126,1.7141669988632202,1.7158329486846924,1.6354587078094482
2016-02-24,1.6577080488204956,1.7729170322418213,1.6258330345153809,1.7668750286102295,1.6841096878051758
2016-02-25,1.7785420417785645,1.8177080154418945,1.7302080392837524,1.8156249523162842,1.7305761575698853
2016-02-26,1.8570829629898071,1.8614579439163208,1.7991670370101929,1.8114579916000366,1.7266048192977905
2016-02-29,1.8072919845581055,1.847707986831665,1.7635420560836792,1.7635420560836792,1.6809332370758057
2016-03-01,1.8118749856948853,1.9327080249786377,1.7975000143051147,1.9322919845581055,1.84177827835083
2016-03-02,1.9249999523162842,1.9364579916000366,1.8897919654846191,1.9343750476837158,1.8437639474868774
2016-03-03,1.9293750524520874,1.931041955947876,1.882707953453064,1.9235420227050781,1.8334382772445679
2016-03-04,1.9308329820632935,1.9637500047683716,1.888124942779541,1.9268749952316284,1.8366153240203857
2016-03-07,1.896875023841858,1.9306249618530273,1.8493750095367432,1.8910419940948486,1.8024603128433228
2016-03-08,1.8508330583572388,1.9010419845581055,1.8337500095367432,1.8410420417785645,1.7548027038574219
2016-03-09,1.865833044052124,1.8795830011367798,1.8333330154418945,1.8762500286102295,1.788361668586731
2016-03-10,1.90625,1.9345829486846924,1.7972919940948486,1.8691669702529907,1.781610131263733
2016-03-11,1.929582953453064,1.9681249856948853,1.9131250381469727,1.9660420417785645,1.8739477396011353
2016-03-14,1.9462499618530273,1.992082953453064,1.943958044052124,1.9774999618530273,1.8848686218261719
2016-03-15,1.9574999809265137,1.9816670417785645,1.9377080202102661,1.9762500524520874,1.8836774826049805
2016-03-16,1.9587500095367432,2.04354190826416,1.9587500095367432,2.0266671180725098,1.9317325353622437
2016-03-17,2.0112500190734863,2.0389580726623535,1.9877079725265503,2.0208330154418945,1.9261716604232788
2016-03-18,2.0374999046325684,2.0495829582214355,2.0022919178009033,2.0325000286102295,1.9372923374176025
2016-03-21,2.023750066757202,2.063541889190674,2.019792079925537,2.0566670894622803,1.9603270292282104
2016-03-22,2.0233330726623535,2.090625047683716,2.0214579105377197,2.075000047683716,1.9778014421463013
2016-03-23,2.063957929611206,2.068542003631592,2.011457920074463,2.025624990463257,1.9307395219802856
2016-03-24,1.9927079677581787,2.028749942779541,1.9854170083999634,2.0250000953674316,1.9301438331604004
2016-03-28,2.045417070388794,2.045833110809326,2.0079169273376465,2.0177080631256104,1.9231932163238525
2016-03-29,2.006666898727417,2.1187500953674316,1.9968750476837158,2.1141669750213623,2.0151333808898926
2016-03-30,2.152708053588867,2.1856250762939453,2.132082939147949,2.1458330154418945,2.045316457748413
2016-03-31,2.1410419940948486,2.1649999618530273,2.126457929611206,2.1333329677581787,2.0334019660949707
2016-04-01,2.100832939147949,2.2068750858306885,2.0889580249786377,2.2043750286102295,2.10111665725708
2016-04-04,2.2010419368743896,2.2083330154418945,2.1639580726623535,2.1770830154418945,2.0751030445098877
2016-04-05,2.1272919178009033,2.1524999141693115,2.1075000762939453,2.118541955947876,2.019303560256958
2016-04-06,2.125,2.2216670513153076,2.1229169368743896,2.2200000286102295,2.116009473800659
2016-04-07,2.1822919845581055,2.193125009536743,2.0964579582214355,2.124166965484619,2.024665594100952
2016-04-08,2.162708044052124,2.1777079105377197,2.09708309173584,2.1191670894622803,2.019899606704712
2016-04-11,2.146667003631592,2.1781249046325684,2.094791889190674,2.0964579582214355,1.9982538223266602
2016-04-12,2.100416898727417,2.1600000858306885,2.0612499713897705,2.1454169750213623,2.0449206829071045
2016-04-13,2.1977078914642334,2.2397921085357666,2.188957929611206,2.2291669845581055,2.124746799468994
2016-04-14,2.2297921180725098,2.2552080154418945,2.213124990463257,2.2306249141693115,2.126136302947998
2016-04-15,2.2233328819274902,2.2391669750213623,2.196666955947876,2.2135419845581055,2.109853744506836
2016-04-18,2.1952080726623535,2.250833034515381,2.19083309173584,2.2462499141693115,2.1410293579101562
2016-04-19,2.268749952316284,2.2708330154418945,2.171875,2.2074999809265137,2.1040947437286377
2016-04-20,2.204582929611206,2.2427079677581787,2.18416690826416,2.2129170894622803,2.1092581748962402
2016-04-21,2.211667060852051,2.2366669178009033,2.183542013168335,2.2135419845581055,2.109853744506836
2016-04-22,2.128541946411133,2.157291889190674,2.0620830059051514,2.113332986831665,2.014338970184326
2016-04-25,2.090208053588867,2.112916946411133,2.0818750858306885,2.1116669178009033,2.0127511024475098
2016-04-26,2.123958110809326,2.1368749141693115,2.0629169940948486,2.0827078819274902,1.9851481914520264
2016-04-27,2.019582986831665,2.0456249713897705,1.980417013168335,2.032707929611206,1.9374905824661255
2016-04-28,2.039375066757202,2.0743749141693115,1.946666955947876,1.9606250524520874,1.8687841892242432
2016-04-29,1.9539580345153809,1.9700000286102295,1.881250023841858,1.9293750524520874,1.8389979600906372
2016-05-02,1.941457986831665,1.9893749952316284,1.9177080392837524,1.980417013168335,1.8876490592956543
2016-05-03,1.9389580488204956,1.965000033378601,1.909999966621399,1.9277080297470093,1.8374093770980835
2016-05-04,1.8922920227050781,1.9118750095367432,1.8745830059051514,1.8895829916000366,1.8010698556900024
2016-05-05,1.9075000286102295,1.9216669797897339,1.8752080202102661,1.8885420560836792,1.8000777959823608
2016-05-06,1.8583329916000366,1.9175000190734863,1.853124976158142,1.9158329963684082,1.8260902166366577
2016-05-09,1.9177080392837524,1.9589580297470093,1.9149999618530273,1.9327080249786377,1.8421746492385864
2016-05-10,1.9533330202102661,2.015000104904175,1.9433330297470093,2.0137500762939453,1.9194209575653076
2016-05-11,2.003957986831665,2.021667003631592,1.9558329582214355,1.9587500095367432,1.8669968843460083
2016-05-12,1.974166989326477,1.9777079820632935,1.8908330202102661,1.931249976158142,1.8407851457595825
2016-05-13,1.9299999475479126,1.9616669416427612,1.8989579677581787,1.9079170227050781,1.8185452222824097
2016-05-16,1.915624976158142,2.002500057220459,1.9135420322418213,1.9814579486846924,1.8886409997940063
2016-05-17,1.9791669845581055,1.9931249618530273,1.8914580345153809,1.9054169654846191,1.816162109375
2016-05-18,1.8947919607162476,1.9581249952316284,1.8816670179367065,1.9270830154418945,1.8368135690689087
2016-05-19,1.9035420417785645,1.9195829629898071,1.8552080392837524,1.8966670036315918,1.8078218698501587
2016-05-20,1.9197920560836792,1.9824999570846558,1.916458010673523,1.9600000381469727,1.868188500404358
2016-05-23,1.965000033378601,1.9870829582214355,1.9464579820632935,1.9504170417785645,1.859054446220398
2016-05-24,1.9839580059051514,2.0760419368743896,1.9824999570846558,2.0697920322418213,1.9728374481201172
2016-05-25,2.0935420989990234,2.1322920322418213,2.0818750858306885,2.114375114440918,2.015331983566284
2016-05-26,2.121458053588867,2.139791965484619,2.1045830249786377,2.132082939147949,2.0322105884552
2016-05-27,2.135624885559082,2.165832996368408,2.1354169845581055,2.1641669273376465,2.0627920627593994
2016-05-31,2.176042079925537,2.1872920989990234,2.144792079925537,2.1770830154418945,2.0751030445098877
2016-06-01,2.157291889190674,2.1918749809265137,2.1514580249786377,2.177917003631592,2.075897693634033
2016-06-02,2.1631250381469727,2.191457986831665,2.129167079925537,2.1902079582214355,2.0876128673553467
2016-06-03,2.1777079105377197,2.1816670894622803,2.117917060852051,2.160207986831665,2.059018135070801
2016-06-06,2.1700000762939453,2.200624942779541,2.1608328819274902,2.183332920074463,2.0810601711273193
2016-06-07,2.1904170513153076,2.1937499046325684,2.163749933242798,2.167917013168335,2.066365957260132
2016-06-08,2.1797919273376465,2.1912500858306885,2.1541669368743896,2.177500009536743,2.075500011444092
2016-06-09,2.1514580249786377,2.174375057220459,2.138957977294922,2.167917013168335,2.066365957260132
2016-06-10,2.1095829010009766,2.1204171180725098,2.071458101272583,2.0950000286102295,1.9968641996383667
2016-06-13,2.0597920417785645,2.092708110809326,2.0333330631256104,2.041249990463257,1.9456322193145752
2016-06-14,2.024583101272583,2.0622920989990234,1.9958330392837524,2.0422921180725098,1.9466257095336914
2016-06-15,2.0556249618530273,2.0622920989990234,2.0127079486846924,2.0239579677581787,1.9291504621505737
2016-06-16,1.9941669702529907,2.0464580059051514,1.9537500143051147,2.0385420322418213,1.9430515766143799
2016-06-17,2.030208110809326,2.030208110809326,1.9552079439163208,1.96875,1.8765285015106201
2016-06-20,2.039375066757202,2.0652079582214355,2.0012500286102295,2.004167079925537,1.910286784172058
2016-06-21,2.016458034515381,2.036875009536743,2.0022919178009033,2.024167060852051,1.929349660873413
2016-06-22,2.0299999713897705,2.063541889190674,2.0052080154418945,2.0110421180725098,1.916839599609375
2016-06-23,2.0577080249786377,2.0966670513153076,2.032291889190674,2.0958330631256104,1.9976584911346436
2016-06-24,1.875,1.9656250476837158,1.8250000476837158,1.8391669988632202,1.7530155181884766
2016-06-27,1.7972919940948486,1.7997920513153076,1.7041670083999634,1.7320829629898071,1.6509476900100708
2016-06-28,1.7847919464111328,1.8431249856948853,1.7831250429153442,1.8406250476837158,1.7544054985046387
2016-06-29,1.8856250047683716,1.9497920274734497,1.8820830583572388,1.9362499713897705,1.8455510139465332
2016-06-30,1.9479169845581055,2.008958101272583,1.9291670322418213,2.006666898727417,1.9126691818237305
2016-07-01,2.003124952316284,2.058542013168335,2.000833034515381,2.0341670513153076,1.9388810396194458
2016-07-05,2.0079169273376465,2.011667013168335,1.9658329486846924,1.9981249570846558,1.9045275449752808
2016-07-06,1.9708329439163208,2.0495829582214355,1.9514579772949219,2.045207977294922,1.9494048357009888
2016-07-07,2.054374933242798,2.079166889190674,2.0364580154418945,2.0645830631256104,1.9678728580474854
2016-07-08,2.095207929611206,2.1649999618530273,2.089582920074463,2.1600000858306885,2.0588202476501465
2016-07-11,2.1845829486846924,2.22208309173584,2.182499885559082,2.1968750953674316,2.0939669609069824
2016-07-12,2.23770809173584,2.249166965484619,2.222707986831665,2.2314579486846924,2.1269302368164062
2016-07-13,2.2495830059051514,2.250833034515381,2.2143750190734863,2.2158329486846924,2.1120376586914062
2016-07-14,2.2597920894622803,2.2729170322418213,2.243957996368408,2.2608330249786377,2.1549298763275146
2016-07-15,2.2754170894622803,2.2793750762939453,2.234375,2.2481250762939453,2.1428170204162598
2016-07-18,2.254167079925537,2.305833101272583,2.2522919178009033,2.292917013168335,2.1855108737945557
2016-07-19,2.2708330154418945,2.2899999618530273,2.257082939147949,2.269166946411133,2.1628730297088623
2016-07-20,2.303957939147949,2.360832929611206,2.2972919940948486,2.346874952316284,2.23694109916687
2016-07-21,2.3539578914642334,2.3662500381469727,2.3129169940948486,2.3329169750213623,2.2236368656158447
2016-07-22,2.3383328914642334,2.3687500953674316,2.3154170513153076,2.359999895095825,2.2494521141052246
2016-07-25,2.3547921180725098,2.3622920513153076,2.3375000953674316,2.3620829582214355,2.251436710357666
2016-07-26,2.3597919940948486,2.3949999809265137,2.3333330154418945,2.369999885559082,2.2589828968048096
2016-07-27,2.4281249046325684,2.436875104904175,2.3877079486846924,2.416249990463257,2.3030667304992676
2016-07-28,2.4295830726623535,2.451667070388794,2.4066669940948486,2.442500114440918,2.3280863761901855
2016-07-29,2.4600000381469727,2.478749990463257,2.4362499713897705,2.4585421085357666,2.3433775901794434
2016-08-01,2.464582920074463,2.5160419940948486,2.4554169178009033,2.4970829486846924,2.380112886428833
2016-08-02,2.4864580631256104,2.493541955947876,2.393125057220459,2.44083309173584,2.326497793197632
2016-08-03,2.4354169368743896,2.465208053588867,2.4306249618530273,2.4639580249786377,2.348539113998413
2016-08-04,2.4633328914642334,2.4931249618530273,2.4452080726623535,2.486042022705078,2.369589328765869
2016-08-05,2.526249885559082,2.573957920074463,2.515625,2.5579171180725098,2.4380972385406494
2016-08-08,2.5622920989990234,2.5637500286102295,2.5243749618530273,2.5497920513153076,2.4303529262542725
2016-08-09,2.5541670322418213,2.590208053588867,2.549999952316284,2.566667079925537,2.4464375972747803
2016-08-10,2.568542003631592,2.572499990463257,2.5260419845581055,2.546875,2.4275729656219482
2016-08-11,2.5708329677581787,2.5958330631256104,2.556874990463257,2.579792022705078,2.4589478969573975
2016-08-12,2.5645830631256104,2.584583044052124,2.5570828914642334,2.584583044052124,2.4635138511657715
2016-08-15,2.59375,2.6343750953674316,2.591249942779541,2.6170830726623535,2.494492292404175
2016-08-16,2.601875066757202,2.6041669845581055,2.5722920894622803,2.5758330821990967,2.4551737308502197
2016-08-17,2.5758330821990967,2.589792013168335,2.532917022705078,2.5879170894622803,2.4666924476623535
2016-08-18,2.579792022705078,2.600416898727417,2.566667079925537,2.59041690826416,2.4690749645233154
2016-08-19,2.5762500762939453,2.6035420894622803,2.5545830726623535,2.5868749618530273,2.465698480606079
2016-08-22,2.574583053588867,2.60604190826416,2.5612499713897705,2.5893750190734863,2.4680819511413574
2016-08-23,2.620832920074463,2.6358330249786377,2.602916955947876,2.6047921180725098,2.482776641845703
2016-08-24,2.6010420322418213,2.6122920513153076,2.530208110809326,2.5545830726623535,2.434919834136963
2016-08-25,2.534374952316284,2.56583309173584,2.525624990463257,2.5425000190734863,2.423402786254883
2016-08-26,2.545833110809326,2.603332996368408,2.5083329677581787,2.5547919273376465,2.4351186752319336
2016-08-29,2.5562500953674316,2.584791898727417,2.5547919273376465,2.561875104904175,2.4418702125549316
2016-08-30,2.552500009536743,2.573957920074463,2.5129170417785645,2.538749933242798,2.419828176498413
2016-08-31,2.527708053588867,2.5391669273376465,2.498958110809326,2.532083034515381,2.4134740829467773
2016-09-01,2.533750057220459,2.5587499141693115,2.4962499141693115,2.543333053588867,2.424196720123291
2016-09-02,2.5885419845581055,2.6039578914642334,2.546041965484619,2.573124885559082,2.4525928497314453
2016-09-06,2.5885419845581055,2.6229169368743896,2.5708329677581787,2.620832920074463,2.4980661869049072
2016-09-07,2.628957986831665,2.6404170989990234,2.597707986831665,2.625624895095825,2.5026333332061768
2016-09-08,2.6041669845581055,2.6056249141693115,2.5606250762939453,2.580625057220459,2.4597415924072266
2016-09-09,2.5177080631256104,2.5333330631256104,2.384999990463257,2.384999990463257,2.273280382156372
2016-09-12,2.3491671085357666,2.523750066757202,2.344791889190674,2.5072920322418213,2.3898439407348633
2016-09-13,2.473750114440918,2.497499942779541,2.410207986831665,2.448124885559082,2.3334479331970215
2016-09-14,2.4543750286102295,2.5208330154418945,2.4518749713897705,2.4795830249786377,2.3634324073791504
2016-09-15,2.483333110809326,2.606874942779541,2.481250047683716,2.594583034515381,2.473046064376831
2016-09-16,2.588124990463257,2.600416898727417,2.5541670322418213,2.5916669368743896,2.470266819000244
2016-09-19,2.6114580631256104,2.6360421180725098,2.5439579486846924,2.5577080249786377,2.4378981590270996
2016-09-20,2.5833330154418945,2.6041669845581055,2.559999942779541,2.5718750953674316,2.451401948928833
2016-09-21,2.6041669845581055,2.6585419178009033,2.5602080821990967,2.646667003631592,2.5226902961730957
2016-09-22,2.6962499618530273,2.7200000286102295,2.686666965484619,2.7085421085357666,2.5816664695739746
2016-09-23,2.700000047683716,2.701457977294922,2.6475000381469727,2.659791946411133,2.535200357437134
2016-09-26,2.6139578819274902,2.623332977294922,2.5808329582214355,2.59375,2.472252130508423
2016-09-27,2.5908329486846924,2.6720829010009766,2.5808329582214355,2.6672921180725098,2.542349100112915
2016-09-28,2.676875114440918,2.686666965484619,2.641249895095825,2.681874990463257,2.556248903274536
2016-09-29,2.670417070388794,2.683542013168335,2.589792013168335,2.625,2.5020382404327393
2016-09-30,2.649167060852051,2.705625057220459,2.6360421180725098,2.678957939147949,2.5534682273864746
2016-10-03,2.6697919368743896,2.680833101272583,2.6385419368743896,2.672916889190674,2.547710418701172
2016-10-04,2.6918749809265137,2.7114579677581787,2.628541946411133,2.657707929611206,2.5332133769989014
2016-10-05,2.681874990463257,2.7114579677581787,2.6781249046325684,2.6854169368743896,2.5596249103546143
2016-10-06,2.675416946411133,2.6985421180725098,2.643125057220459,2.6812500953674316,2.5556530952453613
2016-10-07,2.6897919178009033,2.69979190826416,2.6254169940948486,2.663749933242798,2.538973093032837
2016-10-10,2.703125,2.732707977294922,2.701667070388794,2.7114579677581787,2.5844459533691406
2016-10-11,2.7058329582214355,2.709167003631592,2.563541889190674,2.599375009536743,2.477613687515259
2016-10-12,2.6020829677581787,2.6181249618530273,2.567500114440918,2.5939579010009766,2.472450017929077
2016-10-13,2.539792060852051,2.584583044052124,2.4931249618530273,2.563541889190674,2.4434592723846436
2016-10-14,2.5981249809265137,2.631666898727417,2.5670828819274902,2.5693750381469727,2.449018955230713
2016-10-17,2.5687499046325684,2.582082986831665,2.5414578914642334,2.5516669750213623,2.4321398735046387
2016-10-18,2.640625,2.654792070388794,2.6145830154418945,2.6170830726623535,2.494492292404175
2016-10-19,2.6122920513153076,2.628541946411133,2.6039578914642334,2.6181249618530273,2.4954850673675537
2016-10-20,2.60604190826416,2.6254169940948486,2.5629169940948486,2.6070830821990967,2.4849605560302734
2016-10-21,2.61270809173584,2.641458034515381,2.588124990463257,2.6354169845581055,2.5119664669036865
2016-10-24,2.6887500286102295,2.736875057220459,2.686666965484619,2.7314579486846924,2.6035094261169434
2016-10-25,2.7339580059051514,2.737916946411133,2.693542003631592,2.704166889190674,2.5774965286254883
2016-10-26,2.652082920074463,2.694999933242798,2.6270830631256104,2.652292013168335,2.5280516147613525
2016-10-27,2.6847920417785645,2.6912500858306885,2.603332996368408,2.6152079105377197,2.492704391479492
2016-10-28,2.59041690826416,2.632082939147949,2.5416669845581055,2.569999933242798,2.4496145248413086
2016-10-31,2.5950000286102295,2.5950000286102295,2.5541670322418213,2.555417060852051,2.4357147216796875
2016-11-01,2.5718750953674316,2.5718750953674316,2.4337499141693115,2.5029170513153076,2.385673761367798
2016-11-02,2.4945828914642334,2.511457920074463,2.421041965484619,2.4377079010009766,2.323519468307495
2016-11-03,2.4277079105377197,2.450624942779541,2.358541965484619,2.367500066757202,2.2565999031066895
2016-11-04,2.3456249237060547,2.397291898727417,2.328749895095825,2.340625047683716,2.2309839725494385
2016-11-07,2.453958034515381,2.516249895095825,2.4443750381469727,2.5083329677581787,2.390836477279663
2016-11-08,2.5,2.591249942779541,2.483333110809326,2.557499885559082,2.437699794769287
2016-11-09,2.4668750762939453,2.6047921180725098,2.459791898727417,2.5933330059051514,2.4718546867370605
2016-11-10,2.6247920989990234,2.639583110809326,2.3639578819274902,2.4700000286102295,2.3542985916137695
2016-11-11,2.431874990463257,2.485832929611206,2.4083330631256104,2.467916965484619,2.352313280105591
2016-11-14,2.4725000858306885,2.477916955947876,2.3575000762939453,2.384582996368408,2.2728826999664307
2016-11-15,2.444999933242798,2.5177080631256104,2.438124895095825,2.494999885559082,2.3781275749206543
2016-11-16,2.457292079925537,2.54354190826416,2.457292079925537,2.5356249809265137,2.416849374771118
2016-11-17,2.5339579582214355,2.594374895095825,2.518125057220459,2.594374895095825,2.4728474617004395
2016-11-18,2.5991671085357666,2.616041898727417,2.5572919845581055,2.5652079582214355,2.445046901702881
2016-11-21,2.58145809173584,2.6504170894622803,2.5804169178009033,2.642292022705078,2.5185203552246094
2016-11-22,2.674375057220459,2.6875,2.6475000381469727,2.6660420894622803,2.5411574840545654
2016-11-23,2.6404170989990234,2.6493749618530273,2.5999999046325684,2.633958101272583,2.5105767250061035
2016-11-25,2.6464579105377197,2.663332939147949,2.635624885559082,2.659374952316284,2.5348029136657715
2016-11-28,2.647291898727417,2.6791670322418213,2.6337499618530273,2.644582986831665,2.5207035541534424
2016-11-29,2.6468749046325684,2.706666946411133,2.627500057220459,2.6700000762939453,2.5449302196502686
2016-11-30,2.675416946411133,2.681874990463257,2.5693750381469727,2.5835421085357666,2.46252179145813
2016-12-01,2.5704169273376465,2.570625066757202,2.4264578819274902,2.441667079925537,2.3272931575775146
2016-12-02,2.443958044052124,2.4825000762939453,2.4222919940948486,2.451457977294922,2.336625099182129
2016-12-05,2.491041898727417,2.5391669273376465,2.456666946411133,2.508125066757202,2.3906378746032715
2016-12-06,2.5274999141693115,2.5406250953674316,2.49666690826416,2.526249885559082,2.4079134464263916
2016-12-07,2.511457920074463,2.632499933242798,2.4895830154418945,2.619999885559082,2.49727201461792
2016-12-08,2.626667022705078,2.657291889190674,2.6114580631256104,2.6360421180725098,2.5125632286071777
2016-12-09,2.665832996368408,2.702291965484619,2.665832996368408,2.6977078914642334,2.5713400840759277
2016-12-12,2.6608328819274902,2.677917003631592,2.6295828819274902,2.660207986831665,2.5355966091156006
2016-12-13,2.689167022705078,2.806874990463257,2.6854169368743896,2.764167070388794,2.63468599319458
2016-12-14,2.769582986831665,2.7995829582214355,2.720417022705078,2.743957996368408,2.6154239177703857
2016-12-15,2.751457929611206,2.8062500953674316,2.7366669178009033,2.760624885559082,2.631310224533081
2016-12-16,2.7735419273376465,2.7914578914642334,2.7118749618530273,2.7270829677581787,2.599339723587036
2016-12-19,2.738542079925537,2.8104169368743896,2.726249933242798,2.7604169845581055,2.6311113834381104
2016-12-20,2.782083034515381,2.8072919845581055,2.777082920074463,2.793750047683716,2.6628835201263428
2016-12-21,2.7947919368743896,2.800416946411133,2.766458034515381,2.7839579582214355,2.653549909591675
2016-12-22,2.785207986831665,2.7889580726623535,2.7300000190734863,2.7597920894622803,2.6305158138275146
2016-12-23,2.748542070388794,2.769582986831665,2.7395830154418945,2.7683329582214355,2.6386568546295166
2016-12-27,2.7833330631256104,2.856874942779541,2.780416965484619,2.8087499141693115,2.677180051803589
2016-12-28,2.8258330821990967,2.834791898727417,2.73770809173584,2.7437500953674316,2.615225315093994
2016-12-29,2.7422919273376465,2.759582996368408,2.7058329582214355,2.730417013168335,2.6025168895721436
2016-12-30,2.746042013168335,2.7477080821990967,2.625,2.650624990463257,2.526463031768799
2017-01-03,2.7002079486846924,2.7477080821990967,2.674375057220459,2.714792013168335,2.5876238346099854
2017-01-04,2.727292060852051,2.776249885559082,2.723750114440918,2.7610421180725098,2.6317076683044434
2017-01-05,2.7587499618530273,2.813541889190674,2.7562499046325684,2.809999942779541,2.6783721446990967
2017-01-06,2.8152079582214355,2.9033329486846924,2.793750047683716,2.8812499046325684,2.7462847232818604
2017-01-09,2.8883330821990967,2.924999952316284,2.882499933242798,2.910417079925537,2.77408504486084
2017-01-10,2.9091670513153076,2.954582929611206,2.89395809173584,2.9270830154418945,2.789970636367798
2017-01-11,2.9291670322418213,2.951667070388794,2.8862500190734863,2.949583053588867,2.8114168643951416
2017-01-12,2.920417070388794,2.9433329105377197,2.855417013168335,2.9345829486846924,2.797119140625
2017-01-13,2.944166898727417,2.9825000762939453,2.9433329105377197,2.9683330059051514,2.8292884826660156
2017-01-17,2.941667079925537,2.9583330154418945,2.9149999618530273,2.9404170513153076,2.802680253982544
2017-01-18,2.954166889190674,2.966249942779541,2.930417060852051,2.9604170322418213,2.8217432498931885
2017-01-19,2.96875,3.001667022705078,2.935832977294922,2.952500104904175,2.8141982555389404
2017-01-20,2.9916670322418213,3.014583110809326,2.950000047683716,2.9716670513153076,2.8324663639068604
2017-01-23,2.9625000953674316,2.9916670322418213,2.9237499237060547,2.978332996368408,2.838820219039917
2017-01-24,2.9945828914642334,3.053333044052124,2.9820830821990967,3.040416955947876,2.8979954719543457
2017-01-25,3.095417022705078,3.1337499618530273,3.088749885559082,3.129167079925537,2.982588529586792
2017-01-26,3.1433329582214355,3.1608328819274902,3.1254169940948486,3.142082929611206,2.994899272918701
2017-01-27,3.1583330631256104,3.1675000190734863,3.12833309173584,3.157083034515381,3.009197235107422
2017-01-30,3.1237499713897705,3.1254169940948486,3.0325000286102295,3.0854170322418213,2.940887928009033
2017-01-31,3.0537500381469727,3.0683329105377197,3.012083053588867,3.0683329105377197,2.9246039390563965
2017-02-01,3.12833309173584,3.146667003631592,3.086667060852051,3.126667022705078,2.980205535888672
2017-02-02,3.110832929611206,3.1479170322418213,3.0850000381469727,3.1187500953674316,2.9726593494415283
2017-02-03,3.1312499046325684,3.15625,3.12166690826416,3.1458330154418945,2.998473882675171
2017-02-06,3.1304171085357666,3.1591670513153076,3.1220829486846924,3.1575000286102295,3.0095937252044678
2017-02-07,3.1741669178009033,3.212083101272583,3.1691670417785645,3.190000057220459,3.040572166442871
2017-02-08,3.1787500381469727,3.220417022705078,3.161250114440918,3.2079169750213623,3.057649850845337
2017-02-09,3.2166669368743896,3.2637500762939453,3.211667060852051,3.2412500381469727,3.089421272277832
2017-02-10,3.2637500762939453,3.2874999046325684,3.2470829486846924,3.2733330726623535,3.1200013160705566
2017-02-13,3.3041670322418213,3.342916965484619,3.2991669178009033,3.3308329582214355,3.1748082637786865
2017-02-14,3.3329169750213623,3.363332986831665,3.3016669750213623,3.3620829582214355,3.204594135284424
2017-02-15,3.357917070388794,3.4266669750213623,3.3499999046325684,3.4200000762939453,3.259798765182495
2017-02-16,3.428333044052124,3.4487500190734863,3.3924999237060547,3.4170830249786377,3.2570176124572754
2017-02-17,3.40291690826416,3.4625000953674316,3.4008328914642334,3.4600000381469727,3.297924280166626
2017-02-21,3.4841670989990234,3.5199999809265137,3.476249933242798,3.515000104904175,3.3503479957580566
2017-02-22,3.504167079925537,3.524167060852051,3.485832929611206,3.5154170989990234,3.350745677947998
2017-02-23,3.5308330059051514,3.53125,3.43416690826416,3.4774999618530273,3.3146047592163086
2017-02-24,3.427500009536743,3.4962499141693115,3.424999952316284,3.4962499141693115,3.3324766159057617
2017-02-27,3.477916955947876,3.5087499618530273,3.458750009536743,3.506666898727417,3.3424055576324463
2017-02-28,3.507082939147949,3.5104169845581055,3.447499990463257,3.4791669845581055,3.3161935806274414
2017-03-01,3.5399999618530273,3.608333110809326,3.5233330726623535,3.5916669368743896,3.4234237670898438
2017-03-02,3.5899999141693115,3.5899999141693115,3.5233330726623535,3.5350000858306885,3.369410753250122
2017-03-03,3.5266671180725098,3.558332920074463,3.4995830059051514,3.553333044052124,3.386884927749634
2017-03-06,3.515000104904175,3.548332929611206,3.487916946411133,3.528749942779541,3.3634541034698486
2017-03-07,3.5062499046325684,3.558332920074463,3.4945828914642334,3.5112500190734863,3.346773624420166
2017-03-08,3.5199999809265137,3.563333034515381,3.5079169273376465,3.5291669368743896,3.3638510704040527
2017-03-09,3.5283329486846924,3.552917003631592,3.4820830821990967,3.5399999618530273,3.3741767406463623
2017-03-10,3.5854170322418213,3.5983328819274902,3.537916898727417,3.578749895095825,3.411111354827881
2017-03-13,3.5754170417785645,3.602916955947876,3.572082996368408,3.5995829105377197,3.43096923828125
2017-03-14,3.575000047683716,3.5804169178009033,3.5299999713897705,3.5729169845581055,3.4055521488189697
2017-03-15,3.5975000858306885,3.663332939147949,3.5604169368743896,3.6354169845581055,3.4651246070861816
2017-03-16,3.660417079925537,3.660417079925537,3.6070830821990967,3.6333329677581787,3.4631378650665283
2017-03-17,3.641666889190674,3.65625,3.622499942779541,3.6245830059051514,3.4547982215881348
2017-03-20,3.6245830059051514,3.661250114440918,3.608333110809326,3.6354169845581055,3.4651246070861816
2017-03-21,3.675832986831665,3.6875,3.4649999141693115,3.4733328819274902,3.3106329441070557
2017-03-22,3.475416898727417,3.5512499809265137,3.459167003631592,3.5416669845581055,3.375765562057495
2017-03-23,3.528749942779541,3.5566670894622803,3.49666690826416,3.5133330821990967,3.348759412765503
2017-03-24,3.5466670989990234,3.5879170894622803,3.494999885559082,3.5325000286102295,3.36702823638916
2017-03-27,3.4604170322418213,3.569582939147949,3.4345829486846924,3.5512499809265137,3.3849000930786133
2017-03-28,3.550832986831665,3.648750066757202,3.528749942779541,3.617917060852051,3.4484446048736572
2017-03-29,3.6212499141693115,3.670833110809326,3.612916946411133,3.665832996368408,3.4941153526306152
2017-03-30,3.6645829677581787,3.6962499618530273,3.6524999141693115,3.68416690826416,3.5115904808044434
2017-03-31,3.667917013168335,3.7049999237060547,3.6558330059051514,3.675416946411133,3.50325083732605
2017-04-03,3.6862499713897705,3.711667060852051,3.6091670989990234,3.6675000190734863,3.4957051277160645
2017-04-04,3.6354169845581055,3.6870830059051514,3.6329169273376465,3.68416690826416,3.5115904808044434
2017-04-05,3.702083110809326,3.7658329010009766,3.6204171180725098,3.642082929611206,3.4714784622192383
2017-04-06,3.654582977294922,3.675416946411133,3.6187500953674316,3.6449999809265137,3.4742584228515625
2017-04-07,3.6424999237060547,3.6737499237060547,3.601249933242798,3.6408329010009766,3.4702870845794678
2017-04-10,3.6533329486846924,3.6887500286102295,3.6137499809265137,3.6449999809265137,3.4742584228515625
2017-04-11,3.6308329105377197,3.649167060852051,3.5179169178009033,3.5991671085357666,3.430572509765625
2017-04-12,3.5950000286102295,3.6024999618530273,3.540832996368408,3.5516669750213623,3.3852975368499756
2017-04-13,3.5374999046325684,3.598750114440918,3.507499933242798,3.509582996368408,3.345184564590454
2017-04-17,3.5391669273376465,3.5975000858306885,3.5350000858306885,3.592916965484619,3.4246151447296143
2017-04-18,3.5595829486846924,3.6116669178009033,3.552917003631592,3.5824999809265137,3.414686679840088
2017-04-19,3.6237499713897705,3.6591670513153076,3.5799999237060547,3.5950000286102295,3.426600694656372
2017-04-20,3.6387500762939453,3.7083330154418945,3.6220829486846924,3.6820828914642334,3.5096044540405273
2017-04-21,3.694166898727417,3.6987500190734863,3.6549999713897705,3.680417060852051,3.508016586303711
2017-04-24,3.8020830154418945,3.825000047683716,3.7858328819274902,3.814167022705078,3.6355016231536865
2017-04-25,3.8520829677581787,3.917917013168335,3.8433330059051514,3.898750066757202,3.7161223888397217
2017-04-26,3.9024999141693115,3.930417060852051,3.873332977294922,3.881666898727417,3.6998395919799805
2017-04-27,3.9108328819274902,3.950000047683716,3.901249885559082,3.949583053588867,3.7645745277404785
2017-04-28,3.997499942779541,4.002082824707031,3.952083110809326,3.97208309173584,3.786020517349243
2017-05-01,4.008749961853027,4.09250020980835,4.003749847412109,4.072082996368408,3.881335496902466
2017-05-02,4.092082977294922,4.102083206176758,4.060832977294922,4.096250057220459,3.9043712615966797
2017-05-03,4.071249961853027,4.071667194366455,4.022916793823242,4.055832862854004,3.86584734916687
2017-05-04,4.05791711807251,4.076666831970215,4.0183329582214355,4.059999942779541,3.8698184490203857
2017-05-05,4.08916711807251,4.1041669845581055,4.045416831970215,4.1041669845581055,3.911916971206665
2017-05-08,4.110416889190674,4.1304168701171875,4.085416793823242,4.128749847412109,3.9353480339050293
2017-05-09,4.1483330726623535,4.201250076293945,4.139166831970215,4.174167156219482,3.978638172149658
2017-05-10,4.178750038146973,4.1845831871032715,4.136666774749756,4.180832862854004,3.9849917888641357
2017-05-11,4.147082805633545,4.172916889190674,4.088749885559082,4.170833110809326,3.9754605293273926
2017-05-12,4.176249980926514,4.2004170417785645,4.165417194366455,4.1979169845581055,4.001275062561035
2017-05-15,4.202083110809326,4.244166851043701,4.191249847412109,4.2370829582214355,4.0386061668396
2017-05-16,4.267083168029785,4.290832996368408,4.232916831970215,4.290417194366455,4.089442253112793
2017-05-17,4.189582824707031,4.211667060852051,3.9604170322418213,3.9658329486846924,3.7800631523132324
2017-05-18,3.9600000381469727,4.105416774749756,3.9429171085357666,4.066249847412109,3.8757755756378174
2017-05-19,4.105833053588867,4.168333053588867,4.102499961853027,4.115417003631592,3.9226393699645996
2017-05-22,4.144166946411133,4.227083206176758,4.139583110809326,4.22208309173584,4.0243096351623535
2017-05-23,4.256667137145996,4.258333206176758,4.200832843780518,4.232500076293945,4.034238338470459
2017-05-24,4.267917156219482,4.295833110809326,4.234582901000977,4.290832996368408,4.089840412139893
2017-05-25,4.337916851043701,4.431666851043701,4.310832977294922,4.403749942779541,4.197466850280762
2017-05-26,4.400416851043701,4.4270830154418945,4.383749961853027,4.422500133514404,4.215338230133057
2017-05-30,4.4116668701171875,4.4479169845581055,4.407083034515381,4.431666851043701,4.224076271057129
2017-05-31,4.47208309173584,4.4816670417785645,4.358749866485596,4.426249980926514,4.2189130783081055
2017-06-01,4.452499866485596,4.482916831970215,4.397916793823242,4.4791669845581055,4.269351005554199
2017-06-02,4.5233330726623535,4.6354169845581055,4.503749847412109,4.632082939147949,4.415104389190674
2017-06-05,4.62833309173584,4.652500152587891,4.608749866485596,4.62833309173584,4.411530017852783
2017-06-06,4.611667156219482,4.656667232513428,4.552499771118164,4.575832843780518,4.361488342285156
2017-06-07,4.608333110809326,4.637499809265137,4.548333168029785,4.625833034515381,4.409147262573242
2017-06-08,4.654582977294922,4.6616668701171875,4.5654168128967285,4.638332843780518,4.4210615158081055
2017-06-09,4.65500020980835,4.672082901000977,4.110833168029785,4.302917003631592,4.1013569831848145
2017-06-12,4.183332920074463,4.244166851043701,4.0595831871032715,4.224999904632568,4.027090549468994
2017-06-13,4.290832996368408,4.3408331871032715,4.2266669273376465,4.323750019073486,4.121214866638184
2017-06-14,4.374582767486572,4.374582767486572,4.163750171661377,4.265832901000977,4.066010475158691
2017-06-15,4.1354169845581055,4.222499847412109,4.057499885559082,4.2083330154418945,4.011202812194824
2017-06-16,4.199999809265137,4.202917098999023,4.107082843780518,4.157917022705078,3.9631495475769043
2017-06-19,4.273749828338623,4.373332977294922,4.25458288192749,4.359167098999023,4.154972076416016
2017-06-20,4.348750114440918,4.364167213439941,4.25458288192749,4.2604169845581055,4.060846328735352
2017-06-21,4.2866668701171875,4.388332843780518,4.27791690826416,4.384167194366455,4.178799629211426
2017-06-22,4.403749942779541,4.427499771118164,4.345832824707031,4.379167079925537,4.17403507232666
2017-06-23,4.363749980926514,4.445833206176758,4.328332901000977,4.428332805633545,4.220898151397705
2017-06-26,4.50124979019165,4.52791690826416,4.338749885559082,4.3695831298828125,4.164899826049805
2017-06-27,4.318749904632568,4.332917213439941,4.129167079925537,4.129167079925537,3.935746669769287
2017-06-28,4.172500133514404,4.31583309173584,4.1016669273376465,4.302499771118164,4.100959300994873
2017-06-29,4.249582767486572,4.252500057220459,3.9583330154418945,4.0833330154418945,3.892059087753296
2017-06-30,4.118750095367432,4.150416851043701,4.045416831970215,4.069167137145996,3.878556489944458
2017-07-03,4.141666889190674,4.154582977294922,3.9483330249786377,3.9583330154418945,3.772914171218872
2017-07-05,3.9887499809265137,4.103750228881836,3.952083110809326,4.071249961853027,3.880542516708374
2017-07-06,3.9770829677581787,4.028749942779541,3.917917013168335,3.963749885559082,3.7780771255493164
2017-07-07,4.0029168128967285,4.120832920074463,4.0,4.082499980926514,3.8912644386291504
2017-07-10,4.097917079925537,4.1979169845581055,4.065000057220459,4.167916774749756,3.9726803302764893
2017-07-11,4.149582862854004,4.217916965484619,4.102917194366455,4.202083110809326,4.005245685577393
2017-07-12,4.307499885559082,4.364999771118164,4.2841668128967285,4.3516669273376465,4.147822380065918
2017-07-13,4.368750095367432,4.411250114440918,4.342082977294922,4.3804168701171875,4.17522668838501
2017-07-14,4.4320831298828125,4.499166965484619,4.397082805633545,4.483333110809326,4.273322582244873
2017-07-17,4.497917175292969,4.5366668701171875,4.463749885559082,4.485833168029785,4.275704860687256
2017-07-18,4.4766669273376465,4.579583168029785,4.4375,4.574999809265137,4.360694408416748
2017-07-19,4.6145830154418945,4.6770830154418945,4.611249923706055,4.658750057220459,4.440523147583008
2017-07-20,4.6929168701171875,4.702499866485596,4.6120829582214355,4.676249980926514,4.457201957702637
2017-07-21,4.618332862854004,4.669582843780518,4.59708309173584,4.6691670417785645,4.450450897216797
2017-07-24,4.667916774749756,4.7420830726623535,4.650416851043701,4.730000019073486,4.5084333419799805
2017-07-25,4.68625020980835,4.729582786560059,4.657917022705078,4.698332786560059,4.478250980377197
2017-07-26,4.728332996368408,4.749166965484619,4.7083330154418945,4.740417003631592,4.518363952636719
2017-07-27,4.8358330726623535,4.847917079925537,4.485833168029785,4.655832767486572,4.437741279602051
2017-07-28,4.573750019073486,4.662083148956299,4.544582843780518,4.640832901000977,4.423443794250488
2017-07-31,4.678750038146973,4.696667194366455,4.5495829582214355,4.580417156219482,4.365857124328613
2017-08-01,4.62624979019165,4.630000114440918,4.568749904632568,4.610416889190674,4.394453525543213
2017-08-02,4.697500228881836,4.702083110809326,4.5183329582214355,4.644166946411133,4.426621913909912
2017-08-03,4.6616668701171875,4.663332939147949,4.56708288192749,4.595832824707031,4.380552291870117
2017-08-04,4.622917175292969,4.648749828338623,4.560832977294922,4.613749980926514,4.397629261016846
2017-08-07,4.640832901000977,4.702917098999023,4.620832920074463,4.6954169273376465,4.475470066070557
2017-08-08,4.6745829582214355,4.7916669845581055,4.6379170417785645,4.677917003631592,4.458791255950928
2017-08-09,4.563333034515381,4.665417194366455,4.530832767486572,4.65958309173584,4.441315650939941
2017-08-10,4.581250190734863,4.589582920074463,4.346250057220459,4.357082843780518,4.152984619140625
2017-08-11,4.37833309173584,4.486249923706055,4.347499847412109,4.456666946411133,4.2479047775268555
2017-08-14,4.560417175292969,4.650000095367432,4.55916690826416,4.630000114440918,4.413119316101074
2017-08-15,4.655832767486572,4.665417194366455,4.600417137145996,4.638332843780518,4.4210615158081055
2017-08-16,4.670833110809326,4.727083206176758,4.616250038146973,4.662499904632568,4.444095611572266
2017-08-17,4.605833053588867,4.62833309173584,4.375,4.375833034515381,4.170856475830078
2017-08-18,4.382500171661377,4.454583168029785,4.3125,4.360416889190674,4.156164169311523
2017-08-21,4.367917060852051,4.3933329582214355,4.266666889190674,4.352499961853027,4.148617267608643
2017-08-22,4.4166669845581055,4.5595831871032715,4.414583206176758,4.546249866485596,4.333291530609131
2017-08-23,4.4716668128967285,4.52666711807251,4.4658331871032715,4.49541711807251,4.284839153289795
2017-08-24,4.5283331871032715,4.545833110809326,4.379167079925537,4.457917213439941,4.249096870422363
2017-08-25,4.50333309173584,4.541250228881836,4.411250114440918,4.427917003631592,4.220501899719238
2017-08-28,4.466667175292969,4.499166965484619,4.425416946411133,4.466667175292969,4.257436275482178
2017-08-29,4.350417137145996,4.5416669845581055,4.340000152587891,4.521667003631592,4.309860706329346
2017-08-30,4.529582977294922,4.699999809265137,4.521667003631592,4.678332805633545,4.459187984466553
2017-08-31,4.716249942779541,4.828332901000977,4.708749771118164,4.81125020980835,4.585878372192383
2017-09-01,4.847917079925537,4.866250038146973,4.7708330154418945,4.80791711807251,4.582701206207275
2017-09-05,4.762083053588867,4.795000076293945,4.569582939147949,4.679166793823242,4.459981441497803
2017-09-06,4.717082977294922,4.75124979019165,4.618750095367432,4.719583034515381,4.498504638671875
2017-09-07,4.7470831871032715,4.787499904632568,4.699999809265137,4.74875020980835,4.526306629180908
2017-09-08,4.730833053588867,4.739167213439941,4.6145830154418945,4.631667137145996,4.414708137512207
2017-09-11,4.736249923706055,4.8095831871032715,4.734582901000977,4.779167175292969,4.555299282073975
2017-09-12,4.824999809265137,4.84041690826416,4.7529168128967285,4.819582939147949,4.593821048736572
2017-09-13,4.7916669845581055,4.8408331871032715,4.772500038146973,4.839582920074463,4.612884998321533
2017-09-14,4.786250114440918,4.8254170417785645,4.745832920074463,4.7579169273376465,4.535043239593506
2017-09-15,4.7529168128967285,4.854582786560059,4.728332996368408,4.796249866485596,4.57158088684082
2017-09-18,4.81708288192749,4.863333225250244,4.7395830154418945,4.78458309173584,4.560459613800049
2017-09-19,4.8070831298828125,4.827499866485596,4.7579169273376465,4.804999828338623,4.579921245574951
2017-09-20,4.802499771118164,4.816667079925537,4.652500152587891,4.764999866485596,4.541794776916504
2017-09-21,4.750833034515381,4.752500057220459,4.625,4.673333168029785,4.454422473907471
2017-09-22,4.627082824707031,4.680417060852051,4.614999771118164,4.6616668701171875,4.443302154541016
2017-09-25,4.604582786560059,4.611667156219482,4.443749904632568,4.515417098999023,4.303903579711914
2017-09-26,4.5808329582214355,4.605833053588867,4.49875020980835,4.546249866485596,4.333291530609131
2017-09-27,4.618750095367432,4.719167232513428,4.5833330154418945,4.669582843780518,4.450847625732422
2017-09-28,4.635832786560059,4.675000190734863,4.6016669273376465,4.6616668701171875,4.443302154541016
2017-09-29,4.690000057220459,4.770417213439941,4.652500152587891,4.7604169845581055,4.537426948547363
2017-10-02,4.784999847412109,4.832083225250244,4.710000038146973,4.773749828338623,4.550135135650635
2017-10-03,4.7916669845581055,4.820000171661377,4.7604169845581055,4.803750038146973,4.57873010635376
2017-10-04,4.7758331298828125,4.846250057220459,4.7629170417785645,4.816249847412109,4.590643405914307
2017-10-05,4.872499942779541,4.962916851043701,4.852083206176758,4.954999923706055,4.722894191741943
2017-10-06,4.908332824707031,4.974999904632568,4.90625,4.972917079925537,4.7399725914001465
2017-10-09,4.995832920074463,5.010832786560059,4.9404168128967285,4.960416793823242,4.728057861328125
2017-10-10,5.007500171661377,5.023749828338623,4.904582977294922,4.970832824707031,4.737985610961914
2017-10-11,4.964582920074463,5.016666889190674,4.943749904632568,5.014166831970215,4.779289722442627
2017-10-12,4.992917060852051,5.045000076293945,4.969167232513428,4.9870829582214355,4.753475666046143
2017-10-13,5.044582843780518,5.059999942779541,5.027082920074463,5.042916774749756,4.8066935539245605
2017-10-16,5.0808329582214355,5.097499847412109,5.047082901000977,5.09499979019165,4.856337070465088
2017-10-17,5.088749885559082,5.1145830154418945,5.065000057220459,5.112916946411133,4.873414039611816
2017-10-18,5.127082824707031,5.1279168128967285,5.072082996368408,5.093332767486572,4.854748249053955
2017-10-19,5.005833148956299,5.037499904632568,4.929999828338623,5.037083148956299,4.801133155822754
2017-10-20,5.097499847412109,5.109582901000977,5.058750152587891,5.073750019073486,4.8360819816589355
2017-10-23,5.105833053588867,5.107082843780518,4.955417156219482,4.9791669845581055,4.745930194854736
2017-10-24,5.0029168128967285,5.032083034515381,4.946249961853027,5.00458288192749,4.7701544761657715
2017-10-25,4.970832824707031,5.019999980926514,4.832083225250244,4.943749904632568,4.71217155456543
2017-10-26,4.936666965484619,4.969583034515381,4.890832901000977,4.897916793823242,4.668485164642334
2017-10-27,5.130833148956299,5.349583148956299,5.117917060852051,5.320000171661377,5.070796966552734
2017-10-30,5.306666851043701,5.420000076293945,5.295000076293945,5.357916831970215,5.106937408447266
2017-10-31,5.405832767486572,5.439582824707031,5.362916946411133,5.414583206176758,5.160950183868408
2017-11-01,5.482500076293945,5.489999771118164,5.347917079925537,5.40749979019165,5.15419864654541
2017-11-02,5.391250133514404,5.398749828338623,5.268750190734863,5.380000114440918,5.127986431121826
2017-11-03,5.437082767486572,5.536250114440918,5.382082939147949,5.53000020980835,5.270960330963135
2017-11-06,5.520417213439941,5.59499979019165,5.513750076293945,5.586249828338623,5.324574947357178
2017-11-07,5.573750019073486,5.62041711807251,5.539999961853027,5.595417022705078,5.33331298828125
2017-11-08,5.590000152587891,5.668749809265137,5.569167137145996,5.665417194366455,5.400032997131348
2017-11-09,5.527500152587891,5.5833330154418945,5.402082920074463,5.574583053588867,5.3134541511535645
2017-11-10,5.537083148956299,5.5858330726623535,5.505833148956299,5.5729169845581055,5.311866760253906
2017-11-13,5.514166831970215,5.614167213439941,5.509582996368408,5.589582920074463,5.327752590179443
2017-11-14,5.533332824707031,5.551667213439941,5.451666831970215,5.533332824707031,5.274137020111084
2017-11-15,5.462500095367432,5.497917175292969,5.364999771118164,5.452083110809326,5.1966938972473145
2017-11-16,5.537917137145996,5.696249961853027,5.534999847412109,5.65625,5.391297340393066
2017-11-17,5.662083148956299,5.673333168029785,5.577917098999023,5.592916965484619,5.330929756164551
2017-11-20,5.6016669273376465,5.620832920074463,5.556666851043701,5.579166889190674,5.317823886871338
2017-11-21,5.657083034515381,5.766666889190674,5.651249885559082,5.755000114440918,5.485421180725098
2017-11-22,5.775416851043701,5.796249866485596,5.742917060852051,5.77791690826416,5.507262706756592
2017-11-24,5.800000190734863,5.847499847412109,5.7891669273376465,5.842916965484619,5.56921911239624
2017-11-27,5.835416793823242,5.875833034515381,5.795000076293945,5.8333330154418945,5.560084819793701
2017-11-28,5.872917175292969,5.889583110809326,5.779582977294922,5.87624979019165,5.600990295410156
2017-11-29,5.861667156219482,5.861667156219482,5.489999771118164,5.574166774749756,5.3130574226379395
2017-11-30,5.644166946411133,5.743332862854004,5.602083206176758,5.712500095367432,5.444911479949951
2017-12-01,5.602083206176758,5.717916965484619,5.387083053588867,5.636250019073486,5.372234344482422
2017-12-04,5.74666690826416,5.759582996368408,5.4245829582214355,5.441667079925537,5.186765670776367
2017-12-05,5.4320831298828125,5.637083053588867,5.372917175292969,5.449583053588867,5.194310665130615
2017-12-06,5.389166831970215,5.547916889190674,5.369166851043701,5.521667003631592,5.263017177581787
2017-12-07,5.525000095367432,5.625,5.503749847412109,5.576250076293945,5.315044403076172
2017-12-08,5.699999809265137,5.740832805633545,5.625,5.650000095367432,5.385339736938477
2017-12-11,5.658750057220459,5.7866668701171875,5.65625,5.779582977294922,5.508851528167725
2017-12-12,5.771249771118164,5.80916690826416,5.7216668128967285,5.7579169273376465,5.488201141357422
2017-12-13,5.823332786560059,5.84499979019165,5.765832901000977,5.7866668701171875,5.515604019165039
2017-12-14,5.8204169273376465,5.8620829582214355,5.756249904632568,5.7783331871032715,5.507660865783691
2017-12-15,5.845832824707031,5.9920830726623535,5.814167022705078,5.966249942779541,5.686775207519531
2017-12-18,6.083749771118164,6.137083053588867,6.058332920074463,6.1195831298828125,5.8329267501831055
2017-12-19,6.086667060852051,6.106249809265137,5.963749885559082,6.019999980926514,5.738007545471191
2017-12-20,6.077499866485596,6.079999923706055,5.920416831970215,5.994999885559082,5.714178085327148
2017-12-21,6.016250133514404,6.071249961853027,5.9716668128967285,5.9920830726623535,5.711399555206299
2017-12-22,5.966667175292969,5.978750228881836,5.921667098999023,5.97208309173584,5.692335605621338
2017-12-26,5.876667022705078,5.896667003631592,5.80791711807251,5.875417232513428,5.600196838378906
2017-12-27,5.875833034515381,5.922500133514404,5.858333110809326,5.875417232513428,5.600196838378906
2017-12-28,5.927499771118164,5.93291711807251,5.874166965484619,5.891250133514404,5.615287780761719
2017-12-29,5.913332939147949,5.913332939147949,5.7758331298828125,5.78000020980835,5.509250164031982
2018-01-02,5.870832920074463,6.08916711807251,5.828750133514404,6.076666831970215,5.792019844055176
2018-01-03,6.101250171661377,6.277500152587891,6.100417137145996,6.25458288192749,5.961601257324219
2018-01-04,6.327917098999023,6.350417137145996,6.269166946411133,6.291250228881836,5.996551990509033
2018-01-05,6.379167079925537,6.494999885559082,6.346250057220459,6.481249809265137,6.177651882171631
2018-01-08,6.480416774749756,6.566667079925537,6.4741668701171875,6.553332805633545,6.246356010437012
2018-01-09,6.593332767486572,6.615417003631592,6.5,6.558332920074463,6.251123428344727
2018-01-10,6.467082977294922,6.514166831970215,6.383749961853027,6.511666774749756,6.206643104553223
2018-01-11,6.544582843780518,6.642083168029785,6.514166831970215,6.642083168029785,6.3309502601623535
2018-01-12,6.6195831298828125,6.808750152587891,6.600832939147949,6.782917022705078,6.465187072753906
2018-01-16,6.920000076293945,7.02791690826416,6.670000076293945,6.730416774749756,6.415145397186279
2018-01-17,6.820000171661377,6.977083206176758,6.727917194366455,6.942500114440918,6.617295265197754
2018-01-18,6.912083148956299,6.99541711807251,6.862916946411133,6.949166774749756,6.6236491203308105
2018-01-19,7.008749961853027,7.045833110809326,6.910417079925537,7.015832901000977,6.687191963195801
2018-01-22,6.999166965484619,7.235000133514404,6.981249809265137,7.235000133514404,6.896092891693115
2018-01-23,7.3045830726623535,7.43625020980835,7.293333053588867,7.418333053588867,7.070838451385498
2018-01-24,7.458749771118164,7.510832786560059,7.143750190734863,7.267917156219482,6.927469253540039
2018-01-25,7.419582843780518,7.425000190734863,7.1904168128967285,7.258749961853027,6.918731212615967
2018-01-26,7.375,7.582917213439941,7.336667060852051,7.582917213439941,7.227713108062744
2018-01-29,7.537917137145996,7.58916711807251,7.433750152587891,7.482500076293945,7.131999969482422
2018-01-30,7.274167060852051,7.389583110809326,7.178332805633545,7.291250228881836,6.949707508087158
2018-01-31,7.418749809265137,7.4608330726623535,7.25,7.381249904632568,7.035492897033691
2018-02-01,7.217916965484619,7.425000190734863,7.119999885559082,7.196667194366455,6.859556198120117
2018-02-02,7.116250038146973,7.15958309173584,6.746250152587891,6.757082939147949,6.440563201904297
2018-02-05,6.5729169845581055,6.90166711807251,5.94208288192749,5.977083206176758,5.6971001625061035
2018-02-06,5.700832843780518,6.4583330154418945,5.62624979019165,6.437917232513428,6.136347770690918
2018-02-07,6.377500057220459,6.582917213439941,6.183332920074463,6.183332920074463,5.893688678741455
2018-02-08,6.2470831871032715,6.255833148956299,5.4166669845581055,5.417082786560059,5.163331508636475
2018-02-09,5.633333206176758,5.797916889190674,5.050000190734863,5.672082901000977,5.406386375427246
2018-02-12,5.865832805633545,6.099583148956299,5.717916965484619,5.9895830154418945,5.709015846252441
2018-02-13,5.884582996368408,6.108333110809326,5.848750114440918,6.0625,5.7785162925720215
2018-02-14,5.9716668128967285,6.442500114440918,5.96541690826416,6.417500019073486,6.11688756942749
2018-02-15,6.5833330154418945,6.761666774749756,6.382500171661377,6.7529168128967285,6.436592102050781
2018-02-16,6.703750133514404,6.894583225250244,6.639583110809326,6.677499771118164,6.364706993103027
2018-02-20,6.600832939147949,6.885000228881836,6.594583034515381,6.7108330726623535,6.396478652954102
2018-02-21,6.8070831298828125,7.008749961853027,6.6458330154418945,6.650416851043701,6.338893890380859
2018-02-22,6.7470831871032715,6.847917079925537,6.600832939147949,6.65166711807251,6.340085029602051
2018-02-23,6.802499771118164,7.052499771118164,6.730833053588867,7.047916889190674,6.717773914337158
2018-02-26,7.158750057220459,7.334167003631592,7.1433329582214355,7.3308329582214355,6.987437725067139
2018-02-27,7.34375,7.3829169273376465,7.05916690826416,7.068333148956299,6.737234115600586
2018-02-28,7.18625020980835,7.256249904632568,6.9191670417785645,6.926249980926514,6.601807117462158
2018-03-01,6.941667079925537,7.0341668128967285,6.4033331871032715,6.592916965484619,6.284087181091309
2018-03-02,6.361667156219482,6.805832862854004,6.28249979019165,6.774167060852051,6.456847667694092
2018-03-05,6.678750038146973,7.046667098999023,6.59833288192749,6.986667156219482,6.659392833709717
2018-03-06,7.0908331871032715,7.153749942779541,6.949999809265137,7.074999809265137,6.743588924407959
2018-03-07,6.920416831970215,7.1458330154418945,6.884167194366455,7.1279168128967285,6.794025897979736
2018-03-08,7.207499980926514,7.259167194366455,7.12958288192749,7.234167098999023,6.895299434661865
2018-03-09,7.3983330726623535,7.655416965484619,7.365832805633545,7.655416965484619,7.296816825866699
2018-03-12,7.7291669845581055,7.84041690826416,7.680832862854004,7.769999980926514,7.406033039093018
2018-03-13,7.7291669845581055,7.84041690826416,7.41083288192749,7.487916946411133,7.1371636390686035
2018-03-14,7.582499980926514,7.605416774749756,7.366666793823242,7.462500095367432,7.112936496734619
2018-03-15,7.485000133514404,7.5754170417785645,7.360000133514404,7.429166793823242,7.081165313720703
2018-03-16,7.4716668128967285,7.5283331871032715,7.366666793823242,7.380000114440918,7.034302234649658
2018-03-19,7.187082767486572,7.187082767486572,6.711249828338623,6.9166669845581055,6.592672824859619
2018-03-20,6.918333053588867,7.016666889190674,6.84041690826416,6.96750020980835,6.641124248504639
2018-03-21,6.9166669845581055,7.108333110809326,6.780832767486572,6.866666793823242,6.545013904571533
2018-03-22,6.599999904632568,6.733333110809326,6.341667175292969,6.364999771118164,6.06684684753418
2018-03-23,6.341667175292969,6.3958330154418945,5.850832939147949,5.850832939147949,5.576765060424805
2018-03-26,6.2083330154418945,6.534999847412109,5.932499885559082,6.509167194366455,6.204259872436523
2018-03-27,6.662083148956299,6.662083148956299,5.71541690826416,5.885000228881836,5.609332084655762
2018-03-28,5.782083034515381,5.950832843780518,5.5416669845581055,5.6820831298828125,5.415918827056885
2018-03-29,5.7683329582214355,6.154167175292969,5.605416774749756,5.99666690826416,5.715766906738281
2018-04-02,5.855000019073486,5.9375,5.282083034515381,5.46416711807251,5.2082109451293945
2018-04-03,5.6145830154418945,5.716667175292969,5.349583148956299,5.647500038146973,5.382955551147461
2018-04-04,5.3179168701171875,5.9658331871032715,5.300000190734863,5.914583206176758,5.637528419494629
2018-04-05,6.0908331871032715,6.1145830154418945,5.881667137145996,6.007500171661377,5.72609281539917
2018-04-06,5.8204169273376465,5.992499828338623,5.475832939147949,5.55916690826416,5.298760890960693
2018-04-09,5.7058329582214355,6.010832786560059,5.647916793823242,5.670416831970215,5.404799938201904
2018-04-10,5.935417175292969,6.106249809265137,5.818333148956299,6.045000076293945,5.761836051940918
2018-04-11,5.941667079925537,6.140417098999023,5.925416946411133,5.943333148956299,5.6649322509765625
2018-04-12,6.0625,6.21875,6.041250228881836,6.15166711807251,5.8635077476501465
2018-04-13,6.250417232513428,6.27666711807251,5.985833168029785,6.060417175292969,5.776531219482422
2018-04-16,6.18416690826416,6.266250133514404,6.074166774749756,6.194167137145996,5.904016017913818
2018-04-17,6.380000114440918,6.638332843780518,6.347917079925537,6.59041690826416,6.281703948974609
2018-04-18,6.599999904632568,6.706250190734863,6.504167079925537,6.636250019073486,6.325390815734863
2018-04-19,6.540417194366455,6.582499980926514,6.3854169845581055,6.4558329582214355,6.153425216674805
2018-04-20,6.40625,6.4166669845581055,6.079166889190674,6.146249771118164,5.858344078063965
2018-04-23,6.2316670417785645,6.304999828338623,6.0,6.097917079925537,5.812274932861328
2018-04-24,6.178332805633545,6.212082862854004,5.590000152587891,5.709167003631592,5.441734790802002
2018-04-25,5.736667156219482,5.800000190734863,5.494999885559082,5.7316670417785645,5.463181495666504
2018-04-26,5.949583053588867,6.1458330154418945,5.892499923706055,6.087082862854004,5.801947593688965
2018-04-27,6.353332996368408,6.360416889190674,5.99666690826416,6.101250171661377,5.815450668334961
2018-04-30,6.142083168029785,6.254167079925537,5.922082901000977,5.971250057220459,5.691539287567139
2018-05-01,5.9191670417785645,6.173333168029785,5.8804168701171875,6.165417194366455,5.876613140106201
2018-05-02,6.206250190734863,6.2604169845581055,6.0416669845581055,6.05791711807251,5.774147987365723
2018-05-03,5.977083206176758,6.124582767486572,5.768750190734863,6.058332920074463,5.7745442390441895
2018-05-04,5.9816670417785645,6.443749904632568,5.9658331871032715,6.399167060852051,6.099412441253662
2018-05-07,6.494166851043701,6.6220831871032715,6.4741668701171875,6.551249980926514,6.2443718910217285
2018-05-08,6.516250133514404,6.5808329582214355,6.396249771118164,6.529582977294922,6.223721504211426
2018-05-09,6.574999809265137,6.764583110809326,6.504167079925537,6.748332977294922,6.432223320007324
2018-05-10,6.8125,6.972499847412109,6.797500133514404,6.9583330154418945,6.632386207580566
2018-05-11,6.922916889190674,6.984167098999023,6.845832824707031,6.9375,6.612528324127197
2018-05-14,6.981249809265137,7.103750228881836,6.9375,6.968332767486572,6.6419172286987305
2018-05-15,6.802499771118164,6.814167022705078,6.630833148956299,6.742917060852051,6.427061080932617
2018-05-16,6.758333206176758,6.9166669845581055,6.756667137145996,6.8670830726623535,6.545410633087158
2018-05-17,6.797082901000977,6.9454169273376465,6.68874979019165,6.789583206176758,6.471540927886963
2018-05-18,6.712082862854004,6.779167175292969,6.6533331871032715,6.680832862854004,6.367884635925293
2018-05-21,6.834167003631592,6.926249980926514,6.7083330154418945,6.797500133514404,6.4790873527526855
2018-05-22,6.884582996368408,6.920833110809326,6.732500076293945,6.762083053588867,6.445329189300537
2018-05-23,6.612500190734863,6.93625020980835,6.605833053588867,6.9320831298828125,6.607366561889648
2018-05-24,6.929999828338623,6.963749885559082,6.71750020980835,6.926249980926514,6.601807117462158
2018-05-25,6.928750038146973,7.019999980926514,6.883749961853027,6.943749904632568,6.618485927581787
2018-05-29,6.848750114440918,6.972499847412109,6.728750228881836,6.855000019073486,6.533894062042236
2018-05-30,6.925000190734863,7.034999847412109,6.881249904632568,7.00124979019165,6.673292636871338
2018-05-31,6.991250038146973,7.122499942779541,6.929999828338623,6.986249923706055,6.658995151519775
2018-06-01,7.081250190734863,7.322500228881836,7.081250190734863,7.31125020980835,6.9687724113464355
2018-06-04,7.362500190734863,7.512499809265137,7.352499961853027,7.49875020980835,7.147489547729492
2018-06-05,7.558750152587891,7.613749980926514,7.476250171661377,7.576250076293945,7.221358299255371
2018-06-06,7.599999904632568,7.707499980926514,7.485000133514404,7.701250076293945,7.340504169464111
2018-06-07,7.711249828338623,7.715000152587891,7.403749942779541,7.522500038146973,7.170125961303711
2018-06-08,7.403749942779541,7.550000190734863,7.353750228881836,7.517499923706055,7.165360927581787
2018-06-11,7.49875020980835,7.632500171661377,7.494999885559082,7.576250076293945,7.221358299255371
2018-06-12,7.607500076293945,7.716249942779541,7.583749771118164,7.696249961853027,7.335737705230713
2018-06-13,7.724999904632568,7.866250038146973,7.642499923706055,7.6875,7.327396392822266
2018-06-14,7.797500133514404,7.957499980926514,7.776249885559082,7.921249866485596,7.550198078155518
2018-06-15,7.829999923706055,7.886250019073486,7.724999904632568,7.84250020980835,7.475136756896973
2018-06-18,7.6875,7.84375,7.614999771118164,7.824999809265137,7.458455562591553
2018-06-19,7.523749828338623,7.757500171661377,7.452499866485596,7.755000114440918,7.391736030578613
2018-06-20,7.857500076293945,8.016249656677246,7.841249942779541,7.917500019073486,7.546623229980469
2018-06-21,7.972499847412109,7.99875020980835,7.666250228881836,7.712500095367432,7.351225852966309
2018-06-22,7.789999961853027,7.797500133514404,7.576250076293945,7.635000228881836,7.2773566246032715
2018-06-25,7.452499866485596,7.483749866485596,6.93625020980835,7.147500038146973,6.812692165374756
2018-06-26,7.216249942779541,7.347499847412109,7.137499809265137,7.226250171661377,6.887753963470459
2018-06-27,7.317500114440918,7.414999961853027,6.914999961853027,6.93625020980835,6.611339092254639
2018-06-28,6.902500152587891,7.176249980926514,6.858749866485596,7.106249809265137,6.773373126983643
2018-06-29,7.208749771118164,7.320000171661377,7.132500171661377,7.138750076293945,6.804352283477783
2018-07-02,6.957499980926514,7.307499885559082,6.909999847412109,7.298749923706055,6.956857204437256
2018-07-03,7.377500057220459,7.385000228881836,7.028749942779541,7.047500133514404,6.717376708984375
2018-07-05,7.18625020980835,7.323750019073486,7.073750019073486,7.306250095367432,6.964005947113037
2018-07-06,7.351250171661377,7.661250114440918,7.315000057220459,7.635000228881836,7.2773566246032715
2018-07-09,7.760000228881836,7.856249809265137,7.673749923706055,7.847499847412109,7.479902267456055
2018-07-10,7.881249904632568,7.918749809265137,7.784999847412109,7.866250038146973,7.497774600982666
2018-07-11,7.6875,7.832499980926514,7.661250114440918,7.75124979019165,7.3881611824035645
2018-07-12,7.846250057220459,8.140000343322754,7.829999923706055,8.133749961853027,7.752744674682617
2018-07-13,8.135000228881836,8.203749656677246,8.073749542236328,8.157500267028809,7.775381565093994
2018-07-16,8.163749694824219,8.207500457763672,8.0600004196167,8.102499961853027,7.722958087921143
2018-07-17,7.849999904632568,8.300000190734863,7.847499847412109,8.2524995803833,7.865933418273926
2018-07-18,8.25,8.273750305175781,8.125,8.199999809265137,7.815890312194824
2018-07-19,8.119999885559082,8.194999694824219,8.047499656677246,8.078749656677246,7.700320243835449
2018-07-20,8.145000457763672,8.228750228881836,8.041250228881836,8.067500114440918,7.689597129821777
2018-07-23,7.996250152587891,8.1537504196167,7.900000095367432,8.137499809265137,7.756317138671875
2018-07-24,8.393750190734863,8.481249809265137,8.143750190734863,8.241250038146973,7.855207443237305
2018-07-25,8.2524995803833,8.601249694824219,8.24625015258789,8.585000038146973,8.182857513427734
2018-07-26,8.239999771118164,8.317500114440918,8.163749694824219,8.210000038146973,7.8254218101501465
2018-07-27,8.354999542236328,8.362500190734863,7.722499847412109,7.867499828338623,7.498964309692383
2018-07-30,7.868750095367432,7.87624979019165,7.414999961853027,7.528749942779541,7.176083087921143
2018-07-31,7.608749866485596,7.786250114440918,7.488749980926514,7.678750038146973,7.319056510925293
2018-08-01,7.75,7.853750228881836,7.65500020980835,7.783750057220459,7.419137954711914
2018-08-02,7.612500190734863,8.125,7.605000019073486,8.09375,7.714617729187012
2018-08-03,8.136249542236328,8.173749923706055,8.037500381469727,8.166250228881836,7.78372049331665
2018-08-06,8.15625,8.321249961853027,8.123749732971191,8.31624984741211,7.926695346832275
2018-08-07,8.381250381469727,8.449999809265137,8.331250190734863,8.397500038146973,8.004138946533203
2018-08-08,8.369999885559082,8.481249809265137,8.300000190734863,8.420000076293945,8.02558422088623
2018-08-09,8.412500381469727,8.512499809265137,8.3774995803833,8.412500381469727,8.018436431884766
2018-08-10,8.244999885559082,8.318750381469727,8.1274995803833,8.2162504196167,7.831380844116211
2018-08-13,8.261249542236328,8.421250343322754,8.181249618530273,8.192500114440918,7.808742523193359
2018-08-14,8.282500267028809,8.373749732971191,8.1537504196167,8.34375,7.952907085418701
2018-08-15,8.154999732971191,8.225000381469727,7.885000228881836,8.039999961853027,7.66338586807251
2018-08-16,8.217499732971191,8.268750190734863,8.06624984741211,8.113750457763672,7.733680725097656
2018-08-17,8.048749923706055,8.177499771118164,7.901249885559082,8.112500190734863,7.732488632202148
2018-08-20,8.171250343322754,8.178750038146973,8.0,8.0962495803833,7.716999053955078
2018-08-21,8.167499542236328,8.327500343322754,8.151249885559082,8.180000305175781,7.796827793121338
2018-08-22,8.125,8.302499771118164,8.098750114440918,8.274999618530273,7.887377738952637
2018-08-23,8.233750343322754,8.407500267028809,8.196249961853027,8.233750343322754,7.84805965423584
2018-08-24,8.321249961853027,8.483750343322754,8.3125,8.462499618530273,8.066094398498535
2018-08-27,8.598750114440918,8.71875,8.552499771118164,8.717499732971191,8.309149742126465
2018-08-28,8.789999961853027,8.821249961853027,8.704999923706055,8.756250381469727,8.346083641052246
2018-08-29,8.801250457763672,9.074999809265137,8.793749809265137,9.0625,8.637988090515137
2018-08-30,9.007499694824219,9.170000076293945,8.918749809265137,9.011249542236328,8.589139938354492
2018-08-31,8.977499961853027,9.118749618530273,8.946249961853027,9.037500381469727,8.614160537719727
2018-09-04,8.958749771118164,9.00374984741211,8.7787504196167,8.930000305175781,8.511696815490723
2018-09-05,8.875,8.87874984741211,8.489999771118164,8.574999809265137,8.173325538635254
2018-09-06,8.59000015258789,8.616250038146973,8.172499656677246,8.3412504196167,7.95052433013916
2018-09-07,8.170000076293945,8.461250305175781,8.15250015258789,8.258749961853027,7.871888160705566
2018-09-10,8.386249542236328,8.40250015258789,8.19124984741211,8.331250190734863,7.940990924835205
2018-09-11,8.2212495803833,8.5600004196167,8.162500381469727,8.516249656677246,8.117325782775879
2018-09-12,8.481249809265137,8.498749732971191,8.223750114440918,8.442500114440918,8.04703140258789
2018-09-13,8.587499618530273,8.7524995803833,8.583749771118164,8.692500114440918,8.285320281982422
2018-09-14,8.723750114440918,8.767499923706055,8.526249885559082,8.626250267028809,8.222174644470215
2018-09-17,8.577500343322754,8.603750228881836,8.232500076293945,8.262499809265137,7.875463962554932
2018-09-18,8.279999732971191,8.581250190734863,8.267499923706055,8.458749771118164,8.062519073486328
2018-09-19,8.462499618530273,8.522500038146973,8.273750305175781,8.4399995803833,8.044648170471191
2018-09-20,8.602499961853027,8.7475004196167,8.545000076293945,8.704999923706055,8.297234535217285
2018-09-21,8.782500267028809,8.822500228881836,8.538749694824219,8.56624984741211,8.164984703063965
2018-09-24,8.388750076293945,8.648750305175781,8.279999732971191,8.640000343322754,8.235280990600586
2018-09-25,8.623749732971191,8.69124984741211,8.538749694824219,8.675000190734863,8.268638610839844
2018-09-26,8.682499885559082,8.93375015258789,8.638750076293945,8.666250228881836,8.260299682617188
2018-09-27,8.795000076293945,8.9975004196167,8.7787504196167,8.90625,8.489057540893555
2018-09-28,8.829999923706055,8.96875,8.78499984741211,8.892499923706055,8.475953102111816
2018-10-01,9.0625,9.146249771118164,8.885000228881836,8.943750381469727,8.524799346923828
2018-10-02,8.920000076293945,9.095000267028809,8.829999923706055,8.892499923706055,8.475953102111816
2018-10-03,9.001250267028809,9.0625,8.87874984741211,8.918749809265137,8.50097370147705
2018-10-04,8.8125,8.822500228881836,8.212499618530273,8.40999984741211,8.016053199768066
2018-10-05,8.399999618530273,8.478750228881836,7.852499961853027,8.09375,7.714617729187012
2018-10-08,7.980000019073486,8.15625,7.65500020980835,7.948750019073486,7.576408386230469
2018-10-09,7.958749771118164,8.199999809265137,7.898749828338623,8.010000228881836,7.634791374206543
2018-10-10,7.87375020980835,7.882500171661377,6.929999828338623,6.971250057220459,6.644698143005371
2018-10-11,6.87624979019165,7.15625,6.478750228881836,6.68874979019165,6.375431537628174
2018-10-12,7.222499847412109,7.315000057220459,6.849999904632568,7.253749847412109,6.91396427154541
2018-10-15,7.182499885559082,7.213749885559082,6.90625,6.980000019073486,6.653038024902344
2018-10-16,7.204999923706055,7.646249771118164,7.168749809265137,7.581250190734863,7.226124286651611
2018-10-17,7.710000038146973,7.722499847412109,7.368750095367432,7.606249809265137,7.249952793121338
2018-10-18,7.507500171661377,7.516250133514404,6.976250171661377,7.078750133514404,6.747162818908691
2018-10-19,7.223750114440918,7.423749923706055,6.973750114440918,7.050000190734863,6.7197585105896
2018-10-22,7.176249980926514,7.322500228881836,6.996250152587891,7.15625,6.8210320472717285
2018-10-23,6.773749828338623,7.184999942779541,6.528749942779541,7.077499866485596,6.745972156524658
2018-10-24,7.051249980926514,7.087500095367432,6.085000038146973,6.114999771118164,5.828556537628174
2018-10-25,6.386250019073486,6.846250057220459,6.303750038146973,6.742499828338623,6.426662921905518
2018-10-26,6.050000190734863,6.603750228881836,5.934999942779541,6.21875,5.92744779586792
2018-10-29,6.497499942779541,6.574999809265137,5.480000019073486,5.886250019073486,5.610522747039795
2018-10-30,5.78000020980835,6.131249904632568,5.696249961853027,6.113749980926514,5.827365875244141
2018-10-31,6.40625,6.707499980926514,6.40625,6.526249885559082,6.220543384552002
2018-11-01,6.583749771118164,6.827499866485596,6.429999828338623,6.81125020980835,6.492193222045898
2018-11-02,6.743750095367432,6.866250038146973,6.349999904632568,6.506249904632568,6.201480388641357
2018-11-05,6.510000228881836,6.517499923706055,6.21999979019165,6.442500114440918,6.140716075897217
2018-11-06,6.426249980926514,6.691249847412109,6.408750057220459,6.578750133514404,6.270585060119629
2018-11-07,6.81374979019165,7.195000171661377,6.771249771118164,7.183750152587891,6.8472442626953125
2018-11-08,7.098750114440918,7.164999961853027,6.957499980926514,7.06125020980835,6.730482578277588
2018-11-09,6.864999771118164,6.909999847412109,6.536250114440918,6.702499866485596,6.38853645324707
2018-11-12,6.5625,6.598750114440918,6.073750019073486,6.113749980926514,5.827365875244141
2018-11-13,6.183750152587891,6.4375,6.054999828338623,6.111249923706055,5.824983596801758
2018-11-14,6.284999847412109,6.352499961853027,5.860000133514404,5.956250190734863,5.677244186401367
2018-11-15,5.923749923706055,6.326250076293945,5.776249885559082,6.275000095367432,5.981063365936279
2018-11-16,6.09499979019165,6.300000190734863,6.014999866485596,6.206250190734863,5.915533542633057
2018-11-19,6.114999771118164,6.143750190734863,5.550000190734863,5.611249923706055,5.3484039306640625
2018-11-20,5.215000152587891,5.53000020980835,5.087500095367432,5.300000190734863,5.051734924316406
2018-11-21,5.503749847412109,5.577499866485596,5.389999866485596,5.418749809265137,5.164921283721924
2018-11-23,5.284999847412109,5.465000152587891,5.28125,5.298749923706055,5.050543308258057
2018-11-26,5.522500038146973,5.672500133514404,5.452499866485596,5.662499904632568,5.397253513336182
2018-11-27,5.577499866485596,5.764999866485596,5.486249923706055,5.721250057220459,5.453251361846924
2018-11-28,5.849999904632568,6.269999980926514,5.75,6.263750076293945,5.970339775085449
2018-11-29,6.190000057220459,6.333749771118164,6.059999942779541,6.206250190734863,5.915533542633057
2018-11-30,6.230000019073486,6.355000019073486,6.141250133514404,6.336249828338623,6.039442539215088
2018-12-03,6.760000228881836,6.787499904632568,6.53125,6.661250114440918,6.349219799041748
2018-12-04,6.568749904632568,6.62375020980835,5.883749961853027,5.928750038146973,5.651031494140625
2018-12-06,5.551249980926514,6.027500152587891,5.478750228881836,6.014999866485596,5.733241081237793
2018-12-07,5.949999809265137,6.052499771118164,5.375,5.426249980926514,5.172070026397705
2018-12-10,5.394999980926514,5.670000076293945,5.227499961853027,5.596250057220459,5.334107398986816
2018-12-11,5.866250038146973,5.875,5.511250019073486,5.65625,5.391297340393066
2018-12-12,5.902500152587891,6.066249847412109,5.796249866485596,5.798749923706055,5.527121067047119
2018-12-13,5.912499904632568,5.986249923706055,5.690000057220459,5.800000190734863,5.528313636779785
2018-12-14,5.611249923706055,5.666250228881836,5.338749885559082,5.362500190734863,5.111306190490723
2018-12-17,5.308750152587891,5.43625020980835,4.886250019073486,5.016250133514404,4.781275749206543
2018-12-18,5.135000228881836,5.25124979019165,4.971250057220459,5.099999904632568,4.861102104187012
2018-12-19,5.088749885559082,5.323750019073486,4.610000133514404,4.731249809265137,4.5096259117126465
2018-12-20,4.683750152587891,4.847499847412109,4.341249942779541,4.541250228881836,4.328526020050049
2018-12-21,4.581250190734863,4.676249980926514,4.026249885559082,4.102499961853027,3.910327434539795
2018-12-24,4.0,4.161250114440918,3.7899999618530273,3.7987499237060547,3.6208064556121826
2018-12-26,3.9124999046325684,4.492499828338623,3.8299999237060547,4.482500076293945,4.2783002853393555
2018-12-27,4.324999809265137,4.550000190734863,4.014999866485596,4.546249866485596,4.339145183563232
2018-12-28,4.625,4.763750076293945,4.421249866485596,4.527500152587891,4.321249485015869
2018-12-31,4.670000076293945,4.710000038146973,4.506249904632568,4.630000114440918,4.41908073425293
2019-01-02,4.347499847412109,4.778749942779541,4.341249942779541,4.696249961853027,4.4823126792907715
2019-01-03,4.497499942779541,4.551249980926514,4.203750133514404,4.241250038146973,4.04803991317749
2019-01-04,4.443749904632568,4.84499979019165,4.396249771118164,4.783750057220459,4.565826416015625
2019-01-07,4.808750152587891,5.018750190734863,4.766250133514404,4.93625020980835,4.7113800048828125
2019-01-08,5.086249828338623,5.138750076293945,4.862500190734863,5.078750133514404,4.847387790679932
2019-01-09,5.139999866485596,5.271249771118164,5.074999809265137,5.198750019073486,4.961921215057373
2019-01-10,5.079999923706055,5.253749847412109,4.994999885559082,5.24875020980835,5.009644031524658
2019-01-11,5.15500020980835,5.203750133514404,5.101250171661377,5.18625020980835,4.949990749359131
2019-01-14,5.053750038146973,5.117499828338623,4.982500076293945,5.051249980926514,4.821140766143799
2019-01-15,5.117499828338623,5.364999771118164,5.107500076293945,5.331250190734863,5.088386535644531
2019-01-16,5.371250152587891,5.482500076293945,5.335000038146973,5.338749885559082,5.09554386138916
2019-01-17,5.287499904632568,5.533750057220459,5.257500171661377,5.463749885559082,5.214847564697266
2019-01-18,5.590000152587891,5.701250076293945,5.481249809265137,5.613749980926514,5.358016014099121
2019-01-22,5.50124979019165,5.510000228881836,5.164999961853027,5.303750038146973,5.062137126922607
2019-01-23,5.368750095367432,5.4375,5.127500057220459,5.308750152587891,5.0669097900390625
2019-01-24,5.352499961853027,5.427499771118164,5.292500019073486,5.402500152587891,5.1563897132873535
2019-01-25,5.53249979019165,5.646249771118164,5.477499961853027,5.59499979019165,5.340119361877441
2019-01-28,5.37624979019165,5.388750076293945,5.25124979019165,5.388750076293945,5.143265247344971
2019-01-29,5.398749828338623,5.401249885559082,5.178750038146973,5.236249923706055,4.9977126121521
2019-01-30,5.412499904632568,5.690000057220459,5.361249923706055,5.628749847412109,5.372331142425537
2019-01-31,5.727499961853027,5.965000152587891,5.710000038146973,5.87624979019165,5.608557224273682
2019-02-01,5.792500019073486,5.927499771118164,5.757500171661377,5.801249980926514,5.53697395324707
2019-02-04,5.808750152587891,6.019999980926514,5.792500019073486,6.013750076293945,5.739793300628662
2019-02-05,6.046249866485596,6.199999809265137,6.037499904632568,6.172500133514404,5.8913116455078125
2019-02-06,6.184999942779541,6.216249942779541,6.039999961853027,6.12375020980835,5.844782829284668
2019-02-07,5.958749771118164,6.003749847412109,5.736249923706055,5.87375020980835,5.60617208480835
2019-02-08,5.713749885559082,5.90625,5.699999809265137,5.903749942779541,5.634805202484131
2019-02-11,5.971250057220459,6.013750076293945,5.84499979019165,5.889999866485596,5.6216816902160645
2019-02-12,6.016250133514404,6.173749923706055,5.986249923706055,6.144999980926514,5.865065097808838
2019-02-13,6.232500076293945,6.284999847412109,6.139999866485596,6.15749979019165,5.876996040344238
2019-02-14,6.087500095367432,6.243750095367432,6.027500152587891,6.179999828338623,5.898469924926758
2019-02-15,6.31374979019165,6.315000057220459,6.170000076293945,6.253749847412109,5.968860626220703
2019-02-19,6.195000171661377,6.348750114440918,6.195000171661377,6.291250228881836,6.004653453826904
2019-02-20,6.306250095367432,6.378749847412109,6.18625020980835,6.286250114440918,5.999879837036133
2019-02-21,6.233749866485596,6.286250114440918,6.116250038146973,6.215000152587891,5.9318766593933105
2019-02-22,6.257500171661377,6.364999771118164,6.246250152587891,6.349999904632568,6.060726165771484
2019-02-25,6.50124979019165,6.547500133514404,6.40749979019165,6.420000076293945,6.127537727355957
2019-02-26,6.369999885559082,6.5,6.340000152587891,6.440000057220459,6.146625995635986
2019-02-27,6.353750228881836,6.447500228881836,6.223750114440918,6.420000076293945,6.127537727355957
2019-02-28,6.363749980926514,6.447500228881836,6.324999809265137,6.380000114440918,6.089359760284424
2019-03-01,6.514999866485596,6.536250114440918,6.377500057220459,6.507500171661377,6.211050987243652
2019-03-04,6.621250152587891,6.666250228881836,6.293749809265137,6.508749961853027,6.212244510650635
2019-03-05,6.522500038146973,6.585000038146973,6.427499771118164,6.525000095367432,6.227754592895508
2019-03-06,6.541250228881836,6.547500133514404,6.382500171661377,6.412499904632568,6.1203789710998535
2019-03-07,6.360000133514404,6.367499828338623,6.103750228881836,6.178750038146973,5.897276878356934
2019-03-08,5.96750020980835,6.152500152587891,5.945000171661377,6.143750190734863,5.863872051239014
2019-03-11,6.216249942779541,6.538750171661377,6.216249942779541,6.527500152587891,6.230139255523682
2019-03-12,6.578750133514404,6.683750152587891,6.53125,6.633749961853027,6.331549644470215
2019-03-13,6.733749866485596,6.886250019073486,6.707499980926514,6.777500152587891,6.468751430511475
2019-03-14,6.789999961853027,6.815000057220459,6.737500190734863,6.747499942779541,6.440117359161377
2019-03-15,6.826250076293945,6.992499828338623,6.807499885559082,6.914999961853027,6.599987506866455
2019-03-18,6.921249866485596,7.042500019073486,6.880000114440918,6.977499961853027,6.659640789031982
2019-03-19,7.067500114440918,7.159999847412109,6.961249828338623,7.047500133514404,6.726452350616455
2019-03-20,7.043749809265137,7.256249904632568,6.948750019073486,7.12624979019165,6.804027080535889
2019-03-21,7.059999942779541,7.487500190734863,7.056250095367432,7.456250190734863,7.119106292724609
2019-03-22,7.358749866485596,7.418749809265137,6.942500114440918,6.96875,6.653649806976318
2019-03-25,6.882500171661377,6.996250152587891,6.772500038146973,6.925000190734863,6.61187744140625
2019-03-26,7.086249828338623,7.210000038146973,6.913750171661377,7.019999980926514,6.702582359313965
2019-03-27,7.048749923706055,7.097499847412109,6.731249809265137,6.882500171661377,6.571299076080322
2019-03-28,6.933750152587891,7.003749847412109,6.803750038146973,6.926249980926514,6.613070964813232
2019-03-29,7.078750133514404,7.102499961853027,6.960000038146973,7.082499980926514,6.762255668640137
2019-04-01,7.287499904632568,7.387499809265137,7.212500095367432,7.361249923706055,7.0284013748168945
2019-04-02,7.386250019073486,7.465000152587891,7.328750133514404,7.442500114440918,7.105977535247803
2019-04-03,7.567500114440918,7.711249828338623,7.50124979019165,7.571249961853027,7.228906631469727
2019-04-04,7.572500228881836,7.659999847412109,7.428750038146973,7.559999942779541,7.218164443969727
2019-04-05,7.632500171661377,7.6875,7.597499847412109,7.673749923706055,7.326771259307861
2019-04-08,7.635000228881836,7.74875020980835,7.545000076293945,7.733749866485596,7.384058475494385
2019-04-09,7.65500020980835,7.728750228881836,7.599999904632568,7.648749828338623,7.302901268005371
2019-04-10,7.682499885559082,7.777500152587891,7.653749942779541,7.772500038146973,7.421056270599365
2019-04-11,7.801249980926514,7.803750038146973,7.670000076293945,7.713749885559082,7.364962577819824
2019-04-12,7.8125,7.824999809265137,7.716249942779541,7.808750152587891,7.455667495727539
2019-04-15,7.808750152587891,7.840000152587891,7.65749979019165,7.815000057220459,7.461635589599609
2019-04-16,7.893750190734863,7.943749904632568,7.823750019073486,7.891250133514404,7.534438133239746
2019-04-17,8.045000076293945,8.069999694824219,7.901249885559082,7.96999979019165,7.609626293182373
2019-04-18,8.010000228881836,8.013750076293945,7.858749866485596,7.994999885559082,7.633495807647705
2019-04-22,7.893750190734863,8.073749542236328,7.875,8.0625,7.697943687438965
2019-04-23,8.126250267028809,8.399999618530273,8.0912504196167,8.368749618530273,7.9903459548950195
2019-04-24,8.387499809265137,8.422499656677246,8.2837495803833,8.287500381469727,7.9127702713012695
2019-04-25,8.4712495803833,8.481249809265137,8.25374984741211,8.380000114440918,8.001087188720703
2019-04-26,8.351249694824219,8.412500381469727,8.137499809265137,8.40999984741211,8.029730796813965
2019-04-29,8.407500267028809,8.49625015258789,8.367500305175781,8.454999923706055,8.0726957321167
2019-04-30,8.25,8.301250457763672,8.083749771118164,8.261249542236328,7.887704849243164
2019-05-01,8.414999961853027,8.488750457763672,8.157500267028809,8.166250228881836,7.79700231552124
2019-05-02,8.168749809265137,8.291250228881836,7.90625,8.06624984741211,7.701523780822754
2019-05-03,8.267499923706055,8.46875,8.223750114440918,8.446249961853027,8.06434154510498
2019-05-06,7.913750171661377,8.327500343322754,7.869999885559082,8.295000076293945,7.919931888580322
2019-05-07,8.026249885559082,8.1274995803833,7.579999923706055,7.8125,7.45924711227417
2019-05-08,7.733749866485596,7.923749923706055,7.648749828338623,7.743750095367432,7.393606185913086
2019-05-09,7.494999885559082,7.698750019073486,7.283750057220459,7.621250152587891,7.276645183563232
2019-05-10,7.53000020980835,7.753749847412109,7.15500020980835,7.642499923706055,7.296934604644775
2019-05-13,7.059999942779541,7.178750038146973,6.783750057220459,6.852499961853027,6.542654514312744
2019-05-14,6.952499866485596,7.197500228881836,6.878749847412109,7.067500114440918,6.747933864593506
2019-05-15,6.932499885559082,7.423749923706055,6.923749923706055,7.361249923706055,7.0284013748168945
2019-05-16,7.375,7.727499961853027,7.351250171661377,7.591249942779541,7.248001575469971
2019-05-17,7.361249923706055,7.667500019073486,7.333749771118164,7.355000019073486,7.022433757781982
2019-05-20,7.047500133514404,7.128749847412109,6.90625,6.986249923706055,6.6703572273254395
2019-05-21,7.158750057220459,7.255000114440918,7.091249942779541,7.196249961853027,6.8708624839782715
2019-05-22,7.072500228881836,7.222499847412109,7.070000171661377,7.102499961853027,6.7813520431518555
2019-05-23,6.857500076293945,6.860000133514404,6.638750076293945,6.767499923706055,6.461499214172363
2019-05-24,6.883749961853027,6.949999809265137,6.735000133514404,6.757500171661377,6.451950550079346
2019-05-28,6.817500114440918,6.926249980926514,6.678750038146973,6.684999942779541,6.382729530334473
2019-05-29,6.56125020980835,6.625,6.40749979019165,6.517499923706055,6.222802639007568
2019-05-30,6.566249847412109,6.647500038146973,6.480000019073486,6.59499979019165,6.296797752380371
2019-05-31,6.358749866485596,6.426249980926514,6.267499923706055,6.277500152587891,5.993654727935791
2019-06-03,6.227499961853027,6.275000095367432,5.766250133514404,5.87624979019165,5.6105475425720215
2019-06-04,6.050000190734863,6.360000133514404,5.988749980926514,6.352499961853027,6.065263748168945
2019-06-05,6.536250114440918,6.539999961853027,6.296249866485596,6.492499828338623,6.19893217086792
2019-06-06,6.525000095367432,6.693749904632568,6.43874979019165,6.642499923706055,6.342150688171387
2019-06-07,6.75,7.114999771118164,6.727499961853027,7.021249771118164,6.703774452209473
2019-06-10,7.170000076293945,7.477499961853027,7.170000076293945,7.277500152587891,6.948439598083496
2019-06-11,7.507500171661377,7.546249866485596,7.231249809265137,7.304999828338623,6.97469425201416
2019-06-12,7.241250038146973,7.287499904632568,7.137499809265137,7.181250095367432,6.856540679931641
2019-06-13,7.266250133514404,7.353750228881836,7.222499847412109,7.298749923706055,6.9687275886535645
2019-06-14,7.183750152587891,7.262499809265137,7.12375020980835,7.203750133514404,6.878023624420166
2019-06-17,7.24875020980835,7.396249771118164,7.230000019073486,7.335000038146973,7.0033392906188965
2019-06-18,7.59375,7.81125020980835,7.538750171661377,7.652500152587891,7.306482791900635
2019-06-19,7.691249847412109,7.795000076293945,7.550000190734863,7.742499828338623,7.3924126625061035
2019-06-20,8.061249732971191,8.06624984741211,7.778749942779541,7.954999923706055,7.595304489135742
2019-06-21,7.913750171661377,8.067500114440918,7.868750095367432,7.918749809265137,7.560692310333252
2019-06-24,7.961249828338623,7.986249923706055,7.901249885559082,7.916250228881836,7.558306694030762
2019-06-25,7.897500038146973,7.909999847412109,7.472499847412109,7.511250019073486,7.171618938446045
2019-06-26,7.652500152587891,7.797500133514404,7.574999809265137,7.606249809265137,7.262323379516602
2019-06-27,7.68874979019165,7.74875020980835,7.631249904632568,7.68874979019165,7.341092586517334
2019-06-28,7.747499942779541,7.773749828338623,7.638750076293945,7.721250057220459,7.372122764587402
2019-07-01,8.162500381469727,8.193750381469727,7.923749923706055,8.0287504196167,7.665719509124756
2019-07-02,8.020000457763672,8.126250267028809,7.954999923706055,8.126250267028809,7.758811950683594
2019-07-03,8.177499771118164,8.306249618530273,8.157500267028809,8.306249618530273,7.930674076080322
2019-07-05,8.136249542236328,8.298749923706055,8.038749694824219,8.2524995803833,7.879354476928711
2019-07-08,8.098750114440918,8.100000381469727,7.977499961853027,8.078749656677246,7.713459491729736
2019-07-09,7.958749771118164,8.227499961853027,7.941249847412109,8.199999809265137,7.829226016998291
2019-07-10,8.350000381469727,8.511249542236328,8.300000190734863,8.442500114440918,8.060762405395508
2019-07-11,8.483750343322754,8.537500381469727,8.338749885559082,8.420000076293945,8.039278030395508
2019-07-12,8.443750381469727,8.563750267028809,8.422499656677246,8.561249732971191,8.174140930175781
2019-07-15,8.619999885559082,8.648750305175781,8.551250457763672,8.633749961853027,8.243363380432129
2019-07-16,8.606249809265137,8.635000228881836,8.430000305175781,8.511249542236328,8.126401901245117
2019-07-17,8.515000343322754,8.553750038146973,8.380000114440918,8.385000228881836,8.005861282348633
2019-07-18,8.261249542236328,8.457500457763672,8.178750038146973,8.421250343322754,8.040472030639648
2019-07-19,8.587499618530273,8.587499618530273,8.196249961853027,8.217499732971191,7.8459343910217285
2019-07-22,8.279999732971191,8.4662504196167,8.27750015258789,8.411250114440918,8.030925750732422
2019-07-23,8.551250457763672,8.577500343322754,8.380000114440918,8.573749542236328,8.186077117919922
2019-07-24,8.479999542236328,8.756250381469727,8.475000381469727,8.756250381469727,8.360325813293457
2019-07-25,8.667499542236328,8.668749809265137,8.454999923706055,8.506250381469727,8.12162971496582
2019-07-26,8.662500381469727,8.798749923706055,8.65250015258789,8.758749961853027,8.362711906433105
2019-07-29,8.744999885559082,8.744999885559082,8.508749961853027,8.677499771118164,8.285136222839355
2019-07-30,8.477499961853027,8.65999984741211,8.457500457763672,8.561249732971191,8.174140930175781
2019-07-31,8.62874984741211,8.643750190734863,7.962500095367432,8.199999809265137,7.829226016998291
2019-08-01,8.244999885559082,8.699999809265137,7.954999923706055,8.085000038146973,7.719426155090332
2019-08-02,7.900000095367432,7.928750038146973,7.574999809265137,7.715000152587891,7.36615514755249
2019-08-05,7.242499828338623,7.242499828338623,6.710000038146973,6.90500020980835,6.592782497406006
2019-08-06,7.090000152587891,7.247499942779541,6.9375,7.18874979019165,6.863701343536377
2019-08-07,6.951250076293945,7.328750133514404,6.787499904632568,7.293749809265137,6.963953971862793
2019-08-08,7.40500020980835,7.778749942779541,7.336249828338623,7.776249885559082,7.4246368408203125
2019-08-09,7.65749979019165,7.739999771118164,7.371250152587891,7.546249866485596,7.205036163330078
2019-08-12,7.409999847412109,7.478750228881836,7.190000057220459,7.293749809265137,6.963953971862793
2019-08-13,7.28000020980835,7.923749923706055,7.25,7.772500038146973,7.421056270599365
2019-08-14,7.393750190734863,7.46750020980835,7.03249979019165,7.076250076293945,6.756289005279541
2019-08-15,7.112500190734863,7.164999961853027,6.883749961853027,7.046249866485596,6.727645397186279
2019-08-16,7.222499847412109,7.43625020980835,7.222499847412109,7.371250152587891,7.037949085235596
2019-08-19,7.683750152587891,7.78000020980835,7.621250152587891,7.716249942779541,7.367349624633789
2019-08-20,7.676249980926514,7.756249904632568,7.551249980926514,7.557499885559082,7.21577787399292
2019-08-21,7.753749847412109,7.823750019073486,7.671249866485596,7.75,7.399574279785156
2019-08-22,7.795000076293945,7.848750114440918,7.491250038146973,7.675000190734863,7.327965259552002
2019-08-23,7.516250133514404,7.724999904632568,6.885000228881836,6.972499847412109,6.657228946685791
2019-08-26,7.18625020980835,7.257500171661377,7.057499885559082,7.255000114440918,6.926955223083496
2019-08-27,7.40625,7.445000171661377,7.125,7.211249828338623,6.885183334350586
2019-08-28,7.138750076293945,7.321249961853027,7.03125,7.283750057220459,6.954405784606934
2019-08-29,7.552499771118164,7.678750038146973,7.46750020980835,7.614999771118164,7.27067756652832
2019-08-30,7.739999771118164,7.741250038146973,7.432499885559082,7.56125020980835,7.219357967376709
2019-09-03,7.411250114440918,7.522500038146973,7.263750076293945,7.341249942779541,7.009305953979492
2019-09-04,7.547500133514404,7.671249866485596,7.489999771118164,7.650000095367432,7.304095268249512
2019-09-05,7.902500152587891,8.138750076293945,7.889999866485596,8.072500228881836,7.707491397857666
2019-09-06,8.106249809265137,8.119999885559082,7.994999885559082,8.050000190734863,7.686009883880615
2019-09-09,8.12125015258789,8.133749961853027,7.871250152587891,7.99875020980835,7.637076377868652
2019-09-10,7.867499828338623,7.934999942779541,7.710000038146973,7.932499885559082,7.573821544647217
2019-09-11,7.96875,8.161250114440918,7.916250228881836,8.146249771118164,7.7779083251953125
2019-09-12,8.297499656677246,8.4350004196167,8.211250305175781,8.2475004196167,7.874577045440674
2019-09-13,8.212499618530273,8.267499923706055,8.125,8.15999984741211,7.791035175323486
2019-09-16,7.99875020980835,8.09749984741211,7.974999904632568,8.047499656677246,7.683621883392334
2019-09-17,8.045000076293945,8.161250114440918,7.997499942779541,8.1537504196167,7.785068035125732
2019-09-18,8.107500076293945,8.1587495803833,7.84375,8.148750305175781,7.780294418334961
2019-09-19,8.19124984741211,8.336250305175781,8.137499809265137,8.1850004196167,7.814905166625977
2019-09-20,8.220000267028809,8.243749618530273,7.84250020980835,7.927499771118164,7.569047451019287
2019-09-23,7.909999847412109,8.005000114440918,7.837500095367432,7.934999942779541,7.576208591461182
2019-09-24,8.043749809265137,8.092499732971191,7.517499923706055,7.621250152587891,7.276645183563232
2019-09-25,7.59499979019165,7.929999828338623,7.403749942779541,7.864999771118164,7.509374141693115
2019-09-26,7.841249942779541,7.857500076293945,7.607500076293945,7.786250114440918,7.434185028076172
2019-09-27,7.818749904632568,7.831250190734863,7.332499980926514,7.503749847412109,7.164457321166992
2019-09-30,7.574999809265137,7.739999771118164,7.534999847412109,7.703750133514404,7.3554158210754395
2019-10-01,7.789999961853027,7.918749809265137,7.477499961853027,7.517499923706055,7.177587032318115
2019-10-02,7.366250038146973,7.366250038146973,7.002500057220459,7.132500171661377,6.809994220733643
2019-10-03,7.127500057220459,7.371250152587891,6.863749980926514,7.367499828338623,7.034368991851807
2019-10-04,7.463749885559082,7.710000038146973,7.448750019073486,7.677499771118164,7.330351829528809
2019-10-07,7.607500076293945,7.791250228881836,7.567500114440918,7.606249809265137,7.262323379516602
2019-10-08,7.454999923706055,7.559999942779541,7.25,7.260000228881836,6.931729793548584
2019-10-09,7.449999809265137,7.576250076293945,7.382500171661377,7.480000019073486,7.141782760620117
2019-10-10,7.481249809265137,7.733749866485596,7.460000038146973,7.643750190734863,7.2981276512146
2019-10-11,7.902500152587891,8.125,7.892499923706055,7.929999828338623,7.57143497467041
2019-10-14,7.90625,8.013750076293945,7.882500171661377,7.93874979019165,7.579789161682129
2019-10-15,8.010000228881836,8.293749809265137,7.996250152587891,8.239999771118164,7.867416858673096
2019-10-16,8.15250015258789,8.238750457763672,8.098750114440918,8.178750038146973,7.808938503265381
2019-10-17,8.319999694824219,8.357500076293945,8.142499923706055,8.234999656677246,7.862643718719482
2019-10-18,8.202500343322754,8.25374984741211,7.87375020980835,7.99875020980835,7.637076377868652
2019-10-21,8.12874984741211,8.227499961853027,8.053750038146973,8.210000038146973,7.838773727416992
2019-10-22,8.295000076293945,8.3412504196167,8.010000228881836,8.020000457763672,7.6573662757873535
2019-10-23,7.963749885559082,8.063750267028809,7.925000190734863,8.057499885559082,7.693169593811035
2019-10-24,8.233750343322754,8.305000305175781,8.12125015258789,8.288749694824219,7.913963794708252
2019-10-25,8.161250114440918,8.498749732971191,8.15625,8.477499961853027,8.094179153442383
2019-10-28,8.607500076293945,8.771249771118164,8.607500076293945,8.736249923706055,8.341227531433105
2019-10-29,8.693750381469727,8.731249809265137,8.5287504196167,8.53499984741211,8.149078369140625
2019-10-30,8.579999923706055,8.697500228881836,8.43375015258789,8.654999732971191,8.263653755187988
2019-10-31,8.7212495803833,8.739999771118164,8.513750076293945,8.661250114440918,8.269620895385742
2019-11-01,8.776249885559082,8.898750305175781,8.736249923706055,8.896249771118164,8.49399471282959
2019-11-04,9.076250076293945,9.12125015258789,9.015000343322754,9.055000305175781,8.6455659866333
2019-11-05,9.0962495803833,9.1225004196167,8.986249923706055,9.06624984741211,8.656307220458984
2019-11-06,9.043749809265137,9.047499656677246,8.881250381469727,9.008749961853027,8.601408958435059
2019-11-07,9.151249885559082,9.274999618530273,9.021249771118164,9.100000381469727,8.688532829284668
2019-11-08,9.046250343322754,9.211250305175781,8.978750228881836,9.207500457763672,8.791171073913574
2019-11-11,9.071249961853027,9.182499885559082,9.03125,9.168749809265137,8.754172325134277
2019-11-12,9.1899995803833,9.34000015258789,9.149999618530273,9.243749618530273,8.825782775878906
2019-11-13,9.1537504196167,9.2787504196167,9.132499694824219,9.229999542236328,8.812653541564941
2019-11-14,9.148750305175781,9.24625015258789,9.063750267028809,9.227499961853027,8.81026554107666
2019-11-15,9.388750076293945,9.417499542236328,9.307499885559082,9.401249885559082,8.97616195678711
2019-11-18,9.388750076293945,9.4975004196167,9.272500038146973,9.449999809265137,9.022705078125
2019-11-19,9.55875015258789,9.55875015258789,9.386249542236328,9.488750457763672,9.059703826904297
2019-11-20,9.418749809265137,9.50374984741211,9.102499961853027,9.322500228881836,8.900970458984375
2019-11-21,9.289999961853027,9.306249618530273,9.168749809265137,9.25,8.831748962402344
2019-11-22,9.319999694824219,9.338749885559082,9.12125015258789,9.274999618530273,8.855619430541992
2019-11-25,9.390000343322754,9.602499961853027,9.387499809265137,9.5962495803833,9.162343978881836
2019-11-26,9.613750457763672,9.688750267028809,9.574999809265137,9.6537504196167,9.217242240905762
2019-11-27,9.72249984741211,9.852499961853027,9.6899995803833,9.848750114440918,9.403426170349121
2019-11-29,9.776249885559082,9.821249961853027,9.699999809265137,9.717499732971191,9.278111457824707
2019-12-02,9.717499732971191,9.723750114440918,9.25374984741211,9.404999732971191,8.979740142822266
2019-12-03,9.037500381469727,9.203749656677246,8.888750076293945,9.193750381469727,8.77804183959961
2019-12-04,9.336250305175781,9.396249771118164,9.292499542236328,9.329999923706055,8.908133506774902
2019-12-05,9.427499771118164,9.428750038146973,9.24625015258789,9.37874984741211,8.954676628112793
2019-12-06,9.585000038146973,9.702500343322754,9.567500114440918,9.668749809265137,9.2315673828125
2019-12-09,9.636249542236328,9.766249656677246,9.539999961853027,9.550000190734863,9.118185043334961
2019-12-10,9.556249618530273,9.65999984741211,9.460000038146973,9.5287504196167,9.097895622253418
2019-12-11,9.585000038146973,9.703749656677246,9.545000076293945,9.672499656677246,9.235145568847656
2019-12-12,9.641249656677246,10.0,9.602499961853027,9.893750190734863,9.446390151977539
2019-12-13,9.869999885559082,10.09000015258789,9.807499885559082,9.982500076293945,9.5311279296875
2019-12-16,10.177499771118164,10.321249961853027,10.170000076293945,10.268750190734863,9.804434776306152
2019-12-17,10.321249961853027,10.348750114440918,10.25,10.282500267028809,9.817564010620117
2019-12-18,10.331250190734863,10.40999984741211,10.292499542236328,10.306249618530273,9.840240478515625
2019-12-19,10.332500457763672,10.522500038146973,10.332500457763672,10.516249656677246,10.04074478149414
2019-12-20,10.6537504196167,10.6899995803833,10.574999809265137,10.641249656677246,10.160094261169434
2019-12-23,10.7524995803833,10.772500038146973,10.696249961853027,10.720000267028809,10.235280990600586
2019-12-24,10.743749618530273,10.758749961853027,10.65625,10.729999542236328,10.248533248901367
2019-12-26,10.7787504196167,11.013750076293945,10.7787504196167,11.008749961853027,10.514777183532715
2019-12-27,11.126250267028809,11.132499694824219,10.893750190734863,10.976249694824219,10.483734130859375
2019-12-30,10.9662504196167,10.982500076293945,10.600000381469727,10.757499694824219,10.274801254272461
2019-12-31,10.662500381469727,10.845000267028809,10.607500076293945,10.818750381469727,10.333301544189453
2020-01-02,11.088749885559082,11.354999542236328,11.02750015258789,11.354999542236328,10.845489501953125
2020-01-03,10.911250114440918,11.25,10.904999732971191,11.046250343322754,10.550592422485352
2020-01-06,10.7837495803833,11.260000228881836,10.743749618530273,11.256250381469727,10.751172065734863
2020-01-07,11.267499923706055,11.34749984741211,11.145000457763672,11.242500305175781,10.738038063049316
2020-01-08,11.244999885559082,11.65999984741211,11.19124984741211,11.501250267028809,10.98517894744873
2020-01-09,11.7787504196167,11.857500076293945,11.59000015258789,11.791250228881836,11.262164115905762
2020-01-10,11.923749923706055,11.93375015258789,11.641249656677246,11.694999694824219,11.170233726501465
2020-01-13,11.8412504196167,12.109999656677246,11.788749694824219,12.103750228881836,11.560643196105957
2020-01-14,12.072500228881836,12.143750190734863,11.90250015258789,11.962499618530273,11.425731658935547
2020-01-15,11.97249984741211,12.141249656677246,11.852499961853027,11.970000267028809,11.432892799377441
2020-01-16,12.138750076293945,12.311249732971191,12.06624984741211,12.303750038146973,11.751668930053711
2020-01-17,12.463749885559082,12.517499923706055,12.282500267028809,12.487500190734863,11.927173614501953
2020-01-21,12.37874984741211,12.563750267028809,12.369999885559082,12.481249809265137,11.921202659606934
2020-01-22,12.6537504196167,12.786250114440918,12.522500038146973,12.56624984741211,12.002389907836914
2020-01-23,12.541250228881836,12.698749542236328,12.37125015258789,12.682499885559082,12.113423347473145
2020-01-24,12.862500190734863,12.901249885559082,12.188750267028809,12.353750228881836,11.79942512512207
2020-01-27,11.53125,11.793749809265137,11.272500038146973,11.59000015258789,11.0699462890625
2020-01-28,11.831250190734863,12.208749771118164,11.7475004196167,12.12874984741211,11.584521293640137
2020-01-29,12.328749656677246,12.369999885559082,12.022500038146973,12.172499656677246,11.626307487487793
2020-01-30,11.949999809265137,12.324999809265137,11.831250190734863,12.3100004196167,11.75763988494873
2020-01-31,12.460000038146973,12.46875,11.59375,11.704999923706055,11.17978286743164
2020-02-03,11.888750076293945,12.332500457763672,11.866250038146973,12.242500305175781,11.693166732788086
2020-02-04,12.75,13.15625,12.6274995803833,13.078749656677246,12.49189281463623
2020-02-05,13.569999694824219,13.572500228881836,12.986249923706055,13.229999542236328,12.636356353759766
2020-02-06,13.313750267028809,13.567500114440918,13.176250457763672,13.552499771118164,12.94438648223877
2020-02-07,13.3725004196167,13.601249694824219,13.265000343322754,13.3774995803833,12.777237892150879
2020-02-10,13.2475004196167,13.863750457763672,13.237500190734863,13.859999656677246,13.238088607788086
2020-02-11,14.087499618530273,14.233750343322754,13.760000228881836,13.869999885559082,13.247640609741211
2020-02-12,14.111249923706055,14.293749809265137,14.012499809265137,14.276249885559082,13.635661125183105
2020-02-13,13.973750114440918,14.387499809265137,13.922499656677246,14.2212495803833,13.58312702178955
2020-02-14,14.27750015258789,14.373749732971191,14.135000228881836,14.317500114440918,13.675060272216797
2020-02-18,14.114999771118164,14.428750038146973,14.073749542236328,14.342499732971191,13.698938369750977
2020-02-19,14.601249694824219,14.850000381469727,14.550000190734863,14.757499694824219,14.095314025878906
2020-02-20,14.662500381469727,14.7475004196167,13.798749923706055,14.337499618530273,13.694162368774414
2020-02-21,14.132499694824219,14.197500228881836,13.3412504196167,13.517499923706055,12.910954475402832
2020-02-24,12.03499984741211,12.447500228881836,11.703749656677246,11.960000038146973,11.42334270477295
2020-02-25,12.241250038146973,12.363750457763672,10.867500305175781,10.992500305175781,10.49925708770752
2020-02-26,11.15999984741211,11.7162504196167,10.893750190734863,11.143750190734863,10.643717765808105
2020-02-27,10.287500381469727,10.801250457763672,9.447500228881836,9.477499961853027,9.052234649658203
2020-02-28,8.551250457763672,9.678750038146973,8.4375,9.625,9.193117141723633
2020-03-02,9.9087495803833,10.967499732971191,9.49625015258789,10.938750267028809,10.447917938232422
2020-03-03,11.046250343322754,11.4375,9.609999656677246,9.9087495803833,9.46413516998291
2020-03-04,10.442500114440918,11.143750190734863,10.162500381469727,11.111249923706055,10.612679481506348
2020-03-05,10.279999732971191,10.845000267028809,9.886249542236328,10.136249542236328,9.681427001953125
2020-03-06,9.0912504196167,9.760000228881836,8.875,9.604999542236328,9.1740140914917
2020-03-09,7.691249847412109,8.643750190734863,7.625,7.653749942779541,7.310318470001221
2020-03-10,8.4975004196167,8.866250038146973,7.625,8.845000267028809,8.448115348815918
2020-03-11,8.22249984741211,8.4037504196167,7.375,7.707499980926514,7.361656665802002
2020-03-12,6.1875,7.1875,5.550000190734863,5.59499979019165,5.34394645690918
2020-03-13,6.53000020980835,7.163750171661377,5.632500171661377,7.105000019073486,6.786191463470459
2020-03-16,5.057499885559082,6.074999809265137,4.62375020980835,4.65625,4.447319030761719
2020-03-17,4.922500133514404,5.642499923706055,4.46875,5.414999961853027,5.172023296356201
2020-03-18,4.537499904632568,5.1875,4.091249942779541,4.913750171661377,4.693265914916992
2020-03-19,4.856249809265137,5.510000228881836,4.5,5.027500152587891,4.8019118309021
2020-03-20,5.37375020980835,5.474999904632568,4.387499809265137,4.43874979019165,4.2395782470703125
2020-03-23,4.491250038146973,4.75,4.033750057220459,4.452499866485596,4.252711296081543
2020-03-24,5.153749942779541,5.46750020980835,5.016250133514404,5.445000171661377,5.200677394866943
2020-03-25,5.525000095367432,5.980000019073486,5.135000228881836,5.318749904632568,5.08009147644043
2020-03-26,5.478750228881836,6.25,5.458749771118164,6.184999942779541,5.907473564147949
2020-03-27,5.703750133514404,6.041250228881836,5.473750114440918,5.542500019073486,5.293801784515381
2020-03-30,5.697500228881836,6.172500133514404,5.625,6.125,5.850165367126465
2020-03-31,6.076250076293945,6.441249847412109,5.857500076293945,5.954999923706055,5.687792778015137
2020-04-01,5.449999809265137,5.715000152587891,5.077499866485596,5.216249942779541,4.982192039489746
2020-04-02,5.150000095367432,5.542500019073486,5.096250057220459,5.525000095367432,5.277088165283203
2020-04-03,5.482500076293945,5.622499942779541,5.107500076293945,5.302499771118164,5.064571380615234
2020-04-06,5.888750076293945,6.523749828338623,5.795000076293945,6.412499904632568,6.124764919281006
2020-04-07,6.987500190734863,7.036250114440918,6.375,6.400000095367432,6.112825393676758
2020-04-08,6.586249828338623,6.875,6.409999847412109,6.808750152587891,6.503234386444092
2020-04-09,6.991250038146973,7.090000152587891,6.658750057220459,6.833749771118164,6.5271124839782715
2020-04-13,6.75,7.110000133514404,6.633749961853027,7.071249961853027,6.753955841064453
2020-04-14,7.506249904632568,8.050000190734863,7.423749923706055,7.988749980926514,7.630287170410156
2020-04-15,7.613749980926514,7.923749923706055,7.457499980926514,7.723750114440918,7.377177715301514
2020-04-16,7.976250171661377,8.258749961853027,7.743750095367432,8.137499809265137,7.772361755371094
2020-04-17,8.458749771118164,8.512499809265137,8.00374984741211,8.3412504196167,7.9669694900512695
2020-04-20,8.148750305175781,8.438750267028809,8.057499885559082,8.071249961853027,7.709083557128906
2020-04-21,7.832499980926514,7.891250133514404,7.038750171661377,7.178750038146973,6.856632232666016
2020-04-22,7.628749847412109,7.957499980926514,7.538750171661377,7.81374979019165,7.463139057159424
2020-04-23,7.903749942779541,8.198749542236328,7.715000152587891,7.762499809265137,7.414187908172607
2020-04-24,7.817500114440918,8.175000190734863,7.651249885559082,8.137499809265137,7.772361755371094
2020-04-27,8.397500038146973,8.448749542236328,8.204999923706055,8.296250343322754,7.923989772796631
2020-04-28,8.52750015258789,8.5287504196167,7.826250076293945,7.847499847412109,7.49537467956543
2020-04-29,8.381250381469727,8.796250343322754,8.261249542236328,8.663749694824219,8.27499771118164
2020-04-30,8.801250457763672,8.80875015258789,8.493749618530273,8.7212495803833,8.32991886138916
2020-05-01,8.164999961853027,8.413749694824219,7.8125,7.93874979019165,7.582530498504639
2020-05-04,7.817500114440918,8.241250038146973,7.758749961853027,8.21875,7.849966526031494
2020-05-05,8.4662504196167,8.77750015258789,8.401249885559082,8.481249809265137,8.100687980651855
2020-05-06,8.692500114440918,8.891249656677246,8.548749923706055,8.648750305175781,8.260672569274902
2020-05-07,8.978750228881836,9.09375,8.821249961853027,8.986249923706055,8.583026885986328
2020-05-08,9.193750381469727,9.368749618530273,9.0649995803833,9.348750114440918,8.92926025390625
2020-05-11,9.18375015258789,9.737500190734863,9.15625,9.581250190734863,9.151329040527344
2020-05-12,9.68375015258789,9.766249656677246,9.00374984741211,9.011249542236328,8.606905937194824
2020-05-13,9.073749542236328,9.306249618530273,8.345000267028809,8.670000076293945,8.280967712402344
2020-05-14,8.505000114440918,8.961250305175781,8.263750076293945,8.957500457763672,8.555569648742676
2020-05-15,8.588749885559082,9.137499809265137,8.536250114440918,9.111249923706055,8.70241928100586
2020-05-18,9.5,9.774999618530273,9.40250015258789,9.638750076293945,9.206249237060547
2020-05-19,9.672499656677246,9.946249961853027,9.550000190734863,9.5649995803833,9.135808944702148
2020-05-20,9.901249885559082,10.188750267028809,9.901249885559082,10.125,9.670681953430176
2020-05-21,10.154999732971191,10.239999771118164,9.741250038146973,9.813750267028809,9.373395919799805
2020-05-22,9.761249542236328,9.936249732971191,9.631250381469727,9.90250015258789,9.45816421508789
2020-05-26,10.381250381469727,10.414999961853027,9.797499656677246,9.861249923706055,9.418766975402832
2020-05-27,9.763750076293945,10.005000114440918,9.172499656677246,10.0,9.551290512084961
2020-05-28,9.824999809265137,10.401249885559082,9.818750381469727,9.936249732971191,9.490400314331055
2020-05-29,10.005000114440918,10.414999961853027,9.789999961853027,10.3462495803833,9.882001876831055
2020-06-01,10.257499694824219,10.529999732971191,10.203749656677246,10.473750114440918,10.003783226013184
2020-06-02,10.529999732971191,10.693750381469727,10.204999923706055,10.682499885559082,10.203166007995605
2020-06-03,10.768750190734863,10.936249732971191,10.651249885559082,10.827500343322754,10.341659545898438
2020-06-04,10.7787504196167,10.984999656677246,10.420000076293945,10.607500076293945,10.13153076171875
2020-06-05,10.737500190734863,11.31624984741211,10.6875,11.236249923706055,10.732067108154297
2020-06-08,11.198749542236328,11.510000228881836,10.987500190734863,11.486249923706055,10.97084903717041
2020-06-09,11.361249923706055,11.8725004196167,11.342499732971191,11.742500305175781,11.215600967407227
2020-06-10,11.994999885559082,12.40250015258789,11.922499656677246,12.166250228881836,11.620338439941406
2020-06-11,11.572500228881836,11.776249885559082,10.352499961853027,10.375,9.909463882446289
2020-06-12,11.036250114440918,11.206250190734863,10.053750038146973,10.600000381469727,10.124367713928223
2020-06-15,10.135000228881836,11.085000038146973,10.007499694824219,10.973750114440918,10.481346130371094
2020-06-16,11.673749923706055,11.765000343322754,11.038749694824219,11.553750038146973,11.035321235656738
2020-06-17,11.771249771118164,11.932499885559082,11.550000190734863,11.666250228881836,11.14277458190918
2020-06-18,11.617500305175781,11.795000076293945,11.505000114440918,11.756250381469727,11.228734970092773
2020-06-19,12.12125015258789,12.1537504196167,11.494999885559082,11.739999771118164,11.213215827941895
2020-06-22,11.738750457763672,12.193750381469727,11.688750267028809,12.157500267028809,11.611981391906738
2020-06-23,12.421250343322754,12.827500343322754,12.332500457763672,12.475000381469727,11.91523265838623
2020-06-24,12.362500190734863,12.55875015258789,11.481249809265137,11.739999771118164,11.213215827941895
2020-06-25,11.738750457763672,12.09000015258789,11.342499732971191,12.051250457763672,11.510498046875
2020-06-26,12.0024995803833,12.037500381469727,11.112500190734863,11.1850004196167,10.683117866516113
2020-06-29,11.151249885559082,11.553750038146973,10.78499984741211,11.542499542236328,11.024574279785156
2020-06-30,11.539999961853027,12.3100004196167,11.516249656677246,12.206250190734863,11.658543586730957
2020-07-01,12.232500076293945,12.80875015258789,12.154999732971191,12.642499923706055,12.07521915435791
2020-07-02,13.036250114440918,13.233750343322754,12.842499732971191,12.911250114440918,12.331910133361816
2020-07-06,13.412500381469727,13.947500228881836,13.411250114440918,13.859999656677246,13.238088607788086
2020-07-07,13.818750381469727,14.270000457763672,13.529999732971191,13.587499618530273,12.977816581726074
2020-07-08,13.803750038146973,14.117500305175781,13.561249732971191,14.109999656677246,13.4768705368042
2020-07-09,14.426250457763672,14.583749771118164,13.732500076293945,14.462499618530273,13.813553810119629
2020-07-10,14.427499771118164,14.806249618530273,13.986249923706055,14.768750190734863,14.106060981750488
2020-07-13,15.256250381469727,15.743749618530273,13.711250305175781,13.856249809265137,13.234505653381348
2020-07-14,13.448749542236328,14.21500015258789,12.923749923706055,14.149999618530273,13.515074729919434
2020-07-15,14.357500076293945,14.52750015258789,13.673749923706055,14.220000267028809,13.581934928894043
2020-07-16,13.755000114440918,14.045000076293945,13.373749732971191,13.914999961853027,13.290619850158691
2020-07-17,14.020000457763672,14.130000114440918,13.625,13.979999542236328,13.352702140808105
2020-07-20,14.100000381469727,15.2787504196167,13.886249542236328,15.170000076293945,14.489307403564453
2020-07-21,15.448749542236328,15.458749771118164,14.550000190734863,14.6850004196167,14.026069641113281
2020-07-22,14.771249771118164,15.016249656677246,14.456250190734863,14.854999542236328,14.188441276550293
2020-07-23,14.788749694824219,14.904999732971191,13.446249961853027,13.69124984741211,13.076910972595215
2020-07-24,13.063750267028809,13.520000457763672,12.626250267028809,13.286250114440918,12.690083503723145
2020-07-27,13.573749542236328,14.068750381469727,13.4350004196167,14.0,13.371807098388672
2020-07-28,13.885000228881836,13.963749885559082,13.421250343322754,13.473750114440918,12.869168281555176
2020-07-29,13.711250305175781,14.076250076293945,13.643750190734863,13.932499885559082,13.30733585357666
2020-07-30,13.612500190734863,14.24625015258789,13.420000076293945,14.1587495803833,13.523432731628418
2020-07-31,14.914999961853027,14.9375,14.109999656677246,14.922499656677246,14.252913475036621
2020-08-03,15.28125,15.641249656677246,15.257499694824219,15.478750228881836,14.78420352935791
2020-08-04,15.414999961853027,15.702500343322754,15.292499542236328,15.680000305175781,14.976423263549805
2020-08-05,15.768750190734863,15.883749961853027,15.613750457763672,15.805000305175781,15.095813751220703
2020-08-06,15.763750076293945,16.491249084472656,15.65250015258789,16.40999984741211,15.673664093017578
2020-08-07,16.327499389648438,16.477500915527344,15.461250305175781,15.873749732971191,15.161478042602539
2020-08-10,15.9087495803833,15.951250076293945,15.021249771118164,15.65999984741211,14.957319259643555
2020-08-11,15.444999694824219,15.681249618530273,14.673749923706055,14.771249771118164,14.10844898223877
2020-08-12,15.137499809265137,16.045000076293945,15.137499809265137,15.876250267028809,15.16386604309082
2020-08-13,16.010000228881836,16.397499084472656,15.81624984741211,15.987500190734863,15.270125389099121
2020-08-14,16.082500457763672,16.14875030517578,15.676250457763672,15.94124984741211,15.22594928741455
2020-08-17,16.233749389648438,16.545000076293945,16.207500457763672,16.467500686645508,15.728588104248047
2020-08-18,16.678749084472656,17.049999237060547,16.4112491607666,16.951250076293945,16.190631866455078
2020-08-19,16.948749542236328,17.1512508392334,16.5362491607666,16.6200008392334,15.87424373626709
2020-08-20,16.46875,17.39875030517578,16.396249771118164,17.303749084472656,16.527315139770508
2020-08-21,17.332500457763672,17.751249313354492,17.2237491607666,17.665000915527344,16.872356414794922
2020-08-24,18.2762508392334,18.44499969482422,17.55500030517578,17.99250030517578,17.18515968322754
2020-08-25,17.853750228881836,18.431249618530273,17.758750915527344,18.412500381469727,17.5863094329834
2020-08-26,18.658750534057617,19.631250381469727,18.635000228881836,19.591249465942383,18.71217155456543
2020-08-27,19.822500228881836,19.983749389648438,18.947500228881836,19.41374969482422,18.54263687133789
2020-08-28,19.6612491607666,19.841249465942383,19.393749237060547,19.7137508392334,18.829174041748047
2020-08-31,19.8174991607666,20.5674991607666,19.727500915527344,20.170000076293945,19.264951705932617
2020-09-01,20.739999771118164,21.24625015258789,20.368749618530273,21.217500686645508,20.265451431274414
2020-09-02,21.934999465942383,21.958749771118164,20.583749771118164,21.81624984741211,20.837331771850586
2020-09-03,20.841249465942383,20.924999237060547,17.852500915527344,18.466249465942383,17.637649536132812
2020-09-04,18.172500610351562,18.787500381469727,15.482500076293945,17.704999923706055,16.910558700561523
2020-09-08,15.618749618530273,16.74625015258789,15.132499694824219,15.202500343322754,14.520346641540527
2020-09-09,16.12874984741211,16.899999618530273,15.708749771118164,16.508750915527344,15.767990112304688
2020-09-10,17.065000534057617,17.298749923706055,15.217499732971191,15.553750038146973,14.855838775634766
2020-09-11,15.875,16.02375030517578,14.601249694824219,15.213749885559082,14.531094551086426
2020-09-14,15.875,16.35124969482422,15.635000228881836,15.9975004196167,15.27967643737793
2020-09-15,16.666250228881836,16.927499771118164,16.3700008392334,16.677499771118164,15.929160118103027
2020-09-16,16.81624984741211,16.915000915527344,15.823749542236328,15.876250267028809,15.16386604309082
2020-09-17,14.651249885559082,15.494999885559082,14.506250381469727,15.145000457763672,14.46542739868164
2020-09-18,15.357500076293945,15.431249618530273,13.845000267028809,14.5600004196167,13.906678199768066
2020-09-21,13.9037504196167,14.743749618530273,13.512499809265137,14.732500076293945,14.071436882019043
2020-09-22,15.149999618530273,15.641249656677246,14.557499885559082,15.537500381469727,14.840316772460938
2020-09-23,15.481249809265137,15.518750190734863,13.963749885559082,14.098750114440918,13.46612548828125
2020-09-24,13.711250305175781,14.838749885559082,13.646249771118164,14.305000305175781,13.663121223449707
2020-09-25,14.383749961853027,15.444999694824219,14.131250381469727,15.307499885559082,14.620636940002441
2020-09-28,16.1612491607666,16.25,15.696249961853027,16.21500015258789,15.48741626739502
2020-09-29,16.184999465942383,16.354999542236328,15.94124984741211,16.045000076293945,15.325044631958008
2020-09-30,16.073749542236328,16.940000534057617,16.03125,16.362499237060547,15.628296852111816
2020-10-01,17.071250915527344,17.258750915527344,16.72249984741211,17.12874984741211,16.360166549682617
2020-10-02,16.014999389648438,16.703750610351562,15.541250228881836,15.7162504196167,15.01104736328125
2020-10-05,16.05875015258789,16.762500762939453,16.03125,16.707500457763672,15.957819938659668
2020-10-06,16.548749923706055,16.889999389648438,15.643750190734863,15.8100004196167,15.100591659545898
2020-10-07,16.271249771118164,16.763750076293945,16.172500610351562,16.641250610351562,15.894539833068848
2020-10-08,17.056249618530273,17.076250076293945,16.6924991607666,16.886249542236328,16.1285457611084
2020-10-09,17.1924991607666,17.673749923706055,17.1200008392334,17.637500762939453,16.846088409423828
2020-10-12,18.549999237060547,19.841249465942383,18.357500076293945,19.282499313354492,18.417266845703125
2020-10-13,19.649999618530273,19.791250228881836,19.018749237060547,19.28499984741211,18.419660568237305
2020-10-14,19.457500457763672,19.649999618530273,18.456249237060547,18.80875015258789,17.96478271484375
2020-10-15,17.877500534057617,18.548749923706055,17.74250030517578,18.420000076293945,17.593475341796875
2020-10-16,18.758750915527344,19.033750534057617,18.0625,18.137500762939453,17.323650360107422
2020-10-19,18.5049991607666,18.688749313354492,17.045000076293945,17.236249923706055,16.462841033935547
2020-10-20,17.372499465942383,17.924999237060547,17.073749542236328,17.34749984741211,16.569103240966797
2020-10-21,17.386249542236328,17.876249313354492,17.21500015258789,17.302499771118164,16.5261173248291
2020-10-22,17.462499618530273,17.625,16.68375015258789,17.311250686645508,16.53447723388672
2020-10-23,17.426250457763672,17.428749084472656,16.861249923706055,17.412500381469727,16.631181716918945
2020-10-26,16.971250534057617,17.497499465942383,15.936249732971191,16.618749618530273,15.873048782348633
2020-10-27,16.783750534057617,17.149999618530273,16.565000534057617,17.011249542236328,16.24793815612793
2020-10-28,16.177499771118164,16.280000686645508,14.975000381469727,15.015000343322754,14.34126091003418
2020-10-29,15.242500305175781,16.3075008392334,15.154999732971191,15.7787504196167,15.070741653442383
2020-10-30,15.443750381469727,15.5912504196167,14.193750381469727,14.681249618530273,14.022488594055176
2020-11-02,14.973750114440918,15.261249542236328,14.201250076293945,14.686249732971191,14.027263641357422
2020-11-03,14.9975004196167,15.801250457763672,14.824999809265137,15.425000190734863,14.732864379882812
2020-11-04,16.948749542236328,17.829999923706055,16.665000915527344,17.510000228881836,16.724308013916016
2020-11-05,18.707500457763672,19.068750381469727,18.448749542236328,18.861249923706055,18.014925003051758
2020-11-06,18.733749389648438,19.071250915527344,18.00749969482422,18.924999237060547,18.075815200805664
2020-11-09,19.459999084472656,19.797500610351562,17.684999465942383,17.770000457763672,16.97264289855957
2020-11-10,17.142499923706055,17.40625,16.293750762939453,16.811250686645508,16.056913375854492
2020-11-11,17.258750915527344,18.02375030517578,17.184999465942383,17.94124984741211,17.136207580566406
2020-11-12,18.106250762939453,18.364999771118164,17.46500015258789,17.678749084472656,16.88548469543457
2020-11-13,17.97249984741211,18.260000228881836,17.582500457763672,18.142499923706055,17.328428268432617
2020-11-16,18.09375,18.626249313354492,17.967500686645508,18.559999465942383,17.727195739746094
2020-11-17,18.600000381469727,18.670000076293945,18.266250610351562,18.388750076293945,17.56362533569336
2020-11-18,18.282499313354492,18.59375,17.962499618530273,17.962499618530273,17.15650177001953
2020-11-19,17.863750457763672,18.46125030517578,17.7450008392334,18.407499313354492,17.58153533935547
2020-11-20,18.381250381469727,18.533750534057617,18.014999389648438,18.033750534057617,17.22455596923828
2020-11-23,18.227500915527344,18.467500686645508,17.594999313354492,18.037500381469727,17.22813606262207
2020-11-24,18.227500915527344,18.87874984741211,17.883750915527344,18.774999618530273,17.932544708251953
2020-11-25,18.96500015258789,19.251249313354492,18.806249618530273,19.12874984741211,18.270429611206055
2020-11-27,19.5049991607666,19.883750915527344,19.44124984741211,19.6512508392334,18.769481658935547
2020-11-30,19.71500015258789,19.84749984741211,18.822500228881836,19.752500534057617,18.86618423461914
2020-12-01,20.2237491607666,20.868749618530273,20.012500762939453,20.528749465942383,19.607606887817383
2020-12-02,20.2762508392334,20.68000030517578,19.897499084472656,20.611249923706055,19.686403274536133
2020-12-03,20.6612491607666,21.02375030517578,20.543750762939453,20.69499969482422,19.766393661499023
2020-12-04,20.700000762939453,20.979999542236328,20.563749313354492,20.948749542236328,20.008756637573242
2020-12-07,20.987499237060547,21.377500534057617,20.950000762939453,21.303749084472656,20.347827911376953
2020-12-08,21.206249237060547,21.584999084472656,20.826250076293945,21.498750686645508,20.534080505371094
2020-12-09,21.479999542236328,21.532499313354492,19.827499389648438,20.05875015258789,19.158693313598633
2020-12-10,19.6299991607666,20.533750534057617,19.407499313354492,20.30500030517578,19.393892288208008
2020-12-11,19.956249237060547,20.19124984741211,19.487499237060547,20.162500381469727,19.257787704467773
2020-12-14,20.403749465942383,21.006250381469727,20.396249771118164,20.592500686645508,19.66849708557129
2020-12-15,21.072500228881836,21.251249313354492,20.614999771118164,21.232500076293945,20.27977752685547
2020-12-16,21.346250534057617,21.78125,21.122499465942383,21.5887508392334,20.620040893554688
2020-12-17,21.956249237060547,22.084999084472656,21.698749542236328,22.03125,21.042686462402344
2020-12-18,22.19499969482422,22.238750457763672,21.31624984741211,21.791250228881836,20.81344985961914
2020-12-21,21.196250915527344,21.827499389648438,20.584999084472656,21.709999084472656,20.7358455657959
2020-12-22,21.912500381469727,22.0887508392334,21.272499084472656,21.881250381469727,20.899417877197266
2020-12-23,21.8799991607666,21.969999313354492,21.522499084472656,21.551250457763672,20.584224700927734
2020-12-24,21.613750457763672,21.93000030517578,21.59000015258789,21.831249237060547,20.851659774780273
2020-12-28,22.395000457763672,22.594999313354492,22.00374984741211,22.486249923706055,21.477272033691406
2020-12-29,22.793750762939453,22.924999237060547,22.35124969482422,22.552499771118164,21.540542602539062
2020-12-30,22.806249618530273,22.875,22.408750534057617,22.548749923706055,21.536964416503906
2020-12-31,22.533750534057617,22.809999465942383,22.291250228881836,22.725000381469727,21.705307006835938
2021-01-04,23.010000228881836,23.048749923706055,20.853750228881836,21.731250762939453,20.756147384643555
2021-01-05,21.53499984741211,22.31999969482422,21.53499984741211,22.2762508392334,21.27669334411621
2021-01-06,21.237499237060547,22.292499542236328,21.02750015258789,21.354999542236328,20.396778106689453
2021-01-07,21.921249389648438,23.081249237060547,21.918750762939453,22.897499084472656,21.87006378173828
2021-01-08,23.41374969482422,23.860000610351562,22.924999237060547,23.78499984741211,22.717741012573242
2021-01-11,23.10124969482422,23.36750030517578,22.60124969482422,22.733749389648438,21.713661193847656
2021-01-12,22.764999389648438,23.001249313354492,22.049999237060547,22.635000228881836,21.61934471130371
2021-01-13,22.696250915527344,23.27375030517578,22.5625,23.075000762939453,22.03960418701172
2021-01-14,23.1875,23.417499542236328,22.6200008392334,22.7237491607666,21.704116821289062
2021-01-15,22.676250457763672,22.891250610351562,21.885000228881836,22.171249389648438,21.176403045654297
2021-01-19,22.681249618530273,23.258750915527344,22.450000762939453,23.13249969482422,22.094518661499023
2021-01-20,23.9637508392334,24.971250534057617,23.88249969482422,24.7450008392334,23.634668350219727
2021-01-21,25.0625,25.53499984741211,24.75,25.360000610351562,24.22207260131836
2021-01-22,25.102500915527344,25.3799991607666,24.969999313354492,25.1299991607666,24.002389907836914
2021-01-25,25.940000534057617,26.267499923706055,24.200000762939453,25.827499389648438,24.668590545654297
2021-01-26,25.93000030517578,26.145000457763672,25.545000076293945,25.854999542236328,24.69485855102539
2021-01-27,25.315000534057617,25.325000762939453,23.25,23.770000457763672,22.70341682434082
2021-01-28,23.97249984741211,25.25,23.837499618530273,24.1200008392334,23.03771209716797
2021-01-29,23.725000381469727,23.979999542236328,22.1875,22.61750030517578,21.602632522583008
2021-02-01,23.387500762939453,24.50749969482422,22.934999465942383,24.280000686645508,23.190534591674805
2021-02-02,24.97249984741211,25.739999771118164,24.940000534057617,25.454999923706055,24.31280517578125
2021-02-03,25.982500076293945,26.0575008392334,25.162500381469727,25.162500381469727,24.033437728881836
2021-02-04,25.510000228881836,26.075000762939453,25.1875,26.052499771118164,24.88349723815918
2021-02-05,26.299999237060547,26.572500228881836,25.892499923706055,26.325000762939453,25.14377212524414
2021-02-08,26.739999771118164,26.887500762939453,26.337499618530273,26.84000015258789,25.63566017150879
2021-02-09,26.6200008392334,27.142499923706055,26.6200008392334,26.827499389648438,25.623720169067383
2021-02-10,27.19499969482422,27.299999237060547,25.864999771118164,26.637500762939453,25.442251205444336
2021-02-11,27.040000915527344,27.184999465942383,26.489999771118164,27.0674991607666,25.852951049804688
2021-02-12,26.895000457763672,27.575000762939453,26.610000610351562,27.52750015258789,26.29231071472168
2021-02-16,27.739999771118164,27.96500015258789,27.020000457763672,27.297500610351562,26.072633743286133
2021-02-17,26.5575008392334,26.985000610351562,26.002500534057617,26.917499542236328,25.709680557250977
2021-02-18,26.014999389648438,26.739999771118164,25.56999969482422,26.55500030517578,25.363449096679688
2021-02-19,26.90999984741211,26.920000076293945,25.96500015258789,26.204999923706055,25.029151916503906
2021-02-22,25.135000228881836,25.450000762939453,24.125,24.174999237060547,23.09024429321289
2021-02-23,22.94499969482422,24.34000015258789,21.604999542236328,23.959999084472656,22.884889602661133
2021-02-24,23.309999465942383,24.61750030517578,22.725000381469727,24.537500381469727,23.436477661132812
2021-02-25,23.905000686645508,24.517499923706055,21.612499237060547,21.975000381469727,20.988962173461914
2021-02-26,22.59749984741211,23.290000915527344,21.5625,22.30500030517578,21.304155349731445
2021-03-01,23.34000015258789,24.327499389648438,23.047500610351562,24.25,23.161874771118164
2021-03-02,24.385000228881836,24.422500610351562,23.024999618530273,23.087499618530273,22.051536560058594
2021-03-03,22.842500686645508,23.049999237060547,21.0625,21.084999084472656,20.138893127441406
2021-03-04,20.99250030517578,21.65999984741211,19.219999313354492,20.042499542236328,19.143173217773438
2021-03-05,20.572500228881836,21.11750030517578,18.75749969482422,20.940000534057617,20.00040054321289
2021-03-08,20.81999969482422,21.212499618530273,19.0674991607666,19.149999618530273,18.290721893310547
2021-03-09,20.61750030517578,21.787500381469727,20.482500076293945,21.405000686645508,20.444538116455078
2021-03-10,22.315000534057617,22.375,21.077499389648438,21.22249984741211,20.270225524902344
2021-03-11,22.2549991607666,23.065000534057617,22.03499984741211,22.69499969482422,21.676652908325195
2021-03-12,21.792499542236328,22.167499542236328,21.267499923706055,22.1299991607666,21.137004852294922
2021-03-15,22.202499389648438,22.877500534057617,21.844999313354492,22.837499618530273,21.812761306762695
2021-03-16,23.334999084472656,23.997499465942383,22.899999618530273,23.212499618530273,22.17093276977539
2021-03-17,22.530000686645508,23.9325008392334,22.15250015258789,23.5049991607666,22.450307846069336
2021-03-18,22.40250015258789,22.625,21.237499237060547,21.34749984741211,20.389619827270508
2021-03-19,21.3125,21.887500762939453,20.850000381469727,21.6200008392334,20.64988899230957
2021-03-22,22.072500228881836,23.217500686645508,22.072500228881836,22.772499084472656,21.750673294067383
2021-03-23,23.012500762939453,23.3075008392334,22.292499542236328,22.475000381469727,21.466524124145508
2021-03-24,22.772499084472656,22.780000686645508,21.3125,21.34000015258789,20.38245391845703
2021-03-25,20.954999923706055,21.545000076293945,20.412500381469727,21.225000381469727,20.272613525390625
2021-03-26,21.18000030517578,22.24250030517578,20.88249969482422,22.162500381469727,21.168048858642578
2021-03-29,22.059999465942383,22.385000228881836,21.43000030517578,22.149999618530273,21.15610694885254
2021-03-30,21.737499237060547,21.947500228881836,21.239999771118164,21.834999084472656,20.855241775512695
2021-03-31,22.197500228881836,23.149999618530273,22.127500534057617,22.815000534057617,21.791271209716797
2021-04-01,23.65999984741211,24.00749969482422,23.604999542236328,23.975000381469727,22.899219512939453
2021-04-05,24.552499771118164,25.594999313354492,24.49250030517578,25.415000915527344,24.27460289001465
2021-04-06,25.34000015258789,25.81999969482422,25.177499771118164,25.354999542236328,24.217296600341797
2021-04-07,25.25749969482422,25.7450008392334,25.024999618530273,25.542499542236328,24.39638328552246
2021-04-08,26.229999542236328,26.385000228881836,26.024999618530273,26.34000015258789,25.158096313476562
2021-04-09,26.0049991607666,26.864999771118164,25.829999923706055,26.8174991607666,25.61417007446289
2021-04-12,26.575000762939453,26.809999465942383,26.2450008392334,26.712499618530273,25.513887405395508
2021-04-13,27.094999313354492,27.75,27.030000686645508,27.627500534057617,26.387826919555664
2021-04-14,27.697500228881836,27.732500076293945,26.440000534057617,26.657499313354492,25.461349487304688
2021-04-15,27.342500686645508,27.9424991607666,27.309999465942383,27.834999084472656,26.586015701293945
2021-04-16,27.977500915527344,27.997499465942383,27.475000381469727,27.952499389648438,26.6982479095459
2021-04-19,27.537500381469727,27.842500686645508,26.6875,27.190000534057617,25.969955444335938
2021-04-20,27.012500762939453,27.329999923706055,26.09749984741211,26.594999313354492,25.401655197143555
2021-04-21,26.25,27.3075008392334,26.0049991607666,27.267499923706055,26.04397964477539
2021-04-22,27.167499542236328,27.407499313354492,25.985000610351562,26.274999618530273,25.09601402282715
2021-04-23,26.43000030517578,27.579999923706055,26.43000030517578,27.264999389648438,26.04159164428711
2021-04-26,27.327499389648438,27.86750030517578,27.137500762939453,27.80500030517578,26.557361602783203
2021-04-27,27.86750030517578,27.917499542236328,27.1924991607666,27.440000534057617,26.208738327026367
2021-04-28,27.34749984741211,27.600000381469727,26.99250030517578,27.157499313354492,25.938915252685547
2021-04-29,27.96500015258789,28.0575008392334,26.645000457763672,27.43000030517578,26.199190139770508
2021-04-30,26.822500228881836,27.450000762939453,26.672500610351562,26.915000915527344,25.707298278808594
2021-05-03,27.190000534057617,27.372499465942383,26.357500076293945,26.475000381469727,25.28704261779785
2021-05-04,25.862499237060547,25.922500610351562,24.112499237060547,25.079999923706055,23.954633712768555
2021-05-05,25.510000228881836,25.712499618530273,24.600000381469727,24.787500381469727,23.675256729125977
2021-05-06,24.717500686645508,25.3700008392334,24.197500228881836,25.329999923706055,24.193418502807617
2021-05-07,25.99250030517578,26.520000457763672,25.6924991607666,25.950000762939453,24.78559684753418
2021-05-10,25.622499465942383,25.665000915527344,23.940000534057617,24.0,22.923095703125
2021-05-11,22.647499084472656,24.059999465942383,22.5,23.8799991607666,22.808475494384766
2021-05-12,22.7549991607666,23.287500381469727,21.829999923706055,22.0625,21.072534561157227
2021-05-13,22.649999618530273,23.167499542236328,22.017499923706055,22.52750015258789,21.516666412353516
2021-05-14,23.219999313354492,24.22249984741211,23.104999542236328,23.99250030517578,22.91593360900879
2021-05-17,23.627500534057617,23.790000915527344,22.9325008392334,23.587499618530273,22.529104232788086
2021-05-18,23.802499771118164,24.06999969482422,23.047500610351562,23.092500686645508,22.056316375732422
2021-05-19,21.912500381469727,23.247499465942383,21.832500457763672,23.177499771118164,22.13749885559082
2021-05-20,23.517499923706055,24.71500015258789,23.457500457763672,24.517499923706055,23.417373657226562
2021-05-21,24.885000228881836,24.982500076293945,24.02750015258789,24.112499237060547,23.030548095703125
2021-05-24,24.637500762939453,25.584999084472656,24.55500030517578,25.31999969482422,24.183866500854492
2021-05-25,25.6875,25.860000610351562,25.157499313354492,25.4424991607666,24.30086898803711
2021-05-26,25.59000015258789,25.809999465942383,25.43000030517578,25.700000762939453,24.546815872192383
2021-05-27,25.592500686645508,25.790000915527344,25.360000610351562,25.399999618530273,24.260278701782227
2021-05-28,25.69499969482422,26.024999618530273,25.575000762939453,25.647499084472656,24.496671676635742
2021-06-01,25.962499618530273,26.075000762939453,25.072500228881836,25.397499084472656,24.257888793945312
2021-06-02,25.487499237060547,25.74250030517578,25.13249969482422,25.530000686645508,24.384443283081055
2021-06-03,24.872499465942383,25.167499542236328,24.344999313354492,24.727500915527344,23.61795425415039
2021-06-04,25.157499313354492,26.09749984741211,25.13249969482422,25.9950008392334,24.828577041625977
2021-06-07,25.857500076293945,26.24250030517578,25.702499389648438,26.225000381469727,25.048255920410156
2021-06-08,26.645000457763672,26.854999542236328,25.857500076293945,26.2549991607666,25.076913833618164
2021-06-09,26.59000015258789,26.780000686645508,26.232500076293945,26.28499984741211,25.105567932128906
2021-06-10,26.357500076293945,27.125,26.25,27.09000015258789,25.874448776245117
2021-06-11,27.104999542236328,27.309999465942383,26.940000534057617,27.30500030517578,26.079797744750977
2021-06-14,27.40999984741211,28.092500686645508,27.125,28.06999969482422,26.81047248840332
2021-06-15,28.0049991607666,28.084999084472656,27.364999771118164,27.549999237060547,26.313804626464844
2021-06-16,27.655000686645508,27.917499542236328,26.3799991607666,27.2549991607666,26.032041549682617
2021-06-17,26.989999771118164,28.520000457763672,26.982500076293945,28.272499084472656,27.003883361816406
2021-06-18,27.852500915527344,28.145000457763672,27.420000076293945,27.59749984741211,26.359174728393555
2021-06-21,27.657499313354492,28.200000762939453,27.09749984741211,28.102500915527344,26.841516494750977
2021-06-22,28.077499389648438,29.012500762939453,27.99250030517578,28.887500762939453,27.591289520263672
2021-06-23,28.892499923706055,29.239999771118164,28.732500076293945,28.9375,27.639041900634766
2021-06-24,29.434999465942383,29.872499465942383,29.297500610351562,29.469999313354492,28.14764976501465
2021-06-25,29.622499465942383,29.6875,29.212499618530273,29.377500534057617,28.05930519104004
2021-06-28,29.6924991607666,30.469999313354492,29.684999465942383,30.417499542236328,29.052635192871094
2021-06-29,30.389999389648438,30.770000457763672,30.167499542236328,30.760000228881836,29.37976837158203
2021-06-30,30.72249984741211,30.825000762939453,30.462499618530273,30.625,29.250823974609375
2021-07-01,30.520000457763672,30.78499984741211,30.162500381469727,30.639999389648438,29.265151977539062
2021-07-02,31.15999984741211,31.787500381469727,31.094999313354492,31.68000030517578,30.258485794067383
2021-07-06,31.862499237060547,32.189998626708984,31.125,32.10499954223633,30.66441535949707
2021-07-07,32.724998474121094,32.80500030517578,31.774999618530273,32.310001373291016,30.860218048095703
2021-07-08,30.922500610351562,31.96500015258789,30.559999465942383,31.75,30.325347900390625
2021-07-09,31.56999969482422,32.45000076293945,31.407499313354492,32.287498474121094,30.838726043701172
2021-07-12,32.70000076293945,32.8224983215332,32.26499938964844,32.692501068115234,31.225557327270508
2021-07-13,32.595001220703125,33.51750183105469,32.45249938964844,32.67499923706055,31.208837509155273
2021-07-14,33.34000015258789,33.52000045776367,32.63750076293945,32.852500915527344,31.378381729125977
2021-07-15,32.852500915527344,32.89500045776367,31.614999771118164,32.17250061035156,30.7288875579834
2021-07-16,32.415000915527344,32.6775016784668,31.292499542236328,31.38249969482422,29.974336624145508
2021-07-19,30.452499389648438,30.75,29.917499542236328,30.6299991607666,29.255596160888672
2021-07-20,30.860000610351562,32.07500076293945,30.387500762939453,31.639999389648438,30.22028160095215
2021-07-21,31.577499389648438,32.397499084472656,31.5,32.36249923706055,30.910358428955078
2021-07-22,32.462501525878906,33.04999923706055,32.459999084472656,33.04249954223633,31.559846878051758
2021-07-23,33.42499923706055,34.27750015258789,33.0724983215332,34.13999938964844,32.60810470581055
2021-07-26,34.005001068115234,34.39250183105469,33.7599983215332,34.282501220703125,32.74420928955078
2021-07-27,34.20750045776367,34.20750045776367,31.957500457763672,33.162498474121094,31.674463272094727
2021-07-28,33.46500015258789,33.96500015258789,32.817501068115234,33.525001525878906,32.02069854736328
2021-07-29,33.369998931884766,34.029998779296875,33.36750030517578,33.689998626708984,32.17829132080078
2021-07-30,32.587501525878906,33.337501525878906,32.567501068115234,33.185001373291016,31.695959091186523
2021-08-02,33.6349983215332,33.79750061035156,33.005001068115234,33.17499923706055,31.6864070892334
2021-08-03,33.36000061035156,33.79999923706055,32.462501525878906,33.752498626708984,32.23798370361328
2021-08-04,33.772499084472656,34.189998626708984,33.45000076293945,33.91999816894531,32.397972106933594
2021-08-05,34.13999938964844,34.619998931884766,33.95000076293945,34.557498931884766,33.006874084472656
2021-08-06,34.1974983215332,34.48249816894531,33.790000915527344,34.10749816894531,32.57706069946289
2021-08-09,34.227500915527344,34.44499969482422,33.91999816894531,34.290000915527344,32.751373291015625
2021-08-10,34.442501068115234,34.52750015258789,33.43000030517578,33.77750015258789,32.26186752319336
2021-08-11,34.125,34.26250076293945,33.209999084472656,33.595001220703125,32.087554931640625
2021-08-12,33.45249938964844,34.04999923706055,33.060001373291016,33.94499969482422,32.42184829711914
2021-08-13,34.04499816894531,34.40250015258789,33.907501220703125,34.28499984741211,32.7465934753418
2021-08-16,33.98500061035156,34.35749816894531,32.875,34.345001220703125,32.80390548706055
2021-08-17,33.5525016784668,33.837501525878906,32.74250030517578,33.442501068115234,31.94190216064453
2021-08-18,33.275001525878906,33.68000030517578,32.377498626708984,32.470001220703125,31.013038635253906
2021-08-19,31.934999465942383,33.400001525878906,31.862499237060547,32.932498931884766,31.454784393310547
2021-08-20,33.23749923706055,34.067501068115234,33.14500045776367,33.95000076293945,32.42662811279297
2021-08-23,34.25749969482422,35.67499923706055,34.25,35.462501525878906,33.87125778198242
2021-08-24,35.65250015258789,35.98500061035156,35.51750183105469,35.8125,34.20555877685547
2021-08-25,35.872501373291016,36.099998474121094,35.657501220703125,35.852500915527344,34.2437629699707
2021-08-26,35.66749954223633,35.877498626708984,35.11000061035156,35.244998931884766,33.66352081298828
2021-08-27,35.42250061035156,36.400001525878906,35.28499984741211,36.275001525878906,34.647300720214844
2021-08-30,36.5,37.630001068115234,36.48749923706055,37.477500915527344,35.79584884643555
2021-08-31,37.55500030517578,37.57500076293945,36.92250061035156,37.372501373291016,35.695560455322266
2021-09-01,37.70750045776367,38.20500183105469,37.51750183105469,37.57749938964844,35.891353607177734
2021-09-02,37.98749923706055,38.084999084472656,37.150001525878906,37.525001525878906,35.84122085571289
2021-09-03,37.17499923706055,37.98500061035156,37.165000915527344,37.86249923706055,36.16356658935547
2021-09-07,37.88750076293945,38.220001220703125,37.540000915527344,38.01750183105469,36.311614990234375
2021-09-08,37.95249938964844,37.962501525878906,36.9275016784668,37.627498626708984,35.939117431640625
2021-09-09,37.682498931884766,38.025001525878906,37.147499084472656,37.224998474121094,35.55467224121094
2021-09-10,37.75,37.962501525878906,36.27750015258789,36.38750076293945,34.754764556884766
2021-09-13,37.0724983215332,37.19499969482422,35.689998626708984,36.30500030517578,34.67595672607422
2021-09-14,36.73749923706055,36.96500015258789,35.70500183105469,35.99250030517578,34.377479553222656
2021-09-15,36.122501373291016,36.88999938964844,35.439998626708984,36.790000915527344,35.139198303222656
2021-09-16,36.38750076293945,37.032501220703125,35.810001373291016,36.86249923706055,35.20844650268555
2021-09-17,36.724998474121094,36.73249816894531,35.2400016784668,35.560001373291016,33.96438980102539
2021-09-20,33.85499954223633,34.3650016784668,32.0,33.372501373291016,31.875038146972656
2021-09-21,33.845001220703125,34.1875,33.147499084472656,33.415000915527344,31.915639877319336
2021-09-22,33.71500015258789,34.807498931884766,33.40250015258789,34.39250183105469,32.849281311035156
2021-09-23,34.727500915527344,35.64250183105469,34.54249954223633,35.34749984741211,33.76142120361328
2021-09-24,34.68000030517578,35.5625,34.57500076293945,35.4474983215332,33.85693359375
2021-09-27,34.5525016784668,34.849998474121094,33.849998474121094,34.592498779296875,33.04029846191406
2021-09-28,33.28499984741211,33.47249984741211,31.517499923706055,31.707500457763672,30.28474998474121
2021-09-29,31.989999771118164,32.5724983215332,31.325000762939453,31.497499465942383,30.084177017211914
2021-09-30,31.94499969482422,32.3849983215332,31.020000457763672,31.142499923706055,29.745107650756836
2021-10-01,31.3125,32.002498626708984,30.209999084472656,31.709999084472656,30.287139892578125
2021-10-04,31.274999618530273,31.372499465942383,29.11750030517578,29.760000228881836,28.424640655517578
2021-10-05,29.99250030517578,31.5,29.93000030517578,30.905000686645508,29.518264770507812
2021-10-06,30.065000534057617,31.579999923706055,29.815000534057617,31.514999389648438,30.10089111328125
2021-10-07,32.33000183105469,33.084999084472656,32.182498931884766,32.36750030517578,30.915136337280273
2021-10-08,32.66749954223633,32.72999954223633,31.74250030517578,31.8700008392334,30.439960479736328
2021-10-11,31.46500015258789,32.42250061035156,31.135000228881836,31.162500381469727,29.76420783996582
2021-10-12,31.542499542236328,31.655000686645508,30.65250015258789,30.844999313354492,29.460954666137695
2021-10-13,31.44499969482422,31.737499237060547,30.899999618530273,31.5674991607666,30.151031494140625
2021-10-14,32.52750015258789,33.36249923706055,32.349998474121094,33.310001373291016,31.81534767150879
2021-10-15,33.650001525878906,33.962501525878906,33.35499954223633,33.9275016784668,32.4051399230957
2021-10-18,33.5625,35.005001068115234,33.39500045776367,34.94499969482422,33.376983642578125
2021-10-19,35.2599983215332,35.75749969482422,35.06999969482422,35.712501525878906,34.110042572021484
2021-10-20,35.872501373291016,36.05500030517578,35.16999816894531,35.599998474121094,34.00259017944336
2021-10-21,35.36000061035156,36.3025016784668,35.282501220703125,36.23749923706055,34.611480712890625
2021-10-22,35.86750030517578,36.165000915527344,34.84000015258789,35.31999969482422,33.73515319824219
2021-10-25,35.747501373291016,36.682498931884766,35.18000030517578,36.380001068115234,34.74759292602539
2021-10-26,37.08000183105469,37.79999923706055,36.412498474121094,36.720001220703125,35.07233810424805
2021-10-27,36.88999938964844,37.93000030517578,36.814998626708984,37.0099983215332,35.34932327270508
2021-10-28,37.57749938964844,38.3125,37.349998474121094,38.224998474121094,36.509803771972656
2021-10-29,37.29750061035156,38.849998474121094,37.19499969482422,38.790000915527344,37.04945755004883
2021-11-01,38.95000076293945,39.23249816894531,38.29499816894531,39.17250061035156,37.4147834777832
2021-11-02,39.00749969482422,39.842498779296875,38.9900016784668,39.69499969482422,37.91383743286133
2021-11-03,39.834999084472656,41.08000183105469,39.51750183105469,40.95500183105469,39.117305755615234
2021-11-04,41.35749816894531,42.837501525878906,41.182498931884766,42.48249816894531,40.576271057128906
2021-11-05,43.1150016784668,43.415000915527344,42.182498931884766,42.63999938964844,40.72670364379883
2021-11-08,42.625,42.974998474121094,42.26499938964844,42.46500015258789,40.55955505371094
2021-11-09,42.8125,42.9474983215332,41.14250183105469,41.59000015258789,39.72381591796875
2021-11-10,40.68000030517578,41.599998474121094,39.125,39.76750183105469,37.983097076416016
2021-11-11,40.6875,40.747501373291016,39.974998474121094,40.09000015258789,38.29112243652344
2021-11-12,40.45249938964844,41.51750183105469,39.9375,41.36249923706055,39.50653076171875
2021-11-15,41.727500915527344,41.82749938964844,40.522499084472656,41.349998474121094,39.49458694458008
2021-11-16,41.0724983215332,42.352500915527344,41.01499938964844,42.20500183105469,40.31122589111328
2021-11-17,42.3025016784668,42.92250061035156,41.9474983215332,42.255001068115234,40.35898208618164
2021-11-18,42.91999816894531,43.724998474121094,42.192501068115234,43.54750061035156,41.593475341796875
2021-11-19,44.10749816894531,44.717498779296875,43.83000183105469,44.28499984741211,42.29789352416992
2021-11-22,44.8224983215332,45.84000015258789,42.71500015258789,42.75,40.831764221191406
2021-11-23,42.36249923706055,43.04249954223633,40.6974983215332,42.16749954223633,40.27540588378906
2021-11-24,41.32749938964844,42.63999938964844,40.58250045776367,42.557498931884766,40.64789581298828
2021-11-26,41.69499969482422,42.15999984741211,39.68000030517578,40.209999084472656,38.40574645996094
2021-11-29,41.54999923706055,43.040000915527344,41.33250045776367,42.70750045776367,40.79116439819336
2021-11-30,42.41999816894531,43.1974983215332,40.1775016784668,40.872501373291016,39.03851318359375
2021-12-01,42.21500015258789,42.904998779296875,38.61750030517578,38.775001525878906,37.03512954711914
2021-12-02,38.35499954223633,40.130001068115234,37.912498474121094,39.505001068115234,37.73236846923828
2021-12-03,40.0,40.31999969482422,36.23249816894531,37.52000045776367,35.8364372253418
2021-12-06,37.647499084472656,38.81999969482422,36.38249969482422,38.397499084472656,36.674560546875
2021-12-07,40.442501068115234,42.06999969482422,40.435001373291016,41.86000061035156,39.9817008972168
2021-12-08,41.97249984741211,42.5,41.36750030517578,42.442501068115234,40.53805923461914
2021-12-09,42.037498474121094,42.627498626708984,40.5,40.61000061035156,38.787784576416016
2021-12-10,41.442501068115234,41.95750045776367,40.44499969482422,41.86750030517578,39.98886489868164
2021-12-13,41.86750030517578,41.97249984741211,39.94499969482422,40.067501068115234,38.2696418762207
2021-12-14,38.529998779296875,39.38999938964844,37.45750045776367,38.875,37.130638122558594
2021-12-15,38.7400016784668,41.567501068115234,37.50749969482422,41.4474983215332,39.58770751953125
2021-12-16,41.752498626708984,41.904998779296875,37.73749923706055,38.28499984741211,36.56711196899414
2021-12-17,37.20750045776367,38.9474983215332,36.75,37.70000076293945,36.008365631103516
2021-12-20,36.255001068115234,36.8125,35.625,36.5724983215332,34.931453704833984
2021-12-21,37.540000915527344,39.11249923706055,36.4275016784668,39.01750183105469,37.266746520996094
2021-12-22,38.89500045776367,40.5,38.70500183105469,40.40999984741211,38.59675979614258
2021-12-23,40.54249954223633,41.8224983215332,40.49250030517578,41.369998931884766,39.5136833190918
2021-12-27,41.772499084472656,43.38249969482422,41.75,43.34749984741211,41.40245819091797
2021-12-28,43.689998626708984,43.744998931884766,42.50749969482422,42.837501525878906,40.91534423828125
2021-12-29,42.82749938964844,43.247501373291016,41.98749923706055,42.77000045776367,40.850868225097656
2021-12-30,42.692501068115234,43.415000915527344,42.192501068115234,42.369998931884766,40.46882247924805
2021-12-31,42.157501220703125,42.599998474121094,41.4275016784668,41.58250045776367,39.71665573120117
2022-01-03,41.95750045776367,42.86000061035156,41.279998779296875,42.782501220703125,40.8628044128418
2022-01-04,42.95750045776367,42.97249984741211,40.09749984741211,41.119998931884766,39.274898529052734
2022-01-05,40.595001220703125,40.93000030517578,37.25,37.337501525878906,35.66213607788086
2022-01-06,36.75749969482422,38.20249938964844,36.10499954223633,37.23500061035156,35.564231872558594
2022-01-07,37.224998474121094,37.73500061035156,35.5,36.01750183105469,34.40135955810547
2022-01-10,34.587501525878906,36.23500061035156,33.025001525878906,36.150001525878906,34.52791213989258
2022-01-11,35.85749816894531,37.75749969482422,35.2599983215332,37.7400016784668,36.046566009521484
2022-01-12,38.49250030517578,38.98249816894531,37.470001220703125,38.16999816894531,36.457275390625
2022-01-13,38.564998626708984,38.775001525878906,35.0099983215332,35.400001525878906,33.81157302856445
2022-01-14,34.54499816894531,36.03499984741211,34.5,35.935001373291016,34.32255935668945
2022-01-18,34.244998931884766,34.86000061035156,33.029998779296875,33.345001220703125,31.848777770996094
2022-01-19,33.68000030517578,34.35499954223633,32.08000183105469,32.185001373291016,30.740829467773438
2022-01-20,33.0099983215332,34.09000015258789,30.75,30.940000534057617,29.551692962646484
2022-01-21,30.309999465942383,31.014999389648438,28.25,28.334999084472656,27.063581466674805
2022-01-24,26.924999237060547,28.875,24.084999084472656,28.7450008392334,27.455183029174805
2022-01-25,27.075000762939453,28.155000686645508,25.875,26.625,25.430313110351562
2022-01-26,28.4950008392334,29.424999237060547,25.684999465942383,26.575000762939453,25.382553100585938
2022-01-27,27.700000762939453,28.1200008392334,25.520000457763672,25.780000686645508,24.623226165771484
2022-01-28,26.200000762939453,28.229999542236328,25.049999237060547,28.184999465942383,26.920312881469727
2022-01-31,28.524999618530273,31.030000686645508,28.110000610351562,30.915000915527344,29.527816772460938
2022-02-01,31.209999084472656,31.674999237060547,29.864999771118164,31.5049991607666,30.091339111328125
2022-02-02,32.61000061035156,32.685001373291016,31.174999237060547,32.25,30.80290985107422
2022-02-03,29.65999984741211,30.53499984741211,28.059999465942383,28.3700008392334,27.097007751464844
2022-02-04,28.434999465942383,30.204999923706055,27.94499969482422,29.350000381469727,28.03303337097168
2022-02-07,29.53499984741211,30.135000228881836,28.360000610351562,28.684999465942383,27.397876739501953
2022-02-08,28.399999618530273,29.915000915527344,28.114999771118164,29.65999984741211,28.329124450683594
2022-02-09,30.780000686645508,31.540000915527344,30.3799991607666,31.5,30.086566925048828
2022-02-10,29.655000686645508,31.454999923706055,28.899999618530273,29.40999984741211,28.090341567993164
2022-02-11,29.389999389648438,29.774999618530273,26.280000686645508,26.639999389648438,25.444639205932617
2022-02-14,26.450000762939453,27.485000610351562,25.850000381469727,26.71500015258789,25.516271591186523
2022-02-15,27.915000915527344,28.719999313354492,27.674999237060547,28.649999618530273,27.36444664001465
2022-02-16,28.135000228881836,28.899999618530273,27.350000381469727,28.645000457763672,27.359668731689453
2022-02-17,27.81999969482422,28.024999618530273,25.985000610351562,26.104999542236328,24.93364143371582
2022-02-18,26.295000076293945,26.395000457763672,24.655000686645508,25.219999313354492,24.088350296020508
2022-02-22,24.520000457763672,25.75,23.604999542236328,24.440000534057617,23.343355178833008
2022-02-23,25.1200008392334,25.315000534057617,22.485000610351562,22.56999969482422,21.557260513305664
2022-02-24,20.3799991607666,24.924999237060547,20.30500030517578,24.780000686645508,23.6680965423584
2022-02-25,25.0,26.0049991607666,24.125,25.954999923706055,24.790374755859375
2022-02-28,25.229999542236328,26.594999313354492,24.959999084472656,26.229999542236328,25.053030014038086
2022-03-01,25.959999084472656,26.485000610351562,24.424999237060547,25.020000457763672,23.897327423095703
2022-03-02,25.334999084472656,26.524999618530273,24.709999084472656,26.21500015258789,25.038707733154297
2022-03-03,26.875,26.889999389648438,24.684999465942383,25.1200008392334,23.992839813232422
2022-03-04,24.584999084472656,24.899999618530273,23.5,24.045000076293945,22.966073989868164
2022-03-07,24.024999618530273,24.270000457763672,21.315000534057617,21.360000610351562,20.40155601501465
2022-03-08,21.19499969482422,23.0,20.385000228881836,21.065000534057617,20.11979103088379
2022-03-09,22.700000762939453,23.600000381469727,22.174999237060547,23.31999969482422,22.273609161376953
2022-03-10,22.450000762939453,22.809999465942383,21.594999313354492,22.56999969482422,21.557260513305664
2022-03-11,23.170000076293945,23.235000610351562,21.045000076293945,21.170000076293945,20.22008514404297
2022-03-14,20.905000686645508,21.565000534057617,19.780000686645508,19.93000030517578,19.035720825195312
2022-03-15,20.434999465942383,21.94499969482422,20.1200008392334,21.774999618530273,20.797929763793945
2022-03-16,22.579999923706055,24.239999771118164,21.844999313354492,24.219999313354492,23.133222579956055
2022-03-17,23.795000076293945,25.094999313354492,23.520000457763672,25.030000686645508,23.906877517700195
2022-03-18,24.729999542236328,26.704999923706055,24.46500015258789,26.584999084472656,25.39210319519043
2022-03-21,26.43000030517578,26.96500015258789,25.385000228881836,26.395000457763672,25.210628509521484
2022-03-22,26.53499984741211,28.170000076293945,26.434999465942383,27.954999923706055,26.70063018798828
2022-03-23,27.280000686645508,28.135000228881836,26.75,26.774999618530273,25.573579788208008
2022-03-24,27.21500015258789,28.545000076293945,26.704999923706055,28.510000228881836,27.230728149414062
2022-03-25,28.520000457763672,28.780000686645508,27.424999237060547,28.46500015258789,27.187747955322266
2022-03-28,28.459999084472656,29.80500030517578,28.165000915527344,29.760000228881836,28.424640655517578
2022-03-29,30.760000228881836,31.479999542236328,30.06999969482422,31.28499984741211,29.881216049194336
2022-03-30,30.84000015258789,31.270000457763672,29.899999618530273,30.344999313354492,28.9833927154541
2022-03-31,30.31999969482422,30.415000915527344,28.950000762939453,29.09000015258789,27.784698486328125
2022-04-01,29.21500015258789,29.40999984741211,28.200000762939453,28.96500015258789,27.665311813354492
2022-04-04,29.190000534057617,30.774999618530273,29.114999771118164,30.774999618530273,29.39409637451172
2022-04-05,30.40999984741211,30.579999923706055,28.43000030517578,28.739999771118164,27.450403213500977
2022-04-06,27.40999984741211,27.684999465942383,26.200000762939453,26.850000381469727,25.64521598815918
2022-04-07,26.614999771118164,27.545000076293945,25.790000915527344,27.024999618530273,25.812358856201172
2022-04-08,26.610000610351562,26.795000076293945,25.75,25.920000076293945,24.75694465637207
2022-04-11,24.915000915527344,25.135000228881836,23.975000381469727,24.079999923706055,22.9995059967041
2022-04-12,25.079999923706055,25.489999771118164,23.44499969482422,23.770000457763672,22.70341682434082
2022-04-13,23.829999923706055,25.420000076293945,23.665000915527344,25.19499969482422,24.064472198486328
2022-04-14,25.209999084472656,25.325000762939453,23.415000915527344,23.5,22.445531845092773
2022-04-18,23.235000610351562,24.0049991607666,22.90999984741211,23.565000534057617,22.507612228393555
2022-04-19,23.364999771118164,25.209999084472656,23.155000686645508,25.079999923706055,23.954633712768555
2022-04-20,25.28499984741211,25.3700008392334,23.719999313354492,23.950000762939453,22.875341415405273
2022-04-21,24.81999969482422,25.385000228881836,22.295000076293945,22.545000076293945,21.533388137817383
2022-04-22,22.524999618530273,22.78499984741211,20.639999389648438,20.7549991607666,19.823699951171875
2022-04-25,20.405000686645508,21.579999923706055,20.155000686645508,21.524999618530273,20.559152603149414
2022-04-26,21.110000610351562,21.145000457763672,19.049999237060547,19.104999542236328,18.24773597717285
2022-04-27,19.084999084472656,20.110000610351562,18.684999465942383,19.020000457763672,18.166555404663086
2022-04-28,19.915000915527344,21.364999771118164,19.139999389648438,21.030000686645508,20.086368560791016
2022-04-29,20.19499969482422,20.885000228881836,18.100000381469727,18.264999389648438,17.445430755615234
2022-05-02,18.125,19.139999389648438,17.565000534057617,19.125,18.266841888427734
2022-05-03,19.094999313354492,19.584999084472656,18.649999618530273,19.170000076293945,18.3098201751709
2022-05-04,19.2450008392334,21.225000381469727,18.264999389648438,21.06999969482422,20.124570846557617
2022-05-05,20.25,20.2549991607666,17.260000228881836,17.93000030517578,17.12546730041504
2022-05-06,17.545000076293945,18.264999389648438,16.549999237060547,17.30500030517578,16.52850914001465
2022-05-09,16.280000686645508,16.709999084472656,15.005000114440918,15.260000228881836,14.575270652770996
2022-05-10,16.360000610351562,16.540000915527344,15.140000343322754,15.78499984741211,15.07671070098877
2022-05-11,15.425000190734863,16.299999237060547,14.234999656677246,14.380000114440918,13.73475456237793
2022-05-12,13.71500015258789,14.944999694824219,13.345000267028809,14.265000343322754,13.624914169311523
2022-05-13,14.925000190734863,16.0,14.6899995803833,15.8149995803833,15.105364799499512
2022-05-16,15.5649995803833,15.890000343322754,15.09000015258789,15.324999809265137,14.637351036071777
2022-05-17,16.21500015258789,16.540000915527344,15.619999885559082,16.479999542236328,15.74052619934082
2022-05-18,15.729999542236328,15.845000267028809,13.845000267028809,14.074999809265137,13.443440437316895
2022-05-19,13.770000457763672,14.510000228881836,13.520000457763672,13.789999961853027,13.171228408813477
2022-05-20,14.324999809265137,14.420000076293945,12.46500015258789,13.670000076293945,13.05661392211914
2022-05-23,13.824999809265137,14.414999961853027,13.479999542236328,14.345000267028809,13.701324462890625
2022-05-24,13.574999809265137,13.680000305175781,12.71500015258789,13.449999809265137,12.84648609161377
2022-05-25,13.220000267028809,14.300000190734863,13.194999694824219,13.989999771118164,13.362255096435547
2022-05-26,13.880000114440918,15.390000343322754,13.84000015258789,15.15999984741211,14.479755401611328
2022-05-27,15.649999618530273,16.670000076293945,15.635000228881836,16.645000457763672,15.898123741149902
2022-05-31,16.649999618530273,17.0,15.864999771118164,16.524999618530273,15.783507347106934
2022-06-01,16.854999542236328,17.21500015258789,15.774999618530273,16.139999389648438,15.41578197479248
2022-06-02,15.960000038146973,17.489999771118164,15.725000381469727,17.450000762939453,16.667003631591797
2022-06-03,16.56999969482422,16.815000534057617,15.880000114440918,16.06999969482422,15.348922729492188
2022-06-06,16.809999465942383,17.065000534057617,16.0,16.270000457763672,15.539946556091309
2022-06-07,15.710000038146973,16.799999237060547,15.524999618530273,16.665000915527344,15.917226791381836
2022-06-08,16.540000915527344,16.969999313354492,16.165000915527344,16.325000762939453,15.592483520507812
2022-06-09,16.03499984741211,16.530000686645508,14.96500015258789,14.994999885559082,14.322159767150879
2022-06-10,14.130000114440918,14.3100004196167,13.335000038146973,13.395000457763672,12.793952941894531
2022-06-13,12.135000228881836,12.489999771118164,11.40999984741211,11.539999961853027,11.022188186645508
2022-06-14,11.819999694824219,11.9350004196167,11.260000228881836,11.614999771118164,11.09382438659668
2022-06-15,12.029999732971191,12.960000038146973,11.670000076293945,12.449999809265137,11.891355514526367
2022-06-16,11.494999885559082,11.5600004196167,10.65999984741211,10.930000305175781,10.439560890197754
2022-06-17,11.03499984741211,11.640000343322754,10.824999809265137,11.335000038146973,10.826386451721191
2022-06-21,11.90999984741211,12.489999771118164,11.890000343322754,12.1899995803833,11.643020629882812
2022-06-22,11.854999542236328,12.725000381469727,11.774999618530273,12.145000457763672,11.600042343139648
2022-06-23,12.470000267028809,12.78499984741211,12.085000038146973,12.664999961853027,12.096709251403809
2022-06-24,13.055000305175781,14.020000457763672,13.024999618530273,13.989999771118164,13.362255096435547
2022-06-27,14.175000190734863,14.25,13.5,13.65999984741211,13.047062873840332
2022-06-28,13.729999542236328,14.104999542236328,12.380000114440918,12.414999961853027,11.857925415039062
2022-06-29,12.390000343322754,12.645000457763672,12.050000190734863,12.4399995803833,11.881804466247559
2022-06-30,12.029999732971191,12.444999694824219,11.375,12.0,11.4615478515625
2022-07-01,11.800000190734863,12.25,11.550000190734863,12.194999694824219,11.647797584533691
2022-07-05,11.704999923706055,12.84000015258789,11.5,12.824999809265137,12.249529838562012
2022-07-06,12.885000228881836,13.359999656677246,12.640000343322754,13.069999694824219,12.483534812927246
2022-07-07,13.1899995803833,14.0,13.1850004196167,13.880000114440918,13.25719165802002
2022-07-08,13.494999885559082,14.154999732971191,13.354999542236328,13.944999694824219,13.319273948669434
2022-07-11,13.600000381469727,13.635000228881836,12.930000305175781,13.055000305175781,12.469208717346191
2022-07-12,13.220000267028809,13.489999771118164,12.454999923706055,12.675000190734863,12.106261253356934
2022-07-13,11.920000076293945,12.914999961853027,11.845000267028809,12.595000267028809,12.029850006103516
2022-07-14,12.234999656677246,12.84000015258789,11.8100004196167,12.725000381469727,12.154016494750977
2022-07-15,13.135000228881836,13.425000190734863,12.904999732971191,13.395000457763672,12.793952941894531
2022-07-18,13.805000305175781,14.0,12.90999984741211,13.085000038146973,12.497862815856934
2022-07-19,13.574999809265137,14.3100004196167,13.345000267028809,14.229999542236328,13.591483116149902
2022-07-20,14.329999923706055,15.125,14.220000267028809,14.944999694824219,14.274401664733887
2022-07-21,15.005000114440918,15.59000015258789,14.609999656677246,15.579999923706055,14.88090991973877
2022-07-22,15.4399995803833,15.765000343322754,14.475000381469727,14.765000343322754,14.102482795715332
2022-07-25,14.765000343322754,14.835000038146973,14.204999923706055,14.545000076293945,13.892349243164062
2022-07-26,14.244999885559082,14.28499984741211,13.524999618530273,13.664999961853027,13.051838874816895
2022-07-27,14.300000190734863,15.625,14.21500015258789,15.369999885559082,14.680334091186523
2022-07-28,15.34000015258789,15.90999984741211,14.760000228881836,15.8100004196167,15.100591659545898
2022-07-29,16.065000534057617,16.825000762939453,15.835000038146973,16.68000030517578,15.931551933288574
2022-08-01,16.389999389648438,17.209999084472656,16.219999313354492,16.655000686645508,15.907673835754395
2022-08-02,16.270000457763672,17.174999237060547,16.104999542236328,16.5,15.75963020324707
2022-08-03,16.774999618530273,17.975000381469727,16.655000686645508,17.81999969482422,17.020397186279297
2022-08-04,17.844999313354492,18.135000228881836,17.479999542236328,18.075000762939453,17.26395606994629
2022-08-05,17.21500015258789,17.989999771118164,17.075000762939453,17.645000457763672,16.853248596191406
2022-08-08,17.799999237060547,18.415000915527344,17.219999313354492,17.46500015258789,16.681331634521484
2022-08-09,17.139999389648438,17.184999465942383,16.594999313354492,16.864999771118164,16.108253479003906
2022-08-10,18.06999969482422,18.31999969482422,17.655000686645508,18.25,17.43110466003418
2022-08-11,18.665000915527344,19.010000228881836,17.834999084472656,17.975000381469727,17.168441772460938
2022-08-12,18.299999237060547,19.024999618530273,18.1200008392334,18.989999771118164,18.13789939880371
2022-08-15,18.825000762939453,19.540000915527344,18.81999969482422,19.44499969482422,18.57248306274414
2022-08-16,19.280000686645508,19.690000534057617,18.764999389648438,19.31999969482422,18.453092575073242
2022-08-17,18.7549991607666,19.165000915527344,18.274999618530273,18.649999618530273,17.813152313232422
2022-08-18,18.6299991607666,18.979999542236328,18.344999313354492,18.774999618530273,17.932544708251953
2022-08-19,18.239999771118164,18.350000381469727,17.53499984741211,17.674999237060547,16.881906509399414
2022-08-22,16.94499969482422,16.985000610351562,16.1299991607666,16.28499984741211,15.554277420043945
2022-08-23,16.21500015258789,16.674999237060547,16.100000381469727,16.229999542236328,15.50174331665039
2022-08-24,16.149999618530273,16.649999618530273,16.049999237060547,16.354999542236328,15.621134757995605
2022-08-25,16.639999389648438,17.219999313354492,16.469999313354492,17.21500015258789,16.442541122436523
2022-08-26,17.174999237060547,17.3700008392334,15.100000381469727,15.119999885559082,14.441548347473145
2022-08-29,14.675000190734863,15.0600004196167,14.479999542236328,14.654999732971191,13.997414588928223
2022-08-30,14.895000457763672,14.975000381469727,13.779999732971191,14.164999961853027,13.529401779174805
2022-08-31,14.579999923706055,14.699999809265137,13.885000228881836,13.904999732971191,13.281068801879883
2022-09-01,13.539999961853027,13.96500015258789,13.010000228881836,13.920000076293945,13.295395851135254
2022-09-02,14.319999694824219,14.520000457763672,13.085000038146973,13.34000015258789,12.74142074584961
2022-09-06,13.380000114440918,13.510000228881836,12.729999542236328,13.03499984741211,12.450104713439941
2022-09-07,13.09000015258789,13.949999809265137,13.055000305175781,13.805000305175781,13.185555458068848
2022-09-08,13.515000343322754,14.210000038146973,13.319999694824219,14.029999732971191,13.400459289550781
2022-09-09,14.34000015258789,15.010000228881836,14.329999923706055,14.920000076293945,14.250524520874023
2022-09-12,15.149999618530273,15.515000343322754,15.095000267028809,15.46500015258789,14.771072387695312
2022-09-13,14.119999885559082,14.305000305175781,12.779999732971191,12.920000076293945,12.340267181396484
2022-09-14,13.0649995803833,13.335000038146973,12.819999694824219,13.210000038146973,12.617254257202148
2022-09-15,12.9399995803833,13.274999618530273,12.324999809265137,12.545000076293945,11.982093811035156
2022-09-16,12.104999542236328,12.364999771118164,11.835000038146973,12.300000190734863,11.748085975646973
2022-09-19,11.970000267028809,12.614999771118164,11.960000038146973,12.595000267028809,12.029850006103516
2022-09-20,12.265000343322754,12.595000267028809,11.989999771118164,12.295000076293945,11.743311882019043
2022-09-21,12.404999732971191,12.960000038146973,11.614999771118164,11.619999885559082,11.098599433898926
2022-09-22,11.425000190734863,11.555000305175781,11.03499984741211,11.1899995803833,10.68789291381836
2022-09-23,10.899999618530273,10.930000305175781,10.225000381469727,10.654999732971191,10.176898956298828
2022-09-26,10.579999923706055,11.104999542236328,10.414999961853027,10.510000228881836,10.038406372070312
2022-09-27,10.90999984741211,11.175000190734863,10.25,10.520000457763672,10.047956466674805
2022-09-28,10.515000343322754,11.295000076293945,10.34000015258789,11.135000228881836,10.635361671447754
2022-09-29,10.654999732971191,10.694999694824219,9.8100004196167,10.194999694824219,9.737539291381836
2022-09-30,10.079999923706055,10.545000076293945,9.640000343322754,9.65999984741211,9.226546287536621
2022-10-03,9.850000381469727,10.505000114440918,9.680000305175781,10.329999923706055,9.86648178100586
2022-10-04,10.949999809265137,11.385000228881836,10.944999694824219,11.289999961853027,10.783409118652344
2022-10-05,10.835000038146973,11.5,10.505000114440918,11.289999961853027,10.783409118652344
2022-10-06,11.149999618530273,11.529999732971191,10.960000038146973,11.005000114440918,10.51119327545166
2022-10-07,10.4399995803833,10.454999923706055,9.579999923706055,9.75,9.312507629394531
2022-10-10,9.760000228881836,9.805000305175781,9.149999618530273,9.444999694824219,9.021193504333496
2022-10-11,9.260000228881836,9.569999694824219,8.869999885559082,9.069999694824219,8.663020133972168
2022-10-12,9.114999771118164,9.319999694824219,8.96500015258789,9.050000190734863,8.643918991088867
2022-10-13,8.260000228881836,9.8100004196167,8.15999984741211,9.654999732971191,9.221770286560059
2022-10-14,9.925000190734863,9.989999771118164,8.729999542236328,8.78499984741211,8.39080810546875
2022-10-17,9.404999732971191,9.75,9.399999618530273,9.649999618530273,9.216996192932129
2022-10-18,10.4350004196167,10.5,9.585000038146973,9.890000343322754,9.446227073669434
2022-10-19,9.704999923706055,10.119999885559082,9.505000114440918,9.770000457763672,9.331609725952148
2022-10-20,9.664999961853027,10.234999656677246,9.479999542236328,9.604999542236328,9.1740140914917
2022-10-21,9.489999771118164,10.345000267028809,9.364999771118164,10.28499984741211,9.823502540588379
2022-10-24,10.3149995803833,10.734999656677246,9.899999618530273,10.635000228881836,10.157798767089844
2022-10-25,10.739999771118164,11.319999694824219,10.734999656677246,11.274999618530273,10.769078254699707
2022-10-26,10.59000015258789,11.25,10.46500015258789,10.529999732971191,10.05750846862793
2022-10-27,10.395000457763672,10.5600004196167,9.885000228881836,9.949999809265137,9.503533363342285
2022-10-28,9.875,10.904999732971191,9.854999542236328,10.850000381469727,10.363149642944336
2022-10-31,10.59000015258789,10.6850004196167,10.244999885559082,10.475000381469727,10.004977226257324
2022-11-01,10.869999885559082,10.9350004196167,10.104999542236328,10.149999618530273,9.694559097290039
2022-11-02,10.140000343322754,10.489999771118164,9.09000015258789,9.100000381469727,8.691673278808594
2022-11-03,8.824999809265137,8.975000381469727,8.520000457763672,8.574999809265137,8.190230369567871
2022-11-04,9.0649995803833,9.175000190734863,8.425000190734863,8.975000381469727,8.572281837463379
2022-11-07,9.079999923706055,9.319999694824219,8.854999542236328,9.260000228881836,8.844494819641113
2022-11-08,9.425000190734863,9.8100004196167,9.045000076293945,9.460000038146973,9.03551959991455
2022-11-09,9.265000343322754,9.350000381469727,8.765000343322754,8.800000190734863,8.405135154724121
2022-11-10,10.074999809265137,10.770000457763672,9.850000381469727,10.725000381469727,10.243758201599121
2022-11-11,10.71500015258789,11.414999961853027,10.5600004196167,11.335000038146973,10.826386451721191
2022-11-14,11.085000038146973,11.479999542236328,10.90999984741211,11.03499984741211,10.539848327636719
2022-11-15,11.824999809265137,11.975000381469727,11.09000015258789,11.479999542236328,10.96488094329834
2022-11-16,11.25,11.289999961853027,10.90999984741211,11.015000343322754,10.520744323730469
2022-11-17,10.475000381469727,11.104999542236328,10.454999923706055,10.930000305175781,10.439560890197754
2022-11-18,11.279999732971191,11.289999961853027,10.640000343322754,10.920000076293945,10.430008888244629
2022-11-21,10.760000228881836,10.899999618530273,10.484999656677246,10.59000015258789,10.11481761932373
2022-11-22,10.664999961853027,11.050000190734863,10.414999961853027,11.03499984741211,10.539848327636719
2022-11-23,11.024999618530273,11.4350004196167,11.005000114440918,11.364999771118164,10.855040550231934
2022-11-25,11.170000076293945,11.25,11.074999809265137,11.130000114440918,10.630586624145508
2022-11-28,10.899999618530273,11.135000228881836,10.529999732971191,10.640000343322754,10.162571907043457
2022-11-29,10.65999984741211,10.710000038146973,10.234999656677246,10.385000228881836,9.919014930725098
2022-11-30,10.425000190734863,11.824999809265137,10.324999809265137,11.779999732971191,11.251418113708496
2022-12-01,11.850000381469727,12.085000038146973,11.505000114440918,11.845000267028809,11.313504219055176
2022-12-02,11.225000381469727,11.8149995803833,11.194999694824219,11.704999923706055,11.17978286743164
2022-12-05,11.4399995803833,11.600000381469727,10.930000305175781,11.114999771118164,10.616259574890137
2022-12-06,11.09000015258789,11.104999542236328,10.25,10.40999984741211,9.942893028259277
2022-12-07,10.279999732971191,10.515000343322754,10.09000015258789,10.28499984741211,9.823502540588379
2022-12-08,10.4350004196167,10.75,10.194999694824219,10.649999618530273,10.172123908996582
2022-12-09,10.524999618530273,10.845000267028809,10.385000228881836,10.444999694824219,9.976322174072266
2022-12-12,10.454999923706055,10.829999923706055,10.335000038146973,10.824999809265137,10.339271545410156
2022-12-13,12.09000015258789,12.114999771118164,10.859999656677246,11.164999961853027,10.66401481628418
2022-12-14,11.104999542236328,11.494999885559082,10.539999961853027,10.899999618530273,10.410903930664062
2022-12-15,10.430000305175781,10.515000343322754,9.675000190734863,9.819999694824219,9.379365921020508
2022-12-16,9.739999771118164,9.904999732971191,9.354999542236328,9.529999732971191,9.102380752563477
2022-12-19,9.550000190734863,9.5649995803833,8.989999771118164,9.135000228881836,8.725103378295898
2022-12-20,9.0,9.279999732971191,8.835000038146973,9.095000267028809,8.686898231506348
2022-12-21,9.204999923706055,9.625,9.114999771118164,9.489999771118164,9.06417465209961
2022-12-22,9.114999771118164,9.125,8.289999961853027,8.770000457763672,8.41995620727539
2022-12-23,8.604999542236328,8.859999656677246,8.414999961853027,8.795000076293945,8.443957328796387
2022-12-27,8.729999542236328,8.739999771118164,8.359999656677246,8.420000076293945,8.0839262008667
2022-12-28,8.375,8.600000381469727,8.050000190734863,8.079999923706055,7.757497787475586
2022-12-29,8.335000038146973,8.75,8.265000343322754,8.649999618530273,8.3047456741333
2022-12-30,8.380000114440918,8.649999618530273,8.25,8.649999618530273,8.3047456741333
2023-01-03,8.869999885559082,9.020000457763672,8.234999656677246,8.454999923706055,8.11752700805664
2023-01-04,8.664999961853027,8.744999885559082,8.270000457763672,8.585000038146973,8.242341041564941
2023-01-05,8.404999732971191,8.425000190734863,8.140000343322754,8.180000305175781,7.8535051345825195
2023-01-06,8.324999809265137,8.949999809265137,8.050000190734863,8.819999694824219,8.467961311340332
2023-01-09,9.039999961853027,9.479999542236328,8.944999694824219,9.005000114440918,8.645577430725098
2023-01-10,8.90999984741211,9.244999885559082,8.850000381469727,9.244999885559082,8.875997543334961
2023-01-11,9.34000015258789,9.71500015258789,9.260000228881836,9.704999923706055,9.31763744354248
2023-01-12,9.760000228881836,9.960000038146973,9.295000076293945,9.854999542236328,9.461648941040039
2023-01-13,9.585000038146973,10.085000038146973,9.550000190734863,10.050000190734863,9.648865699768066
2023-01-17,10.029999732971191,10.255000114440918,9.904999732971191,10.104999542236328,9.701671600341797
2023-01-18,10.289999961853027,10.454999923706055,9.694999694824219,9.729999542236328,9.341638565063477
2023-01-19,9.53499984741211,9.654999732971191,9.289999961853027,9.425000190734863,9.048813819885254
2023-01-20,9.59000015258789,10.225000381469727,9.479999542236328,10.194999694824219,9.788078308105469
2023-01-23,10.274999618530273,11.0,10.1899995803833,10.864999771118164,10.431336402893066
2023-01-24,10.680000305175781,10.9350004196167,10.619999885559082,10.800000190734863,10.368932723999023
2023-01-25,10.279999732971191,10.795000076293945,9.989999771118164,10.720000267028809,10.292123794555664
2023-01-26,11.109999656677246,11.359999656677246,10.800000190734863,11.34000015258789,10.88737964630127
2023-01-27,11.180000305175781,11.90999984741211,11.164999961853027,11.664999961853027,11.199405670166016
2023-01-30,11.274999618530273,11.449999809265137,10.925000190734863,10.96500015258789,10.527344703674316
2023-01-31,10.970000267028809,11.460000038146973,10.949999809265137,11.454999923706055,10.997786521911621
2023-02-01,11.430000305175781,12.475000381469727,11.180000305175781,12.194999694824219,11.708251953125
2023-02-02,12.979999542236328,13.725000381469727,12.875,13.454999923706055,12.917960166931152
2023-02-03,12.604999542236328,13.569999694824219,12.555000305175781,12.760000228881836,12.250701904296875
2023-02-06,12.425000190734863,12.725000381469727,12.260000228881836,12.4350004196167,11.938672065734863
2023-02-07,12.414999961853027,13.345000267028809,12.270000457763672,13.204999923706055,12.677939414978027
2023-02-08,13.024999618530273,13.149999618530273,12.404999732971191,12.494999885559082,11.99627685546875
2023-02-09,13.024999618530273,13.045000076293945,11.96500015258789,12.15999984741211,11.674649238586426
2023-02-10,11.880000114440918,12.130000114440918,11.609999656677246,11.90999984741211,11.434626579284668
2023-02-13,12.069999694824219,12.550000190734863,11.925000190734863,12.475000381469727,11.97707462310791
2023-02-14,12.270000457763672,12.869999885559082,12.024999618530273,12.744999885559082,12.236297607421875
2023-02-15,12.510000228881836,13.050000190734863,12.425000190734863,13.029999732971191,12.509923934936523
2023-02-16,12.414999961853027,12.9350004196167,12.265000343322754,12.28499984741211,11.794659614562988
2023-02-17,12.015000343322754,12.114999771118164,11.649999618530273,12.020000457763672,11.54023551940918
2023-02-21,11.550000190734863,11.725000381469727,11.145000457763672,11.175000190734863,10.728964805603027
2023-02-22,11.225000381469727,11.425000190734863,10.989999771118164,11.1850004196167,10.738564491271973
2023-02-23,11.595000267028809,11.614999771118164,10.975000381469727,11.46500015258789,11.0073881149292
2023-02-24,10.875,11.015000343322754,10.675000190734863,10.885000228881836,10.450538635253906
2023-02-27,11.239999771118164,11.399999618530273,11.050000190734863,11.119999885559082,10.676156044006348
2023-02-28,11.039999961853027,11.359999656677246,11.0,11.0649995803833,10.623353958129883
2023-03-01,11.029999732971191,11.104999542236328,10.6850004196167,10.795000076293945,10.364130020141602
2023-03-02,10.505000114440918,11.149999618530273,10.475000381469727,11.055000305175781,10.613754272460938
2023-03-03,11.25,11.765000343322754,11.1899995803833,11.729999542236328,11.261811256408691
2023-03-06,11.880000114440918,12.239999771118164,11.75,11.779999732971191,11.309813499450684
2023-03-07,11.779999732971191,11.890000343322754,11.260000228881836,11.34000015258789,10.88737964630127
2023-03-08,11.375,11.569999694824219,11.164999961853027,11.494999885559082,11.036189079284668
2023-03-09,11.555000305175781,11.854999542236328,10.795000076293945,10.890000343322754,10.455339431762695
2023-03-10,10.90999984741211,11.079999923706055,10.3100004196167,10.4399995803833,10.023301124572754
2023-03-13,10.234999656677246,11.074999809265137,10.0649995803833,10.664999961853027,10.23931884765625
2023-03-14,11.0600004196167,11.454999923706055,10.960000038146973,11.390000343322754,10.935381889343262
2023-03-15,11.085000038146973,11.609999656677246,10.914999961853027,11.555000305175781,11.093795776367188
2023-03-16,11.4399995803833,12.515000343322754,11.359999656677246,12.470000267028809,11.972275733947754
2023-03-17,12.46500015258789,12.755000114440918,12.050000190734863,12.28499984741211,11.794659614562988
2023-03-20,12.21500015258789,12.460000038146973,11.944999694824219,12.414999961853027,11.919468879699707
2023-03-21,12.654999732971191,13.0,12.46500015258789,12.9399995803833,12.423515319824219
2023-03-22,12.854999542236328,13.479999542236328,12.324999809265137,12.34000015258789,11.916531562805176
2023-03-23,12.800000190734863,13.305000305175781,12.4399995803833,12.779999732971191,12.341431617736816
2023-03-24,12.720000267028809,12.920000076293945,12.420000076293945,12.90999984741211,12.466970443725586
2023-03-27,12.994999885559082,13.130000114440918,12.529999732971191,12.645000457763672,12.211065292358398
2023-03-28,12.569999694824219,12.569999694824219,12.145000457763672,12.4350004196167,12.008271217346191
2023-03-29,12.880000114440918,13.1850004196167,12.78499984741211,13.114999771118164,12.664936065673828
2023-03-30,13.40999984741211,13.545000076293945,13.244999885559082,13.470000267028809,13.0077543258667
2023-03-31,13.5,14.15999984741211,13.454999923706055,14.130000114440918,13.645105361938477
2023-04-03,13.84000015258789,14.0600004196167,13.664999961853027,14.029999732971191,13.548537254333496
2023-04-04,14.079999923706055,14.21500015258789,13.710000038146973,13.890000343322754,13.413341522216797
2023-04-05,13.734999656677246,13.760000228881836,13.204999923706055,13.444999694824219,12.983611106872559
2023-04-06,13.229999542236328,13.779999732971191,13.055000305175781,13.71500015258789,13.244346618652344
2023-04-10,13.319999694824219,13.6899995803833,13.085000038146973,13.6850004196167,13.215375900268555
2023-04-11,13.680000305175781,13.6850004196167,13.350000381469727,13.420000076293945,12.959468841552734
2023-04-12,13.670000076293945,13.744999885559082,13.0,13.0649995803833,12.616650581359863
2023-04-13,13.265000343322754,13.869999885559082,13.244999885559082,13.8149995803833,13.340912818908691
2023-04-14,13.604999542236328,13.96500015258789,13.350000381469727,13.734999656677246,13.263660430908203
2023-04-17,13.675000190734863,13.8100004196167,13.404999732971191,13.75,13.278144836425781
2023-04-18,14.03499984741211,14.09000015258789,13.600000381469727,13.760000228881836,13.287801742553711
2023-04-19,13.4350004196167,13.869999885559082,13.420000076293945,13.729999542236328,13.258831024169922
2023-04-20,13.335000038146973,13.789999961853027,13.234999656677246,13.40999984741211,12.949812889099121
2023-04-21,13.350000381469727,13.545000076293945,13.125,13.4350004196167,12.973955154418945
2023-04-24,13.404999732971191,13.585000038146973,13.069999694824219,13.354999542236328,12.896698951721191
2023-04-25,13.140000343322754,13.225000381469727,12.585000038146973,12.600000381469727,12.167609214782715
2023-04-26,13.010000228881836,13.194999694824219,12.755000114440918,12.8100004196167,12.370403289794922
2023-04-27,13.279999732971191,13.914999961853027,13.194999694824219,13.845000267028809,13.36988639831543
2023-04-28,13.819999694824219,14.140000343322754,13.664999961853027,14.125,13.640275001525879
2023-05-01,14.069999694824219,14.265000343322754,13.9350004196167,14.085000038146973,13.60165023803711
2023-05-02,14.069999694824219,14.109999656677246,13.479999542236328,13.710000038146973,13.239518165588379
2023-05-03,13.75,14.100000381469727,13.414999961853027,13.4399995803833,12.978782653808594
2023-05-04,13.390000343322754,13.539999961853027,13.140000343322754,13.289999961853027,12.833929061889648
2023-05-05,13.5600004196167,14.229999542236328,13.515000343322754,14.104999542236328,13.620962142944336
2023-05-08,14.050000190734863,14.270000457763672,13.90999984741211,14.220000267028809,13.732016563415527
2023-05-09,13.994999885559082,14.109999656677246,13.904999732971191,13.944999694824219,13.466452598571777
2023-05-10,14.260000228881836,14.510000228881836,13.9350004196167,14.395000457763672,13.901012420654297
2023-05-11,14.454999923706055,14.595000267028809,14.244999885559082,14.515000343322754,14.016894340515137
2023-05-12,14.59000015258789,14.649999618530273,14.085000038146973,14.364999771118164,13.872040748596191
2023-05-15,14.425000190734863,14.625,14.21500015258789,14.585000038146973,14.084491729736328
2023-05-16,14.489999771118164,14.869999885559082,14.479999542236328,14.640000343322754,14.137605667114258
2023-05-17,14.774999618530273,15.239999771118164,14.614999771118164,15.164999961853027,14.644587516784668
2023-05-18,15.199999809265137,16.020000457763672,15.199999809265137,15.979999542236328,15.431617736816406
2023-05-19,16.014999389648438,16.1200008392334,15.725000381469727,15.869999885559082,15.325393676757812
2023-05-22,15.84000015258789,16.18000030517578,15.835000038146973,16.03499984741211,15.48473072052002
2023-05-23,15.779999732971191,15.949999809265137,15.364999771118164,15.414999961853027,14.886008262634277
2023-05-24,15.135000228881836,15.350000381469727,14.885000228881836,15.164999961853027,14.644587516784668
2023-05-25,16.18000030517578,16.434999465942383,15.84000015258789,16.260000228881836,15.702011108398438
2023-05-26,16.405000686645508,17.625,16.395000457763672,17.489999771118164,16.889801025390625
2023-05-30,18.155000686645508,18.334999084472656,17.520000457763672,17.735000610351562,17.126394271850586
2023-05-31,17.485000610351562,17.795000076293945,17.200000762939453,17.375,16.778749465942383
2023-06-01,17.3700008392334,18.21500015258789,17.204999923706055,18.0049991607666,17.38712501525879
2023-06-02,18.280000686645508,18.594999313354492,18.0049991607666,18.40999984741211,17.778230667114258
2023-06-05,18.3799991607666,18.850000381469727,18.280000686645508,18.450000762939453,17.816858291625977
2023-06-06,18.344999313354492,18.579999923706055,18.1299991607666,18.43000030517578,17.797544479370117
2023-06-07,18.469999313354492,18.780000686645508,17.385000228881836,17.489999771118164,16.889801025390625
2023-06-08,17.510000228881836,18.190000534057617,17.475000381469727,18.09000015258789,17.469207763671875
2023-06-09,18.34000015258789,18.809999465942383,18.100000381469727,18.309999465942383,17.68166160583496
2023-06-12,18.575000762939453,19.2549991607666,18.420000076293945,19.2450008392334,18.58457374572754
2023-06-13,19.684999465942383,19.815000534057617,19.15999984741211,19.674999237060547,18.999814987182617
2023-06-14,19.674999237060547,20.149999618530273,19.209999084472656,20.094999313354492,19.4054012298584
2023-06-15,19.8700008392334,21.045000076293945,19.7549991607666,20.799999237060547,20.086212158203125
2023-06-16,21.204999923706055,21.219999313354492,20.325000762939453,20.399999618530273,19.699939727783203
2023-06-20,20.145000457763672,20.540000915527344,19.799999237060547,20.299999237060547,19.60336685180664
2023-06-21,20.040000915527344,20.110000610351562,19.25,19.424999237060547,18.81772232055664
2023-06-22,19.184999465942383,20.094999313354492,19.1200008392334,20.06999969482422,19.44256019592285
2023-06-23,19.415000915527344,19.854999542236328,19.190000534057617,19.475000381469727,18.866161346435547
2023-06-26,19.3799991607666,19.834999084472656,18.670000076293945,18.704999923706055,18.1202335357666
2023-06-27,18.924999237060547,19.75,18.799999237060547,19.6299991607666,19.01631736755371
2023-06-28,19.334999084472656,20.06999969482422,19.315000534057617,19.75,19.132564544677734
2023-06-29,19.68000030517578,19.780000686645508,19.334999084472656,19.614999771118164,19.00178337097168
2023-06-30,20.200000762939453,20.674999237060547,20.145000457763672,20.5,19.85911750793457
2023-07-03,20.600000381469727,20.7450008392334,20.420000076293945,20.639999389648438,19.994741439819336
2023-07-05,20.360000610351562,20.920000076293945,20.354999542236328,20.625,19.980215072631836
2023-07-06,19.985000610351562,20.209999084472656,19.645000457763672,20.139999389648438,19.510372161865234
2023-07-07,20.094999313354492,20.6299991607666,19.889999389648438,19.934999465942383,19.31178092956543
2023-07-10,19.8799991607666,20.05500030517578,19.46500015258789,19.950000762939453,19.326311111450195
2023-07-11,20.010000228881836,20.309999465942383,19.649999618530273,20.235000610351562,19.602401733398438
2023-07-12,20.915000915527344,21.219999313354492,20.575000762939453,20.985000610351562,20.328954696655273
2023-07-13,21.510000228881836,22.18000030517578,21.415000915527344,22.030000686645508,21.341289520263672
2023-07-14,22.110000610351562,22.68000030517578,21.860000610351562,22.010000228881836,21.32191276550293
2023-07-17,22.139999389648438,22.78499984741211,22.05500030517578,22.6200008392334,21.912839889526367
2023-07-18,22.510000228881836,23.420000076293945,22.155000686645508,23.15999984741211,22.435956954956055
2023-07-19,23.364999771118164,23.56999969482422,22.90999984741211,23.15999984741211,22.435956954956055
2023-07-20,22.579999923706055,22.850000381469727,21.344999313354492,21.53499984741211,20.86176300048828
2023-07-21,21.940000534057617,22.09000015258789,21.2549991607666,21.344999313354492,20.677696228027344
2023-07-24,21.489999771118164,21.655000686645508,21.100000381469727,21.43000030517578,20.76004409790039
2023-07-25,21.540000915527344,22.139999389648438,21.540000915527344,21.860000610351562,21.176603317260742
2023-07-26,21.65999984741211,21.924999237060547,21.219999313354492,21.635000228881836,20.958637237548828
2023-07-27,22.55500030517578,22.844999313354492,21.225000381469727,21.450000762939453,20.779417037963867
2023-07-28,22.149999618530273,22.795000076293945,22.065000534057617,22.610000610351562,21.903156280517578
2023-07-31,22.665000915527344,22.854999542236328,22.40999984741211,22.655000686645508,21.946746826171875
2023-08-01,22.395000457763672,22.614999771118164,22.104999542236328,22.479999542236328,21.7772159576416
2023-08-02,21.844999313354492,21.850000381469727,20.764999389648438,21.010000228881836,20.353172302246094
2023-08-03,20.55500030517578,21.229999542236328,20.524999618530273,20.860000610351562,20.207866668701172
2023-08-04,21.19499969482422,21.584999084472656,20.485000610351562,20.56999969482422,19.926929473876953
2023-08-07,20.864999771118164,21.100000381469727,20.469999313354492,21.079999923706055,20.42098617553711
2023-08-08,20.645000457763672,20.645000457763672,20.0,20.540000915527344,19.89786720275879
2023-08-09,20.579999923706055,20.604999542236328,19.725000381469727,19.854999542236328,19.23427963256836
2023-08-10,20.329999923706055,20.875,19.684999465942383,19.94499969482422,19.321468353271484
2023-08-11,19.514999389648438,19.834999084472656,19.299999237060547,19.545000076293945,18.93397331237793
2023-08-14,19.415000915527344,20.219999313354492,19.299999237060547,20.19499969482422,19.56365394592285
2023-08-15,20.03499984741211,20.170000076293945,19.440000534057617,19.575000762939453,18.963037490844727
2023-08-16,19.459999084472656,19.709999084472656,18.90999984741211,18.924999237060547,18.333354949951172
2023-08-17,19.125,19.18000030517578,18.21500015258789,18.28499984741211,17.713363647460938
2023-08-18,17.764999389648438,18.405000686645508,17.684999465942383,18.200000762939453,17.63102149963379
2023-08-21,18.434999465942383,19.190000534057617,18.354999542236328,19.079999923706055,18.483510971069336
2023-08-22,19.485000610351562,19.489999771118164,18.885000228881836,18.9950008392334,18.401168823242188
2023-08-23,19.174999237060547,20.059999465942383,19.139999389648438,19.889999389648438,19.268184661865234
2023-08-24,20.440000534057617,20.454999923706055,18.549999237060547,18.579999923706055,17.999141693115234
2023-08-25,18.71500015258789,19.280000686645508,18.174999237060547,19.020000457763672,18.425386428833008
2023-08-28,19.475000381469727,19.584999084472656,19.040000915527344,19.44499969482422,18.83709716796875
2023-08-29,19.399999618530273,20.760000228881836,19.344999313354492,20.684999465942383,20.038331985473633
2023-08-30,20.71500015258789,21.139999389648438,20.540000915527344,21.030000686645508,20.372549057006836
2023-08-31,21.020000457763672,21.489999771118164,21.010000228881836,21.219999313354492,20.556608200073242
2023-09-01,21.604999542236328,21.68000030517578,20.875,21.145000457763672,20.483951568603516
2023-09-05,20.985000610351562,21.40999984741211,20.829999923706055,21.200000762939453,20.537235260009766
2023-09-06,21.06999969482422,21.1200008392334,20.290000915527344,20.639999389648438,19.994741439819336
2023-09-07,19.8700008392334,20.299999237060547,19.690000534057617,20.190000534057617,19.558807373046875
2023-09-08,20.155000686645508,20.6200008392334,20.084999084472656,20.25,19.616931915283203
2023-09-11,20.7450008392334,21.045000076293945,20.420000076293945,20.940000534057617,20.285364151000977
2023-09-12,20.670000076293945,20.905000686645508,20.200000762939453,20.270000457763672,19.63630485534668
2023-09-13,20.290000915527344,20.7450008392334,20.094999313354492,20.469999313354492,19.830055236816406
2023-09-14,20.75,21.1200008392334,20.399999618530273,20.950000762939453,20.2950496673584
2023-09-15,20.725000381469727,20.795000076293945,19.71500015258789,19.875,19.253658294677734
2023-09-18,19.71500015258789,20.110000610351562,19.665000915527344,19.920000076293945,19.29724884033203
2023-09-19,19.704999923706055,19.915000915527344,19.299999237060547,19.799999237060547,19.181005477905273
2023-09-20,19.885000228881836,19.950000762939453,18.850000381469727,18.875,18.349328994750977
2023-09-21,18.274999618530273,18.389999389648438,17.78499984741211,17.799999237060547,17.304264068603516
2023-09-22,18.065000534057617,18.389999389648438,17.760000228881836,17.815000534057617,17.318849563598633
2023-09-25,17.655000686645508,18.06999969482422,17.5049991607666,18.049999237060547,17.547304153442383
2023-09-26,17.655000686645508,17.739999771118164,17.084999084472656,17.2450008392334,16.764724731445312
2023-09-27,17.405000686645508,17.635000228881836,16.815000534057617,17.350000381469727,16.866796493530273
2023-09-28,17.19499969482422,18.084999084472656,17.065000534057617,17.770000457763672,17.275102615356445
2023-09-29,18.290000915527344,18.5,17.614999771118164,17.809999465942383,17.31398582458496
2023-10-02,17.834999084472656,18.450000762939453,17.739999771118164,18.235000610351562,17.72715187072754
2023-10-03,17.854999542236328,18.19499969482422,17.020000457763672,17.270000457763672,16.789024353027344
2023-10-04,17.389999389648438,18.094999313354492,17.31999969482422,17.969999313354492,17.469532012939453
2023-10-05,17.94499969482422,18.0,17.25,17.780000686645508,17.28482437133789
2023-10-06,17.325000762939453,18.844999313354492,17.204999923706055,18.674999237060547,18.15489959716797
2023-10-09,18.30500030517578,19.045000076293945,18.06999969482422,18.950000762939453,18.422239303588867
2023-10-10,19.0049991607666,19.684999465942383,18.924999237060547,19.260000228881836,18.723604202270508
2023-10-11,19.469999313354492,19.704999923706055,19.200000762939453,19.670000076293945,19.1221866607666
2023-10-12,19.735000610351562,20.024999618530273,19.059999465942383,19.440000534057617,18.898591995239258
2023-10-13,19.545000076293945,19.639999389648438,18.485000610351562,18.704999923706055,18.18406105041504
2023-10-16,18.90999984741211,19.5,18.885000228881836,19.334999084472656,18.7965145111084
2023-10-17,18.760000228881836,19.40999984741211,18.424999237060547,19.149999618530273,18.616666793823242
2023-10-18,18.735000610351562,19.09000015258789,18.165000915527344,18.34000015258789,17.829225540161133
2023-10-19,18.575000762939453,18.7549991607666,17.719999313354492,17.850000381469727,17.352874755859375
2023-10-20,17.760000228881836,17.850000381469727,17.010000228881836,17.045000076293945,16.570295333862305
2023-10-23,16.834999084472656,17.704999923706055,16.530000686645508,17.19499969482422,16.716115951538086
2023-10-24,17.450000762939453,17.795000076293945,17.200000762939453,17.68000030517578,17.187606811523438
2023-10-25,17.315000534057617,17.34000015258789,16.290000915527344,16.385000228881836,15.928675651550293
2023-10-26,16.190000534057617,16.31999969482422,15.234999656677246,15.430000305175781,15.000271797180176
2023-10-27,15.789999961853027,16.114999771118164,15.475000381469727,15.649999618530273,15.214144706726074
2023-10-30,15.975000381469727,16.344999313354492,15.789999961853027,16.155000686645508,15.705079078674316
2023-10-31,16.15999984741211,16.44499969482422,15.800000190734863,16.389999389648438,15.933533668518066
2023-11-01,16.5,17.315000534057617,16.485000610351562,17.235000610351562,16.755001068115234
2023-11-02,17.8799991607666,18.190000534057617,17.700000762939453,18.149999618530273,17.644519805908203
2023-11-03,18.350000381469727,18.989999771118164,18.315000534057617,18.790000915527344,18.266698837280273
2023-11-06,18.905000686645508,19.104999542236328,18.65999984741211,19.0049991607666,18.475704193115234
2023-11-07,19.174999237060547,19.684999465942383,18.985000610351562,19.540000915527344,18.995805740356445
2023-11-08,19.600000381469727,19.71500015258789,19.21500015258789,19.575000762939453,19.02983283996582
2023-11-09,19.670000076293945,19.854999542236328,19.030000686645508,19.110000610351562,18.577781677246094
2023-11-10,19.375,20.415000915527344,19.290000915527344,20.385000228881836,19.81727409362793
2023-11-13,20.125,20.364999771118164,19.875,20.200000762939453,19.637426376342773
2023-11-14,21.235000610351562,21.639999389648438,21.145000457763672,21.469999313354492,20.872055053710938
2023-11-15,21.809999465942383,21.889999389648438,21.299999237060547,21.530000686645508,20.93038558959961
2023-11-16,21.3799991607666,21.604999542236328,21.165000915527344,21.565000534057617,20.96441078186035
2023-11-17,21.440000534057617,21.75,21.28499984741211,21.579999923706055,20.978994369506836
2023-11-20,21.575000762939453,22.475000381469727,21.56999969482422,22.350000381469727,21.727548599243164
2023-11-21,22.045000076293945,22.079999923706055,21.645000457763672,21.94499969482422,21.333829879760742
2023-11-22,22.28499984741211,22.709999084472656,22.024999618530273,22.200000762939453,21.58172607421875
2023-11-24,22.125,22.225000381469727,21.924999237060547,22.09000015258789,21.474790573120117
2023-11-27,22.0049991607666,22.3700008392334,21.885000228881836,22.024999618530273,21.411598205566406
2023-11-28,21.899999618530273,22.299999237060547,21.834999084472656,22.200000762939453,21.58172607421875
2023-11-29,22.6200008392334,22.864999771118164,22.065000534057617,22.1200008392334,21.50395393371582
2023-11-30,22.149999618530273,22.229999542236328,21.420000076293945,21.934999465942383,21.3241024017334
2023-12-01,21.7450008392334,22.219999313354492,21.459999084472656,22.1200008392334,21.50395393371582
2023-12-04,21.454999923706055,21.53499984741211,20.864999771118164,21.489999771118164,20.891498565673828
2023-12-05,21.155000686645508,21.850000381469727,21.1299991607666,21.645000457763672,21.042186737060547
2023-12-06,22.139999389648438,22.15999984741211,21.204999923706055,21.260000228881836,20.667903900146484
2023-12-07,21.739999771118164,22.270000457763672,21.55500030517578,22.149999618530273,21.533119201660156
2023-12-08,21.825000762939453,22.5,21.795000076293945,22.415000915527344,21.790739059448242
2023-12-11,22.334999084472656,23.040000915527344,22.299999237060547,22.985000610351562,22.34486198425293
2023-12-12,22.989999771118164,23.549999237060547,22.78499984741211,23.540000915527344,22.88440704345703
2023-12-13,23.690000534057617,24.53499984741211,23.549999237060547,24.3700008392334,23.691293716430664
2023-12-14,24.625,24.864999771118164,23.774999618530273,24.329999923706055,23.652402877807617
2023-12-15,24.469999313354492,24.895000457763672,24.350000381469727,24.6200008392334,23.934328079223633
2023-12-18,24.7450008392334,25.299999237060547,24.684999465942383,25.135000228881836,24.43498420715332
2023-12-19,25.209999084472656,25.530000686645508,25.18000030517578,25.510000228881836,24.799545288085938
2023-12-20,25.239999771118164,25.635000228881836,24.229999542236328,24.270000457763672,23.697654724121094
2023-12-21,24.94499969482422,25.135000228881836,24.469999313354492,25.075000762939453,24.483671188354492
2023-12-22,25.299999237060547,25.469999313354492,24.81999969482422,25.174999237060547,24.581308364868164
2023-12-26,25.31999969482422,25.7549991607666,25.309999465942383,25.635000228881836,25.030466079711914
2023-12-27,25.674999237060547,25.829999923706055,25.510000228881836,25.770000457763672,25.162281036376953
2023-12-28,25.959999084472656,26.0049991607666,25.635000228881836,25.704999923706055,25.098812103271484
2023-12-29,25.690000534057617,25.760000228881836,25.0,25.350000381469727,24.75218391418457
2024-01-02,24.674999237060547,24.71500015258789,23.635000228881836,24.065000534057617,23.49748992919922
2024-01-03,23.584999084472656,23.770000457763672,23.21500015258789,23.295000076293945,22.745647430419922
2024-01-04,22.934999465942383,23.485000610351562,22.864999771118164,22.905000686645508,22.364843368530273
2024-01-05,22.93000030517578,23.459999084472656,22.735000610351562,22.989999771118164,22.447839736938477
2024-01-08,23.19499969482422,24.450000762939453,23.165000915527344,24.375,23.8001766204834
2024-01-09,23.829999923706055,24.704999923706055,23.80500030517578,24.53499984741211,23.956405639648438
2024-01-10,24.584999084472656,25.204999923706055,24.420000076293945,25.020000457763672,24.429967880249023
2024-01-11,25.225000381469727,25.485000610351562,24.200000762939453,25.139999389648438,24.54713249206543
2024-01-12,25.334999084472656,25.489999771118164,24.920000076293945,25.170000076293945,24.57642936706543
2024-01-16,24.940000534057617,25.454999923706055,24.665000915527344,25.155000686645508,24.561784744262695
2024-01-17,24.53499984741211,24.795000076293945,23.934999465942383,24.719999313354492,24.137041091918945
2024-01-18,25.295000076293945,25.860000610351562,25.05500030517578,25.780000686645508,25.172046661376953
2024-01-19,26.15999984741211,27.309999465942383,26.049999237060547,27.270000457763672,26.626909255981445
2024-01-22,27.704999923706055,27.959999084472656,27.2549991607666,27.3799991607666,26.73430824279785
2024-01-23,27.5049991607666,27.739999771118164,27.139999389648438,27.704999923706055,27.05164909362793
2024-01-24,28.475000381469727,28.950000762939453,28.059999465942383,28.15999984741211,27.495914459228516
2024-01-25,28.6299991607666,28.764999389648438,27.760000228881836,28.239999771118164,27.574033737182617
2024-01-26,27.84000015258789,28.19499969482422,27.59000015258789,27.719999313354492,27.066293716430664
2024-01-29,27.80500030517578,28.600000381469727,27.670000076293945,28.53499984741211,27.86207389831543
2024-01-30,28.344999313354492,28.459999084472656,27.799999237060547,27.96500015258789,27.305517196655273
2024-01-31,27.094999313354492,27.489999771118164,26.290000915527344,26.31999969482422,25.699308395385742
2024-02-01,26.645000457763672,27.31999969482422,26.454999923706055,27.25,26.60737419128418
2024-02-02,27.59000015258789,28.84000015258789,27.395000457763672,28.6200008392334,27.945070266723633
2024-02-05,28.594999313354492,28.709999084472656,27.78499984741211,28.475000381469727,27.803489685058594
2024-02-06,28.690000534057617,28.81999969482422,27.81999969482422,28.309999465942383,27.64238166809082
2024-02-07,28.844999313354492,29.329999923706055,28.584999084472656,29.155000686645508,28.467453002929688
2024-02-08,29.155000686645508,29.44499969482422,29.010000228881836,29.274999618530273,28.584625244140625
2024-02-09,29.514999389648438,30.30500030517578,29.354999542236328,30.135000228881836,29.42434310913086
2024-02-12,30.104999542236328,30.56999969482422,29.639999389648438,29.780000686645508,29.077713012695312
2024-02-13,28.1200008392334,28.934999465942383,27.719999313354492,28.3700008392334,27.70096778869629
2024-02-14,28.899999618530273,29.375,28.43000030517578,29.270000457763672,28.579742431640625
2024-02-15,29.405000686645508,29.604999542236328,28.864999771118164,29.514999389648438,28.81896209716797
2024-02-16,29.579999923706055,29.604999542236328,28.55500030517578,28.704999923706055,28.028064727783203
2024-02-20,28.290000915527344,28.59000015258789,27.274999618530273,28.040000915527344,27.378746032714844
2024-02-21,27.485000610351562,27.709999084472656,26.90999984741211,27.690000534057617,27.03700065612793
2024-02-22,29.389999389648438,30.299999237060547,29.2450008392334,30.084999084472656,29.375518798828125
2024-02-23,30.415000915527344,30.610000610351562,29.610000610351562,29.809999465942383,29.107009887695312
2024-02-26,29.969999313354492,30.184999465942383,29.71500015258789,29.770000457763672,29.067951202392578
2024-02-27,29.979999542236328,30.045000076293945,29.434999465942383,29.954999923706055,29.248586654663086
2024-02-28,29.514999389648438,29.764999389648438,29.274999618530273,29.469999313354492,28.775020599365234
2024-02-29,30.040000915527344,30.424999237060547,29.389999389648438,30.18000030517578,29.46828269958496
2024-03-01,30.375,31.7549991607666,30.364999771118164,31.565000534057617,30.82062339782715
2024-03-04,31.545000076293945,31.639999389648438,31.155000686645508,31.190000534057617,30.454463958740234
2024-03-05,30.549999237060547,30.549999237060547,29.010000228881836,29.520000457763672,28.8238468170166
2024-03-06,30.3700008392334,30.71500015258789,29.674999237060547,30.065000534057617,29.355993270874023
2024-03-07,30.774999618530273,31.65999984741211,30.454999923706055,31.405000686645508,30.66439437866211
2024-03-08,31.459999084472656,32.064998626708984,29.885000228881836,30.030000686645508,29.321821212768555
2024-03-11,29.704999923706055,29.940000534057617,29.280000686645508,29.68000030517578,28.980070114135742
2024-03-12,30.145000457763672,31.020000457763672,29.479999542236328,30.940000534057617,30.210359573364258
2024-03-13,30.719999313354492,30.729999542236328,29.985000610351562,30.219999313354492,29.507339477539062
2024-03-14,30.434999465942383,30.549999237060547,29.395000457763672,29.975000381469727,29.268115997314453
2024-03-15,29.344999313354492,29.459999084472656,28.645000457763672,28.8799991607666,28.198938369750977
2024-03-18,29.940000534057617,30.399999618530273,29.645000457763672,29.69499969482422,28.994718551635742
2024-03-19,29.270000457763672,29.989999771118164,28.84000015258789,29.899999618530273,29.194883346557617
2024-03-20,30.03499984741211,30.915000915527344,29.68000030517578,30.850000381469727,30.23116683959961
2024-03-21,31.875,31.975000381469727,31.209999084472656,31.25,30.623149871826172
2024-03-22,31.135000228881836,31.584999084472656,30.950000762939453,31.315000534057617,30.686843872070312
2024-03-25,30.739999771118164,31.315000534057617,30.530000686645508,30.9950008392334,30.373262405395508
2024-03-26,31.30500030517578,31.5049991607666,30.639999389648438,30.704999923706055,30.089078903198242
2024-03-27,31.28499984741211,31.315000534057617,30.354999542236328,30.975000381469727,30.35366439819336
2024-03-28,30.94499969482422,31.114999771118164,30.700000762939453,30.780000686645508,30.16257667541504
2024-04-01,30.959999084472656,31.4950008392334,30.559999465942383,30.969999313354492,30.3487606048584
2024-04-02,29.934999465942383,30.209999084472656,29.5,30.139999389648438,29.535411834716797
2024-04-03,29.700000762939453,30.729999542236328,29.690000534057617,30.34000015258789,29.731399536132812
2024-04-04,31.174999237060547,31.30500030517578,28.8700008392334,28.90999984741211,28.3300838470459
2024-04-05,29.200000762939453,30.46500015258789,29.030000686645508,29.93000030517578,29.32962417602539
2024-04-08,30.104999542236328,30.329999923706055,29.655000686645508,29.950000762939453,29.349224090576172
2024-04-09,30.405000686645508,30.469999313354492,29.290000915527344,30.260000228881836,29.653005599975586
2024-04-10,29.18000030517578,29.639999389648438,29.030000686645508,29.46500015258789,28.873952865600586
2024-04-11,29.80500030517578,31.030000686645508,29.34000015258789,30.850000381469727,30.23116683959961
2024-04-12,29.940000534057617,30.174999237060547,29.059999465942383,29.360000610351562,28.771059036254883
2024-04-15,30.100000381469727,30.114999771118164,27.719999313354492,27.885000228881836,27.325645446777344
2024-04-16,27.844999313354492,28.405000686645508,27.6200008392334,27.889999389648438,27.330547332763672
2024-04-17,28.270000457763672,28.274999618530273,26.674999237060547,26.854999542236328,26.31630516052246
2024-04-18,26.94499969482422,27.280000686645508,26.2549991607666,26.375,25.845937728881836
2024-04-19,26.139999389648438,26.235000610351562,24.424999237060547,24.739999771118164,24.243732452392578
2024-04-22,25.190000534057617,25.885000228881836,24.584999084472656,25.459999084472656,24.94928741455078
2024-04-23,25.809999465942383,26.809999465942383,25.7450008392334,26.594999313354492,26.061525344848633
2024-04-24,27.15999984741211,27.454999923706055,26.415000915527344,26.854999542236328,26.31630516052246
2024-04-25,25.450000762939453,26.594999313354492,25.239999771118164,26.424999237060547,25.894933700561523
2024-04-26,27.014999389648438,27.934999465942383,26.885000228881836,27.639999389648438,27.085561752319336
2024-04-29,28.040000915527344,28.165000915527344,27.440000534057617,27.969999313354492,27.4089412689209
2024-04-30,27.649999618530273,27.924999237060547,26.364999771118164,26.3700008392334,25.84103775024414
2024-05-01,26.075000762939453,27.399999618530273,25.635000228881836,25.799999237060547,25.282466888427734
2024-05-02,26.459999084472656,26.924999237060547,25.600000381469727,26.7549991607666,26.218311309814453
2024-05-03,28.165000915527344,28.55500030517578,27.864999771118164,28.350000381469727,27.78131866455078
2024-05-06,28.709999084472656,29.299999237060547,28.559999465942383,29.280000686645508,28.69266700744629
2024-05-07,29.360000610351562,29.614999771118164,29.139999389648438,29.280000686645508,28.69266700744629
2024-05-08,28.75,29.510000228881836,28.725000381469727,29.225000381469727,28.638769149780273
2024-05-09,29.25,29.5,28.875,29.385000228881836,28.79555892944336
2024-05-10,29.68000030517578,30.03499984741211,29.270000457763672,29.584999084472656,28.991544723510742
2024-05-13,29.959999084472656,29.985000610351562,29.489999771118164,29.780000686645508,29.182634353637695
2024-05-14,29.68000030517578,30.450000762939453,29.639999389648438,30.334999084472656,29.72650146484375
2024-05-15,30.844999313354492,31.809999465942383,30.530000686645508,31.735000610351562,31.098421096801758
2024-05-16,31.68000030517578,32.099998474121094,31.4950008392334,31.540000915527344,30.907329559326172
2024-05-17,31.545000076293945,31.68000030517578,31.010000228881836,31.469999313354492,30.838733673095703
2024-05-20,31.510000228881836,32.26499938964844,31.475000381469727,32.119998931884766,31.47569465637207
2024-05-21,31.719999313354492,32.334999084472656,31.674999237060547,32.28499984741211,31.63738441467285
2024-05-22,32.345001220703125,32.5,31.709999084472656,32.26499938964844,31.617786407470703
2024-05-23,33.25,33.255001068115234,31.399999618530273,31.78499984741211,31.147415161132812
2024-05-24,32.125,32.94499969482422,31.969999313354492,32.67499923706055,32.019561767578125
2024-05-28,32.93000030517578,33.04999923706055,32.400001525878906,33.029998779296875,32.3674430847168
2024-05-29,32.119998931884766,32.720001220703125,32.099998474121094,32.34000015258789,31.691280364990234
2024-05-30,32.125,32.150001525878906,30.9950008392334,31.299999237060547,30.672143936157227
2024-05-31,31.299999237060547,31.44499969482422,29.479999542236328,31.264999389648438,30.637845993041992
2024-06-03,31.864999771118164,32.07500076293945,30.479999542236328,31.56999969482422,30.93672752380371
2024-06-04,31.5,32.064998626708984,31.135000228881836,31.80500030517578,31.16701316833496
2024-06-05,32.560001373291016,33.7400016784668,32.32500076293945,33.724998474121094,33.04850387573242
2024-06-06,33.869998931884766,33.939998626708984,33.42499923706055,33.685001373291016,33.00930404663086
2024-06-07,33.560001373291016,34.165000915527344,33.310001373291016,33.560001373291016,32.88681411743164
2024-06-10,33.29499816894531,34.029998779296875,33.2400016784668,33.915000915527344,33.234683990478516
2024-06-11,33.65999984741211,34.65999984741211,33.33000183105469,34.6150016784668,33.920650482177734
2024-06-12,35.505001068115234,36.5099983215332,35.36000061035156,35.97999954223633,35.258262634277344
2024-06-13,36.78499984741211,36.94499969482422,36.03499984741211,36.55500030517578,35.82173156738281
2024-06-14,36.474998474121094,37.10499954223633,36.3650016784668,37.084999084472656,36.34109878540039
2024-06-17,37.13999938964844,38.86000061035156,36.834999084472656,38.43000030517578,37.659122467041016
2024-06-18,38.415000915527344,38.6150016784668,38.029998779296875,38.45000076293945,37.67871856689453
2024-06-20,38.72999954223633,38.83000183105469,37.11000061035156,37.54499816894531,36.791873931884766
2024-06-21,37.45000076293945,37.76499938964844,36.86000061035156,37.20000076293945,36.45379638671875
2024-06-24,36.90999984741211,37.314998626708984,35.900001525878906,35.939998626708984,35.21907043457031
2024-06-25,36.39500045776367,37.21500015258789,36.185001373291016,37.13999938964844,36.39500045776367
2024-06-26,36.79999923706055,37.349998474121094,36.70500183105469,37.22999954223633,36.622718811035156
2024-06-27,37.15999984741211,37.849998474121094,36.959999084472656,37.5,36.88832473754883
2024-06-28,37.64500045776367,38.76499938964844,36.724998474121094,36.90999984741211,36.30794143676758
2024-07-01,37.08000183105469,37.64500045776367,36.209999084472656,37.51499938964844,36.903072357177734
2024-07-02,37.14500045776367,38.689998626708984,37.119998931884766,38.665000915527344,38.03431701660156
2024-07-03,38.474998474121094,39.654998779296875,38.474998474121094,39.6150016784668,38.968814849853516
2024-07-05,39.78499984741211,40.92499923706055,39.71500015258789,40.814998626708984,40.14924621582031
2024-07-08,40.904998779296875,41.23500061035156,40.63999938964844,41.084999084472656,40.41483688354492
2024-07-09,41.459999084472656,41.744998931884766,40.810001373291016,41.17499923706055,40.50337219238281
2024-07-10,41.65999984741211,42.599998474121094,41.334999084472656,42.46500015258789,41.77233123779297
2024-07-11,42.48500061035156,42.529998779296875,39.349998474121094,39.67499923706055,39.0278434753418
2024-07-12,39.755001068115234,41.470001220703125,39.650001525878906,40.31999969482422,39.66231918334961
2024-07-15,40.73500061035156,41.810001373291016,40.1150016784668,40.619998931884766,39.95743179321289
2024-07-16,40.970001220703125,41.17499923706055,39.869998931884766,40.650001525878906,39.986942291259766
2024-07-17,38.665000915527344,38.78499984741211,37.04499816894531,37.07500076293945,36.47025680541992
2024-07-18,37.904998779296875,37.959999084472656,35.775001525878906,36.52000045776367,35.92430114746094
2024-07-19,36.400001525878906,36.98500061035156,35.220001220703125,35.529998779296875,34.95044708251953
2024-07-22,36.82500076293945,37.314998626708984,36.060001373291016,37.08000183105469,36.47517395019531
2024-07-23,36.8650016784668,37.564998626708984,36.56999969482422,36.68000030517578,36.081695556640625
2024-07-24,35.1150016784668,35.189998626708984,32.525001525878906,32.724998474121094,32.19120788574219
2024-07-25,32.779998779296875,33.66999816894531,31.065000534057617,31.635000228881836,31.118986129760742
2024-07-26,32.5,33.16999816894531,31.889999389648438,32.540000915527344,32.00922775268555
2024-07-29,33.1349983215332,33.595001220703125,32.2599983215332,32.72999954223633,32.196128845214844
2024-07-30,33.13999938964844,33.29499816894531,30.670000076293945,31.395000457763672,30.882902145385742
2024-07-31,33.4900016784668,34.5,33.189998626708984,34.13999938964844,33.58312225341797
2024-08-01,34.290000915527344,35.11000061035156,30.850000381469727,31.68000030517578,31.163249969482422
2024-08-02,29.825000762939453,30.360000610351562,28.5,29.3700008392334,28.890932083129883
2024-08-05,24.665000915527344,28.094999313354492,24.399999618530273,26.809999465942383,26.37268829345703
2024-08-06,27.065000534057617,28.875,26.56999969482422,27.479999542236328,27.03175926208496
2024-08-07,28.78499984741211,29.2549991607666,26.5,26.594999313354492,26.161195755004883
2024-08-08,27.725000381469727,29.174999237060547,27.0049991607666,29.030000686645508,28.556476593017578
2024-08-09,28.719999313354492,29.764999389648438,28.5,29.424999237060547,28.945032119750977
2024-08-12,29.614999771118164,30.200000762939453,29.05500030517578,29.625,29.14177131652832
2024-08-13,30.479999542236328,31.854999542236328,30.450000762939453,31.780000686645508,31.26162338256836
2024-08-14,31.9950008392334,32.31999969482422,30.934999465942383,31.834999084472656,31.31572151184082
2024-08-15,33.064998626708984,34.314998626708984,32.994998931884766,34.22999954223633,33.67165756225586
2024-08-16,33.810001373291016,34.630001068115234,33.595001220703125,34.31999969482422,33.760189056396484
2024-08-19,34.34000015258789,35.67499923706055,33.94499969482422,35.650001525878906,35.06850051879883
2024-08-20,35.45000076293945,36.029998779296875,35.04499816894531,35.43000030517578,34.852081298828125
2024-08-21,35.59000015258789,36.33000183105469,35.209999084472656,35.915000915527344,35.32917404174805
2024-08-22,36.43000030517578,36.58000183105469,33.959999084472656,34.189998626708984,33.6323127746582
2024-08-23,35.099998474121094,35.86000061035156,34.25,35.26499938964844,34.68976974487305
2024-08-26,35.1349983215332,35.334999084472656,33.76499938964844,34.22999954223633,33.67165756225586
2024-08-27,33.8650016784668,34.75,33.42499923706055,34.52000045776367,33.95692443847656
2024-08-28,34.400001525878906,34.560001373291016,32.58000183105469,33.349998474121094,32.806007385253906
2024-08-29,33.724998474121094,34.71500015258789,32.89500045776367,33.17499923706055,32.63386154174805
2024-08-30,34.060001373291016,34.435001373291016,33.09000015258789,34.30500030517578,33.74542999267578
2024-09-03,33.630001068115234,33.65999984741211,30.645000457763672,31.174999237060547,30.666488647460938
2024-09-04,30.520000457763672,31.684999465942383,30.325000762939453,30.90999984741211,30.405813217163086
2024-09-05,30.56999969482422,31.860000610351562,30.360000610351562,31.010000228881836,30.504180908203125
2024-09-06,30.80500030517578,30.985000610351562,28.360000610351562,28.4950008392334,28.030202865600586
2024-09-09,29.28499984741211,29.7450008392334,28.670000076293945,29.55500030517578,29.072914123535156
2024-09-10,29.889999389648438,30.459999084472656,29.100000381469727,30.350000381469727,29.85494613647461
2024-09-11,30.59000015258789,32.474998474121094,28.885000228881836,32.28499984741211,31.758380889892578
2024-09-12,32.314998626708984,33.44499969482422,31.94499969482422,33.2400016784668,32.697811126708984
2024-09-13,33.07500076293945,33.935001373291016,33.025001525878906,33.67499923706055,33.125709533691406
2024-09-16,33.209999084472656,33.35499954223633,32.51499938964844,33.224998474121094,32.68305206298828
2024-09-17,33.849998474121094,34.130001068115234,32.73500061035156,33.244998931884766,32.70272445678711
2024-09-18,33.5099983215332,34.380001068115234,32.69499969482422,32.810001373291016,32.274818420410156
2024-09-19,35.150001525878906,35.900001525878906,34.70500183105469,35.290000915527344,34.7143669128418
2024-09-20,35.07500076293945,35.34000015258789,34.154998779296875,35.064998626708984,34.49303436279297
2024-09-23,35.310001373291016,35.57500076293945,35.02000045776367,35.32500076293945,34.74879455566406
2024-09-24,35.63999938964844,36.04499816894531,34.689998626708984,35.82500076293945,35.240638732910156
2024-09-25,35.56999969482422,36.244998931884766,35.529998779296875,35.834999084472656,35.36399459838867
2024-09-26,37.459999084472656,37.53499984741211,35.790000915527344,36.595001220703125,36.114009857177734
2024-09-27,36.810001373291016,36.83000183105469,35.69499969482422,35.96500015258789,35.49229431152344
2024-09-30,35.72999954223633,36.310001373291016,35.09000015258789,36.244998931884766,35.76860427856445
2024-10-01,36.13999938964844,36.21500015258789,33.849998474121094,34.709999084472656,34.253780364990234
2024-10-02,34.505001068115234,35.27000045776367,33.935001373291016,34.84000015258789,34.382080078125
2024-10-03,34.3650016784668,35.404998779296875,34.19499969482422,34.7599983215332,34.303123474121094
2024-10-04,36.0,36.08000183105469,34.88999938964844,35.98500061035156,35.512027740478516
2024-10-07,35.525001525878906,35.790000915527344,34.529998779296875,34.79999923706055,34.34260177612305
2024-10-08,35.33000183105469,36.4900016784668,35.154998779296875,36.310001373291016,35.8327522277832
2024-10-09,36.2599983215332,37.314998626708984,36.029998779296875,37.185001373291016,36.696258544921875
2024-10-10,36.65999984741211,37.474998474121094,36.36000061035156,37.05500030517578,36.567962646484375
2024-10-11,36.584999084472656,37.400001525878906,36.45000076293945,37.150001525878906,36.66171646118164
2024-10-14,37.720001220703125,38.40999984741211,37.60499954223633,38.099998474121094,37.59922790527344
2024-10-15,38.17499923706055,38.32500076293945,36.06999969482422,36.58000183105469,36.09920883178711
2024-10-16,36.619998931884766,36.744998931884766,35.834999084472656,36.560001373291016,36.079471588134766
2024-10-17,37.790000915527344,37.79999923706055,36.625,36.66999816894531,36.18802261352539
2024-10-18,37.22999954223633,37.57500076293945,37.064998626708984,37.31999969482422,36.8294792175293
2024-10-21,37.029998779296875,37.709999084472656,36.59000015258789,37.525001525878906,37.03178405761719
2024-10-22,36.904998779296875,37.974998474121094,36.72999954223633,37.6349983215332,37.14033889770508
2024-10-23,37.084999084472656,37.23500061035156,35.13999938964844,35.89500045776367,35.42321014404297
2024-10-24,36.709999084472656,36.900001525878906,36.119998931884766,36.75,36.266971588134766
2024-10-25,37.349998474121094,38.5,37.19499969482422,37.369998931884766,36.878822326660156
2024-10-28,38.095001220703125,38.095001220703125,37.33000183105469,37.404998779296875,36.91336441040039
2024-10-29,37.46500015258789,38.72999954223633,37.03499984741211,38.439998626708984,37.934757232666016
2024-10-30,38.275001525878906,38.4900016784668,37.470001220703125,37.584999084472656,37.09099197387695
2024-10-31,36.654998779296875,36.665000915527344,34.71500015258789,34.724998474121094,34.26858139038086
2024-11-01,35.040000915527344,36.18000030517578,34.98500061035156,35.46500015258789,34.998863220214844
2024-11-04,35.31999969482422,35.880001068115234,34.755001068115234,35.1349983215332,34.673194885253906
2024-11-05,35.474998474121094,36.619998931884766,35.459999084472656,36.470001220703125,35.99065399169922
2024-11-06,38.33000183105469,39.61000061035156,38.095001220703125,39.43000030517578,38.911746978759766
2024-11-07,40.08000183105469,41.46500015258789,40.04999923706055,41.275001525878906,40.73249816894531
2024-11-08,41.11000061035156,41.55500030517578,40.95500183105469,41.375,40.831180572509766
2024-11-11,41.665000915527344,41.71500015258789,40.59000015258789,41.29999923706055,40.757164001464844
2024-11-12,41.27000045776367,41.48500061035156,40.32500076293945,41.07500076293945,40.53512954711914
2024-11-13,40.93000030517578,41.54499816894531,40.34000015258789,40.89500045776367,40.35749053955078
2024-11-14,40.79499816894531,41.01499938964844,39.810001373291016,40.029998779296875,39.50385665893555
2024-11-15,38.6349983215332,38.724998474121094,36.64500045776367,37.1349983215332,36.646907806396484
2024-11-18,37.46500015258789,38.369998931884766,37.154998779296875,37.8849983215332,37.387054443359375
2024-11-19,37.275001525878906,38.775001525878906,37.209999084472656,38.64500045776367,38.13706588745117
2024-11-20,38.57500076293945,38.64500045776367,37.05500030517578,38.599998474121094,38.092655181884766
2024-11-21,39.275001525878906,39.439998626708984,37.279998779296875,38.97999954223633,38.46765899658203
2024-11-22,38.81999969482422,39.30500030517578,38.439998626708984,39.125,38.610755920410156
2024-11-25,40.08000183105469,40.435001373291016,38.77000045776367,39.30500030517578,38.788387298583984
2024-11-26,39.64500045776367,40.125,39.44499969482422,39.915000915527344,39.39037322998047
2024-11-27,39.64500045776367,39.654998779296875,38.165000915527344,38.95000076293945,38.438053131103516
2024-11-29,39.064998626708984,40.084999084472656,38.92499923706055,39.94499969482422,39.41997528076172
2024-12-02,40.2400016784668,41.474998474121094,40.14500045776367,41.2400016784668,40.697959899902344
2024-12-03,40.900001525878906,41.665000915527344,40.76499938964844,41.60499954223633,41.05815887451172
2024-12-04,42.435001373291016,43.185001373291016,42.255001068115234,43.125,42.55818176269531
2024-12-05,43.125,43.31999969482422,42.66999816894531,42.77000045776367,42.20784378051758
2024-12-06,42.88999938964844,43.935001373291016,42.86000061035156,43.869998931884766,43.29338455200195
2024-12-09,43.625,43.83000183105469,42.540000915527344,42.845001220703125,42.28186798095703
2024-12-10,43.125,43.560001373291016,42.025001525878906,42.380001068115234,41.822975158691406
2024-12-11,43.439998626708984,44.810001373291016,43.34000015258789,44.64500045776367,44.05820083618164
2024-12-12,44.064998626708984,44.3849983215332,43.63999938964844,43.7599983215332,43.184837341308594
2024-12-13,44.709999084472656,45.3849983215332,43.92499923706055,44.70000076293945,44.11247634887695
2024-12-16,45.36000061035156,46.89500045776367,45.334999084472656,46.64500045776367,46.03191375732422
2024-12-17,46.165000915527344,46.45500183105469,45.584999084472656,46.02000045776367,45.415130615234375
2024-12-18,45.82500076293945,46.28499984741211,40.64500045776367,41.04499816894531,40.505516052246094
2024-12-19,42.1349983215332,42.26499938964844,40.375,40.46500015258789,39.93314743041992
2024-12-20,39.529998779296875,42.93000030517578,39.25,41.51499938964844,40.969337463378906
2024-12-23,41.724998474121094,42.619998931884766,40.915000915527344,42.529998779296875,42.1104736328125
2024-12-24,42.974998474121094,44.2400016784668,42.81999969482422,44.220001220703125,43.7838020324707
2024-12-26,43.810001373291016,44.540000915527344,43.29499816894531,44.125,43.68973922729492
2024-12-27,43.185001373291016,43.29499816894531,41.13999938964844,42.33000183105469,41.91244888305664
2024-12-30,40.599998474121094,41.529998779296875,39.70500183105469,40.630001068115234,40.22921371459961
2024-12-31,40.900001525878906,41.08000183105469,39.34000015258789,39.564998626708984,39.17472457885742
2025-01-02,40.27000045776367,40.80500030517578,38.26499938964844,39.314998626708984,38.92718505859375
2025-01-03,39.994998931884766,41.45500183105469,39.810001373291016,41.20000076293945,40.7935905456543
2025-01-06,42.48500061035156,43.42499923706055,42.01499938964844,42.60499954223633,42.18473434448242
2025-01-07,42.86000061035156,42.94499969482422,39.85499954223633,40.310001373291016,39.91237258911133
2025-01-08,40.279998779296875,40.70500183105469,39.220001220703125,40.34000015258789,39.942073822021484
2025-01-10,39.400001525878906,39.40999984741211,37.6150016784668,38.415000915527344,38.03606414794922
2025-01-13,37.025001525878906,38.099998474121094,36.66999816894531,38.01499938964844,37.640010833740234
2025-01-14,38.7400016784668,39.029998779296875,37.095001220703125,37.880001068115234,37.50634002685547
2025-01-15,39.654998779296875,40.73500061035156,39.29999923706055,40.439998626708984,40.04108810424805
2025-01-16,41.005001068115234,41.025001525878906,39.599998474121094,39.6150016784668,39.22422409057617
2025-01-17,41.845001220703125,41.970001220703125,40.91999816894531,41.56999969482422,41.159942626953125
2025-01-21,42.224998474121094,42.57500076293945,41.165000915527344,42.2599983215332,41.843135833740234
2025-01-22,43.41999816894531,44.45500183105469,43.35499954223633,43.900001525878906,43.46696090698242
2025-01-23,43.27000045776367,44.189998626708984,43.1349983215332,44.16999816894531,43.73429489135742
2025-01-24,44.21500015258789,44.415000915527344,43.005001068115234,43.375,42.9471435546875
2025-01-27,38.790000915527344,40.51499938964844,38.59000015258789,39.56999969482422,39.1796760559082
2025-01-28,39.790000915527344,41.584999084472656,39.0,41.32500076293945,40.917362213134766
2025-01-29,41.45500183105469,41.4900016784668,40.130001068115234,41.06999969482422,40.66486740112305
2025-01-30,41.73500061035156,42.29499816894531,40.43000030517578,41.584999084472656,41.1747932434082
2025-01-31,42.459999084472656,43.54499816894531,41.09000015258789,41.36000061035156,40.95201110839844
2025-02-03,39.26499938964844,40.994998931884766,38.66999816894531,40.36000061035156,39.96187973022461
2025-02-04,40.45500183105469,41.970001220703125,40.3650016784668,41.82500076293945,41.41242980957031
2025-02-05,41.17499923706055,42.40999984741211,40.880001068115234,42.369998931884766,41.952049255371094
2025-02-06,42.47999954223633,43.064998626708984,42.095001220703125,43.005001068115234,42.580787658691406
2025-02-07,43.130001068115234,43.595001220703125,41.17499923706055,41.3650016784668,40.95696258544922
2025-02-10,42.3650016784668,43.099998474121094,42.25,42.81999969482422,42.39760971069336
2025-02-11,42.03499984741211,42.994998931884766,42.005001068115234,42.51499938964844,42.095619201660156
2025-02-12,41.13999938964844,42.80500030517578,41.04999923706055,42.599998474121094,42.17978286743164
2025-02-13,42.9900016784668,44.47999954223633,42.790000915527344,44.39500045776367,43.95707702636719
2025-02-14,44.404998779296875,45.09000015258789,44.29999923706055,44.915000915527344,44.471946716308594
2025-02-18,45.314998626708984,45.375,44.375,45.19499969482422,44.74918746948242
2025-02-19,45.0,45.560001373291016,44.459999084472656,45.20000076293945,44.75413513183594
2025-02-20,45.025001525878906,45.1150016784668,43.44499969482422,44.650001525878906,44.209564208984375
2025-02-21,44.8849983215332,44.89500045776367,41.73500061035156,41.85499954223633,41.442134857177734
2025-02-24,42.25,42.525001525878906,40.25,40.349998474121094,39.95197296142578
2025-02-25,40.165000915527344,40.189998626708984,37.88999938964844,38.810001373291016,38.42716979980469
2025-02-26,39.290000915527344,40.224998474121094,38.345001220703125,39.060001373291016,38.674705505371094
2025-02-27,39.86000061035156,40.084999084472656,35.7400016784668,35.81999969482422,35.4666633605957
2025-02-28,35.72999954223633,37.584999084472656,35.040000915527344,37.459999084472656,37.090484619140625
2025-03-03,38.185001373291016,38.525001525878906,34.220001220703125,35.040000915527344,34.694358825683594
2025-03-04,34.380001068115234,36.3849983215332,33.005001068115234,34.654998779296875,34.31315231323242
2025-03-05,34.775001525878906,36.345001220703125,33.744998931884766,36.005001068115234,35.649837493896484
2025-03-06,34.19499969482422,35.25,32.584999084472656,33.02000045776367,32.69428253173828
2025-03-07,32.779998779296875,34.005001068115234,31.44499969482422,33.70500183105469,33.37252426147461
2025-03-10,32.0,32.095001220703125,28.940000534057617,29.905000686645508,29.61001205444336
2025-03-11,29.700000762939453,30.924999237060547,28.684999465942383,29.55500030517578,29.263460159301758
2025-03-12,30.969999313354492,31.329999923706055,29.579999923706055,30.565000534057617,30.263500213623047
2025-03-13,30.399999618530273,30.424999237060547,28.520000457763672,28.895000457763672,28.60997200012207
2025-03-14,29.854999542236328,31.114999771118164,29.75,30.94499969482422,30.639751434326172
2025-03-17,30.940000534057617,32.13999938964844,30.575000762939453,31.545000076293945,31.23383331298828
2025-03-18,30.885000228881836,30.889999389648438,29.5049991607666,29.954999923706055,29.659517288208008
2025-03-19,30.34000015258789,31.954999923706055,29.969999313354492,31.1200008392334,30.813026428222656
2025-03-20,30.329999923706055,31.815000534057617,30.184999465942383,30.799999237060547,30.496179580688477
2025-03-21,29.764999389648438,31.209999084472656,29.53499984741211,31.09000015258789,30.783321380615234
2025-03-24,32.529998779296875,33.26499938964844,32.40999984741211,33.064998626708984,32.73884201049805
2025-03-25,33.2400016784668,33.685001373291016,33.04499816894531,33.654998779296875,33.32301712036133
2025-03-26,33.31999969482422,33.494998931884766,31.3799991607666,31.690000534057617,31.469974517822266
2025-03-27,31.299999237060547,32.1150016784668,30.875,31.149999618530273,30.93372344970703
2025-03-28,30.770000457763672,30.905000686645508,28.485000610351562,28.670000076293945,28.4709415435791
2025-03-31,27.360000610351562,28.815000534057617,26.520000457763672,28.649999618530273,28.451080322265625
2025-04-01,28.34000015258789,29.4950008392334,27.809999465942383,29.309999465942383,29.10649871826172
2025-04-02,28.094999313354492,30.600000381469727,28.045000076293945,29.96500015258789,29.75695037841797
2025-04-03,26.21500015258789,26.915000915527344,25.05500030517578,25.149999618530273,24.97538185119629
2025-04-04,22.9950008392334,23.389999389648438,20.514999389648438,20.545000076293945,20.402355194091797
2025-04-07,18.375,23.415000915527344,17.5,20.625,20.481801986694336
2025-04-08,22.69499969482422,23.405000686645508,18.549999237060547,19.450000762939453,19.314956665039062
2025-04-09,19.3799991607666,26.704999923706055,19.364999771118164,26.30500030517578,26.122364044189453
2025-04-10,24.34000015258789,24.670000076293945,20.78499984741211,23.06999969482422,22.909822463989258
2025-04-11,22.834999084472656,24.53499984741211,22.309999465942383,24.290000915527344,24.121353149414062
2025-04-14,25.950000762939453,26.024999618530273,24.03499984741211,24.799999237060547,24.6278133392334
2025-04-15,24.979999542236328,25.604999542236328,24.594999313354492,24.895000457763672,24.722152709960938
2025-04-16,23.415000915527344,24.0049991607666,21.579999923706055,22.645000457763672,22.487773895263672
2025-04-17,23.045000076293945,23.145000457763672,22.174999237060547,22.579999923706055,22.423227310180664
2025-04-21,21.684999465942383,21.81999969482422,20.1200008392334,20.93000030517578,20.784683227539062
2025-04-22,21.729999542236328,22.989999771118164,21.549999237060547,22.530000686645508,22.373573303222656
2025-04-23,24.6200008392334,25.415000915527344,23.815000534057617,24.024999618530273,23.858192443847656
2025-04-24,24.3700008392334,26.139999389648438,24.270000457763672,26.06999969482422,25.888994216918945
2025-04-25,26.020000457763672,27.03499984741211,25.739999771118164,26.93000030517578,26.743024826049805
2025-04-28,27.010000228881836,27.31999969482422,25.81999969482422,26.90999984741211,26.723161697387695
2025-04-29,26.520000457763672,27.584999084472656,26.415000915527344,27.434999465942383,27.244518280029297
2025-04-30,25.979999542236328,27.709999084472656,25.15999984741211,27.440000534057617,27.249483108520508
2025-05-01,28.780000686645508,29.44499969482422,28.315000534057617,28.385000228881836,28.18791961669922
2025-05-02,29.31999969482422,30.094999313354492,29.014999389648438,29.71500015258789,29.508686065673828
2025-05-05,28.950000762939453,29.75,28.850000381469727,29.200000762939453,28.997264862060547
2025-05-06,28.030000686645508,29.020000457763672,27.78499984741211,28.3700008392334,28.17302703857422
2025-05-07,28.479999542236328,29.1299991607666,27.545000076293945,28.700000762939453,28.500734329223633
2025-05-08,29.600000381469727,30.354999542236328,28.829999923706055,29.55500030517578,29.34979820251465
2025-05-09,29.899999618530273,30.135000228881836,29.165000915527344,29.485000610351562,29.28028678894043
2025-05-12,32.92499923706055,33.08000183105469,31.924999237060547,33.05500030517578,32.825496673583984
2025-05-13,33.334999084472656,34.93000030517578,33.18000030517578,34.56999969482422,34.32997512817383
2025-05-14,34.80500030517578,35.30500030517578,34.60499954223633,35.18000030517578,34.93574142456055
2025-05-15,34.7400016784668,35.845001220703125,34.46500015258789,35.290000915527344,35.04498291015625
2025-05-16,35.55500030517578,35.7599983215332,34.82500076293945,35.724998474121094,35.476959228515625
2025-05-19,34.23500061035156,35.93000030517578,34.21500015258789,35.81999969482422,35.5713005065918
2025-05-20,35.290000915527344,35.584999084472656,34.70000076293945,35.44499969482422,35.19890213012695
2025-05-21,34.619998931884766,35.994998931884766,33.59000015258789,33.970001220703125,33.73414611816406
2025-05-22,34.08000183105469,34.875,33.810001373291016,34.14500045776367,33.90793228149414
2025-05-23,32.54499816894531,33.66999816894531,32.43000030517578,33.15999984741211,32.92976760864258
2025-05-27,34.494998931884766,35.57500076293945,34.19499969482422,35.470001220703125,35.223731994628906
2025-05-28,35.66999816894531,35.970001220703125,34.88999938964844,35.01499938964844,34.771888732910156
2025-05-29,36.5,36.529998779296875,34.665000915527344,35.185001373291016,34.94070816040039
2025-05-30,35.064998626708984,35.29999923706055,33.52000045776367,35.0,34.756996154785156
2025-06-02,34.599998474121094,35.86000061035156,34.345001220703125,35.80500030517578,35.55640411376953
2025-06-03,35.880001068115234,36.939998626708984,35.70000076293945,36.63999938964844,36.3856086730957
2025-06-04,36.790000915527344,37.15999984741211,36.35499954223633,36.935001373291016,36.678558349609375
2025-06-05,37.224998474121094,37.82500076293945,35.650001525878906,36.07500076293945,35.824527740478516
2025-06-06,37.1349983215332,37.505001068115234,36.77000045776367,37.10499954223633,36.84737777709961
2025-06-09,37.154998779296875,37.619998931884766,36.91999816894531,37.27000045776367,37.01123046875
2025-06-10,37.35499954223633,38.14500045776367,36.880001068115234,37.9900016784668,37.726234436035156
2025-06-11,38.29499816894531,38.540000915527344,37.11000061035156,37.599998474121094,37.33893966674805
2025-06-12,37.29999923706055,38.064998626708984,37.2599983215332,37.845001220703125,37.58224105834961
2025-06-13,36.54999923706055,37.44499969482422,36.1349983215332,36.415000915527344,36.162166595458984
2025-06-16,37.11000061035156,38.125,37.11000061035156,37.900001525878906,37.63685607910156
2025-06-17,37.34000015258789,37.689998626708984,36.540000915527344,36.779998779296875,36.52463150024414
2025-06-18,36.959999084472656,37.47999954223633,36.41999816894531,36.72999954223633,36.474979400634766
2025-06-20,37.380001068115234,37.665000915527344,35.86000061035156,36.224998474121094,35.97348403930664
2025-06-23,36.3650016784668,37.46500015258789,35.709999084472656,37.349998474121094,37.090675354003906
2025-06-24,38.45500183105469,39.255001068115234,38.33000183105469,39.04999923706055,38.77886962890625
2025-06-25,39.439998626708984,39.709999084472656,38.86000061035156,39.2400016784668,39.076629638671875
2025-06-26,39.709999084472656,40.42499923706055,39.310001373291016,40.314998626708984,40.147151947021484
2025-06-27,40.51499938964844,41.125,39.92499923706055,40.709999084472656,40.54050827026367
2025-06-30,41.400001525878906,41.744998931884766,40.915000915527344,41.5,41.32721710205078
2025-07-01,41.060001373291016,41.27000045776367,39.904998779296875,40.44499969482422,40.276611328125
2025-07-02,40.22999954223633,41.29499816894531,40.21500015258789,41.25,41.0782585144043
2025-07-03,41.744998931884766,42.64500045776367,41.744998931884766,42.404998779296875,42.228450775146484
2025-07-07,41.79999923706055,41.98500061035156,40.900001525878906,41.459999084472656,41.287384033203125
2025-07-08,41.7400016784668,41.88999938964844,41.23500061035156,41.51499938964844,41.34215545654297
2025-07-09,41.98500061035156,42.69499969482422,41.67499923706055,42.375,42.19857406616211
2025-07-10,42.51499938964844,42.61000061035156,41.56999969482422,42.18000030517578,42.004390716552734
2025-07-11,41.65999984741211,42.224998474121094,41.375,41.86000061035156,41.68572235107422
2025-07-14,41.814998626708984,42.470001220703125,41.275001525878906,42.30500030517578,42.128868103027344
2025-07-15,43.21500015258789,43.334999084472656,42.400001525878906,42.415000915527344,42.23841094970703
2025-07-16,42.529998779296875,42.67499923706055,41.220001220703125,42.53499984741211,42.35791015625
2025-07-17,42.685001373291016,43.65999984741211,42.5,43.525001525878906,43.34379196166992
2025-07-18,43.81999969482422,43.869998931884766,43.095001220703125,43.375,43.19441604614258
2025-07-21,43.57500076293945,44.4900016784668,43.560001373291016,44.03499984741211,43.85166549682617
2025-07-22,44.064998626708984,44.08000183105469,42.73500061035156,43.349998474121094,43.16951370239258
2025-07-23,43.59000015258789,43.939998626708984,42.95000076293945,43.91999816894531,43.737144470214844
2025-07-24,44.224998474121094,44.47999954223633,43.79999923706055,44.209999084472656,44.02593231201172
2025-07-25,44.154998779296875,44.790000915527344,43.9900016784668,44.459999084472656,44.27489471435547
2025-07-28,44.79499816894531,45.095001220703125,44.59000015258789,44.89500045776367,44.70808410644531
2025-07-29,45.494998931884766,45.814998626708984,44.4900016784668,44.689998626708984,44.50393295288086
2025-07-30,44.869998931884766,45.439998626708984,44.130001068115234,44.845001220703125,44.658294677734375
2025-07-31,46.35499954223633,46.375,43.83000183105469,44.10499954223633,43.92137145996094
2025-08-01,42.625,42.65999984741211,40.93000030517578,41.459999084472656,41.287384033203125
2025-08-04,42.61000061035156,43.78499984741211,42.58000183105469,43.72999954223633,43.547935485839844
2025-08-05,44.025001525878906,44.30500030517578,42.709999084472656,42.81999969482422,42.6417236328125
2025-08-06,43.01499938964844,44.53499984741211,42.904998779296875,44.41999816894531,44.23505783081055
2025-08-07,45.44499969482422,45.834999084472656,43.90999984741211,44.869998931884766,44.68318557739258
2025-08-08,45.119998931884766,46.13999938964844,45.04999923706055,46.08000183105469,45.88814926147461
2025-08-11,46.1150016784668,46.619998931884766,45.36000061035156,45.67499923706055,45.48483657836914
2025-08-12,46.209999084472656,47.44499969482422,45.564998626708984,47.36000061035156,47.16282272338867
2025-08-13,48.025001525878906,48.15999984741211,47.09000015258789,47.43000030517578,47.2325325012207
2025-08-14,46.91999816894531,47.79499816894531,46.81999969482422,47.29999923706055,47.10306930541992
2025-08-15,47.23500061035156,47.255001068115234,46.209999084472656,46.630001068115234,46.43585968017578
2025-08-18,46.400001525878906,46.72999954223633,46.1150016784668,46.56999969482422,46.3761100769043
2025-08-19,46.3849983215332,46.43000030517578,44.40999984741211,44.66999816894531,44.48401641845703
2025-08-20,44.415000915527344,44.44499969482422,42.189998626708984,43.85499954223633,43.67241668701172
2025-08-21,43.474998474121094,43.974998474121094,42.69499969482422,43.244998931884766,43.0649528503418
2025-08-22,43.5099983215332,45.65999984741211,43.185001373291016,45.189998626708984,45.001853942871094
2025-08-25,44.810001373291016,45.4900016784668,44.51499938964844,44.79499816894531,44.608497619628906
2025-08-26,44.654998779296875,45.3849983215332,44.41999816894531,45.314998626708984,45.1263313293457
2025-08-27,45.06999969482422,45.720001220703125,44.77000045776367,45.52000045776367,45.33047866821289
2025-08-28,45.63999938964844,46.55500030517578,45.255001068115234,46.349998474121094,46.15702438354492
2025-08-29,45.709999084472656,45.79499816894531,44.244998931884766,44.68000030517578,44.493980407714844
2025-09-02,42.55500030517578,43.619998931884766,42.125,43.540000915527344,43.358726501464844
2025-09-03,44.3650016784668,44.939998626708984,43.79499816894531,44.55500030517578,44.36949920654297
2025-09-04,44.70000076293945,45.83000183105469,44.310001373291016,45.7599983215332,45.569480895996094
2025-09-05,46.970001220703125,47.119998931884766,44.845001220703125,45.90999984741211,45.7188606262207
2025-09-08,46.45500183105469,47.04999923706055,46.31999969482422,46.564998626708984,46.37112808227539
2025-09-09,46.75,47.05500030517578,46.119998931884766,46.94499969482422,46.749549865722656
2025-09-10,47.724998474121094,47.72999954223633,46.470001220703125,46.994998931884766,46.799339294433594
2025-09-11,47.595001220703125,47.9900016784668,47.20500183105469,47.78499984741211,47.58605194091797
2025-09-12,47.97999954223633,48.685001373291016,47.76499938964844,48.380001068115234,48.1785774230957
2025-09-15,48.81999969482422,49.6349983215332,48.78499984741211,49.6150016784668,49.40843200683594
2025-09-16,49.834999084472656,49.904998779296875,49.30500030517578,49.47999954223633,49.27399444580078
2025-09-17,49.44499969482422,49.599998474121094,47.755001068115234,49.165000915527344,48.96030807495117
2025-09-18,50.380001068115234,51.185001373291016,49.89500045776367,50.4900016784668,50.27979278564453
2025-09-19,50.939998626708984,51.64500045776367,50.57500076293945,51.4900016784668,51.27562713623047
2025-09-22,51.209999084472656,52.540000915527344,51.209999084472656,52.36000061035156,52.142005920410156
2025-09-23,52.39500045776367,52.45000076293945,50.9900016784668,51.30500030517578,51.09139633178711
2025-09-24,51.60499954223633,51.68000030517578,49.994998931884766,50.70500183105469,50.54216766357422
2025-09-25,49.70000076293945,50.435001373291016,48.75,50.025001525878906,49.864349365234375
2025-09-26,50.20000076293945,50.689998626708984,49.369998931884766,50.625,50.46242141723633
2025-09-29,51.39500045776367,52.13999938964844,50.970001220703125,51.29999923706055,51.13525390625
2025-09-30,51.20500183105469,51.78499984741211,50.61000061035156,51.70000076293945,51.53396987915039
2025-10-01,50.8650016784668,52.56999969482422,50.650001525878906,52.43000030517578,52.26162338256836
2025-10-02,53.404998779296875,53.41999816894531,52.33000183105469,53.06999969482422,52.899566650390625
2025-10-03,53.220001220703125,53.435001373291016,51.880001068115234,52.349998474121094,52.181880950927734
2025-10-06,53.70000076293945,53.939998626708984,53.064998626708984,53.52000045776367,53.34812545776367
2025-10-07,53.849998474121094,54.029998779296875,52.2599983215332,52.654998779296875,52.48590087890625
2025-10-08,52.86000061035156,54.525001525878906,52.83000183105469,54.439998626708984,54.26517105102539
2025-10-09,54.439998626708984,54.47999954223633,53.380001068115234,54.224998474121094,54.05086135864258
2025-10-10,54.3650016784668,54.83000183105469,48.415000915527344,48.53499984741211,48.37913513183594
2025-10-13,51.029998779296875,51.84000015258789,50.42499923706055,51.6150016784668,51.44924545288086
2025-10-14,49.8650016784668,51.76499938964844,48.53499984741211,50.564998626708984,50.402610778808594
2025-10-15,52.06999969482422,52.755001068115234,50.02000045776367,51.599998474121094,51.43429183959961
2025-10-16,52.34000015258789,53.165000915527344,49.875,51.025001525878906,50.86113739013672
2025-10-17,50.459999084472656,52.3849983215332,50.060001373291016,51.994998931884766,51.82802200317383
2025-10-20,52.80500030517578,54.2599983215332,52.775001525878906,53.94499969482422,53.771759033203125
2025-10-21,53.95000076293945,54.2400016784668,53.334999084472656,53.8849983215332,53.711952209472656
2025-10-22,53.724998474121094,53.869998931884766,50.790000915527344,52.29999923706055,52.132041931152344
2025-10-23,52.1349983215332,53.814998626708984,52.040000915527344,53.61000061035156,53.437835693359375
2025-10-24,54.994998931884766,55.630001068115234,54.76499938964844,55.279998779296875,55.10247039794922
2025-10-27,57.2599983215332,58.345001220703125,57.1349983215332,58.21500015258789,58.028045654296875
2025-10-28,58.82500076293945,60.040000915527344,58.529998779296875,59.54499816894531,59.35377502441406
2025-10-29,60.28499984741211,60.685001373291016,58.77000045776367,60.30500030517578,60.11133575439453
2025-10-30,59.29499816894531,59.66999816894531,57.51499938964844,57.54499816894531,57.36019515991211
2025-10-31,59.744998931884766,59.744998931884766,57.689998626708984,58.36000061035156,58.17258071899414
2025-11-03,60.0,60.209999084472656,58.540000915527344,59.15999984741211,58.97001266479492
2025-11-04,56.68000030517578,57.70500183105469,55.31999969482422,55.540000915527344,55.36164093017578
2025-11-05,55.34000015258789,57.5,54.970001220703125,56.619998931884766,56.438167572021484
2025-11-06,56.185001373291016,56.25,53.060001373291016,53.44499969482422,53.27336502075195
2025-11-07,52.5099983215332,52.91999816894531,49.97999954223633,52.88999938964844,52.72014617919922
2025-11-10,55.21500015258789,56.625,54.70500183105469,56.35499954223633,56.17401885986328
2025-11-11,55.6349983215332,56.209999084472656,54.79999923706055,55.88999938964844,55.710514068603516
2025-11-12,56.76499938964844,56.77000045776367,54.8650016784668,55.775001525878906,55.59588623046875
2025-11-13,54.78499984741211,54.939998626708984,51.70000076293945,52.33000183105469,52.161949157714844
2025-11-14,49.9900016784668,53.54499816894531,49.3849983215332,52.369998931884766,52.20181655883789
2025-11-17,51.70500183105469,53.314998626708984,50.05500030517578,51.025001525878906,50.86113739013672
2025-11-18,49.98500061035156,50.66999816894531,47.900001525878906,49.18000030517578,49.022064208984375
2025-11-19,49.32500076293945,51.57500076293945,48.71500015258789,50.025001525878906,49.864349365234375
2025-11-20,52.95000076293945,53.540000915527344,46.22999954223633,46.45000076293945,46.30083084106445
2025-11-21,46.849998474121094,49.099998474121094,45.2400016784668,47.47999954223633,47.327518463134766
2025-11-24,48.70000076293945,51.45000076293945,48.66999816894531,51.08000183105469,50.91596603393555
2025-11-25,50.63999938964844,52.36000061035156,49.08000183105469,52.0099983215332,51.84297180175781
2025-11-26,52.90999984741211,53.86000061035156,52.369998931884766,53.369998931884766,53.1986083984375
2025-11-28,53.81999969482422,54.61000061035156,53.630001068115234,54.540000915527344,54.36484909057617
2025-12-01,53.11000061035156,54.650001525878906,52.81999969482422,54.04999923706055,53.87641906738281
2025-12-02,54.630001068115234,55.7599983215332,54.13999938964844,55.29999923706055,55.12240982055664
2025-12-03,54.65999984741211,55.880001068115234,54.22999954223633,55.689998626708984,55.51115417480469
2025-12-04,56.040000915527344,56.04999923706055,54.61000061035156,55.5099983215332,55.33173370361328
2025-12-05,55.86000061035156,57.08000183105469,55.68000030517578,56.150001525878906,55.96968078613281
2025-12-08,56.56999969482422,57.040000915527344,55.119998931884766,55.79999923706055,55.62080001831055
2025-12-09,55.45000076293945,56.220001220703125,55.09000015258789,56.0099983215332,55.83012390136719
2025-12-10,55.650001525878906,57.09000015258789,54.88999938964844,56.650001525878906,56.468074798583984
2025-12-11,55.630001068115234,56.15999984741211,53.97999954223633,56.11000061035156,55.9298095703125
2025-12-12,55.11000061035156,55.52000045776367,52.22999954223633,52.81999969482422,52.65037536621094
2025-12-15,54.060001373291016,54.060001373291016,51.720001220703125,52.02000045776367,51.852943420410156
2025-12-16,51.43000030517578,52.77000045776367,51.099998474121094,52.33000183105469,52.161949157714844
2025-12-17,52.650001525878906,52.79999923706055,49.369998931884766,49.400001525878906,49.241355895996094
2025-12-18,51.66999816894531,52.459999084472656,50.97999954223633,51.5099983215332,51.34457778930664
2025-12-19,52.20000076293945,53.63999938964844,52.189998626708984,53.52000045776367,53.34812545776367
2025-12-22,54.810001373291016,54.88999938964844,53.880001068115234,54.25,54.075782775878906
2025-12-23,53.970001220703125,55.06999969482422,53.86000061035156,55.0099983215332,54.83333969116211
2025-12-24,54.869998931884766,55.45000076293945,54.779998779296875,55.36000061035156,55.26862335205078
2025-12-26,55.52000045776367,55.75,55.11000061035156,55.310001373291016,55.21870422363281
2025-12-29,54.290000915527344,54.9900016784668,53.91999816894531,54.4900016784668,54.40005874633789
2025-12-30,54.20000076293945,54.81999969482422,54.040000915527344,54.099998474121094,54.01070022583008
2025-12-31,54.130001068115234,54.20000076293945,52.63999938964844,52.720001220703125,52.63298034667969
